question_id,rank,kind,phrase,tbl,col,stored_value,n_rows,description
0,1,value,alameda,schools,County,Alameda,761,
0,2,value,alameda,frpm,County Name,Alameda,379,
0,3,value,alameda,satscores,cname,Alameda,91,
0,4,value,alameda,schools,City,Alameda,34,
0,5,value,alameda,schools,MailCity,Alameda,34,mailing city
0,6,value,free,schools,AdmLName1,Free,1,
0,7,value,k-12,schools,GSoffered,K-12,674,grade span offered
0,8,value,k-12,schools,GSserved,K-12,330,grade span served
1,1,value,continuation schools,schools,EdOpsName,Continuation School,539,
1,2,value,continuation schools,frpm,Educational Option Type,Continuation School,459,
1,3,value,free,schools,AdmLName1,Free,1,
1,4,contains,continuation,schools,School,Abraham Lincoln Continuation,398,
1,5,contains,continuation,frpm,School Name,Abraham Lincoln Continuation,261,
2,1,value,fresno county office of education,schools,District,Fresno County Office of Education,29,
2,2,value,fresno county office of education,frpm,District Name,Fresno County Office of Education,9,
2,3,value,fresno county office of education,satscores,dname,Fresno County Office of Education,4,
2,4,value,county office of education,schools,DOCType,County Office of Education (COE),1703,
2,5,value,county office of education,frpm,District Type,County Office of Education (COE),334,
2,6,value,fresno,schools,County,Fresno,620,
2,7,value,fresno,frpm,County Name,Fresno,344,
2,8,value,fresno,schools,City,Fresno,277,
3,1,value,k-12,schools,GSoffered,K-12,674,grade span offered
3,2,value,k-12,schools,GSserved,K-12,330,grade span served
3,3,contains,students,schools,School,Cabello Student Support Center,7,
3,4,contains,students,frpm,School Name,Redwood Consortium for Student Services,3,
4,1,contains,charter,schools,School,A. Phillip Randolph Leadership Academy Charter,798,
4,2,contains,charter,frpm,School Name,ACE Charter High,542,
5,1,value,400,satscores,AvgScrRead,400,5,average scores in Reading
5,2,value,400,satscores,AvgScrWrite,400,5,average scores in writing
5,3,value,400,satscores,AvgScrMath,400,3,average scores in Math
5,4,contains,greater,schools,School,East Region Community School of Greater El Cajon,7,
5,5,contains,greater,frpm,School Name,Greater San Diego Academy,1,
6,1,value,means,schools,AdmLName1,Means,1,
6,2,value,500,satscores,AvgScrRead,500,15,average scores in Reading
6,3,value,500,satscores,AvgScrWrite,500,14,average scores in writing
6,4,value,500,satscores,AvgScrMath,500,12,average scores in Math
6,5,value,500,satscores,enroll12,500,2,enrollment (1st-12nd grade)
7,1,value,1500,frpm,Charter School Number,1500,1,
7,2,value,1500,satscores,NumTstTakr,1500,1,
7,3,value,1500,schools,Ext,1500,1,
7,4,value,1500,schools,CharterNum,1500,1,The charter school number
7,5,value,1500,schools,NCESSchool,01500,1,
7,6,contains,number,schools,MailStreet,Wrong District Number,1,
7,7,contains,number,schools,MailStrAbr,Wrong District Number,1,mailing street address
8,1,value,k-12,schools,GSoffered,K-12,674,grade span offered
8,2,value,k-12,schools,GSserved,K-12,330,grade span served
8,3,contains,students,schools,School,Cabello Student Support Center,7,
8,4,contains,students,frpm,School Name,Redwood Consortium for Student Services,3,
9,1,value,560,satscores,AvgScrMath,560,5,average scores in Math
9,2,value,560,satscores,enroll12,560,3,enrollment (1st-12nd grade)
9,3,value,560,satscores,AvgScrWrite,560,3,average scores in writing
9,4,contains,directly,frpm,Charter Funding Type,Directly funded,1,
9,5,contains,directly,schools,FundingType,Directly funded,1,
10,1,value,reading,schools,AdmLName1,Reading,1,
10,2,contains,students,schools,School,Cabello Student Support Center,7,
10,3,contains,students,frpm,School Name,Redwood Consortium for Student Services,3,
11,1,value,k-12,schools,GSoffered,K-12,674,grade span offered
11,2,value,k-12,schools,GSserved,K-12,330,grade span served
11,3,value,500,satscores,AvgScrRead,500,15,average scores in Reading
11,4,value,500,satscores,AvgScrWrite,500,14,average scores in writing
11,5,value,500,satscores,AvgScrMath,500,12,average scores in Math
11,6,value,500,satscores,enroll12,500,2,enrollment (1st-12nd grade)
12,1,value,free,schools,AdmLName1,Free,1,
12,2,value,0.3,frpm,Percent (%) Eligible Free (K-12),0.3,9,
12,3,value,0.3,frpm,Percent (%) Eligible Free (Ages 5-17),0.3,6,
12,4,value,0.3,frpm,Percent (%) Eligible FRPM (K-12),0.3,3,
12,5,value,0.3,frpm,Percent (%) Eligible FRPM (Ages 5-17),0.3,2,
12,6,contains,excellence,schools,School,Academy for Academic Excellence,11,
12,7,contains,excellence,frpm,School Name,Academy for Academic Excellence,5,
13,1,contains,excellence,schools,School,Academy for Academic Excellence,11,
13,2,contains,excellence,frpm,School Name,Academy for Academic Excellence,5,
14,1,contains,schools,schools,School,601 School,533,
14,2,contains,schools,frpm,School Name,Achieve Charter School of Paradise Inc.,99,
15,1,value,reading,schools,AdmLName1,Reading,1,
15,2,value,active,schools,StatusType,Active,11708,
15,3,contains,district,schools,School,Blythe District Preschool,24,
15,4,contains,district,frpm,School Name,Chaffey District Online High,8,
16,1,value,alameda,schools,County,Alameda,761,
16,2,value,alameda,frpm,County Name,Alameda,379,
16,3,value,alameda,satscores,cname,Alameda,91,
16,4,value,alameda,schools,City,Alameda,34,
16,5,value,alameda,schools,MailCity,Alameda,34,mailing city
16,6,value,merged,schools,StatusType,Merged,1448,
16,7,value,100,satscores,enroll12,100,8,enrollment (1st-12nd grade)
16,8,value,100,satscores,NumGE1500,100,8,
17,1,value,means,schools,AdmLName1,Means,1,
17,2,value,499,satscores,AvgScrRead,499,17,average scores in Reading
17,3,value,499,satscores,AvgScrMath,499,13,average scores in Math
17,4,value,499,satscores,AvgScrWrite,499,6,average scores in writing
17,5,value,499,satscores,enroll12,499,2,enrollment (1st-12nd grade)
18,1,value,directly funded,schools,FundingType,Directly funded,1176,
18,2,value,directly funded,frpm,Charter Funding Type,Directly funded,838,
18,3,value,fresno,schools,County,Fresno,620,
18,4,value,fresno,frpm,County Name,Fresno,344,
18,5,value,fresno,schools,City,Fresno,277,
18,6,value,fresno,schools,MailCity,Fresno,273,mailing city
18,7,value,fresno,satscores,cname,Fresno,84,
18,8,value,250,frpm,Charter School Number,0250,1,
19,1,contains,number,schools,MailStreet,Wrong District Number,1,
19,2,contains,number,schools,MailStrAbr,Wrong District Number,1,mailing street address
20,1,value,amador,schools,County,Amador,42,
20,2,value,amador,frpm,County Name,Amador,15,
20,3,value,amador,satscores,cname,Amador,5,
20,4,value,12,frpm,High Grade,12,2641,
20,5,value,12,frpm,County Code,12,91,
20,6,value,12,schools,GSserved,12,67,grade span served
20,7,value,12,schools,GSoffered,12,18,grade span offered
20,8,value,12,satscores,NumGE1500,12,14,
21,1,value,los angeles,schools,County,Los Angeles,3636,
21,2,value,los angeles,frpm,County Name,Los Angeles,2218,
21,3,value,los angeles,schools,City,Los Angeles,837,
21,4,value,los angeles,schools,MailCity,Los Angeles,835,mailing city
21,5,value,los angeles,satscores,cname,Los Angeles,467,
21,6,value,price,schools,AdmLName1,Price,7,
21,7,value,free,schools,AdmLName1,Free,1,
21,8,value,k-12,schools,GSoffered,K-12,674,
22,1,value,contra costa,schools,County,Contra Costa,465,
22,2,value,contra costa,frpm,County Name,Contra Costa,268,
22,3,value,contra costa,satscores,cname,Contra Costa,54,
22,4,value,costa,schools,AdmLName1,Costa,4,
22,5,contains,contra,schools,School,Contra Costa Adult,5,
22,6,contains,contra,schools,District,Contra Costa County Office of Education,3,
23,1,value,k-12,schools,GSoffered,K-12,674,grade span offered
23,2,value,k-12,schools,GSserved,K-12,330,grade span served
23,3,value,30,frpm,County Code,30,571,
23,4,value,30,satscores,NumGE1500,30,16,
23,5,value,30,satscores,enroll12,30,15,enrollment (1st-12nd grade)
23,6,value,30,satscores,NumTstTakr,30,14,Number of Test Takers
24,1,value,1500,frpm,Charter School Number,1500,1,
24,2,value,1500,satscores,NumTstTakr,1500,1,
24,3,value,1500,schools,Ext,1500,1,
24,4,value,1500,schools,CharterNum,1500,1,The charter school number
24,5,value,1500,schools,NCESSchool,01500,1,
24,6,value,free,schools,AdmLName1,Free,1,
24,7,value,k-12,schools,GSoffered,K-12,674,grade span offered
24,8,value,k-12,schools,GSserved,K-12,330,grade span served
25,1,value,riverside,schools,County,Riverside,743,
25,2,value,riverside,frpm,County Name,Riverside,483,
25,3,value,riverside,schools,MailCity,Riverside,125,mailing city
25,4,value,riverside,schools,City,Riverside,122,
25,5,value,riverside,satscores,cname,Riverside,109,
25,6,value,400,satscores,AvgScrRead,400,5,average scores in Reading
25,7,value,400,satscores,AvgScrWrite,400,5,average scores in writing
25,8,value,400,satscores,AvgScrMath,400,3,average scores in Math
26,1,value,high schools,schools,EILName,High School,3367,Educational Instruction Level Name
26,2,value,high schools,schools,SOCType,High Schools (Public),1776,School Ownership Code Type
26,3,value,high schools,frpm,School Type,High Schools (Public),1331,
26,4,value,monterey,schools,County,Monterey,247,
26,5,value,monterey,frpm,County Name,Monterey,130,
26,6,value,monterey,satscores,cname,Monterey,27,
26,7,value,monterey,schools,MailCity,Monterey,17,mailing city
26,8,value,monterey,schools,City,Monterey,16,
27,1,value,closed,schools,StatusType,Closed,4518,
27,2,value,1991,schools,NCESSchool,01991,1,
27,3,value,2000,schools,Ext,2000,1,
27,4,value,2000,schools,NCESSchool,02000,1,
27,5,contains,communication,schools,School,Communication and Technology at Diego Rivera Learning Complex,3,
27,6,contains,communication,frpm,School Name,Communication and Technology at Diego Rivera Learning Complex,1,
28,1,value,locally funded,schools,FundingType,Locally funded,460,
28,2,value,locally funded,frpm,Charter Funding Type,Locally funded,328,
28,3,value,k-12,schools,GSoffered,K-12,674,grade span offered
28,4,value,k-12,schools,GSserved,K-12,330,grade span served
28,5,contains,schools,schools,School,601 School,533,
28,6,contains,schools,frpm,School Name,Achieve Charter School of Paradise Inc.,99,
29,1,value,means,schools,AdmLName1,Means,1,
29,2,value,k-12,schools,GSoffered,K-12,674,grade span offered
29,3,value,k-12,schools,GSserved,K-12,330,grade span served
29,4,contains,school,schools,School,601 School,533,
29,5,contains,school,frpm,School Name,Achieve Charter School of Paradise Inc.,99,
30,1,value,k-12,schools,GSoffered,K-12,674,grade span offered
30,2,value,k-12,schools,GSserved,K-12,330,grade span served
30,3,value,12,frpm,High Grade,12,2641,
30,4,value,12,frpm,County Code,12,91,
30,5,value,12,schools,GSserved,12,67,grade span served
30,6,value,12,schools,GSoffered,12,18,grade span offered
30,7,value,12,satscores,NumGE1500,12,14,
30,8,value,12,satscores,enroll12,12,13,enrollment (1st-12nd grade)
31,1,value,free,schools,AdmLName1,Free,1,
31,2,value,k-12,schools,GSoffered,K-12,674,grade span offered
31,3,value,k-12,schools,GSserved,K-12,330,grade span served
31,4,value,12,frpm,High Grade,12,2641,
31,5,value,12,frpm,County Code,12,91,
31,6,value,12,schools,GSserved,12,67,grade span served
31,7,value,12,schools,GSoffered,12,18,grade span offered
31,8,value,12,satscores,NumGE1500,12,14,
32,1,value,means,schools,AdmLName1,Means,1,
32,2,value,price,schools,AdmLName1,Price,7,
32,3,value,1-12,schools,GSserved,1-12,36,grade span served
32,4,value,1-12,schools,GSoffered,1-12,23,grade span offered
32,5,value,free,schools,AdmLName1,Free,1,
32,6,value,k-12,schools,GSoffered,K-12,674,grade span offered
32,7,value,k-12,schools,GSserved,K-12,330,grade span served
32,8,value,66,schools,SOC,66,1776,
33,1,value,free,schools,AdmLName1,Free,1,
33,2,value,000,schools,Charter,0,14588,
33,3,value,000,schools,Magnet,0,10091,
33,4,value,000,frpm,IRC,0,9212,
33,5,value,000,frpm,Charter School (Y/N),0,8774,
33,6,value,000,satscores,NumTstTakr,0,218,Number of Test Takers
33,7,value,000,satscores,NumGE1500,0,18,
33,8,value,000,schools,DOC,00,1703,District Ownership Code
34,1,value,gibson,schools,AdmLName1,Gibson,7,
34,2,value,kacey,schools,AdmFName1,Kacey,1,
34,3,value,free,schools,AdmLName1,Free,1,
34,4,value,17,frpm,County Code,17,35,
34,5,value,17,satscores,NumGE1500,17,22,
34,6,value,17,satscores,NumTstTakr,17,14,Number of Test Takers
34,7,value,17,satscores,enroll12,17,10,enrollment (1st-12nd grade)
35,1,value,means,schools,AdmLName1,Means,1,
35,2,value,k-12,schools,GSoffered,K-12,674,grade span offered
35,3,value,k-12,schools,GSserved,K-12,330,grade span served
35,4,value,12,frpm,High Grade,12,2641,
35,5,value,12,frpm,County Code,12,91,
35,6,value,12,schools,GSserved,12,67,grade span served
35,7,value,12,schools,GSoffered,12,18,grade span offered
35,8,value,12,satscores,NumGE1500,12,14,
36,1,value,administration,schools,AdmLName1,Administration,1,
36,2,value,administrators,schools,AdmLName2,Administrator,1,
36,3,value,means,schools,AdmLName1,Means,1,
36,4,value,1500,frpm,Charter School Number,1500,1,
36,5,value,1500,satscores,NumTstTakr,1500,1,
36,6,value,1500,schools,Ext,1500,1,
36,7,value,1500,schools,CharterNum,1500,1,The charter school number
36,8,value,1500,schools,NCESSchool,01500,1,
37,1,contains,excellence,schools,School,Academy for Academic Excellence,11,
37,2,contains,excellence,frpm,School Name,Academy for Academic Excellence,5,
38,1,value,los angeles,schools,County,Los Angeles,3636,
38,2,value,los angeles,frpm,County Name,Los Angeles,2218,
38,3,value,los angeles,schools,City,Los Angeles,837,
38,4,value,los angeles,schools,MailCity,Los Angeles,835,mailing city
38,5,value,los angeles,satscores,cname,Los Angeles,467,
38,6,value,000,schools,Charter,0,14588,
38,7,value,000,schools,Magnet,0,10091,
38,8,value,000,frpm,IRC,0,9212,
39,1,value,fresno,schools,County,Fresno,620,
39,2,value,fresno,frpm,County Name,Fresno,344,
39,3,value,fresno,schools,City,Fresno,277,
39,4,value,fresno,schools,MailCity,Fresno,273,mailing city
39,5,value,fresno,satscores,cname,Fresno,84,
39,6,value,means,schools,AdmLName1,Means,1,
39,7,value,1980,schools,NCESSchool,01980,1,
39,8,contains,schools,schools,School,601 School,533,
40,1,value,fresno unified,schools,District,Fresno Unified,151,
40,2,value,fresno unified,frpm,District Name,Fresno Unified,106,
40,3,value,fresno unified,satscores,dname,Fresno Unified,16,
40,4,value,reading,schools,AdmLName1,Reading,1,
40,5,value,fresno,schools,County,Fresno,620,
40,6,value,fresno,frpm,County Name,Fresno,344,
40,7,value,fresno,schools,City,Fresno,277,
40,8,value,fresno,schools,MailCity,Fresno,273,mailing city
41,1,value,reading,schools,AdmLName1,Reading,1,
41,2,value,means,schools,AdmLName1,Means,1,
41,3,contains,schools,schools,School,601 School,533,
41,4,contains,schools,frpm,School Name,Achieve Charter School of Paradise Inc.,99,
42,1,contains,education,schools,School,Academies of Education and Empowerment at Carson High,409,
42,2,contains,education,frpm,School Name,Academies of Education and Empowerment at Carson High,111,
43,1,contains,county,schools,School,Access County Community,298,
43,2,contains,county,frpm,School Name,Access County Community,126,
44,1,value,the city,schools,School,The City,1,
44,2,value,1500,frpm,Charter School Number,1500,1,
44,3,value,1500,satscores,NumTstTakr,1500,1,
44,4,value,1500,schools,Ext,1500,1,
44,5,value,1500,schools,CharterNum,1500,1,The charter school number
44,6,value,1500,schools,NCESSchool,01500,1,
44,7,contains,greater,schools,School,East Region Community School of Greater El Cajon,7,
44,8,contains,greater,frpm,School Name,Greater San Diego Academy,1,
45,1,value,administrators,schools,AdmLName2,Administrator,1,
45,2,value,ulrich,schools,AdmLName1,Ulrich,1,
45,3,value,ricci,schools,AdmFName1,Ricci,1,
45,4,contains,schools,schools,School,601 School,533,
45,5,contains,schools,frpm,School Name,Achieve Charter School of Paradise Inc.,99,
46,1,value,state special schools,frpm,Educational Option Type,State Special School,3,
46,2,value,state special schools,schools,EdOpsName,State Special School,3,Educational Option Name
46,3,value,state special schools,schools,DOCType,State Special Schools,6,The District Ownership Code Type
46,4,value,state special schools,frpm,District Type,State Special Schools,3,
46,5,value,state special schools,frpm,School Type,State Special Schools,3,
46,6,value,state special schools,schools,SOCType,State Special Schools,3,School Ownership Code Type
46,7,value,means,schools,AdmLName1,Means,1,
46,8,value,k-12,schools,GSoffered,K-12,674,
47,1,value,elementary school district,schools,DOCType,Elementary School District,4378,
47,2,value,elementary school district,frpm,District Type,Elementary School District,2356,
47,3,value,elementary,schools,EILName,Elementary,7298,
47,4,value,alameda,schools,County,Alameda,761,
47,5,value,alameda,frpm,County Name,Alameda,379,
47,6,value,alameda,satscores,cname,Alameda,91,
47,7,value,alameda,schools,City,Alameda,34,
47,8,value,alameda,schools,MailCity,Alameda,34,mailing city
48,1,value,elementary school district,schools,DOCType,Elementary School District,4378,
48,2,value,elementary school district,frpm,District Type,Elementary School District,2356,
48,3,value,unified school district,schools,DOCType,Unified School District,10190,
48,4,value,unified school district,frpm,District Type,Unified School District,6744,
48,5,value,elementary,schools,EILName,Elementary,7298,
48,6,value,merged,schools,StatusType,Merged,1448,
48,7,value,orange,schools,County,Orange,886,
48,8,value,orange,frpm,County Name,Orange,571,
49,1,value,closed,schools,StatusType,Closed,4518,
49,2,contains,schools,schools,School,601 School,533,
49,3,contains,schools,frpm,School Name,Achieve Charter School of Paradise Inc.,99,
50,1,contains,postal,schools,School,Postal Street Academy,1,
50,2,contains,school,schools,School,601 School,533,
51,1,value,reading,schools,AdmLName1,Reading,1,
51,2,contains,school,schools,School,601 School,533,
51,3,contains,school,frpm,School Name,Achieve Charter School of Paradise Inc.,99,
52,1,value,lakeport,schools,MailCity,Lakeport,17,mailing city
52,2,value,lakeport,schools,City,Lakeport,14,
52,3,value,1500,frpm,Charter School Number,1500,1,
52,4,value,1500,satscores,NumTstTakr,1500,1,
52,5,value,1500,schools,Ext,1500,1,
52,6,value,1500,schools,CharterNum,1500,1,The charter school number
52,7,value,1500,schools,NCESSchool,01500,1,
52,8,contains,greater,schools,School,East Region Community School of Greater El Cajon,7,
53,1,value,fresno,schools,County,Fresno,620,
53,2,value,fresno,frpm,County Name,Fresno,344,
53,3,value,fresno,schools,City,Fresno,277,
53,4,value,fresno,schools,MailCity,Fresno,273,mailing city
53,5,value,fresno,satscores,cname,Fresno,84,
53,6,contains,city,schools,School,Alameda City Unified Alternative Educ.,82,
53,7,contains,city,schools,District,Albany City Unified,51,
54,1,value,administration,schools,AdmLName1,Administration,1,
54,2,value,avetik,schools,AdmFName2,Avetik,4,
54,3,value,avetik,schools,AdmFName1,Avetik,1,administrator's first name
54,4,contains,schools,schools,School,601 School,533,
54,5,contains,schools,frpm,School Name,Achieve Charter School of Paradise Inc.,99,
55,1,value,humboldt,schools,County,Humboldt,203,
55,2,value,humboldt,frpm,County Name,Humboldt,91,
55,3,value,humboldt,satscores,cname,Humboldt,25,
55,4,value,colusa,schools,County,Colusa,38,
55,5,value,colusa,frpm,County Name,Colusa,17,
55,6,value,colusa,satscores,cname,Colusa,10,
55,7,value,colusa,schools,MailCity,Colusa,10,mailing city
55,8,value,colusa,schools,City,Colusa,9,
56,1,value,san joaquin,schools,County,San Joaquin,427,
56,2,value,san joaquin,frpm,County Name,San Joaquin,230,
56,3,value,san joaquin,satscores,cname,San Joaquin,56,
56,4,value,san joaquin,schools,MailCity,San Joaquin,12,mailing city
56,5,value,san joaquin,schools,City,San Joaquin,8,
56,6,value,joaquin,schools,AdmFName1,Joaquin,4,
56,7,value,active,schools,StatusType,Active,11708,
56,8,contains,california,schools,School,Alta California Elementary,72,
57,1,contains,extension,frpm,School Name,Kingsburg Community Charter Extension,1,
57,2,contains,extension,schools,School,Kingsburg Community Charter Extension,1,
58,1,value,95203-3704,schools,Zip,95203-3704,1,
58,2,value,95203-3704,schools,MailZip,95203-3704,1,mailing zip
58,3,contains,extension,frpm,School Name,Kingsburg Community Charter Extension,1,
58,4,contains,extension,schools,School,Kingsburg Community Charter Extension,1,
59,1,value,administrations,schools,AdmLName1,Administration,1,
59,2,value,alvarez,schools,AdmLName1,Alvarez,14,
59,3,value,larson,schools,AdmLName1,Larson,7,
59,4,value,dante,schools,AdmFName1,Dante,2,
59,5,value,mike,schools,AdmFName1,Mike,52,
59,6,contains,schools,schools,School,601 School,533,
59,7,contains,schools,frpm,School Name,Achieve Charter School of Paradise Inc.,99,
60,1,value,san joaquin,schools,County,San Joaquin,427,
60,2,value,san joaquin,frpm,County Name,San Joaquin,230,
60,3,value,san joaquin,satscores,cname,San Joaquin,56,
60,4,value,san joaquin,schools,MailCity,San Joaquin,12,mailing city
60,5,value,san joaquin,schools,City,San Joaquin,8,
60,6,value,joaquin,schools,AdmFName1,Joaquin,4,
60,7,value,means,schools,AdmLName1,Means,1,
60,8,contains,charter,schools,School,A. Phillip Randolph Leadership Academy Charter,798,
61,1,value,elementary school district,schools,DOCType,Elementary School District,4378,
61,2,value,elementary school district,frpm,District Type,Elementary School District,2356,
61,3,value,elementary,schools,EILName,Elementary,7298,
61,4,value,the city,schools,School,The City,1,
61,5,value,hickman,schools,City,Hickman,4,
61,6,value,hickman,schools,MailCity,Hickman,4,mailing city
61,7,value,hickman,schools,AdmLName1,Hickman,3,administrator's last name
61,8,value,52,schools,DOC,52,4378,
62,1,value,los angeles,schools,County,Los Angeles,3636,
62,2,value,los angeles,frpm,County Name,Los Angeles,2218,
62,3,value,los angeles,schools,City,Los Angeles,837,
62,4,value,los angeles,schools,MailCity,Los Angeles,835,mailing city
62,5,value,los angeles,satscores,cname,Los Angeles,467,
62,6,value,means,schools,AdmLName1,Means,1,
62,7,value,0.18,frpm,Percent (%) Eligible FRPM (Ages 5-17),0.18,1,
62,8,value,free,schools,AdmLName1,Free,1,
63,1,value,administrators,schools,AdmLName2,Administrator,1,
63,2,value,the city,schools,School,The City,1,
63,3,value,00d2,schools,CharterNum,00D2,8,
63,4,value,00d2,frpm,Charter School Number,00D2,7,
63,5,contains,charter,schools,School,A. Phillip Randolph Leadership Academy Charter,798,
63,6,contains,charter,frpm,School Name,ACE Charter High,542,
64,1,value,hickman,schools,City,Hickman,4,
64,2,value,hickman,schools,MailCity,Hickman,4,mailing city
64,3,value,hickman,schools,AdmLName1,Hickman,3,administrator's last name
64,4,value,00d4,frpm,Charter School Number,00D4,3,
64,5,value,00d4,schools,CharterNum,00D4,3,
64,6,contains,charter,schools,School,A. Phillip Randolph Leadership Academy Charter,798,
64,7,contains,charter,frpm,School Name,ACE Charter High,542,
65,1,value,locally funded,schools,FundingType,Locally funded,460,
65,2,value,locally funded,frpm,Charter Funding Type,Locally funded,328,
65,3,value,santa clara,schools,County,Santa Clara,780,
65,4,value,santa clara,frpm,County Name,Santa Clara,409,
65,5,value,santa clara,satscores,cname,Santa Clara,72,
65,6,value,santa clara,schools,City,Santa Clara,42,
65,7,value,santa clara,schools,MailCity,Santa Clara,42,mailing city
65,8,value,clara,schools,AdmFName1,Clara,2,
66,1,value,directly funded,schools,FundingType,Directly funded,1176,
66,2,value,directly funded,frpm,Charter Funding Type,Directly funded,838,
66,3,value,stanislaus,schools,County,Stanislaus,319,
66,4,value,stanislaus,frpm,County Name,Stanislaus,184,
66,5,value,stanislaus,satscores,cname,Stanislaus,46,
66,6,contains,schools,schools,School,601 School,533,
66,7,contains,schools,frpm,School Name,Achieve Charter School of Paradise Inc.,99,
67,1,value,community college district,schools,DOCType,Community College District,33,
67,2,value,san francisco,schools,County,San Francisco,262,
67,3,value,san francisco,schools,MailCity,San Francisco,254,mailing city
67,4,value,san francisco,schools,City,San Francisco,253,
67,5,value,san francisco,frpm,County Name,San Francisco,122,
67,6,value,san francisco,satscores,cname,San Francisco,30,
67,7,value,francisco,schools,AdmFName1,Francisco,11,
67,8,value,the city,schools,School,The City,1,
68,1,value,youth authority facilities,schools,SOCType,Youth Authority Facilities,43,
68,2,value,youth authority facilities,frpm,School Type,Youth Authority Facilities,4,
68,3,value,1980s,schools,NCESSchool,01980,1,
68,4,value,1989,schools,NCESSchool,01989,1,
68,5,value,11,schools,SOC,11,43,School Ownership Code
68,6,value,11,satscores,NumGE1500,11,42,
68,7,value,11,frpm,County Code,11,29,
68,8,value,11,schools,GSserved,11,19,grade span served
69,1,value,state special schools,frpm,Educational Option Type,State Special School,3,
69,2,value,state special schools,schools,EdOpsName,State Special School,3,Educational Option Name
69,3,value,state special schools,schools,DOCType,State Special Schools,6,The District Ownership Code Type
69,4,value,state special schools,frpm,District Type,State Special Schools,3,
69,5,value,state special schools,frpm,School Type,State Special Schools,3,
69,6,value,state special schools,schools,SOCType,State Special Schools,3,School Ownership Code Type
69,7,value,means,schools,AdmLName1,Means,1,
69,8,value,31,frpm,County Code,31,127,
70,1,value,district community day schools,schools,SOCType,District Community Day Schools,615,
70,2,value,district community day schools,frpm,School Type,District Community Day Schools,203,
70,3,value,community day schools,schools,EdOpsName,Community Day School,486,
70,4,value,community day schools,frpm,Educational Option Type,Community Day School,203,
70,5,value,community day,schools,School,Community Day,13,
70,6,value,community day,frpm,School Name,Community Day,6,
70,7,value,active,schools,StatusType,Active,11708,
70,8,value,alpine,schools,County,Alpine,17,
71,1,value,the city,schools,School,The City,1,
71,2,value,fresno,schools,County,Fresno,620,
71,3,value,fresno,frpm,County Name,Fresno,344,
71,4,value,fresno,schools,City,Fresno,277,
71,5,value,fresno,schools,MailCity,Fresno,273,mailing city
71,6,value,fresno,satscores,cname,Fresno,84,
71,7,value,means,schools,AdmLName1,Means,1,
71,8,contains,district,schools,School,Blythe District Preschool,24,
72,1,value,state special school,frpm,Educational Option Type,State Special School,3,
72,2,value,state special school,schools,EdOpsName,State Special School,3,
72,3,value,2014-2015,frpm,Academic Year,2014-2015,9986,
72,4,value,fremont,schools,City,Fremont,67,
72,5,value,fremont,schools,MailCity,Fremont,67,mailing city
72,6,value,means,schools,AdmLName1,Means,1,
72,7,value,sss,schools,EdOpsCode,SSS,3,
72,8,value,17,frpm,County Code,17,35,
73,1,value,youth authority school,schools,EdOpsName,Youth Authority School,6,
73,2,value,youth authority school,frpm,Educational Option Type,Youth Authority School,4,
73,3,value,po box 1040,schools,MailStreet,PO Box 1040,1,
73,4,value,po box 1040,schools,MailStrAbr,PO Box 1040,1,mailing street address
73,5,value,price,schools,AdmLName1,Price,7,
73,6,value,1040,schools,CharterNum,1040,1,The charter school number
73,7,value,1040,schools,NCESSchool,01040,1,
73,8,value,free,schools,AdmLName1,Free,1,
74,1,value,district special education consortia school,schools,EdOpsName,District Special Education Consortia School,5,
74,2,value,district special education consortia school,frpm,Educational Option Type,District Special Education Consortia School,4,
74,3,value,district special education,frpm,School Name,District Special Education,1,
74,4,value,district special education,schools,School,District Special Education,1,
74,5,value,special education,schools,School,Special Education,10,
74,6,value,special education,frpm,School Name,Special Education,2,
74,7,value,special education,schools,School,Special Education (Co. Supt),2,
74,8,value,0613360,schools,NCESDist,0613360,48,
75,1,value,breakfast provision 2,frpm,NSLP Provision Status,Breakfast Provision 2,285,
75,2,value,provision 2,frpm,NSLP Provision Status,Provision 2,1365,
75,3,value,37,frpm,County Code,37,755,
75,4,value,37,satscores,NumGE1500,37,12,
75,5,value,37,satscores,enroll12,37,9,enrollment (1st-12nd grade)
75,6,value,37,satscores,NumTstTakr,37,7,Number of Test Takers
75,7,value,37,schools,Ext,37,2,
75,8,value,37,frpm,Charter School Number,0037,1,
76,1,value,lunch provision 2,frpm,NSLP Provision Status,Lunch Provision 2,5,
76,2,value,high school,schools,EILName,High School,3367,
76,3,value,merced high,frpm,School Name,Merced High,1,
76,4,value,merced high,satscores,sname,Merced High,1,
76,5,value,merced high,schools,School,Merced High,1,
76,6,value,provision 2,frpm,NSLP Provision Status,Provision 2,1365,
76,7,value,the city,schools,School,The City,1,
76,8,value,merced,schools,County,Merced,180,
77,1,value,los angeles,schools,County,Los Angeles,3636,
77,2,value,los angeles,frpm,County Name,Los Angeles,2218,
77,3,value,los angeles,schools,City,Los Angeles,837,
77,4,value,los angeles,schools,MailCity,Los Angeles,835,mailing city
77,5,value,los angeles,satscores,cname,Los Angeles,467,
77,6,value,100,satscores,enroll12,100,8,enrollment (1st-12nd grade)
77,7,value,100,satscores,NumGE1500,100,8,
77,8,value,100,satscores,NumTstTakr,100,4,Number of Test Takers
78,1,value,adelanto,schools,City,Adelanto,15,
78,2,value,adelanto,schools,MailCity,Adelanto,14,mailing city
78,3,value,the city,schools,School,The City,1,
78,4,contains,grade,schools,Street,13575 Empire Grade Road,10,
78,5,contains,grade,schools,StreetAbr,13575 Empire Grade Rd.,10,street address
79,1,value,santa barbara,schools,County,Santa Barbara,252,
79,2,value,santa barbara,frpm,County Name,Santa Barbara,115,
79,3,value,santa barbara,schools,MailCity,Santa Barbara,81,mailing city
79,4,value,santa barbara,schools,City,Santa Barbara,80,
79,5,value,santa barbara,satscores,cname,Santa Barbara,25,
79,6,value,san diego,schools,County,San Diego,1139,
79,7,value,san diego,frpm,County Name,San Diego,755,
79,8,value,san diego,schools,MailCity,San Diego,434,mailing city
80,1,contains,school,schools,School,601 School,533,
80,2,contains,school,frpm,School Name,Achieve Charter School of Paradise Inc.,99,
81,1,value,ca,schools,MailState,CA,17394,mailing state
81,2,value,ca,schools,State,CA,17393,
81,3,contains,california,schools,School,Alta California Elementary,72,
81,4,contains,california,frpm,School Name,Alta California Elementary,38,
82,1,contains,refers,schools,MailStreet,Refer To 6098271 Per Supt.,1,
82,2,contains,refers,schools,MailStrAbr,Refer To 6098271 Per Supt.,1,mailing street address
83,1,value,multiple provision types,frpm,NSLP Provision Status,Multiple Provision Types,11,
83,2,value,means,schools,AdmLName1,Means,1,
83,3,value,k-8,schools,GSoffered,K-8,1292,grade span offered
83,4,value,k-8,schools,GSserved,K-8,1024,grade span served
83,5,contains,kindergarten,schools,School,Annie E. Cheney Kindergarten,11,
83,6,contains,kindergarten,frpm,School Name,Annie E. Cheney Kindergarten,1,
84,1,value,administrators,schools,AdmLName2,Administrator,1,
84,2,contains,district,schools,School,Blythe District Preschool,24,
84,3,contains,district,frpm,School Name,Chaffey District Online High,8,
85,1,value,administrator,schools,AdmLName2,Administrator,1,
85,2,value,alusine,schools,AdmFName1,Alusine,1,
85,3,value,free,schools,AdmLName1,Free,1,
85,4,value,k-12,schools,GSoffered,K-12,674,grade span offered
85,5,value,k-12,schools,GSserved,K-12,330,grade span served
85,6,value,100,satscores,enroll12,100,8,enrollment (1st-12nd grade)
85,7,value,100,satscores,NumGE1500,100,8,
85,8,value,100,satscores,NumTstTakr,100,4,Number of Test Takers
86,1,value,40,frpm,County Code,40,83,
86,2,value,40,satscores,NumGE1500,40,16,
86,3,value,40,satscores,NumTstTakr,40,11,Number of Test Takers
86,4,value,40,satscores,enroll12,40,9,enrollment (1st-12nd grade)
86,5,value,40,frpm,Charter School Number,0040,1,
86,6,value,40,schools,CharterNum,0040,1,
86,7,contains,district,schools,School,Blythe District Preschool,24,
86,8,contains,district,frpm,School Name,Chaffey District Online High,8,
87,1,value,intermediate/middle schools,schools,SOCType,Intermediate/Middle Schools (Public),1652,
87,2,value,intermediate/middle schools,frpm,School Type,Intermediate/Middle Schools (Public),1299,
87,3,value,san bernardino city unified,schools,District,San Bernardino City Unified,117,
87,4,value,san bernardino city unified,frpm,District Name,San Bernardino City Unified,86,
87,5,value,san bernardino city unified,satscores,dname,San Bernardino City Unified,14,
87,6,value,san bernardino,schools,County,San Bernardino,861,
87,7,value,san bernardino,frpm,County Name,San Bernardino,543,
87,8,value,san bernardino,schools,City,San Bernardino,119,
88,1,value,1500,frpm,Charter School Number,1500,1,
88,2,value,1500,satscores,NumTstTakr,1500,1,
88,3,value,1500,schools,Ext,1500,1,
88,4,value,1500,schools,CharterNum,1500,1,The charter school number
88,5,value,1500,schools,NCESSchool,01500,1,
88,6,contains,number,schools,MailStreet,Wrong District Number,1,
88,7,contains,number,schools,MailStrAbr,Wrong District Number,1,mailing street address
89,1,value,poplatek po obratu,account,frequency,POPLATEK PO OBRATU,93,
89,2,value,east bohemia,district,A3,east Bohemia,11,
89,3,contains,poplatek,account,frequency,POPLATEK MESICNE,3,
89,4,contains,bohemia,district,A3,central Bohemia,5,
90,1,value,prague,district,A3,Prague,1,
91,1,value,1995,trans,account_id,1995,73,
91,2,value,1995,trans,amount,1995,64,
91,3,value,1996,trans,account_id,1996,163,
91,4,value,1996,trans,amount,1996,158,
92,1,value,10000,trans,amount,10000,542,
92,2,value,6000,trans,amount,6000,1777,
93,1,value,north bohemia,district,A3,north Bohemia,10,
93,2,value,8000,trans,amount,8000,758,
93,3,contains,bohemia,district,A3,central Bohemia,5,
96,1,value,poplatek tydne,account,frequency,POPLATEK TYDNE,240,
96,2,value,owner,disp,type,OWNER,4500,
96,3,contains,poplatek,account,frequency,POPLATEK MESICNE,3,
97,1,value,poplatek po obratu,account,frequency,POPLATEK PO OBRATU,93,
97,2,value,disponent,disp,type,DISPONENT,869,
97,3,contains,poplatek,account,frequency,POPLATEK MESICNE,3,
98,1,value,poplatek tydne,account,frequency,POPLATEK TYDNE,240,
98,2,value,1997,trans,account_id,1997,165,
98,3,value,1997,trans,amount,1997,51,
98,4,value,1997,disp,account_id,1997,2,
98,5,value,1997,order,account_id,1997,2,
98,6,contains,poplatek,account,frequency,POPLATEK MESICNE,3,
99,1,value,1993,trans,account_id,1993,243,
99,2,value,12,trans,amount,12,276,
99,3,value,12,loan,duration,12,131,
99,4,value,12,trans,account_id,12,106,
99,5,value,12,client,district_id,12,44,
99,6,value,12,account,district_id,12,42,
99,7,value,12,disp,account_id,12,2,
100,1,value,sokolov,district,A2,Sokolov,1,
100,2,value,1950,trans,amount,1950,298,
100,3,value,1950,trans,account_id,1950,90,
101,1,value,1995,trans,account_id,1995,73,
101,2,value,1995,trans,amount,1995,64,
102,1,value,1997,trans,account_id,1997,165,
102,2,value,1997,trans,amount,1997,51,
102,3,value,1997,disp,account_id,1997,2,
102,4,value,1997,order,account_id,1997,2,
104,1,value,840,trans,amount,840,1321,
104,2,value,840,trans,account_id,840,186,
104,3,value,840,disp,account_id,840,2,
109,1,value,jesenik,district,A2,Jesenik,1,
110,1,value,5100,trans,amount,5100,1887,
111,1,value,litomerice,district,A2,Litomerice,1,
111,2,value,1996,trans,account_id,1996,163,
111,3,value,1996,trans,amount,1996,158,
113,1,value,98832,loan,amount,98832,1,
114,1,value,prague,district,A3,Prague,1,
115,1,value,south bohemia,district,A3,south Bohemia,8,
115,2,value,100,trans,amount,100,6093,
115,3,value,100,trans,account_id,100,405,
115,4,value,100,district,A14,100,4,
115,5,value,100,order,account_id,100,2,
115,6,contains,bohemia,district,A3,central Bohemia,5,
116,1,value,100,trans,amount,100,6093,
116,2,value,100,trans,account_id,100,405,
116,3,value,100,district,A14,100,4,
116,4,value,100,order,account_id,100,2,
117,1,value,100,trans,amount,100,6093,
117,2,value,100,trans,account_id,100,405,
117,3,value,100,district,A14,100,4,
117,4,value,100,order,account_id,100,2,
118,1,value,000,trans,account,0,21881,
118,2,value,000,trans,amount,0,162,
118,3,value,000,district,A5,0,5,no. of municipalities with inhabitants < 499
118,4,value,000,district,A6,0,4,no. of municipalities with inhabitants 500-1999
118,5,value,000,district,A7,0,4,no. of municipalities with inhabitants 2000-9999
118,6,value,000,district,A8,0,4,no. of municipalities with inhabitants > 10000
118,7,value,100,trans,amount,100,6093,
118,8,value,100,trans,account_id,100,405,
119,1,value,poplatek po obratu,account,frequency,POPLATEK PO OBRATU,93,
119,2,value,1993,trans,account_id,1993,243,
119,3,contains,poplatek,account,frequency,POPLATEK MESICNE,3,
120,1,value,east bohemia,district,A3,east Bohemia,11,
120,2,value,1995,trans,account_id,1995,73,
120,3,value,1995,trans,amount,1995,64,
120,4,value,2000,trans,amount,2000,2783,
120,5,value,2000,trans,account_id,2000,128,
120,6,value,2000,order,account_id,2000,4,
121,1,value,prachatice,district,A2,Prachatice,1,
122,1,value,4990,trans,amount,4990,2,
122,2,value,4990,loan,loan_id,4990,1,
123,1,value,000,trans,account,0,21881,
123,2,value,000,trans,amount,0,162,
123,3,value,000,district,A5,0,5,no. of municipalities with inhabitants < 499
123,4,value,000,district,A6,0,4,no. of municipalities with inhabitants 500-1999
123,5,value,000,district,A7,0,4,no. of municipalities with inhabitants 2000-9999
123,6,value,000,district,A8,0,4,no. of municipalities with inhabitants > 10000
124,1,value,60,trans,amount,60,947,
124,2,value,60,loan,duration,60,145,
124,3,value,60,client,district_id,60,61,
124,4,value,60,account,district_id,60,51,
124,5,value,60,district,A5,60,3,
125,1,value,1995,trans,account_id,1995,73,
125,2,value,1995,trans,amount,1995,64,
125,3,value,1996,trans,account_id,1996,163,
125,4,value,1996,trans,amount,1996,158,
125,5,value,2015,trans,account_id,2015,195,
125,6,value,2015,trans,amount,2015,108,
125,7,value,2015,disp,account_id,2015,2,
125,8,value,2016,trans,account_id,2016,159,
126,1,value,decin,district,A2,Decin,1,
126,2,value,1993,trans,account_id,1993,243,
127,1,value,poplatek mesicne,account,frequency,POPLATEK MESICNE,4167,
129,1,value,vydaj,trans,type,VYDAJ,634571,
129,2,value,1996,trans,account_id,1996,163,
129,3,value,1996,trans,amount,1996,158,
130,1,value,south bohemia,district,A3,south Bohemia,8,
130,2,contains,bohemia,district,A3,central Bohemia,5,
133,1,value,1996,trans,account_id,1996,163,
133,2,value,1996,trans,amount,1996,158,
134,1,value,1996,trans,account_id,1996,163,
134,2,value,1996,trans,amount,1996,158,
135,1,value,poplatek mesicne,account,frequency,POPLATEK MESICNE,4167,
135,2,value,vyber kartou,trans,operation,VYBER KARTOU,8036,
135,3,value,vyber,trans,operation,VYBER,434918,mode of transaction
135,4,value,vyber,trans,type,VYBER,16666,+/- transaction
136,1,value,poplatek mesicne,account,frequency,POPLATEK MESICNE,4167,
136,2,value,000,trans,account,0,21881,
136,3,value,000,trans,amount,0,162,
136,4,value,000,district,A5,0,5,no. of municipalities with inhabitants < 499
136,5,value,000,district,A6,0,4,no. of municipalities with inhabitants 500-1999
136,6,value,000,district,A7,0,4,no. of municipalities with inhabitants 2000-9999
136,7,value,000,district,A8,0,4,no. of municipalities with inhabitants > 10000
136,8,value,250,trans,amount,250,506,
138,1,value,1995,trans,account_id,1995,73,
138,2,value,1995,trans,amount,1995,64,
139,1,value,owner,disp,type,OWNER,4500,
139,2,value,gold,card,type,gold,88,
140,1,value,pisek,district,A2,Pisek,1,
141,1,value,1997,trans,account_id,1997,165,
141,2,value,1997,trans,amount,1997,51,
141,3,value,1997,disp,account_id,1997,2,
141,4,value,1997,order,account_id,1997,2,
141,5,value,000,trans,account,0,21881,
141,6,value,000,trans,amount,0,162,
141,7,value,000,district,A5,0,5,no. of municipalities with inhabitants < 499
141,8,value,000,district,A6,0,4,no. of municipalities with inhabitants 500-1999
142,1,value,pisek,district,A2,Pisek,1,
142,2,value,sipo,trans,k_symbol,SIPO,118065,
142,3,value,sipo,order,k_symbol,SIPO,3502,
143,1,value,gold,card,type,gold,88,
144,1,value,vyber kartou,trans,operation,VYBER KARTOU,8036,
144,2,value,vyber,trans,operation,VYBER,434918,mode of transaction
144,3,value,vyber,trans,type,VYBER,16666,+/- transaction
144,4,value,2021,trans,amount,2021,41,
144,5,value,2021,trans,account_id,2021,16,
145,1,value,vyber kartou,trans,operation,VYBER KARTOU,8036,
145,2,value,vyber,trans,operation,VYBER,434918,mode of transaction
145,3,value,vyber,trans,type,VYBER,16666,+/- transaction
145,4,value,1998,trans,account_id,1998,332,
145,5,value,1998,trans,amount,1998,25,
147,1,value,south bohemia,district,A3,south Bohemia,8,
147,2,contains,bohemia,district,A3,central Bohemia,5,
148,1,value,owner,disp,type,OWNER,4500,
148,2,value,tabor,district,A2,Tabor,1,
149,1,value,owner,disp,type,OWNER,4500,
149,2,value,8000,trans,amount,8000,758,
149,3,value,9000,trans,amount,9000,936,
150,1,value,north bohemia,district,A3,north Bohemia,10,
150,2,value,ab,trans,bank,AB,21720,
150,3,value,ab,order,bank_to,AB,519,
150,4,contains,bohemia,district,A3,central Bohemia,5,
151,1,value,vydaj,trans,type,VYDAJ,634571,
152,1,value,1995,trans,account_id,1995,73,
152,2,value,1995,trans,amount,1995,64,
152,3,value,1997,trans,account_id,1997,165,
152,4,value,1997,trans,amount,1997,51,
152,5,value,1997,disp,account_id,1997,2,
152,6,value,1997,order,account_id,1997,2,
152,7,value,4000,trans,amount,4000,1590,
152,8,value,4000,trans,account_id,4000,407,
153,1,value,classic,card,type,classic,659,
153,2,value,owner,disp,type,OWNER,4500,
154,1,contains,praha,district,A2,Hl.m. Praha,3,
155,1,value,1998,trans,account_id,1998,332,
155,2,value,1998,trans,amount,1998,25,
155,3,value,gold,card,type,gold,88,
155,4,value,100,trans,amount,100,6093,
155,5,value,100,trans,account_id,100,405,
155,6,value,100,district,A14,100,4,
155,7,value,100,order,account_id,100,2,
156,1,value,owner,disp,type,OWNER,4500,
157,1,value,1995,trans,account_id,1995,73,
157,2,value,1995,trans,amount,1995,64,
157,3,value,532,trans,account_id,532,199,
157,4,value,532,trans,amount,532,103,
157,5,value,532,account,account_id,532,1,
157,6,value,532,card,card_id,532,1,
157,7,value,532,client,client_id,532,1,
157,8,value,532,disp,disp_id,532,1,
158,1,value,33333,order,order_id,33333,1,
158,2,value,33333,trans,amount,33333,1,
159,1,value,vyber,trans,operation,VYBER,434918,mode of transaction
159,2,value,vyber,trans,type,VYBER,16666,+/- transaction
159,3,value,3356,card,disp_id,3356,1,
159,4,value,3356,client,client_id,3356,1,
159,5,value,3356,disp,disp_id,3356,1,disposition id
159,6,value,3356,disp,client_id,3356,1,id number of client
160,1,value,poplatek tydne,account,frequency,POPLATEK TYDNE,240,
160,2,contains,poplatek,account,frequency,POPLATEK MESICNE,3,
161,1,value,13539,client,client_id,13539,1,
161,2,value,13539,disp,client_id,13539,1,
162,1,value,3541,trans,account_id,3541,102,
162,2,value,3541,account,account_id,3541,1,
162,3,value,3541,client,client_id,3541,1,
162,4,value,3541,disp,disp_id,3541,1,disposition id
162,5,value,3541,disp,client_id,3541,1,id number of client
162,6,value,3541,disp,account_id,3541,1,id number of account
163,1,value,most,district,A2,Most,1,
164,1,value,32423,order,order_id,32423,1,
164,2,value,32423,trans,amount,32423,1,
166,1,value,jesenik,district,A2,Jesenik,1,
167,1,value,1997-01-01,trans,date,1997-01-01,661,
167,2,value,1997-01-01,account,date,1997-01-01,4,
167,3,value,junior,card,type,junior,145,
167,4,value,1996,trans,account_id,1996,163,
167,5,value,1996,trans,amount,1996,158,
168,1,value,10000,trans,amount,10000,542,
169,1,value,1996,trans,account_id,1996,163,
169,2,value,1996,trans,amount,1996,158,
169,3,value,1997,trans,account_id,1997,165,
169,4,value,1997,trans,amount,1997,51,
169,5,value,1997,disp,account_id,1997,2,
169,6,value,1997,order,account_id,1997,2,
169,7,value,100,trans,amount,100,6093,
169,8,value,100,trans,account_id,100,405,
170,1,value,vyber kartou,trans,operation,VYBER KARTOU,8036,
170,2,value,vyber,trans,operation,VYBER,434918,mode of transaction
170,3,value,vyber,trans,type,VYBER,16666,+/- transaction
170,4,value,1995,trans,account_id,1995,73,
170,5,value,1995,trans,amount,1995,64,
171,1,value,north bohemia,district,A3,north Bohemia,10,
171,2,value,1996,trans,account_id,1996,163,
171,3,value,1996,trans,amount,1996,158,
171,4,contains,bohemia,district,A3,central Bohemia,5,
171,5,contains,east,district,A3,east Bohemia,1,
172,1,value,disponent,disp,type,DISPONENT,869,
172,2,value,owner,disp,type,OWNER,4500,
172,3,value,10,trans,amount,10,403,
172,4,value,10,trans,account_id,10,156,
172,5,value,10,client,district_id,10,54,
172,6,value,10,account,district_id,10,48,
172,7,value,10,district,A9,10,7,
172,8,value,10,district,A7,10,5,no. of municipalities with inhabitants 2000-9999
173,1,value,3539,trans,account_id,3539,300,
173,2,value,3539,trans,amount,3539,14,
174,1,value,owner,disp,type,OWNER,4500,
174,2,value,130,trans,amount,130,1043,
174,3,value,130,trans,account_id,130,103,
174,4,value,130,district,A14,130,2,
174,5,value,130,account,account_id,130,1,
174,6,value,130,card,card_id,130,1,credit card id
174,7,value,130,card,disp_id,130,1,disposition id
175,1,value,poplatek po obratu,account,frequency,POPLATEK PO OBRATU,93,
175,2,value,owner,disp,type,OWNER,4500,
175,3,contains,poplatek,account,frequency,POPLATEK MESICNE,3,
176,1,value,992,trans,account_id,992,299,
176,2,value,992,trans,amount,992,32,
176,3,value,992,order,account_id,992,4,
176,4,value,992,account,account_id,992,1,
176,5,value,992,card,disp_id,992,1,
176,6,value,992,client,client_id,992,1,
177,1,value,851,trans,account_id,851,358,
177,2,value,851,trans,amount,851,91,
177,3,value,851,order,account_id,851,3,
179,1,value,1998,trans,account_id,1998,332,
179,2,value,1998,trans,amount,1998,25,
179,3,value,617,trans,account_id,617,160,
179,4,value,617,trans,amount,617,129,
179,5,value,617,order,account_id,617,2,
179,6,value,617,account,account_id,617,1,
179,7,value,617,card,card_id,617,1,
179,8,value,617,client,client_id,617,1,
180,1,value,east bohemia,district,A3,east Bohemia,11,
180,2,value,1983,trans,amount,1983,63,
180,3,value,1983,trans,account_id,1983,49,
180,4,value,1987,trans,account_id,1987,280,
180,5,value,1987,disp,account_id,1987,2,
182,1,value,1974,trans,amount,1974,109,
182,2,value,1974,trans,account_id,1974,63,
182,3,value,1976,trans,account_id,1976,128,
182,4,value,1976,order,account_id,1976,2,
182,5,value,4000,trans,amount,4000,1590,
182,6,value,4000,trans,account_id,4000,407,
182,7,value,sipo,trans,k_symbol,SIPO,118065,
182,8,value,sipo,order,k_symbol,SIPO,3502,
183,1,value,beroun,district,A2,Beroun,1,
183,2,value,1996,trans,account_id,1996,163,
183,3,value,1996,trans,amount,1996,158,
184,1,value,junior,card,type,junior,145,
185,1,value,prague,district,A3,Prague,1,
185,2,value,100,trans,amount,100,6093,
185,3,value,100,trans,account_id,100,405,
185,4,value,100,district,A14,100,4,
185,5,value,100,order,account_id,100,2,
186,1,value,poplatek tydne,account,frequency,POPLATEK TYDNE,240,
186,2,value,100,trans,amount,100,6093,
186,3,value,100,trans,account_id,100,405,
186,4,value,100,district,A14,100,4,
186,5,value,100,order,account_id,100,2,
186,6,contains,poplatek,account,frequency,POPLATEK MESICNE,3,
187,1,value,poplatek tydne,account,frequency,POPLATEK TYDNE,240,
187,2,value,owner,disp,type,OWNER,4500,
187,3,contains,poplatek,account,frequency,POPLATEK MESICNE,3,
188,1,value,1997,trans,account_id,1997,165,
188,2,value,1997,trans,amount,1997,51,
188,3,value,1997,disp,account_id,1997,2,
188,4,value,1997,order,account_id,1997,2,
188,5,value,24,trans,amount,24,193,
188,6,value,24,trans,account_id,24,140,
188,7,value,24,loan,duration,24,138,
188,8,value,24,client,district_id,24,43,
190,1,value,east bohemia,district,A3,east Bohemia,11,
190,2,value,1920,trans,amount,1920,1621,
190,3,value,1920,trans,account_id,1920,172,
190,4,contains,bohemia,district,A3,central Bohemia,5,
191,1,value,poplatek tydne,account,frequency,POPLATEK TYDNE,240,
191,2,value,24,trans,amount,24,193,
191,3,value,24,trans,account_id,24,140,
191,4,value,24,loan,duration,24,138,
191,5,value,24,client,district_id,24,43,
191,6,value,24,account,district_id,24,42,
191,7,value,24,order,account_id,24,2,
191,8,contains,poplatek,account,frequency,POPLATEK MESICNE,3,
192,1,value,poplatek po obratu,account,frequency,POPLATEK PO OBRATU,93,
192,2,contains,poplatek,account,frequency,POPLATEK MESICNE,3,
193,1,value,owner,disp,type,OWNER,4500,
194,1,value,owner,disp,type,OWNER,4500,
194,2,value,gold,card,type,gold,88,
196,1,value,cl,atom,element,cl,429,
199,1,value,na,atom,element,na,35,
203,1,value,br,atom,element,br,47,
204,1,value,tr000,atom,molecule_id,TR000,5,
204,2,value,tr000,bond,molecule_id,TR000,4,
204,3,value,tr000,molecule,molecule_id,TR000,1,
204,4,value,tr099,atom,molecule_id,TR099,29,
204,5,value,tr099,bond,molecule_id,TR099,29,
204,6,value,tr099,molecule,molecule_id,TR099,1,
206,1,value,tr004_8_9,connected,bond_id,TR004_8_9,2,
206,2,value,tr004_8_9,bond,bond_id,TR004_8_9,1,
209,1,value,cl,atom,element,cl,429,
213,1,value,tr004_20,atom,atom_id,TR004_20,1,
213,2,value,tr004_20,connected,atom_id,TR004_20,1,atom id
213,3,value,tr004_20,connected,atom_id2,TR004_20,1,atom id 2
213,4,value,tr004_8,connected,atom_id,TR004_8,4,atom id
213,5,value,tr004_8,connected,atom_id2,TR004_8,4,atom id 2
213,6,value,tr004_8,atom,atom_id,TR004_8,1,
214,1,value,sn,atom,element,sn,2,
217,1,value,tr181,bond,molecule_id,TR181,41,
217,2,value,tr181,atom,molecule_id,TR181,40,
217,3,value,tr181,molecule,molecule_id,TR181,1,
220,1,value,tr000,atom,molecule_id,TR000,5,
220,2,value,tr000,bond,molecule_id,TR000,4,
220,3,value,tr000,molecule,molecule_id,TR000,1,
221,1,value,tr001_2_6,connected,bond_id,TR001_2_6,2,
221,2,value,tr001_2_6,bond,bond_id,TR001_2_6,1,
221,3,value,tr001,bond,molecule_id,TR001,25,
221,4,value,tr001,atom,molecule_id,TR001,21,
221,5,value,tr001,molecule,molecule_id,TR001,1,
223,1,value,tr000_2_5,connected,bond_id,TR000_2_5,2,
223,2,value,tr000_2_5,bond,bond_id,TR000_2_5,1,
224,1,value,tr000_2,connected,atom_id,TR000_2,4,atom id
224,2,value,tr000_2,connected,atom_id2,TR000_2,4,atom id 2
224,3,value,tr000_2,atom,atom_id,TR000_2,1,
226,1,value,tr008,bond,molecule_id,TR008,26,
226,2,value,tr008,atom,molecule_id,TR008,24,
226,3,value,tr008,molecule,molecule_id,TR008,1,
228,1,value,tr206,atom,molecule_id,TR206,11,
228,2,value,tr206,bond,molecule_id,TR206,10,
228,3,value,tr206,molecule,molecule_id,TR206,1,
229,1,value,tr000,atom,molecule_id,TR000,5,
229,2,value,tr000,bond,molecule_id,TR000,4,
229,3,value,tr000,molecule,molecule_id,TR000,1,
230,1,value,tr060,bond,molecule_id,TR060,107,
230,2,value,tr060,atom,molecule_id,TR060,103,
230,3,value,tr060,molecule,molecule_id,TR060,1,
231,1,value,tr010,atom,molecule_id,TR010,18,
231,2,value,tr010,bond,molecule_id,TR010,17,
231,3,value,tr010,molecule,molecule_id,TR010,1,
233,1,value,tr006,atom,molecule_id,TR006,47,
233,2,value,tr006,bond,molecule_id,TR006,41,
233,3,value,tr006,molecule,molecule_id,TR006,1,
234,1,value,tr009_12,connected,atom_id,TR009_12,3,atom id
234,2,value,tr009_12,connected,atom_id2,TR009_12,3,atom id 2
234,3,value,tr009_12,atom,atom_id,TR009_12,1,
234,4,value,tr009,bond,molecule_id,TR009,24,
234,5,value,tr009,atom,molecule_id,TR009,22,
234,6,value,tr009,molecule,molecule_id,TR009,1,
235,1,value,br,atom,element,br,47,
236,1,value,tr001_6_9,connected,bond_id,TR001_6_9,2,
236,2,value,tr001_6_9,bond,bond_id,TR001_6_9,1,
237,1,value,tr001_10,connected,atom_id,TR001_10,3,atom id
237,2,value,tr001_10,connected,atom_id2,TR001_10,3,atom id 2
237,3,value,tr001_10,atom,atom_id,TR001_10,1,
240,1,value,tr004,atom,molecule_id,TR004,24,
240,2,value,tr004,bond,molecule_id,TR004,23,
240,3,value,tr004,molecule,molecule_id,TR004,1,
248,1,value,tr041,atom,molecule_id,TR041,14,
248,2,value,tr041,bond,molecule_id,TR041,14,
248,3,value,tr041,molecule,molecule_id,TR041,1,
249,1,value,tr144_8_19,connected,bond_id,TR144_8_19,2,
249,2,value,tr144_8_19,bond,bond_id,TR144_8_19,1,
252,1,value,pb,atom,element,pb,1,
258,1,value,sn,atom,element,sn,2,
260,1,value,br,atom,element,br,47,
263,1,value,cl,atom,element,cl,429,
264,1,value,tr000,atom,molecule_id,TR000,5,
264,2,value,tr000,bond,molecule_id,TR000,4,
264,3,value,tr000,molecule,molecule_id,TR000,1,
264,4,value,tr001,bond,molecule_id,TR001,25,
264,5,value,tr001,atom,molecule_id,TR001,21,
264,6,value,tr001,molecule,molecule_id,TR001,1,
264,7,value,tr002,atom,molecule_id,TR002,6,
264,8,value,tr002,bond,molecule_id,TR002,5,
266,1,value,tr000,atom,molecule_id,TR000,5,
266,2,value,tr000,bond,molecule_id,TR000,4,
266,3,value,tr000,molecule,molecule_id,TR000,1,
266,4,value,tr030,bond,molecule_id,TR030,73,
266,5,value,tr030,atom,molecule_id,TR030,70,
266,6,value,tr030,molecule,molecule_id,TR030,1,
267,1,value,tr000,atom,molecule_id,TR000,5,
267,2,value,tr000,bond,molecule_id,TR000,4,
267,3,value,tr000,molecule,molecule_id,TR000,1,
267,4,value,tr050,bond,molecule_id,TR050,43,
267,5,value,tr050,atom,molecule_id,TR050,42,
267,6,value,tr050,molecule,molecule_id,TR050,1,
268,1,value,tr001_10_11,connected,bond_id,TR001_10_11,2,
268,2,value,tr001_10_11,bond,bond_id,TR001_10_11,1,
270,1,value,ca,atom,element,ca,1,
271,1,value,tr001_1_8,connected,bond_id,TR001_1_8,2,
271,2,value,tr001_1_8,bond,bond_id,TR001_1_8,1,
271,3,value,cl,atom,element,cl,429,
273,1,value,cl,atom,element,cl,429,
273,2,value,pb,atom,element,pb,1,
274,1,value,tr001,bond,molecule_id,TR001,25,
274,2,value,tr001,atom,molecule_id,TR001,21,
274,3,value,tr001,molecule,molecule_id,TR001,1,
277,1,value,tr000_1_2,connected,bond_id,TR000_1_2,2,
277,2,value,tr000_1_2,bond,bond_id,TR000_1_2,1,
279,1,value,tr001_10_11,connected,bond_id,TR001_10_11,2,
279,2,value,tr001_10_11,bond,bond_id,TR001_10_11,1,
282,1,value,tr006,atom,molecule_id,TR006,47,
282,2,value,tr006,bond,molecule_id,TR006,41,
282,3,value,tr006,molecule,molecule_id,TR006,1,
283,1,value,ca,atom,element,ca,1,
285,1,value,tr001_10_11,connected,bond_id,TR001_10_11,2,
285,2,value,tr001_10_11,bond,bond_id,TR001_10_11,1,
285,3,value,br,atom,element,br,47,
285,4,value,ca,atom,element,ca,1,
285,5,value,cl,atom,element,cl,429,
285,6,value,na,atom,element,na,35,
285,7,value,pb,atom,element,pb,1,
285,8,value,sn,atom,element,sn,2,
287,1,value,tr047,bond,molecule_id,TR047,28,
287,2,value,tr047,atom,molecule_id,TR047,27,
287,3,value,tr047,molecule,molecule_id,TR047,1,
288,1,value,tr001_1,connected,atom_id,TR001_1,4,atom id
288,2,value,tr001_1,connected,atom_id2,TR001_1,4,atom id 2
288,3,value,tr001_1,atom,atom_id,TR001_1,1,
289,1,value,tr151,atom,molecule_id,TR151,31,
289,2,value,tr151,bond,molecule_id,TR151,28,
289,3,value,tr151,molecule,molecule_id,TR151,1,
290,1,value,tr151,atom,molecule_id,TR151,31,
290,2,value,tr151,bond,molecule_id,TR151,28,
290,3,value,tr151,molecule,molecule_id,TR151,1,
290,4,value,br,atom,element,br,47,
290,5,value,ca,atom,element,ca,1,
290,6,value,cl,atom,element,cl,429,
290,7,value,na,atom,element,na,35,
290,8,value,pb,atom,element,pb,1,
292,1,value,tr010,atom,molecule_id,TR010,18,
292,2,value,tr010,bond,molecule_id,TR010,17,
292,3,value,tr010,molecule,molecule_id,TR010,1,
292,4,value,tr050,bond,molecule_id,TR050,43,
292,5,value,tr050,atom,molecule_id,TR050,42,
292,6,value,tr050,molecule,molecule_id,TR050,1,
296,1,value,tr000_1_2,connected,bond_id,TR000_1_2,2,
296,2,value,tr000_1_2,bond,bond_id,TR000_1_2,1,
296,3,value,tr000_1,atom,atom_id,TR000_1,1,
296,4,value,tr000_1,connected,atom_id,TR000_1,1,atom id
296,5,value,tr000_1,connected,atom_id2,TR000_1,1,atom id 2
299,1,value,tr124,bond,molecule_id,TR124,51,
299,2,value,tr124,atom,molecule_id,TR124,50,
299,3,value,tr124,molecule,molecule_id,TR124,1,
300,1,value,tr186,bond,molecule_id,TR186,42,
300,2,value,tr186,atom,molecule_id,TR186,41,
300,3,value,tr186,molecule,molecule_id,TR186,1,
301,1,value,tr007_4_19,connected,bond_id,TR007_4_19,2,
301,2,value,tr007_4_19,bond,bond_id,TR007_4_19,1,
302,1,value,tr001_2_4,connected,bond_id,TR001_2_4,2,
302,2,value,tr001_2_4,bond,bond_id,TR001_2_4,1,
302,3,value,br,atom,element,br,47,
302,4,value,ca,atom,element,ca,1,
302,5,value,cl,atom,element,cl,429,
302,6,value,na,atom,element,na,35,
302,7,value,pb,atom,element,pb,1,
302,8,value,sn,atom,element,sn,2,
303,1,value,tr006,atom,molecule_id,TR006,47,
303,2,value,tr006,bond,molecule_id,TR006,41,
303,3,value,tr006,molecule,molecule_id,TR006,1,
304,1,value,br,atom,element,br,47,
304,2,value,ca,atom,element,ca,1,
304,3,value,cl,atom,element,cl,429,
304,4,value,na,atom,element,na,35,
304,5,value,pb,atom,element,pb,1,
304,6,value,sn,atom,element,sn,2,
304,7,value,te,atom,element,te,1,
306,1,value,br,atom,element,br,47,
306,2,value,ca,atom,element,ca,1,
306,3,value,cl,atom,element,cl,429,
306,4,value,na,atom,element,na,35,
306,5,value,pb,atom,element,pb,1,
306,6,value,sn,atom,element,sn,2,
306,7,value,te,atom,element,te,1,
307,1,value,tr000_2_3,connected,bond_id,TR000_2_3,2,
307,2,value,tr000_2_3,bond,bond_id,TR000_2_3,1,
307,3,value,br,atom,element,br,47,
307,4,value,ca,atom,element,ca,1,
307,5,value,cl,atom,element,cl,429,
307,6,value,na,atom,element,na,35,
307,7,value,pb,atom,element,pb,1,
307,8,value,sn,atom,element,sn,2,
308,1,value,cl,atom,element,cl,429,
309,1,value,tr346,atom,molecule_id,TR346,8,
309,2,value,tr346,bond,molecule_id,TR346,7,
312,1,value,tr001_2_4,connected,bond_id,TR001_2_4,2,
312,2,value,tr001_2_4,bond,bond_id,TR001_2_4,1,
313,1,value,tr001,bond,molecule_id,TR001,25,
313,2,value,tr001,atom,molecule_id,TR001,21,
313,3,value,tr001,molecule,molecule_id,TR001,1,
315,1,value,cl,atom,element,cl,429,
317,1,value,cl,atom,element,cl,429,
318,1,value,tr001_1_7,connected,bond_id,TR001_1_7,2,
318,2,value,tr001_1_7,bond,bond_id,TR001_1_7,1,
319,1,value,tr001_3_4,connected,bond_id,TR001_3_4,2,
319,2,value,tr001_3_4,bond,bond_id,TR001_3_4,1,
319,3,value,br,atom,element,br,47,
319,4,value,ca,atom,element,ca,1,
319,5,value,cl,atom,element,cl,429,
319,6,value,na,atom,element,na,35,
319,7,value,pb,atom,element,pb,1,
319,8,value,sn,atom,element,sn,2,
320,1,value,tr000_1,atom,atom_id,TR000_1,1,
320,2,value,tr000_1,connected,atom_id,TR000_1,1,atom id
320,3,value,tr000_1,connected,atom_id2,TR000_1,1,atom id 2
320,4,value,tr000_2,connected,atom_id,TR000_2,4,atom id
320,5,value,tr000_2,connected,atom_id2,TR000_2,4,atom id 2
320,6,value,tr000_2,atom,atom_id,TR000_2,1,
321,1,value,tr000_2,connected,atom_id,TR000_2,4,atom id
321,2,value,tr000_2,connected,atom_id2,TR000_2,4,atom id 2
321,3,value,tr000_2,atom,atom_id,TR000_2,1,
321,4,value,tr000_4,atom,atom_id,TR000_4,1,
321,5,value,tr000_4,connected,atom_id,TR000_4,1,atom id
321,6,value,tr000_4,connected,atom_id2,TR000_4,1,atom id 2
322,1,value,tr000_1,atom,atom_id,TR000_1,1,
322,2,value,tr000_1,connected,atom_id,TR000_1,1,atom id
322,3,value,tr000_1,connected,atom_id2,TR000_1,1,atom id 2
322,4,value,br,atom,element,br,47,
322,5,value,ca,atom,element,ca,1,
322,6,value,cl,atom,element,cl,429,
322,7,value,na,atom,element,na,35,
322,8,value,pb,atom,element,pb,1,
323,1,value,tr000,atom,molecule_id,TR000,5,
323,2,value,tr000,bond,molecule_id,TR000,4,
323,3,value,tr000,molecule,molecule_id,TR000,1,
328,1,value,tr024,atom,molecule_id,TR024,38,
328,2,value,tr024,bond,molecule_id,TR024,37,
328,3,value,tr024,molecule,molecule_id,TR024,1,
328,4,value,br,atom,element,br,47,
328,5,value,ca,atom,element,ca,1,
328,6,value,cl,atom,element,cl,429,
328,7,value,na,atom,element,na,35,
328,8,value,pb,atom,element,pb,1,
332,1,value,tr004,atom,molecule_id,TR004,24,
332,2,value,tr004,bond,molecule_id,TR004,23,
332,3,value,tr004,molecule,molecule_id,TR004,1,
332,4,value,tr010,atom,molecule_id,TR010,18,
332,5,value,tr010,bond,molecule_id,TR010,17,
332,6,value,tr010,molecule,molecule_id,TR010,1,
333,1,value,tr008,bond,molecule_id,TR008,26,
333,2,value,tr008,atom,molecule_id,TR008,24,
333,3,value,tr008,molecule,molecule_id,TR008,1,
334,1,value,tr004_7,connected,atom_id,TR004_7,4,atom id
334,2,value,tr004_7,connected,atom_id2,TR004_7,4,atom id 2
334,3,value,tr004_7,atom,atom_id,TR004_7,1,
334,4,value,br,atom,element,br,47,
334,5,value,ca,atom,element,ca,1,
334,6,value,cl,atom,element,cl,429,
334,7,value,na,atom,element,na,35,
334,8,value,pb,atom,element,pb,1,
337,1,value,tr002,atom,molecule_id,TR002,6,
337,2,value,tr002,bond,molecule_id,TR002,5,
337,3,value,tr002,molecule,molecule_id,TR002,1,
338,1,value,tr012,bond,molecule_id,TR012,31,
338,2,value,tr012,atom,molecule_id,TR012,27,
338,3,value,tr012,molecule,molecule_id,TR012,1,
340,1,value,foils,cards,name,Foil,4,
340,2,contains,powerful,cards,flavorText,The river is a powerful friend.,1,
340,3,contains,cards,cards,text,Add {R} for each card in your hand.,33,
341,1,value,borderless,cards,borderColor,borderless,241,
341,2,value,foils,cards,name,Foil,4,
341,3,contains,powerful,cards,flavorText,The river is a powerful friend.,1,
341,4,contains,without,cards,flavorText,"""A warrior without wit is simply meat.""",17,
342,1,contains,converted,cards,originalText,Counter target spell with converted mana cost 2.,4,
342,2,contains,converted,cards,text,Counter target spell with converted mana cost 2.,3,
343,1,value,2015,cards,frameVersion,2015,25500,The version of the card frame style
343,2,value,2015,cards,number,2015,5,
343,3,value,2015,cards,edhrecRank,2015,4,rec Rank in edh
343,4,value,100,cards,number,100,176,
343,5,value,100,cards,edhrecRank,100,10,rec Rank in edh
344,1,value,gladiator,legalities,format,gladiator,16568,
344,2,value,banned,legalities,status,Banned,2313,
344,3,value,mythic,cards,rarity,mythic,3200,
344,4,value,rarity,cards,name,Rarity,1,
344,5,value,status,cards,faceName,Status,1,
344,6,contains,cards,cards,text,Add {R} for each card in your hand.,33,
344,7,contains,cards,cards,originalText,Changeling (This card is every creature type.),22,
345,1,value,artifact,cards,types,Artifact,3986,
345,2,value,artifact,cards,type,Artifact,3046,
345,3,value,artifact,cards,originalType,Artifact,2093,
345,4,value,vintage,legalities,format,vintage,55576,
345,5,value,status,cards,faceName,Status,1,
345,6,contains,multiple,rulings,text,Multiple Incubators are cumulative.,9,
345,7,contains,cards,cards,text,Add {R} for each card in your hand.,33,
346,1,value,commander,legalities,format,commander,55576,
346,2,value,commander,sets,block,Commander,23,
346,3,value,commander,sets,type,commander,14,
346,4,value,commander,set_translations,translation,Commander (2013 Edition),10,
346,5,value,commander,set_translations,translation,Commander (2014 Edition),10,
346,6,value,commander,set_translations,translation,Commander (2015 Edition),10,
346,7,value,commander,set_translations,translation,Commander (2016 Edition),10,
346,8,value,status,cards,faceName,Status,1,
347,1,value,stephen daniele,cards,artist,Stephen Daniele,74,
347,2,value,return,cards,faceName,Return,3,
347,3,value,find,cards,faceName,Find,3,
347,4,contains,missing,cards,flavorText,A missing piece in search of a puzzle.,2,
347,5,contains,missing,cards,name,Gone Missing,1,
348,1,value,sublime epiphany,cards,name,Sublime Epiphany,4,
348,2,value,74s,cards,number,74s,6,
348,3,contains,information,cards,flavorText,Information pumps like blood through vedalken society.,1,
348,4,contains,information,cards,name,Information Dealer,1,
349,1,contains,information,cards,flavorText,Information pumps like blood through vedalken society.,1,
349,2,contains,information,cards,name,Information Dealer,1,
350,1,value,annul,cards,name,Annul,7,
350,2,value,29,cards,number,29,232,
350,3,value,29,cards,edhrecRank,29,26,rec Rank in edh
350,4,contains,alternative,cards,flavorText,"""In the market for an alternative, friend?""",1,
350,5,contains,alternative,rulings,text,The cost reduction can apply to alternative costs.,1,
351,1,value,japanese,foreign_data,language,Japanese,31226,
351,2,value,japanese,set_translations,language,Japanese,121,
351,3,contains,alternative,cards,flavorText,"""In the market for an alternative, friend?""",1,
351,4,contains,alternative,rulings,text,The cost reduction can apply to alternative costs.,1,
352,1,value,chinese simplified,foreign_data,language,Chinese Simplified,20106,
352,2,value,chinese simplified,set_translations,language,Chinese Simplified,121,
352,3,value,where,cards,faceName,Where,2,
352,4,value,100,cards,number,100,176,
352,5,value,100,cards,edhrecRank,100,10,rec Rank in edh
352,6,value,sum,cards,setCode,SUM,305,
353,1,value,italian,foreign_data,language,Italian,28698,
353,2,value,italian,set_translations,language,Italian,121,
353,3,value,sets,cards,watermark,set,179,
353,4,value,sets,cards,watermark,set (LEA),12,
353,5,value,sets,cards,watermark,set (THS),10,
353,6,value,sets,cards,watermark,set (ONS),9,
353,7,value,sets,cards,watermark,set (SCG),9,
353,8,contains,number,cards,originalText,Enchanted creature may block any number of creatures.,2,
354,1,value,aaron boyd,cards,artist,Aaron Boyd,12,
354,2,contains,artist,cards,name,Blood Artist,7,
354,3,contains,artist,cards,flavorText,Another moving piece by the artist El Gecko.,1,
355,1,value,angel of mercy,cards,name,Angel of Mercy,15,
355,2,value,angel,cards,subtypes,Angel,513,
355,3,contains,keyword,rulings,text,Glamerdye can’t affect the keyword fear.,1,
355,4,contains,found,cards,flavorText,"""I found a new toy. Wanna play?""",3,
356,1,contains,infinite,cards,name,Djinn of Infinite Deceits,11,
356,2,contains,infinite,cards,flavorText,An empty canvas holds infinite possibilities.,4,
357,1,value,duress,cards,name,Duress,29,
357,2,contains,promotion,cards,name,Battlefield Promotion,1,
357,3,contains,card,cards,text,Add {R} for each card in your hand.,33,
358,1,value,ancestor's chosen,cards,name,Ancestor's Chosen,4,
358,2,contains,border,cards,name,Border Guard,3,
358,3,contains,border,sets,name,Foreign Black Border,2,
359,1,value,ancestor's chosen,cards,name,Ancestor's Chosen,4,
359,2,contains,chosen,cards,name,Ajani's Chosen,15,
359,3,contains,chosen,rulings,text,Targets are chosen only from among legal targets.,4,
360,1,value,angel of mercy,cards,name,Angel of Mercy,15,
360,2,value,angel,cards,subtypes,Angel,513,
360,3,value,set,cards,watermark,set,179,
360,4,value,set,cards,watermark,set (LEA),12,
360,5,value,set,cards,watermark,set (THS),10,
360,6,value,set,cards,watermark,set (ONS),9,
360,7,value,set,cards,watermark,set (SCG),9,
360,8,contains,question,cards,name,Question Elemental?,1,
361,1,value,restricted,legalities,status,Restricted,636,
361,2,value,status,cards,faceName,Status,1,
361,3,contains,cards,cards,text,Add {R} for each card in your hand.,33,
361,4,contains,cards,cards,originalText,Changeling (This card is every creature type.),22,
362,1,value,ancestor's chosen,cards,name,Ancestor's Chosen,4,
362,2,value,condemn,cards,name,Condemn,13,
362,3,contains,chosen,cards,name,Ajani's Chosen,15,
362,4,contains,chosen,rulings,text,Targets are chosen only from among legal targets.,4,
363,1,value,restricted,legalities,status,Restricted,636,
363,2,value,starter,sets,type,starter,16,
363,3,value,status,cards,faceName,Status,1,
363,4,contains,cards,cards,text,Add {R} for each card in your hand.,33,
363,5,contains,cards,cards,originalText,Changeling (This card is every creature type.),22,
364,1,value,cloudchaser eagle,cards,name,Cloudchaser Eagle,3,
364,2,value,status,cards,faceName,Status,1,
364,3,contains,cloudchaser,cards,name,Aven Cloudchaser,3,
364,4,contains,eagle,cards,name,Battleflight Eagle,7,
365,1,value,benalish knight,cards,name,Benalish Knight,4,
365,2,value,knight,cards,subtypes,Knight,5,
365,3,contains,benalish,cards,name,Benalish Cavalry,13,
365,4,contains,card,cards,text,Add {R} for each card in your hand.,33,
366,1,value,benalish knight,cards,name,Benalish Knight,4,
366,2,value,knight,cards,subtypes,Knight,5,
366,3,contains,benalish,cards,name,Benalish Cavalry,13,
366,4,contains,playing,cards,flavorText,"Playing *Unhinged*, . . .",1,
367,1,value,phyrexian,cards,watermark,phyrexian,333,
367,2,value,phyrexian,foreign_data,language,Phyrexian,3,
367,3,contains,artists,cards,name,Blood Artist,7,
367,4,contains,artists,cards,flavorText,Another moving piece by the artist El Gecko.,1,
368,1,value,borderless,cards,borderColor,borderless,241,
368,2,value,where,cards,faceName,Where,2,
368,3,value,100,cards,number,100,176,
368,4,value,100,cards,edhrecRank,100,10,rec Rank in edh
369,1,value,german,foreign_data,language,German,28891,
369,2,value,german,set_translations,language,German,121,
369,3,contains,cards,cards,text,Add {R} for each card in your hand.,33,
369,4,contains,cards,cards,originalText,Changeling (This card is every creature type.),22,
370,1,value,borderless,cards,borderColor,borderless,241,
370,2,value,russian,foreign_data,language,Russian,15878,
370,3,value,russian,set_translations,language,Russian,121,
370,4,contains,cards,cards,text,Add {R} for each card in your hand.,33,
370,5,contains,cards,cards,originalText,Changeling (This card is every creature type.),22,
371,1,value,french,foreign_data,language,French,29301,
371,2,value,french,set_translations,language,French,121,
371,3,value,where,cards,faceName,Where,2,
371,4,value,100,cards,number,100,176,
371,5,value,100,cards,edhrecRank,100,10,rec Rank in edh
372,1,value,99,cards,number,99,174,
372,2,value,99,cards,edhrecRank,99,11,rec Rank in edh
372,3,contains,toughness,cards,originalText,Destroy all creatures with toughness 4 or greater.,3,
372,4,contains,toughness,cards,text,Destroy all creatures with toughness 4 or greater.,3,
373,1,value,aaron boyd,cards,artist,Aaron Boyd,12,
373,2,contains,artist,cards,name,Blood Artist,7,
373,3,contains,artist,cards,flavorText,Another moving piece by the artist El Gecko.,1,
374,1,value,black,cards,borderColor,black,49729,
374,2,value,mtgo,cards,availability,mtgo,3697,
374,3,value,mtgo,sets,keyruneCode,MTGO,2,
374,4,contains,border,cards,name,Border Guard,3,
374,5,contains,border,sets,name,Foreign Black Border,2,
375,1,value,down,cards,faceName,Down,1,
375,2,contains,converted,cards,originalText,Counter target spell with converted mana cost 2.,4,
375,3,contains,converted,cards,text,Counter target spell with converted mana cost 2.,3,
376,1,value,flying,cards,keywords,Flying,3088,
376,2,value,flying,cards,text,Flying,296,
376,3,value,flying,cards,originalText,Flying,251,
376,4,value,flying,cards,originalText,Flying (This creature can't be blocked except by creatures with flying.),20,
376,5,contains,keyword,rulings,text,Glamerdye can’t affect the keyword fear.,1,
376,6,contains,cards,cards,text,Add {R} for each card in your hand.,33,
377,1,value,summon - angel,cards,originalType,Summon - Angel,20,
377,2,value,summon,cards,types,Summon,5,
377,3,value,angel,cards,subtypes,Angel,513,
377,4,contains,cards,cards,text,Add {R} for each card in your hand.,33,
377,5,contains,cards,cards,originalText,Changeling (This card is every creature type.),22,
378,1,contains,powerful,cards,flavorText,The river is a powerful friend.,1,
378,2,contains,paired,cards,name,Paired Tactician,1,
379,1,value,duel,legalities,format,duel,55544,
379,2,contains,belong,cards,flavorText,"""Within this grove, you belong to me.""",1,
379,3,contains,cards,cards,text,Add {R} for each card in your hand.,33,
380,1,value,2015,cards,frameVersion,2015,25500,The version of the card frame style
380,2,value,2015,cards,number,2015,5,
380,3,value,2015,cards,edhrecRank,2015,4,rec Rank in edh
380,4,contains,version,rulings,text,This is the timeshifted version of Argothian Wurm.,40,
380,5,contains,version,cards,flavorText,The brutish mage's version of thinking.,1,
381,1,value,chinese simplified,foreign_data,language,Chinese Simplified,20106,
381,2,value,chinese simplified,set_translations,language,Chinese Simplified,121,
381,3,value,down,cards,faceName,Down,1,
381,4,contains,artists,cards,name,Blood Artist,7,
381,5,contains,artists,cards,flavorText,Another moving piece by the artist El Gecko.,1,
382,1,value,japanese,foreign_data,language,Japanese,31226,
382,2,value,japanese,set_translations,language,Japanese,121,
382,3,value,paper,cards,availability,paper,21531,
382,4,contains,cards,cards,text,Add {R} for each card in your hand.,33,
382,5,contains,cards,cards,originalText,Changeling (This card is every creature type.),22,
383,1,value,banned,legalities,status,Banned,2313,
383,2,value,status,cards,faceName,Status,1,
383,3,value,white,cards,borderColor,white,5017,
383,4,contains,border,cards,name,Border Guard,3,
383,5,contains,border,sets,name,Foreign Black Border,2,
384,1,value,legacy,legalities,format,legacy,55576,
384,2,value,legacy,cards,keywords,Legacy,2,
384,3,value,down,cards,faceName,Down,1,
384,4,contains,foreign,sets,name,Foreign Black Border,2,
384,5,contains,foreign,cards,flavorText,"""Join the army, see foreign countries!"" they'd said.",1,
385,1,value,beacon of immortality,cards,name,Beacon of Immortality,4,
385,2,value,down,cards,faceName,Down,1,
385,3,contains,immortality,cards,flavorText,Immortality is worth any price.,1,
385,4,contains,beacon,cards,name,Beacon Behemoth,13,
386,1,value,future,legalities,format,future,7698,
386,2,value,future,cards,frameVersion,future,93,
386,3,value,status,cards,faceName,Status,1,
386,4,value,legal,legalities,status,Legal,424958,
386,5,contains,version,rulings,text,This is the timeshifted version of Argothian Wurm.,40,
386,6,contains,version,cards,flavorText,The brutish mage's version of thinking.,1,
387,1,value,ogw,cards,setCode,OGW,187,The set printing code that the card is from
387,2,value,ogw,cards,printings,OGW,73,
387,3,value,ogw,set_translations,setCode,OGW,10,
387,4,value,ogw,sets,keyruneCode,OGW,2,
387,5,value,set,cards,watermark,set,179,
387,6,value,set,cards,watermark,set (LEA),12,
387,7,value,set,cards,watermark,set (THS),10,
387,8,value,set,cards,watermark,set (ONS),9,
388,1,value,10e,cards,setCode,10E,508,
388,2,value,10e,set_translations,setCode,10E,10,
388,3,value,10e,sets,keyruneCode,10E,3,
388,4,value,10e,sets,code,10E,1,
388,5,value,10e,sets,mtgoCode,10E,1,magic the gathering online code
388,6,value,10e,sets,parentCode,10E,1,
388,7,value,set,cards,watermark,set,179,
388,8,value,set,cards,watermark,set (LEA),12,
389,1,value,creature - elf,cards,originalType,Creature - Elf,88,
389,2,value,creature,cards,types,Creature,24229,
389,3,value,down,cards,faceName,Down,1,
389,4,value,elf,cards,subtypes,Elf,179,
389,5,contains,rulings,cards,flavorText,"""Our ruling is final.""",1,
389,6,contains,cards,cards,text,Add {R} for each card in your hand.,33,
390,1,value,20,cards,number,20,237,
390,2,value,20,cards,edhrecRank,20,14,rec Rank in edh
390,3,value,20,sets,baseSetSize,20,6,The number of cards in the set
390,4,value,20,sets,totalSetSize,20,6,
390,5,value,20,cards,mcmMetaId,20,2,
390,6,contains,between,cards,flavorText,"""Nothing comes between me and my Didgeridoos™.""",9,
390,7,contains,between,cards,name,Torn Between Heads,1,
391,1,value,artifact,cards,types,Artifact,3986,
391,2,value,artifact,cards,type,Artifact,3046,
391,3,value,artifact,cards,originalType,Artifact,2093,
391,4,value,black,cards,borderColor,black,49729,
391,5,contains,foreign,sets,name,Foreign Black Border,2,
391,6,contains,foreign,cards,flavorText,"""Join the army, see foreign countries!"" they'd said.",1,
392,1,value,uncommon,cards,rarity,uncommon,15251,
392,2,value,rarity,cards,name,Rarity,1,
392,3,value,order,cards,faceName,Order,3,
392,4,value,down,cards,faceName,Down,1,
392,5,contains,ascending,cards,name,Ascending Aven,1,
392,6,contains,ruling,cards,flavorText,"""Our ruling is final.""",1,
393,1,value,john avon,cards,artist,John Avon,1128,
393,2,value,foils,cards,name,Foil,4,
393,3,contains,designed,cards,flavorText,"""Comin' through!"" Designed by James Ernest",13,
393,4,contains,artist,cards,name,Blood Artist,7,
394,1,value,white,cards,borderColor,white,5017,
394,2,contains,powerful,cards,flavorText,The river is a powerful friend.,1,
394,3,contains,cards,cards,text,Add {R} for each card in your hand.,33,
395,1,value,mtgo,cards,availability,mtgo,3697,
395,2,value,mtgo,sets,keyruneCode,MTGO,2,
395,3,value,udon,cards,artist,UDON,85,
395,4,value,-1,cards,hand,-1,23,
395,5,value,-1,cards,life,-1,5,
395,6,value,-1,cards,power,-1,4,
395,7,contains,designed,cards,flavorText,"""Comin' through!"" Designed by James Ernest",13,
395,8,contains,starting,cards,flavorText,"""Groveling already? I'm just starting to enjoy myself.""",1,
396,1,value,warning,cards,name,Warning,2,
396,2,value,paper,cards,availability,paper,21531,
396,3,value,1993,cards,frameVersion,1993,5510,The version of the card frame style
396,4,value,1993,cards,edhrecRank,1993,3,rec Rank in edh
397,1,value,normal,cards,layout,normal,54906,
397,2,value,black,cards,borderColor,black,49729,
397,3,value,paper,cards,availability,paper,21531,
397,4,value,2003,cards,frameVersion,2003,16462,The version of the card frame style
397,5,value,2003,cards,edhrecRank,2003,6,rec Rank in edh
397,6,value,mtgo,cards,availability,mtgo,3697,
397,7,value,mtgo,sets,keyruneCode,MTGO,2,
398,1,value,rob alexander,cards,artist,Rob Alexander,565,
398,2,contains,alexander,cards,artist,Alexander Forssberg,9,
398,3,contains,alexander,cards,name,Alexander Clamilton,1,
399,1,value,arena,cards,availability,arena,999,A list of the card's available printing types
399,2,value,arena,cards,watermark,arena,13,
399,3,value,arena,cards,name,Arena,3,
399,4,contains,cards,cards,text,Add {R} for each card in your hand.,33,
399,5,contains,cards,cards,originalText,Changeling (This card is every creature type.),22,
400,1,value,spanish,foreign_data,language,Spanish,28639,
400,2,value,spanish,set_translations,language,Spanish,121,
400,3,value,set,cards,watermark,set,179,
400,4,value,set,cards,watermark,set (LEA),12,
400,5,value,set,cards,watermark,set (THS),10,
400,6,value,set,cards,watermark,set (ONS),9,
400,7,value,set,cards,watermark,set (SCG),9,
400,8,contains,cards,cards,text,Add {R} for each card in your hand.,33,
401,1,value,legendary,cards,supertypes,Legendary,4286,
401,2,value,legendary,cards,frameEffects,legendary,1102,
401,3,value,where,cards,faceName,Where,2,
401,4,contains,effect,rulings,text,An effect may redirect Excruciator’s damage.,3,
401,5,contains,effect,cards,originalText,Double any effect that doubles. (It quadruples.),1,
402,1,value,where,cards,faceName,Where,2,
402,2,value,100,cards,number,100,176,
402,3,value,100,cards,edhrecRank,100,10,rec Rank in edh
402,4,value,box,sets,type,box,27,
402,5,value,sum,cards,setCode,SUM,305,
403,1,value,spanish,foreign_data,language,Spanish,28639,
403,2,value,spanish,set_translations,language,Spanish,121,
403,3,value,where,cards,faceName,Where,2,
403,4,value,100,cards,number,100,176,
403,5,value,100,cards,edhrecRank,100,10,rec Rank in edh
403,6,value,100,cards,id,100,1,
403,7,value,100,cards,mcmId,100,1,
403,8,value,100,cards,mcmMetaId,100,1,
404,1,value,309,cards,number,309,41,
404,2,value,309,cards,edhrecRank,309,18,rec Rank in edh
404,3,value,309,cards,mcmMetaId,309,4,
404,4,value,set,cards,watermark,set,179,
404,5,value,set,cards,watermark,set (LEA),12,
404,6,value,set,cards,watermark,set (THS),10,
404,7,value,set,cards,watermark,set (ONS),9,
404,8,value,set,cards,watermark,set (SCG),9,
405,1,value,portuguese,foreign_data,language,Portuguese (Brazil),25641,
405,2,value,portuguese,set_translations,language,Portuguese (Brazil),121,
405,3,value,commander,legalities,format,commander,55576,
405,4,value,commander,sets,block,Commander,23,
405,5,value,commander,sets,type,commander,14,
405,6,value,commander,set_translations,translation,Commander (2013 Edition),10,
405,7,value,commander,set_translations,translation,Commander (2014 Edition),10,
405,8,value,commander,set_translations,translation,Commander (2015 Edition),10,
406,1,value,creature,cards,types,Creature,24229,
406,2,value,status,cards,faceName,Status,1,
406,3,value,legal,legalities,status,Legal,424958,
406,4,contains,cards,cards,text,Add {R} for each card in your hand.,33,
406,5,contains,cards,cards,originalText,Changeling (This card is every creature type.),22,
407,1,value,german,foreign_data,language,German,28891,
407,2,value,german,set_translations,language,German,121,
407,3,contains,cards,cards,text,Add {R} for each card in your hand.,33,
407,4,contains,cards,cards,originalText,Changeling (This card is every creature type.),22,
408,1,contains,triggered,rulings,text,Dawnfeather Eagle’s triggered ability affects itself.,5,
408,2,contains,triggered,cards,originalText,Counter target activated or triggered ability.,2,
409,1,value,premodern,legalities,format,premodern,20721,
409,2,contains,triggered,rulings,text,Dawnfeather Eagle’s triggered ability affects itself.,5,
409,3,contains,triggered,cards,originalText,Counter target activated or triggered ability.,2,
410,1,value,erica yang,cards,artist,Erica Yang,80,
410,2,value,pauper,legalities,format,pauper,22784,
410,3,value,paper,cards,availability,paper,21531,
410,4,contains,artist,cards,name,Blood Artist,7,
410,5,contains,artist,cards,flavorText,Another moving piece by the artist El Gecko.,1,
411,1,value,formation,cards,name,Formation,1,
411,2,contains,artist,cards,name,Blood Artist,7,
411,3,contains,artist,cards,flavorText,Another moving piece by the artist El Gecko.,1,
412,1,value,creature,cards,types,Creature,24229,
412,2,value,french,foreign_data,language,French,29301,
412,3,value,french,set_translations,language,French,121,
412,4,value,normal,cards,layout,normal,54906,
412,5,value,black,cards,borderColor,black,49729,
412,6,contains,foreign,sets,name,Foreign Black Border,2,
412,7,contains,foreign,cards,flavorText,"""Join the army, see foreign countries!"" they'd said.",1,
413,1,value,2007-02-01,rulings,date,2007-02-01,450,
413,2,value,rarity,cards,name,Rarity,1,
413,3,value,rare,cards,rarity,rare,17626,
413,4,contains,ruling,cards,flavorText,"""Our ruling is final.""",1,
413,5,contains,cards,cards,text,Add {R} for each card in your hand.,33,
414,1,value,ravnica,cards,subtypes,Ravnica,16,
414,2,value,ravnica,sets,block,Ravnica,6,
414,3,value,180,cards,number,180,118,
414,4,value,180,cards,edhrecRank,180,6,rec Rank in edh
414,5,value,180,sets,baseSetSize,180,4,The number of cards in the set
414,6,value,180,sets,totalSetSize,180,4,
414,7,value,180,cards,mcmMetaId,180,3,
414,8,value,set,cards,watermark,set,179,
415,1,value,commander,legalities,format,commander,55576,
415,2,value,commander,sets,block,Commander,23,
415,3,value,commander,sets,type,commander,14,
415,4,value,commander,set_translations,translation,Commander (2013 Edition),10,
415,5,value,commander,set_translations,translation,Commander (2014 Edition),10,
415,6,value,commander,set_translations,translation,Commander (2015 Edition),10,
415,7,value,commander,set_translations,translation,Commander (2016 Edition),10,
415,8,value,warning,cards,name,Warning,2,
416,1,value,french,foreign_data,language,French,29301,
416,2,value,french,set_translations,language,French,121,
416,3,value,100,cards,number,100,176,
416,4,value,100,cards,edhrecRank,100,10,rec Rank in edh
417,1,value,expansion,sets,type,expansion,87,
417,2,value,expansion,cards,faceName,Expansion,3,
417,3,value,japanese,foreign_data,language,Japanese,31226,
417,4,value,japanese,set_translations,language,Japanese,121,
417,5,value,sets,cards,watermark,set,179,
417,6,value,sets,cards,watermark,set (LEA),12,
417,7,value,sets,cards,watermark,set (THS),10,
417,8,value,sets,cards,watermark,set (ONS),9,
418,1,value,daren bader,cards,artist,Daren Bader,342,
418,2,contains,artist,cards,name,Blood Artist,7,
418,3,contains,artist,cards,flavorText,Another moving piece by the artist El Gecko.,1,
419,1,value,borderless,cards,borderColor,borderless,241,
419,2,value,12000,cards,edhrecRank,12000,2,rec Rank in edh
419,3,value,12000,cards,id,12000,1,
419,4,value,12000,cards,mcmId,12000,1,
419,5,value,12000,cards,mtgoFoilId,12000,1,
419,6,value,12000,cards,tcgplayerProductId,12000,1,
419,7,contains,borders,cards,name,Border Guard,3,
419,8,contains,borders,sets,name,Foreign Black Border,2,
420,1,contains,promotions,cards,name,Battlefield Promotion,1,
420,2,contains,oversized,sets,name,Commander 2011 Oversized,10,
421,1,value,arena league,sets,block,Arena League,9,
421,2,value,arenaleague,cards,promoTypes,arenaleague,84,
421,3,value,arena,cards,availability,arena,999,A list of the card's available printing types
421,4,value,arena,cards,watermark,arena,13,
421,5,value,arena,cards,name,Arena,3,
421,6,value,order,cards,faceName,Order,3,
421,7,contains,promotional,sets,name,Promotional Planes,2,
421,8,contains,unknown,cards,name,Allure of the Unknown,4,
422,1,contains,multiverse,cards,name,Behold the Multiverse,1,
422,2,contains,multiverse,sets,mcmName,Multiverse Gift Box,1,
423,1,value,order,cards,faceName,Order,3,
423,2,value,foil,cards,name,Foil,4,
423,3,contains,powerful,cards,flavorText,The river is a powerful friend.,1,
423,4,contains,cards,cards,text,Add {R} for each card in your hand.,33,
424,1,value,normal,cards,layout,normal,54906,
424,2,value,100,cards,number,100,176,
424,3,value,100,cards,edhrecRank,100,10,rec Rank in edh
424,4,value,box,sets,type,box,27,
425,1,value,wizard,cards,subtypes,Wizard,23,
425,2,value,angel,cards,subtypes,Angel,513,
425,3,contains,multiple,rulings,text,Multiple Incubators are cumulative.,9,
425,4,contains,numbers,cards,originalText,Enchanted creature may block any number of creatures.,2,
426,1,value,order,cards,faceName,Order,3,
426,2,value,sets,cards,watermark,set,179,
426,3,value,sets,cards,watermark,set (LEA),12,
426,4,value,sets,cards,watermark,set (THS),10,
426,5,value,sets,cards,watermark,set (ONS),9,
426,6,value,sets,cards,watermark,set (SCG),9,
426,7,contains,gathering,cards,flavorText,"""Hallowed be this gathering of eclectic products!""",2,
426,8,contains,gathering,cards,name,Goblin Gathering,2,
427,1,value,archenemy,set_translations,translation,Archenemy,10,
427,2,value,archenemy,sets,type,archenemy,5,
427,3,value,market,cards,faceName,Market,3,
427,4,value,arc,cards,setCode,ARC,151,
427,5,value,arc,set_translations,setCode,ARC,10,
427,6,value,arc,sets,keyruneCode,ARC,2,
427,7,value,set,cards,watermark,set,179,
427,8,value,set,cards,watermark,set (LEA),12,
428,1,value,set,cards,watermark,set,179,
428,2,value,set,cards,watermark,set (LEA),12,
428,3,value,set,cards,watermark,set (THS),10,
428,4,value,set,cards,watermark,set (ONS),9,
428,5,value,set,cards,watermark,set (SCG),9,
428,6,contains,number,cards,originalText,Enchanted creature may block any number of creatures.,2,
428,7,contains,number,rulings,text,The number of cards is counted during resolution.,2,
429,1,value,expansion,sets,type,expansion,87,
429,2,value,expansion,cards,faceName,Expansion,3,
429,3,value,206,cards,number,206,110,
429,4,value,206,cards,mcmMetaId,206,4,
429,5,value,206,cards,edhrecRank,206,3,rec Rank in edh
429,6,value,206,cards,id,206,1,
429,7,value,206,cards,mcmId,206,1,
429,8,value,206,cards,multiverseId,206,1,
430,1,value,shadowmoor,sets,block,Shadowmoor,4,
430,2,value,shadowmoor,cards,subtypes,Shadowmoor,2,
430,3,value,shadowmoor,sets,mcmName,Shadowmoor,1,magic card market name
430,4,value,shadowmoor,sets,name,Shadowmoor,1,
430,5,value,order,cards,faceName,Order,3,
430,6,value,sets,cards,watermark,set,179,
430,7,value,sets,cards,watermark,set (LEA),12,
430,8,value,sets,cards,watermark,set (THS),10,
431,1,value,japanese,foreign_data,language,Japanese,31226,
431,2,value,japanese,set_translations,language,Japanese,121,
431,3,value,response,cards,faceName,Response,3,
431,4,value,foil,cards,name,Foil,4,
431,5,value,set,cards,watermark,set,179,
431,6,value,set,cards,watermark,set (LEA),12,
431,7,value,set,cards,watermark,set (THS),10,
431,8,value,set,cards,watermark,set (ONS),9,
432,1,value,russian,foreign_data,language,Russian,15878,
432,2,value,russian,set_translations,language,Russian,121,
432,3,value,set,cards,watermark,set,179,
432,4,value,set,cards,watermark,set (LEA),12,
432,5,value,set,cards,watermark,set (THS),10,
432,6,value,set,cards,watermark,set (ONS),9,
432,7,value,set,cards,watermark,set (SCG),9,
432,8,contains,contains,cards,flavorText,It doesn't contain venom. It is venom.,1,
433,1,value,chinese simplified,foreign_data,language,Chinese Simplified,20106,
433,2,value,chinese simplified,set_translations,language,Chinese Simplified,121,
433,3,value,100,cards,number,100,176,
433,4,value,100,cards,edhrecRank,100,10,rec Rank in edh
433,5,value,set,cards,watermark,set,179,
433,6,value,set,cards,watermark,set (LEA),12,
433,7,value,set,cards,watermark,set (THS),10,
433,8,value,set,cards,watermark,set (ONS),9,
434,1,value,japanese,foreign_data,language,Japanese,31226,
434,2,value,japanese,set_translations,language,Japanese,121,
434,3,value,sets,cards,watermark,set,179,
434,4,value,sets,cards,watermark,set (LEA),12,
434,5,value,sets,cards,watermark,set (THS),10,
434,6,value,sets,cards,watermark,set (ONS),9,
434,7,value,sets,cards,watermark,set (SCG),9,
434,8,contains,gathering,cards,flavorText,"""Hallowed be this gathering of eclectic products!""",2,
435,1,value,black,cards,borderColor,black,49729,
435,2,contains,border,cards,name,Border Guard,3,
435,3,contains,border,sets,name,Foreign Black Border,2,
436,1,value,extendedart,cards,frameEffects,extendedart,383,
436,2,contains,effect,rulings,text,An effect may redirect Excruciator’s damage.,3,
436,3,contains,effect,cards,originalText,Double any effect that doubles. (It quadruples.),1,
437,1,value,black,cards,borderColor,black,49729,
437,2,value,white,cards,borderColor,white,5017,
437,3,contains,borders,cards,name,Border Guard,3,
437,4,contains,borders,sets,name,Foreign Black Border,2,
438,1,value,174,cards,number,174,121,
438,2,value,174,cards,edhrecRank,174,13,rec Rank in edh
438,3,value,174,cards,id,174,1,
438,4,value,174,cards,mcmId,174,1,
438,5,value,174,cards,mcmMetaId,174,1,
438,6,value,174,cards,multiverseId,174,1,
438,7,value,set,cards,watermark,set,179,
438,8,value,set,cards,watermark,set (LEA),12,
439,1,value,set,cards,watermark,set,179,
439,2,value,set,cards,watermark,set (LEA),12,
439,3,value,set,cards,watermark,set (THS),10,
439,4,value,set,cards,watermark,set (ONS),9,
439,5,value,set,cards,watermark,set (SCG),9,
439,6,contains,code,cards,name,Code of Constraint,1,
440,1,contains,fellwar,cards,name,Fellwar Stone,1,
440,2,contains,foreign,sets,name,Foreign Black Border,2,
441,1,value,release,cards,promoTypes,release,17,
441,2,value,set,cards,watermark,set,179,
441,3,value,set,cards,watermark,set (LEA),12,
441,4,value,set,cards,watermark,set (THS),10,
441,5,value,set,cards,watermark,set (ONS),9,
441,6,value,set,cards,watermark,set (SCG),9,
441,7,contains,code,cards,name,Code of Constraint,1,
442,1,value,masques,sets,block,Masques,6,
442,2,value,mirage,sets,block,Mirage,3,
442,3,value,mirage,sets,mcmName,Mirage,1,magic card market name
442,4,value,mirage,sets,name,Mirage,1,
442,5,value,set,cards,watermark,set,179,
442,6,value,set,cards,watermark,set (LEA),12,
442,7,value,set,cards,watermark,set (THS),10,
442,8,value,set,cards,watermark,set (ONS),9,
443,1,value,expansion,sets,type,expansion,87,
443,2,value,expansion,cards,faceName,Expansion,3,
443,3,value,sets,cards,watermark,set,179,
443,4,value,sets,cards,watermark,set (LEA),12,
443,5,value,sets,cards,watermark,set (THS),10,
443,6,value,sets,cards,watermark,set (ONS),9,
443,7,value,sets,cards,watermark,set (SCG),9,
443,8,contains,code,cards,name,Code of Constraint,1,
444,1,value,boros,cards,watermark,boros,166,
444,2,contains,foreign,sets,name,Foreign Black Border,2,
444,3,contains,foreign,cards,flavorText,"""Join the army, see foreign countries!"" they'd said.",1,
445,1,value,colorpie,cards,watermark,colorpie,50,
445,2,value,flavor,cards,watermark,flavor,8,
445,3,contains,card,cards,text,Add {R} for each card in your hand.,33,
445,4,contains,card,cards,originalText,Changeling (This card is every creature type.),22,
446,1,value,abyssal horror,cards,name,Abyssal Horror,3,
446,2,value,horror,cards,subtypes,Horror,226,
446,3,value,100,cards,number,100,176,
446,4,value,100,cards,edhrecRank,100,10,rec Rank in edh
446,5,value,set,cards,watermark,set,179,
446,6,value,set,cards,watermark,set (LEA),12,
446,7,value,set,cards,watermark,set (THS),10,
446,8,value,set,cards,watermark,set (ONS),9,
447,1,value,commander,legalities,format,commander,55576,
447,2,value,commander,sets,block,Commander,23,
447,3,value,commander,sets,type,commander,14,
447,4,value,commander,set_translations,translation,Commander (2013 Edition),10,
447,5,value,commander,set_translations,translation,Commander (2014 Edition),10,
447,6,value,commander,set_translations,translation,Commander (2015 Edition),10,
447,7,value,commander,set_translations,translation,Commander (2016 Edition),10,
447,8,value,expansion,sets,type,expansion,87,
448,1,value,abzan,cards,watermark,abzan,82,
448,2,contains,foreign,sets,name,Foreign Black Border,2,
448,3,contains,foreign,cards,flavorText,"""Join the army, see foreign countries!"" they'd said.",1,
449,1,value,azorius,cards,watermark,azorius,156,
449,2,contains,card,cards,text,Add {R} for each card in your hand.,33,
449,3,contains,card,cards,originalText,Changeling (This card is every creature type.),22,
450,1,value,aaron miller,cards,artist,Aaron Miller,154,
450,2,contains,designed,cards,flavorText,"""Comin' through!"" Designed by James Ernest",13,
450,3,contains,powerful,cards,flavorText,The river is a powerful friend.,1,
451,1,value,paper,cards,availability,paper,21531,
451,2,contains,starting,cards,flavorText,"""Groveling already? I'm just starting to enjoy myself.""",1,
451,3,contains,maximum,cards,originalText,You have no maximum hand size.,1,
452,1,value,box,sets,type,box,27,
452,2,contains,cards,cards,text,Add {R} for each card in your hand.,33,
452,3,contains,cards,cards,originalText,Changeling (This card is every creature type.),22,
453,1,value,ancestor's chosen,cards,name,Ancestor's Chosen,4,
453,2,contains,ancestor,cards,name,Anaba Ancestor,6,
453,3,contains,ancestor,cards,flavorText,"""Only the Ancestor should be revered.""
—Mystic heretic",2,
454,1,value,white,cards,borderColor,white,5017,
454,2,contains,unknown,cards,name,Allure of the Unknown,4,
454,3,contains,border,cards,name,Border Guard,3,
455,1,contains,promotional,sets,name,Promotional Planes,2,
455,2,contains,multiple,rulings,text,Multiple Incubators are cumulative.,9,
456,1,contains,maro-sorcerer,cards,name,"Molimo, Maro-Sorcerer",2,
456,2,contains,maro-sorcerer,cards,flavorText,"""Dominaria touches us all.""
—Molimo, maro-sorcerer",1,
457,1,value,bundle,cards,promoTypes,bundle,12,
457,2,value,where,cards,faceName,Where,2,
457,3,contains,promotional,sets,name,Promotional Planes,2,
457,4,contains,cards,cards,text,Add {R} for each card in your hand.,33,
458,1,value,arena,cards,availability,arena,999,A list of the card's available printing types
458,2,value,arena,cards,watermark,arena,13,
458,3,value,arena,cards,name,Arena,3,
458,4,value,black,cards,borderColor,black,49729,
458,5,value,mtgo,cards,availability,mtgo,3697,
458,6,value,mtgo,sets,keyruneCode,MTGO,2,
458,7,contains,designed,cards,flavorText,"""Comin' through!"" Designed by James Ernest",13,
458,8,contains,artists,cards,name,Blood Artist,7,
459,1,value,shrine keeper,cards,name,Shrine Keeper,2,
459,2,value,serra angel,cards,name,Serra Angel,44,
459,3,value,shrine,cards,subtypes,Shrine,24,
459,4,value,angel,cards,subtypes,Angel,513,
459,5,value,serra,cards,name,Serra,1,
459,6,value,serra,cards,subtypes,Serra,1,
459,7,contains,converted,cards,originalText,Counter target spell with converted mana cost 2.,4,
459,8,contains,converted,cards,text,Counter target spell with converted mana cost 2.,3,
460,1,contains,promotional,sets,name,Promotional Planes,2,
460,2,contains,destroyer,cards,flavorName,"Battra, Dark Destroyer",1,
461,1,value,2003,cards,frameVersion,2003,16462,The version of the card frame style
461,2,value,2003,cards,edhrecRank,2003,6,rec Rank in edh
461,3,contains,converted,cards,originalText,Counter target spell with converted mana cost 2.,4,
461,4,contains,converted,cards,text,Counter target spell with converted mana cost 2.,3,
462,1,value,ancestor's chosen,cards,name,Ancestor's Chosen,4,
462,2,value,italian,foreign_data,language,Italian,28698,
462,3,value,italian,set_translations,language,Italian,121,
462,4,value,set,cards,watermark,set,179,
462,5,value,set,cards,watermark,set (LEA),12,
462,6,value,set,cards,watermark,set (THS),10,
462,7,value,set,cards,watermark,set (ONS),9,
462,8,value,set,cards,watermark,set (SCG),9,
463,1,value,angel of mercy,cards,name,Angel of Mercy,15,
463,2,value,angel,cards,subtypes,Angel,513,
463,3,value,set,cards,watermark,set,179,
463,4,value,set,cards,watermark,set (LEA),12,
463,5,value,set,cards,watermark,set (THS),10,
463,6,value,set,cards,watermark,set (ONS),9,
463,7,value,set,cards,watermark,set (SCG),9,
463,8,contains,cards,cards,text,Add {R} for each card in your hand.,33,
464,1,value,hauptset zehnte edition,set_translations,translation,Hauptset Zehnte Edition,1,
464,2,value,set,cards,watermark,set,179,
464,3,value,set,cards,watermark,set (LEA),12,
464,4,value,set,cards,watermark,set (THS),10,
464,5,value,set,cards,watermark,set (ONS),9,
464,6,value,set,cards,watermark,set (SCG),9,
464,7,contains,hauptset,set_translations,translation,2010 Hauptset,6,
464,8,contains,edition,sets,name,Classic Sixth Edition,24,
465,1,value,ancestor's chosen,cards,name,Ancestor's Chosen,4,
465,2,value,korean,foreign_data,language,Korean,9692,
465,3,value,korean,set_translations,language,Korean,121,
465,4,value,set,cards,watermark,set,179,
465,5,value,set,cards,watermark,set (LEA),12,
465,6,value,set,cards,watermark,set (THS),10,
465,7,value,set,cards,watermark,set (ONS),9,
465,8,value,set,cards,watermark,set (SCG),9,
466,1,value,hauptset zehnte edition,set_translations,translation,Hauptset Zehnte Edition,1,
466,2,value,adam rex,cards,artist,Adam Rex,256,
466,3,value,set,cards,watermark,set,179,
466,4,value,set,cards,watermark,set (LEA),12,
466,5,value,set,cards,watermark,set (THS),10,
466,6,value,set,cards,watermark,set (ONS),9,
466,7,value,set,cards,watermark,set (SCG),9,
466,8,contains,designed,cards,flavorText,"""Comin' through!"" Designed by James Ernest",13,
467,1,value,hauptset zehnte edition,set_translations,translation,Hauptset Zehnte Edition,1,
467,2,value,set,cards,watermark,set,179,
467,3,value,set,cards,watermark,set (LEA),12,
467,4,value,set,cards,watermark,set (THS),10,
467,5,value,set,cards,watermark,set (ONS),9,
467,6,value,set,cards,watermark,set (SCG),9,
467,7,contains,hauptset,set_translations,translation,2010 Hauptset,6,
467,8,contains,edition,sets,name,Classic Sixth Edition,24,
468,1,value,chinese simplified,foreign_data,language,Chinese Simplified,20106,
468,2,value,chinese simplified,set_translations,language,Chinese Simplified,121,
468,3,value,eighth edition,sets,mcmName,Eighth Edition,1,magic card market name
468,4,value,eighth edition,sets,name,Eighth Edition,1,
468,5,value,set,cards,watermark,set,179,
468,6,value,set,cards,watermark,set (LEA),12,
468,7,value,set,cards,watermark,set (THS),10,
468,8,value,set,cards,watermark,set (ONS),9,
469,1,value,angel of mercy,cards,name,Angel of Mercy,15,
469,2,value,angel,cards,subtypes,Angel,513,
469,3,value,set,cards,watermark,set,179,
469,4,value,set,cards,watermark,set (LEA),12,
469,5,value,set,cards,watermark,set (THS),10,
469,6,value,set,cards,watermark,set (ONS),9,
469,7,value,set,cards,watermark,set (SCG),9,
469,8,contains,gathering,cards,flavorText,"""Hallowed be this gathering of eclectic products!""",2,
470,1,value,ancestor's chosen,cards,name,Ancestor's Chosen,4,
470,2,value,set,cards,watermark,set,179,
470,3,value,set,cards,watermark,set (LEA),12,
470,4,value,set,cards,watermark,set (THS),10,
470,5,value,set,cards,watermark,set (ONS),9,
470,6,value,set,cards,watermark,set (SCG),9,
470,7,contains,chosen,cards,name,Ajani's Chosen,15,
470,8,contains,chosen,rulings,text,Targets are chosen only from among legal targets.,4,
471,1,value,hauptset zehnte edition,set_translations,translation,Hauptset Zehnte Edition,1,
471,2,value,expansion,sets,type,expansion,87,
471,3,value,expansion,cards,faceName,Expansion,3,
471,4,value,set,cards,watermark,set,179,
471,5,value,set,cards,watermark,set (LEA),12,
471,6,value,set,cards,watermark,set (THS),10,
471,7,value,set,cards,watermark,set (ONS),9,
471,8,value,set,cards,watermark,set (SCG),9,
472,1,value,ice age,sets,block,Ice Age,5,
472,2,value,italian,foreign_data,language,Italian,28698,
472,3,value,italian,set_translations,language,Italian,121,
472,4,value,sets,cards,watermark,set,179,
472,5,value,sets,cards,watermark,set (LEA),12,
472,6,value,sets,cards,watermark,set (THS),10,
472,7,value,sets,cards,watermark,set (ONS),9,
472,8,value,sets,cards,watermark,set (SCG),9,
473,1,value,adarkar valkyrie,cards,name,Adarkar Valkyrie,5,
473,2,value,set,cards,watermark,set,179,
473,3,value,set,cards,watermark,set (LEA),12,
473,4,value,set,cards,watermark,set (THS),10,
473,5,value,set,cards,watermark,set (ONS),9,
473,6,value,set,cards,watermark,set (SCG),9,
473,7,contains,adarkar,cards,name,Adarkar Sentinel,5,
473,8,contains,united,cards,flavorText,"""United, our roar will level mountains.""",1,
474,1,value,italian,foreign_data,language,Italian,28698,
474,2,value,italian,set_translations,language,Italian,121,
474,3,value,sets,cards,watermark,set,179,
474,4,value,sets,cards,watermark,set (LEA),12,
474,5,value,sets,cards,watermark,set (THS),10,
474,6,value,sets,cards,watermark,set (ONS),9,
474,7,value,sets,cards,watermark,set (SCG),9,
474,8,value,100,cards,number,100,176,
475,1,value,coldsnap,sets,mcmName,Coldsnap,1,magic card market name
475,2,value,coldsnap,sets,name,Coldsnap,1,
475,3,value,coldsnap,set_translations,translation,Coldsnap,1,
475,4,value,black,cards,borderColor,black,49729,
475,5,value,set,cards,watermark,set,179,
475,6,value,set,cards,watermark,set (LEA),12,
475,7,value,set,cards,watermark,set (THS),10,
475,8,value,set,cards,watermark,set (ONS),9,
476,1,value,coldsnap,sets,mcmName,Coldsnap,1,magic card market name
476,2,value,coldsnap,sets,name,Coldsnap,1,
476,3,value,coldsnap,set_translations,translation,Coldsnap,1,
476,4,value,set,cards,watermark,set,179,
476,5,value,set,cards,watermark,set (LEA),12,
476,6,value,set,cards,watermark,set (THS),10,
476,7,value,set,cards,watermark,set (ONS),9,
476,8,value,set,cards,watermark,set (SCG),9,
477,1,value,jeremy jarvis,cards,artist,Jeremy Jarvis,129,
477,2,value,aaron miller,cards,artist,Aaron Miller,154,
477,3,value,coldsnap,sets,mcmName,Coldsnap,1,magic card market name
477,4,value,coldsnap,sets,name,Coldsnap,1,
477,5,value,coldsnap,set_translations,translation,Coldsnap,1,
477,6,value,chippy,cards,artist,Chippy,227,
477,7,value,set,cards,watermark,set,179,
477,8,value,set,cards,watermark,set (LEA),12,
478,1,value,coldsnap,sets,mcmName,Coldsnap,1,magic card market name
478,2,value,coldsnap,sets,name,Coldsnap,1,
478,3,value,coldsnap,set_translations,translation,Coldsnap,1,
478,4,value,set,cards,watermark,set,179,
478,5,value,set,cards,watermark,set (LEA),12,
478,6,value,set,cards,watermark,set (THS),10,
478,7,value,set,cards,watermark,set (ONS),9,
478,8,value,set,cards,watermark,set (SCG),9,
479,1,value,coldsnap,sets,mcmName,Coldsnap,1,magic card market name
479,2,value,coldsnap,sets,name,Coldsnap,1,
479,3,value,coldsnap,set_translations,translation,Coldsnap,1,
479,4,value,set,cards,watermark,set,179,
479,5,value,set,cards,watermark,set (LEA),12,
479,6,value,set,cards,watermark,set (THS),10,
479,7,value,set,cards,watermark,set (ONS),9,
479,8,value,set,cards,watermark,set (SCG),9,
480,1,value,ancestor's chosen,cards,name,Ancestor's Chosen,4,
480,2,value,italian,foreign_data,language,Italian,28698,
480,3,value,italian,set_translations,language,Italian,121,
480,4,value,flavor,cards,watermark,flavor,8,
480,5,contains,chosen,cards,name,Ajani's Chosen,15,
480,6,contains,chosen,rulings,text,Targets are chosen only from among legal targets.,4,
481,1,value,ancestor's chosen,cards,name,Ancestor's Chosen,4,
481,2,value,flavor,cards,watermark,flavor,8,
481,3,contains,foreign,sets,name,Foreign Black Border,2,
481,4,contains,foreign,cards,flavorText,"""Join the army, see foreign countries!"" they'd said.",1,
482,1,value,ancestor's chosen,cards,name,Ancestor's Chosen,4,
482,2,value,german,foreign_data,language,German,28891,
482,3,value,german,set_translations,language,German,121,
482,4,contains,chosen,cards,name,Ajani's Chosen,15,
482,5,contains,chosen,rulings,text,Targets are chosen only from among legal targets.,4,
483,1,value,coldsnap,sets,mcmName,Coldsnap,1,magic card market name
483,2,value,coldsnap,sets,name,Coldsnap,1,
483,3,value,coldsnap,set_translations,translation,Coldsnap,1,
483,4,value,italian,foreign_data,language,Italian,28698,
483,5,value,italian,set_translations,language,Italian,121,
483,6,value,set,cards,watermark,set,179,
483,7,value,set,cards,watermark,set (LEA),12,
483,8,value,set,cards,watermark,set (THS),10,
484,1,value,coldsnap,sets,mcmName,Coldsnap,1,magic card market name
484,2,value,coldsnap,sets,name,Coldsnap,1,
484,3,value,coldsnap,set_translations,translation,Coldsnap,1,
484,4,value,italian,foreign_data,language,Italian,28698,
484,5,value,italian,set_translations,language,Italian,121,
484,6,value,set,cards,watermark,set,179,
484,7,value,set,cards,watermark,set (LEA),12,
484,8,value,set,cards,watermark,set (THS),10,
485,1,value,reminisce,cards,name,Reminisce,4,
485,2,contains,ruling,cards,flavorText,"""Our ruling is final.""",1,
485,3,contains,card,cards,text,Add {R} for each card in your hand.,33,
486,1,value,coldsnap,sets,mcmName,Coldsnap,1,magic card market name
486,2,value,coldsnap,sets,name,Coldsnap,1,
486,3,value,coldsnap,set_translations,translation,Coldsnap,1,
486,4,value,100,cards,number,100,176,
486,5,value,100,cards,edhrecRank,100,10,rec Rank in edh
486,6,value,set,cards,watermark,set,179,
486,7,value,set,cards,watermark,set (LEA),12,
486,8,value,set,cards,watermark,set (THS),10,
487,1,value,coldsnap,sets,mcmName,Coldsnap,1,magic card market name
487,2,value,coldsnap,sets,name,Coldsnap,1,
487,3,value,coldsnap,set_translations,translation,Coldsnap,1,
487,4,value,foil,cards,name,Foil,4,
487,5,value,100,cards,number,100,176,
487,6,value,100,cards,edhrecRank,100,10,rec Rank in edh
487,7,value,set,cards,watermark,set,179,
487,8,value,set,cards,watermark,set (LEA),12,
488,1,value,2017-07-14,rulings,date,2017-07-14,1303,
488,2,value,2017-07-14,sets,releaseDate,2017-07-14,2,
488,3,value,set,cards,watermark,set,179,
488,4,value,set,cards,watermark,set (LEA),12,
488,5,value,set,cards,watermark,set (THS),10,
488,6,value,set,cards,watermark,set (ONS),9,
488,7,value,set,cards,watermark,set (SCG),9,
488,8,contains,code,cards,name,Code of Constraint,1,
489,1,value,pkhc,sets,code,PKHC,1,
489,2,value,set,cards,watermark,set,179,
489,3,value,set,cards,watermark,set (LEA),12,
489,4,value,set,cards,watermark,set (THS),10,
489,5,value,set,cards,watermark,set (ONS),9,
489,6,value,set,cards,watermark,set (SCG),9,
489,7,contains,keyrune,cards,name,Azorius Keyrune,10,
489,8,contains,code,cards,name,Code of Constraint,1,
490,1,value,market,cards,faceName,Market,3,
490,2,value,set,cards,watermark,set,179,
490,3,value,set,cards,watermark,set (LEA),12,
490,4,value,set,cards,watermark,set (THS),10,
490,5,value,set,cards,watermark,set (ONS),9,
490,6,value,set,cards,watermark,set (SCG),9,
490,7,value,ss2,cards,setCode,SS2,8,
490,8,value,ss2,sets,code,SS2,1,
491,1,value,market,cards,faceName,Market,3,
491,2,value,set,cards,watermark,set,179,
491,3,value,set,cards,watermark,set (LEA),12,
491,4,value,set,cards,watermark,set (THS),10,
491,5,value,set,cards,watermark,set (ONS),9,
491,6,value,set,cards,watermark,set (SCG),9,
491,7,contains,magic,sets,name,Friday Night Magic 2000,59,
491,8,contains,magic,set_translations,translation,Colección básica Magic 2014,19,
492,1,value,expansion,sets,type,expansion,87,
492,2,value,expansion,cards,faceName,Expansion,3,
492,3,value,set,cards,watermark,set,179,
492,4,value,set,cards,watermark,set (LEA),12,
492,5,value,set,cards,watermark,set (THS),10,
492,6,value,set,cards,watermark,set (ONS),9,
492,7,value,set,cards,watermark,set (SCG),9,
492,8,contains,contains,cards,flavorText,It doesn't contain venom. It is venom.,1,
493,1,value,commander 2014 oversized,sets,name,Commander 2014 Oversized,1,
493,2,value,commander 2014,sets,mcmName,Commander 2014,1,magic card market name
493,3,value,commander 2014,sets,name,Commander 2014,1,
493,4,value,commander,legalities,format,commander,55576,
493,5,value,commander,sets,block,Commander,23,
493,6,value,commander,sets,type,commander,14,
493,7,value,commander,set_translations,translation,Commander (2013 Edition),10,
493,8,value,commander,set_translations,translation,Commander (2014 Edition),10,
494,1,value,jim pavelec,cards,artist,Jim Pavelec,58,
494,2,contains,doesn't,cards,originalText,Attacking doesn't cause Alaborn Grenadier to tap.,23,
494,3,contains,doesn't,cards,flavorText,"""The Black Rose doesn't tolerate weeds.""",14,
495,1,value,evacuation,cards,name,Evacuation,8,
495,2,value,release,cards,promoTypes,release,17,
495,3,value,set,cards,watermark,set,179,
495,4,value,set,cards,watermark,set (LEA),12,
495,5,value,set,cards,watermark,set (THS),10,
495,6,value,set,cards,watermark,set (ONS),9,
495,7,value,set,cards,watermark,set (SCG),9,
496,1,value,rinascita di alara,set_translations,translation,Rinascita di Alara,1,
496,2,value,alara,cards,subtypes,Alara,10,
496,3,value,alara,sets,block,Alara,6,
496,4,value,set,cards,watermark,set,179,
496,5,value,set,cards,watermark,set (LEA),12,
496,6,value,set,cards,watermark,set (THS),10,
496,7,value,set,cards,watermark,set (ONS),9,
496,8,value,set,cards,watermark,set (SCG),9,
497,1,value,huitième édition,set_translations,translation,Huitième édition,1,
497,2,value,expansion,sets,type,expansion,87,
497,3,value,expansion,cards,faceName,Expansion,3,
497,4,value,set,cards,watermark,set,179,
497,5,value,set,cards,watermark,set (LEA),12,
497,6,value,set,cards,watermark,set (THS),10,
497,7,value,set,cards,watermark,set (ONS),9,
497,8,value,set,cards,watermark,set (SCG),9,
498,1,value,tendo ice bridge,cards,name,Tendo Ice Bridge,1,
498,2,value,french,foreign_data,language,French,29301,
498,3,value,french,set_translations,language,French,121,
498,4,value,ice,cards,setCode,ICE,383,The set printing code that the card is from
498,5,value,ice,cards,printings,ICE,122,
498,6,value,ice,cards,faceName,Ice,11,The name on the face of the card
498,7,value,ice,set_translations,setCode,ICE,10,
498,8,value,set,cards,watermark,set,179,
499,1,value,tenth edition,sets,mcmName,Tenth Edition,1,magic card market name
499,2,value,tenth edition,sets,name,Tenth Edition,1,
499,3,value,salvat 2011,sets,name,Salvat 2011,1,
499,4,value,2011,cards,edhrecRank,2011,4,rec Rank in edh
499,5,value,2011,cards,number,2011,4,
499,6,value,2011,cards,id,2011,1,
499,7,value,2011,cards,mcmId,2011,1,
499,8,value,2011,cards,mcmMetaId,2011,1,
500,1,value,fellwar stone,cards,name,Fellwar Stone,18,
500,2,value,japanese,foreign_data,language,Japanese,31226,
500,3,value,japanese,set_translations,language,Japanese,121,
500,4,value,set,cards,watermark,set,179,
500,5,value,set,cards,watermark,set (LEA),12,
500,6,value,set,cards,watermark,set (THS),10,
500,7,value,set,cards,watermark,set (ONS),9,
500,8,value,set,cards,watermark,set (SCG),9,
501,1,value,journey into nyx hero's path,sets,name,Journey into Nyx Hero's Path,1,
501,2,value,journey into nyx,sets,mcmName,Journey into Nyx,1,magic card market name
501,3,value,journey into nyx,sets,name,Journey into Nyx,1,
501,4,value,set,cards,watermark,set,179,
501,5,value,set,cards,watermark,set (LEA),12,
501,6,value,set,cards,watermark,set (THS),10,
501,7,value,set,cards,watermark,set (ONS),9,
501,8,value,set,cards,watermark,set (SCG),9,
502,1,value,ola de frío,set_translations,translation,Ola de frío,1,
502,2,value,release,cards,promoTypes,release,17,
502,3,value,set,cards,watermark,set,179,
502,4,value,set,cards,watermark,set (LEA),12,
502,5,value,set,cards,watermark,set (THS),10,
502,6,value,set,cards,watermark,set (ONS),9,
502,7,value,set,cards,watermark,set (SCG),9,
503,1,value,samite pilgrim,cards,name,Samite Pilgrim,1,
503,2,value,expansion,sets,type,expansion,87,
503,3,value,expansion,cards,faceName,Expansion,3,
503,4,value,set,cards,watermark,set,179,
503,5,value,set,cards,watermark,set (LEA),12,
503,6,value,set,cards,watermark,set (THS),10,
503,7,value,set,cards,watermark,set (ONS),9,
503,8,value,set,cards,watermark,set (SCG),9,
504,1,value,world championship decks 2004,sets,name,World Championship Decks 2004,1,
504,2,value,world,cards,supertypes,World,47,
504,3,value,2004,cards,mcmMetaId,2004,9,
504,4,value,2004,cards,edhrecRank,2004,2,rec Rank in edh
504,5,value,set,cards,watermark,set,179,
504,6,value,set,cards,watermark,set (LEA),12,
504,7,value,set,cards,watermark,set (THS),10,
504,8,value,set,cards,watermark,set (ONS),9,
505,1,value,chinese simplified,foreign_data,language,Chinese Simplified,20106,
505,2,value,chinese simplified,set_translations,language,Chinese Simplified,121,
505,3,value,mirrodin,cards,subtypes,Mirrodin,6,
505,4,value,mirrodin,sets,block,Mirrodin,6,
505,5,value,mirrodin,set_translations,translation,Mirrodin,6,
505,6,value,set,cards,watermark,set,179,
505,7,value,set,cards,watermark,set (LEA),12,
505,8,value,set,cards,watermark,set (THS),10,
506,1,value,japanese,foreign_data,language,Japanese,31226,
506,2,value,japanese,set_translations,language,Japanese,121,
506,3,value,foil,cards,name,Foil,4,
506,4,value,100,cards,number,100,176,
506,5,value,100,cards,edhrecRank,100,10,rec Rank in edh
506,6,value,set,cards,watermark,set,179,
506,7,value,set,cards,watermark,set (LEA),12,
506,8,value,set,cards,watermark,set (THS),10,
507,1,value,portuguese,foreign_data,language,Portuguese (Brazil),25641,
507,2,value,portuguese,set_translations,language,Portuguese (Brazil),121,
507,3,value,100,cards,number,100,176,
507,4,value,100,cards,edhrecRank,100,10,rec Rank in edh
507,5,value,set,cards,watermark,set,179,
507,6,value,set,cards,watermark,set (LEA),12,
507,7,value,set,cards,watermark,set (THS),10,
507,8,value,set,cards,watermark,set (ONS),9,
508,1,value,aleksi briclot,cards,artist,Aleksi Briclot,207,
508,2,value,box,sets,type,box,27,
508,3,contains,doesn't,cards,originalText,Attacking doesn't cause Alaborn Grenadier to tap.,23,
508,4,contains,doesn't,cards,flavorText,"""The Black Rose doesn't tolerate weeds.""",14,
509,1,value,set,cards,watermark,set,179,
509,2,value,set,cards,watermark,set (LEA),12,
509,3,value,set,cards,watermark,set (THS),10,
509,4,value,set,cards,watermark,set (ONS),9,
509,5,value,set,cards,watermark,set (SCG),9,
509,6,contains,number,cards,originalText,Enchanted creature may block any number of creatures.,2,
509,7,contains,number,rulings,text,The number of cards is counted during resolution.,2,
510,1,contains,converted,cards,originalText,Counter target spell with converted mana cost 2.,4,
510,2,contains,converted,cards,text,Counter target spell with converted mana cost 2.,3,
511,1,value,common,cards,rarity,common,20745,
511,2,value,foils,cards,name,Foil,4,
511,3,contains,powerful,cards,flavorText,The river is a powerful friend.,1,
511,4,contains,effects,rulings,text,An effect may redirect Excruciator’s damage.,3,
512,1,value,duel,legalities,format,duel,55544,
512,2,value,foil,cards,name,Foil,4,
512,3,contains,unknown,cards,name,Allure of the Unknown,4,
512,4,contains,can't,cards,originalText,(Walls can't attack.),127,
513,1,value,commander,legalities,format,commander,55576,
513,2,value,commander,sets,block,Commander,23,
513,3,value,commander,sets,type,commander,14,
513,4,value,commander,set_translations,translation,Commander (2013 Edition),10,
513,5,value,commander,set_translations,translation,Commander (2014 Edition),10,
513,6,value,commander,set_translations,translation,Commander (2015 Edition),10,
513,7,value,commander,set_translations,translation,Commander (2016 Edition),10,
513,8,value,expansion,sets,type,expansion,87,
514,1,value,duels,legalities,format,duel,55544,
514,2,value,duels,cards,promoTypes,duels,14,
514,3,value,10,cards,number,10,277,
514,4,value,10,cards,power,10,77,
514,5,value,10,cards,toughness,10,67,
514,6,value,10,sets,totalSetSize,10,12,
514,7,value,10,sets,baseSetSize,10,11,The number of cards in the set
514,8,value,10,cards,edhrecRank,10,7,rec Rank in edh
515,1,value,mythic,cards,rarity,mythic,3200,
515,2,value,rarity,cards,name,Rarity,1,
515,3,value,status,cards,faceName,Status,1,
515,4,value,legal,legalities,status,Legal,424958,
515,5,contains,oldest,cards,flavorText,Blood is the oldest currency.,1,
515,6,contains,oldest,cards,name,Dosan's Oldest Chant,1,
516,1,value,volkan baǵa,cards,artist,Volkan Baǵa,350,
516,2,value,french,foreign_data,language,French,29301,
516,3,value,french,set_translations,language,French,121,
516,4,contains,foreign,sets,name,Foreign Black Border,2,
516,5,contains,foreign,cards,flavorText,"""Join the army, see foreign countries!"" they'd said.",1,
517,1,value,enchantment,cards,types,Enchantment,5652,
517,2,value,enchantment,cards,type,Enchantment,3044,
517,3,value,enchantment,cards,originalType,Enchantment,2295,
517,4,value,abundance,cards,name,Abundance,5,
517,5,value,rarity,cards,name,Rarity,1,
517,6,value,status,cards,faceName,Status,1,
517,7,value,legal,legalities,status,Legal,424958,
517,8,value,rare,cards,rarity,rare,17626,
518,1,value,banned,legalities,status,Banned,2313,
518,2,value,status,cards,faceName,Status,1,
518,3,contains,condition,cards,name,Control Win Condition,1,
518,4,contains,number,cards,originalText,Enchanted creature may block any number of creatures.,2,
519,1,value,battlebond,sets,mcmName,Battlebond,1,magic card market name
519,2,value,battlebond,sets,name,Battlebond,1,
519,3,value,set,cards,watermark,set,179,
519,4,value,set,cards,watermark,set (LEA),12,
519,5,value,set,cards,watermark,set (THS),10,
519,6,value,set,cards,watermark,set (ONS),9,
519,7,value,set,cards,watermark,set (SCG),9,
520,1,contains,amount,cards,flavorText,No amount of salt will save you,2,
520,2,contains,artist,cards,name,Blood Artist,7,
521,1,value,wizards,cards,subtypes,Wizard,23,
521,2,value,legacy,legalities,format,legacy,55576,
521,3,value,legacy,cards,keywords,Legacy,2,
521,4,value,status,cards,faceName,Status,1,
521,5,value,1997,cards,frameVersion,1997,9257,The version of the card frame style
521,6,value,1997,cards,mcmMetaId,1997,3,
522,1,value,banned,legalities,status,Banned,2313,
522,2,value,status,cards,faceName,Status,1,
522,3,contains,cards,cards,text,Add {R} for each card in your hand.,33,
522,4,contains,cards,cards,originalText,Changeling (This card is every creature type.),22,
523,1,value,common,cards,rarity,common,20745,
523,2,value,sets,cards,watermark,set,179,
523,3,value,sets,cards,watermark,set (LEA),12,
523,4,value,sets,cards,watermark,set (THS),10,
523,5,value,sets,cards,watermark,set (ONS),9,
523,6,value,sets,cards,watermark,set (SCG),9,
523,7,contains,average,cards,flavorText,It smarts more than the average bear.,1,
523,8,contains,between,cards,flavorText,"""Nothing comes between me and my Didgeridoos™.""",9,
524,1,value,arena,cards,availability,arena,999,A list of the card's available printing types
524,2,value,arena,cards,watermark,arena,13,
524,3,value,arena,cards,name,Arena,3,
524,4,value,black,cards,borderColor,black,49729,
524,5,contains,artists,cards,name,Blood Artist,7,
524,6,contains,artists,cards,flavorText,Another moving piece by the artist El Gecko.,1,
525,1,value,restricted,legalities,status,Restricted,636,
525,2,value,oldschool,legalities,format,oldschool,4621,
525,3,value,banned,legalities,status,Banned,2313,
525,4,value,status,cards,faceName,Status,1,
525,5,value,find,cards,faceName,Find,3,
525,6,contains,school,cards,name,Charm School,7,
525,7,contains,school,cards,flavorText,Its students graduate the school and enter history.,1,
526,1,value,paper,cards,availability,paper,21531,
526,2,contains,designed,cards,flavorText,"""Comin' through!"" Designed by James Ernest",13,
526,3,contains,matthew,cards,artist,Chippy & Matthew D. Wilson,4,
527,1,value,kev walker,cards,artist,Kev Walker,997,
527,2,value,order,cards,faceName,Order,3,
527,3,contains,designed,cards,flavorText,"""Comin' through!"" Designed by James Ernest",13,
527,4,contains,rulings,cards,flavorText,"""Our ruling is final.""",1,
528,1,value,hour of devastation,cards,name,Hour of Devastation,3,
528,2,value,hour of devastation,sets,mcmName,Hour of Devastation,1,magic card market name
528,3,value,hour of devastation,sets,name,Hour of Devastation,1,
528,4,value,devastation,cards,name,Devastation,3,
528,5,value,status,cards,faceName,Status,1,
528,6,value,legal,legalities,status,Legal,424958,
528,7,value,find,cards,faceName,Find,3,
528,8,value,set,cards,watermark,set,179,
529,1,value,japanese,foreign_data,language,Japanese,31226,
529,2,value,japanese,set_translations,language,Japanese,121,
529,3,value,korean,foreign_data,language,Korean,9692,
529,4,value,korean,set_translations,language,Korean,121,
529,5,value,find,cards,faceName,Find,3,
529,6,value,sets,cards,watermark,set,179,
529,7,value,sets,cards,watermark,set (LEA),12,
529,8,value,sets,cards,watermark,set (THS),10,
530,1,value,allen williams,cards,artist,Allen Williams,136,
530,2,value,banned,legalities,status,Banned,2313,
530,3,value,status,cards,faceName,Status,1,
530,4,value,find,cards,faceName,Find,3,
530,5,contains,williams,cards,artist,William Donohoe,4,
530,6,contains,artist,cards,name,Blood Artist,7,
531,1,value,jarrod dixon,users,DisplayName,Jarrod Dixon,1,
531,2,value,harlan,users,DisplayName,Harlan,1,
531,3,value,jarrod,users,DisplayName,Jarrod,1,
531,4,value,user,users,DisplayName,user,7,
531,5,value,user,postHistory,UserDisplayName,User,3,
531,6,value,max,users,DisplayName,Max,38,
531,7,value,max,postHistory,UserDisplayName,Max,3,
532,1,value,names,users,DisplayName,Name,1,
532,2,value,users,users,DisplayName,user,7,
532,3,value,users,postHistory,UserDisplayName,User,3,
532,4,value,2011,posts,ViewCount,2011,3,
532,5,value,2011,badges,UserId,2011,1,
532,6,value,2011,users,Id,2011,1,
532,7,value,2011,votes,Id,2011,1,
532,8,value,2011,votes,UserId,2011,1,the id of the voter
533,1,value,users,users,DisplayName,user,7,
533,2,value,users,postHistory,UserDisplayName,User,3,
533,3,contains,2014-09-01,users,LastAccessDate,2014-09-01 00:14:20.0,205,
533,4,contains,2014-09-01,users,CreationDate,2014-09-01 00:14:41.0,54,
534,1,value,user,users,DisplayName,user,7,
534,2,value,user,postHistory,UserDisplayName,User,3,
534,3,value,max,users,DisplayName,Max,38,
534,4,value,max,postHistory,UserDisplayName,Max,3,
534,5,contains,display,postHistory,Comment,Edited to display code as code,20,
534,6,contains,display,posts,Title,Best way to display data with outliers?,9,
535,1,value,users,users,DisplayName,user,7,
535,2,value,users,postHistory,UserDisplayName,User,3,
535,3,value,more,postHistory,Comment,more,1,
535,4,value,100,posts,ViewCount,100,111,
535,5,value,100,votes,BountyAmount,100,30,
535,6,value,100,users,Reputation,100,10,
535,7,value,100,users,UpVotes,100,7,
535,8,value,100,postHistory,Comment,100,2,
536,1,value,users,users,DisplayName,user,7,
536,2,value,users,postHistory,UserDisplayName,User,3,
536,3,value,2013,comments,PostId,2013,5,
536,4,value,2013,votes,PostId,2013,5,
536,5,value,more,postHistory,Comment,more,1,
536,6,value,10,postHistory,PostHistoryTypeId,10,1798,
536,7,value,10,posts,Score,10,741,
536,8,value,10,posts,CommentCount,10,560,the total number of comments of the post
537,1,value,csgillespie,users,DisplayName,csgillespie,1,
537,2,value,user,users,DisplayName,user,7,
537,3,value,user,postHistory,UserDisplayName,User,3,
537,4,contains,posts,comments,Text,(+1) Thanks for deciding to post this.,111,
537,5,contains,posts,postHistory,Comment,Added guidance concerning where to post R-related questions.,51,
538,1,value,csgillespie,users,DisplayName,csgillespie,1,
538,2,value,titles,postHistory,Comment,title,15,
538,3,value,user,users,DisplayName,user,7,
538,4,value,user,postHistory,UserDisplayName,User,3,
538,5,contains,posts,comments,Text,(+1) Thanks for deciding to post this.,111,
538,6,contains,posts,postHistory,Comment,Added guidance concerning where to post R-related questions.,51,
539,1,value,eliciting priors from experts,posts,Title,Eliciting priors from experts,1,
539,2,value,priors,tags,TagName,prior,1,
539,3,value,title,postHistory,Comment,title,15,
539,4,contains,eliciting,posts,Title,Eliciting priors ... with money!,2,
539,5,contains,experts,posts,Title,Combining expert estimates,2,
540,1,value,csgillespie,users,DisplayName,csgillespie,1,
540,2,value,title,postHistory,Comment,title,15,
540,3,value,user,users,DisplayName,user,7,
540,4,value,user,postHistory,UserDisplayName,User,3,
540,5,value,max,users,DisplayName,Max,38,
540,6,value,max,postHistory,UserDisplayName,Max,3,
541,1,value,user,users,DisplayName,user,7,
541,2,value,user,postHistory,UserDisplayName,User,3,
541,3,value,max,users,DisplayName,Max,38,
541,4,value,max,postHistory,UserDisplayName,Max,3,
541,5,contains,valuable,comments,Text,"@ peter, thank you for your valuable inputs.",11,
541,6,contains,display,postHistory,Comment,Edited to display code as code,20,
542,1,value,csgillespie,users,DisplayName,csgillespie,1,
542,2,value,user,users,DisplayName,user,7,
542,3,value,user,postHistory,UserDisplayName,User,3,
542,4,value,sum,posts,Title,Sum(XY) in terms of Xbar and Ybar,1,
542,5,contains,comments,postHistory,Comment,- obvious comment,251,
542,6,contains,comments,comments,Text,(too long for a good comment => answer),83,
543,1,value,csgillespie,users,DisplayName,csgillespie,1,
543,2,value,answers,users,DisplayName,Answer,1,
543,3,value,user,users,DisplayName,user,7,
543,4,value,user,postHistory,UserDisplayName,User,3,
543,5,value,max,users,DisplayName,Max,38,
543,6,value,max,postHistory,UserDisplayName,Max,3,
544,1,value,correlation,badges,Name,correlation,7,
544,2,value,examples,postHistory,Comment,example,1,
544,3,value,examples,users,DisplayName,example,1,
544,4,value,examples,postHistory,Comment,Example (2nd) for the two methods (answer to DWin's questions),1,
544,5,value,examples,postHistory,Comment,Example (3nd) for the two methods (motivated by Erik's answer),1,
544,6,value,examples,postHistory,Comment,Examples,1,
544,7,value,teaching,tags,TagName,teaching,1,
544,8,value,edited,postHistory,Comment,edited,10,
545,1,value,csgillespie,users,DisplayName,csgillespie,1,
545,2,value,null,users,DisplayName,null,1,
545,3,value,user,users,DisplayName,user,7,
545,4,value,user,postHistory,UserDisplayName,User,3,
545,5,contains,refers,comments,Text,(+1) This link doesn't refer to Hadley's website.,9,
545,6,contains,refers,posts,Title,Books to refer enhancing my knowledge in statistics,3,
546,1,value,names,users,DisplayName,Name,1,
546,2,value,users,users,DisplayName,user,7,
546,3,value,users,postHistory,UserDisplayName,User,3,
546,4,value,null,users,DisplayName,null,1,
546,5,contains,display,postHistory,Comment,Edited to display code as code,20,
546,6,contains,display,posts,Title,Best way to display data with outliers?,9,
547,1,value,users,users,DisplayName,user,7,
547,2,value,users,postHistory,UserDisplayName,User,3,
547,3,value,age,tags,TagName,age,1,
547,4,value,19,posts,ViewCount,19,228,
547,5,value,19,users,Views,19,103,
547,6,value,19,posts,Score,19,102,
547,7,value,19,users,Age,19,51,
547,8,value,19,postHistory,PostHistoryTypeId,19,45,
548,1,value,eliciting priors from experts,posts,Title,Eliciting priors from experts,1,
548,2,value,location,users,Location,Location,1,
548,3,value,priors,tags,TagName,prior,1,
548,4,value,title,postHistory,Comment,title,15,
548,5,contains,eliciting,posts,Title,Eliciting priors ... with money!,2,
548,6,contains,experts,posts,Title,Combining expert estimates,2,
549,1,value,bayesian,badges,Name,bayesian,4,
549,2,value,bayesian,tags,TagName,bayesian,1,
549,3,value,bayesian,users,DisplayName,bayesian,1,
549,4,value,body,postHistory,Comment,body,2,
549,5,value,tag,postHistory,Comment,tag,9,
549,6,contains,excerpt,postHistory,Comment,Added GammonVillage column excerpt,31,
549,7,contains,refers,comments,Text,(+1) This link doesn't refer to Hadley's website.,9,
550,1,value,body,postHistory,Comment,body,2,
550,2,value,max,users,DisplayName,Max,38,
550,3,value,max,postHistory,UserDisplayName,Max,3,
550,4,value,tag,postHistory,Comment,tag,9,
550,5,contains,excerpt,postHistory,Comment,Added GammonVillage column excerpt,31,
550,6,contains,popular,badges,Name,Popular Question,1,
551,1,value,csgillespie,users,DisplayName,csgillespie,1,
551,2,value,user,users,DisplayName,user,7,
551,3,value,user,postHistory,UserDisplayName,User,3,
551,4,contains,obtained,posts,Title,Are eigenvectors obtained in Kernel PCA orthogonal?,8,
551,5,contains,obtained,comments,Text,The errors are obtained using residuals(fit).,2,
552,1,value,csgillespie,users,DisplayName,csgillespie,1,
552,2,value,names,users,DisplayName,Name,1,
552,3,value,user,users,DisplayName,user,7,
552,4,value,user,postHistory,UserDisplayName,User,3,
552,5,contains,obtained,posts,Title,Are eigenvectors obtained in Kernel PCA orthogonal?,8,
552,6,contains,obtained,comments,Text,The errors are obtained using residuals(fit).,2,
553,1,value,csgillespie,users,DisplayName,csgillespie,1,
553,2,value,2011,posts,ViewCount,2011,3,
553,3,value,2011,badges,UserId,2011,1,
553,4,value,2011,users,Id,2011,1,
553,5,value,2011,votes,Id,2011,1,
553,6,value,2011,votes,UserId,2011,1,the id of the voter
553,7,value,user,users,DisplayName,user,7,
553,8,value,user,postHistory,UserDisplayName,User,3,
554,1,value,user,users,DisplayName,user,7,
554,2,value,user,postHistory,UserDisplayName,User,3,
554,3,value,max,users,DisplayName,Max,38,
554,4,value,max,postHistory,UserDisplayName,Max,3,
554,5,contains,obtained,posts,Title,Are eigenvectors obtained in Kernel PCA orthogonal?,8,
554,6,contains,obtained,comments,Text,The errors are obtained using residuals(fit).,2,
555,1,value,csgillespie,users,DisplayName,csgillespie,1,
555,2,value,average,tags,TagName,average,1,
555,3,value,user,users,DisplayName,user,7,
555,4,value,user,postHistory,UserDisplayName,User,3,
555,5,value,avg,users,DisplayName,avg,1,
555,6,contains,refers,comments,Text,(+1) This link doesn't refer to Hadley's website.,9,
555,7,contains,refers,posts,Title,Books to refer enhancing my knowledge in statistics,3,
556,1,value,average,tags,TagName,average,1,
556,2,value,user,users,DisplayName,user,7,
556,3,value,user,postHistory,UserDisplayName,User,3,
556,4,value,200,posts,ViewCount,200,46,
556,5,value,200,votes,PostId,200,8,
556,6,value,200,badges,UserId,200,6,
556,7,value,200,postHistory,UserId,200,4,
556,8,value,200,users,Reputation,200,4,
557,1,value,percentage,tags,TagName,percentage,1,
557,2,value,user,users,DisplayName,user,7,
557,3,value,user,postHistory,UserDisplayName,User,3,
557,4,value,100,posts,ViewCount,100,111,
557,5,value,100,votes,BountyAmount,100,30,
557,6,value,100,users,Reputation,100,10,
557,7,value,100,users,UpVotes,100,7,
557,8,value,100,postHistory,Comment,100,2,
558,1,value,2010-07-19,votes,CreationDate,2010-07-19,332,
558,2,value,user,users,DisplayName,user,7,
558,3,value,user,postHistory,UserDisplayName,User,3,
558,4,value,58,posts,ViewCount,58,191,
558,5,value,58,users,Reputation,58,33,
558,6,value,58,users,Age,58,17,
558,7,value,58,users,Views,58,10,
558,8,value,58,users,UpVotes,58,8,
559,1,value,maximum,tags,TagName,maximum,1,
559,2,value,max,users,DisplayName,Max,38,
559,3,value,max,postHistory,UserDisplayName,Max,3,
559,4,contains,creation,posts,Title,Data prep / variable creation for predictive models,3,
559,5,contains,creation,postHistory,Comment,added the creation of data,1,
560,1,value,revival,badges,Name,Revival,1018,
560,2,contains,badges,comments,Text,+1 This is worth reversal badge (-;.,2,
560,3,contains,badges,users,AboutMe,I want the autobiographer badge very bad.,1,
561,1,value,title,postHistory,Comment,title,15,
561,2,value,max,users,DisplayName,Max,38,
561,3,value,max,postHistory,UserDisplayName,Max,3,
561,4,contains,comment,postHistory,Comment,- obvious comment,251,
561,5,contains,comment,comments,Text,(too long for a good comment => answer),83,
562,1,value,1910,votes,PostId,1910,2,the id of the post that is voted
562,2,value,1910,badges,UserId,1910,1,
562,3,value,1910,posts,ViewCount,1910,1,
562,4,value,1910,users,Id,1910,1,
562,5,value,1910,votes,Id,1910,1,
562,6,contains,comments,postHistory,Comment,- obvious comment,251,
562,7,contains,comments,comments,Text,(too long for a good comment => answer),83,
563,1,value,3025,postHistory,UserId,3025,18,
563,2,value,3025,badges,UserId,3025,16,
563,3,value,3025,comments,UserId,3025,14,
563,4,value,3025,posts,OwnerUserId,3025,5,the id of the owner user
563,5,value,3025,votes,PostId,3025,2,
563,6,value,3025,posts,ViewCount,3025,1,
563,7,value,user,users,DisplayName,user,7,
563,8,value,user,postHistory,UserDisplayName,User,3,
564,1,value,107829,posts,ParentId,107829,4,
564,2,value,107829,users,AccountId,107829,1,
564,3,value,text,users,AboutMe,Text,1,
564,4,contains,comment,postHistory,Comment,- obvious comment,251,
564,5,contains,comment,comments,Text,(too long for a good comment => answer),83,
565,1,value,23853,postHistory,UserId,23853,303,
565,2,value,23853,comments,UserId,23853,222,the id of the user who post the comment
565,3,value,23853,posts,OwnerUserId,23853,190,the id of the owner user
565,4,value,23853,posts,LastEditorUserId,23853,66,the id of the last editor
565,5,value,23853,badges,UserId,23853,27,
565,6,value,23853,comments,PostId,23853,1,the unique id of the post
565,7,value,null,users,DisplayName,null,1,
565,8,value,user,users,DisplayName,user,7,
566,1,value,points,comments,Text,Point (1) might be relevant: http://stats.stackexchange.com/a/55859/7071,1,
566,2,value,65041,comments,PostId,65041,8,
566,3,value,65041,postLinks,PostId,65041,1,
566,4,value,user,users,DisplayName,user,7,
566,5,value,user,postHistory,UserDisplayName,User,3,
566,6,contains,reputation,comments,Text,"""vote up requires 15 reputation""",6,
566,7,contains,reputation,postHistory,Comment,added graph (now I have the reputation for),1,
567,1,value,tiago pasqualini,users,DisplayName,Tiago Pasqualini,1,
567,2,value,tiago,users,DisplayName,Tiago,2,
567,3,value,user,users,DisplayName,user,7,
567,4,value,user,postHistory,UserDisplayName,User,3,
567,5,contains,display,postHistory,Comment,Edited to display code as code,20,
567,6,contains,display,posts,Title,Best way to display data with outliers?,9,
568,1,value,6347,votes,PostId,6347,6,the id of the post that is voted
568,2,value,6347,comments,PostId,6347,2,
568,3,value,6347,badges,UserId,6347,1,
568,4,value,6347,posts,ParentId,6347,1,
568,5,value,6347,users,Id,6347,1,
568,6,value,6347,votes,Id,6347,1,
568,7,value,user,users,DisplayName,user,7,
568,8,value,user,postHistory,UserDisplayName,User,3,
569,1,value,title,postHistory,Comment,title,15,
569,2,value,data,postHistory,Comment,data,4,
569,3,value,data,users,DisplayName,data,2,
569,4,contains,visualization,posts,Title,A better visualization for comparison?,42,
569,5,contains,visualization,postHistory,Comment,added data visualization tag,2,
570,1,value,datepiccoderguywhoprograms,users,DisplayName,DatEpicCoderGuyWhoPrograms,1,
570,2,value,user,users,DisplayName,user,7,
570,3,value,user,postHistory,UserDisplayName,User,3,
570,4,contains,display,postHistory,Comment,Edited to display code as code,20,
570,5,contains,display,posts,Title,Best way to display data with outliers?,9,
571,1,value,times,postHistory,Comment,time ,1,
571,2,value,user,users,DisplayName,user,7,
571,3,value,user,postHistory,UserDisplayName,User,3,
571,4,value,24,postHistory,PostHistoryTypeId,24,7017,
571,5,value,24,users,Age,24,448,
571,6,value,24,posts,ViewCount,24,276,
571,7,value,24,users,Views,24,61,
571,8,value,24,posts,Score,24,56,
572,1,value,rapidminer,tags,TagName,rapidminer,1,
572,2,value,title,postHistory,Comment,title,15,
572,3,value,weka,tags,TagName,weka,1,
572,4,value,weka,users,DisplayName,Weka,1,
572,5,contains,powercenter/developer,posts,Title,Integration of Weka and/or RapidMiner into Informatica PowerCenter/Developer,1,
572,6,contains,integration,posts,Title,Bootstrap vs numerical integration,24,
573,1,value,text,users,AboutMe,Text,1,
573,2,value,17,posts,ViewCount,17,218,
573,3,value,17,posts,Score,17,167,
573,4,value,17,users,Views,17,121,
573,5,value,17,users,UpVotes,17,69,
573,6,value,17,posts,CommentCount,17,55,the total number of comments of the post
573,7,value,17,posts,FavoriteCount,17,20,the total number of favorites of the post
573,8,contains,comments,postHistory,Comment,- obvious comment,251,
574,1,value,http,users,Location,http,1,
574,2,value,user,users,DisplayName,user,7,
574,3,value,user,postHistory,UserDisplayName,User,3,
574,4,contains,//stackoverflow.com,users,WebsiteUrl,http://stackoverflow.com,1,
574,5,contains,website,posts,Title,Calculate peak concurrent users on a website,7,
575,1,value,silentghost,users,DisplayName,SilentGhost,1,
575,2,value,user,users,DisplayName,user,7,
575,3,value,user,postHistory,UserDisplayName,User,3,
575,4,contains,obtained,posts,Title,Are eigenvectors obtained in Kernel PCA orthogonal?,8,
575,5,contains,obtained,comments,Text,The errors are obtained using residuals(fit).,2,
576,1,value,thank you,comments,Text,Thank you,1,
576,2,value,thank you,users,DisplayName,Thank you,1,
576,3,value,text,users,AboutMe,Text,1,
576,4,value,user,users,DisplayName,user,7,
576,5,value,user,postHistory,UserDisplayName,User,3,
576,6,contains,commented,postHistory,Comment,added tag matlab as commented by the OP,2,
576,7,contains,comment,postHistory,Comment,- obvious comment,251,
577,1,value,a lion,users,DisplayName,A Lion,1,
577,2,value,text,users,AboutMe,Text,1,
577,3,value,user,users,DisplayName,user,7,
577,4,value,user,postHistory,UserDisplayName,User,3,
577,5,contains,comments,postHistory,Comment,- obvious comment,251,
577,6,contains,comments,comments,Text,(too long for a good comment => answer),83,
578,1,value,understanding,posts,Title,Understanding (1-mean(L) - c*(stderr(L)),1,
578,2,value,title,postHistory,Comment,title,15,
578,3,value,user,users,DisplayName,user,7,
578,4,value,user,postHistory,UserDisplayName,User,3,
578,5,contains,reputation,comments,Text,"""vote up requires 15 reputation""",6,
578,6,contains,reputation,postHistory,Comment,added graph (now I have the reputation for),1,
579,1,value,boosting,tags,TagName,boosting,1,
579,2,value,title,postHistory,Comment,title,15,
579,3,value,text,users,AboutMe,Text,1,
579,4,contains,adaboost,posts,Title,Accuracy of classifiers with Adaboost,28,
579,5,contains,comments,postHistory,Comment,- obvious comment,251,
580,1,value,necromancer,badges,Name,Necromancer,599,
580,2,value,users,users,DisplayName,user,7,
580,3,value,users,postHistory,UserDisplayName,User,3,
580,4,value,10,postHistory,PostHistoryTypeId,10,1798,
580,5,value,10,posts,Score,10,741,
580,6,value,10,posts,CommentCount,10,560,the total number of comments of the post
580,7,value,10,users,Views,10,302,
580,8,value,10,users,UpVotes,10,142,
581,1,value,visualizing multi-dimensional data,posts,Title,Visualizing multi-dimensional data (LSI) in 2D,1,
581,2,value,editor,badges,Name,Editor,8453,
581,3,value,title,postHistory,Comment,title,15,
581,4,value,data,postHistory,Comment,data,4,
581,5,value,data,users,DisplayName,data,2,
581,6,contains,multi-dimensional,posts,Title,An approach to visualise/investigate multi-dimensional data,11,
581,7,contains,visualizing,posts,Title,Comparing and visualizing rates of subsystems,37,
582,1,value,vebjorn ljosa,users,DisplayName,Vebjorn Ljosa,1,
582,2,value,edited,postHistory,Comment,edited,10,
582,3,value,title,postHistory,Comment,title,15,
582,4,contains,refers,comments,Text,(+1) This link doesn't refer to Hadley's website.,9,
582,5,contains,refers,posts,Title,Books to refer enhancing my knowledge in statistics,3,
583,1,value,yevgeny,users,DisplayName,Yevgeny,1,
583,2,value,edited,postHistory,Comment,edited,10,
583,3,contains,include,postHistory,Comment,Edited to include link on related post,18,
583,4,contains,include,posts,Title,Compare Ordered Lists that Include Frequncies,18,
584,1,value,standard,tags,TagName,standard,1,
584,2,value,edited,postHistory,Comment,edited,10,
584,3,value,square,postHistory,Comment,square,1,
584,4,value,title,postHistory,Comment,title,15,
584,5,value,users,users,DisplayName,user,7,
584,6,value,users,postHistory,UserDisplayName,User,3,
584,7,value,why,posts,Title,Why (or when) to use the log-mean?,1,
585,1,value,means,badges,Name,mean,3,
585,2,value,means,tags,TagName,mean,1,
585,3,value,means,posts,Title,Mean(scores) vs Score(concatenation) in cross validation,1,
585,4,value,title,postHistory,Comment,title,15,
585,5,value,data,postHistory,Comment,data,4,
585,6,value,data,users,DisplayName,data,2,
585,7,value,sum,posts,Title,Sum(XY) in terms of Xbar and Ybar,1,
585,8,contains,contains,comments,Text,Also that doesn't contain any smoothing functions.,5,
586,1,value,variance,badges,Name,variance,2,
586,2,value,variance,postHistory,Comment,variance,1,
586,3,value,variance,tags,TagName,variance,1,
586,4,value,added,postHistory,Comment,added ,1,
586,5,value,added,postHistory,Comment,Added (new) Kendall tau tag,1,
586,6,value,added,postHistory,Comment,added (a) and (b) over inequality signs which are not entirely clear to me,1,
586,7,value,title,postHistory,Comment,title,15,
586,8,value,user,users,DisplayName,user,7,
587,1,value,average,tags,TagName,average,1,
587,2,value,humor,tags,TagName,humor,1,
587,3,value,title,postHistory,Comment,title,15,
587,4,value,text,users,AboutMe,Text,1,
587,5,value,avg,users,DisplayName,avg,1,
587,6,value,tag,postHistory,Comment,tag,9,
587,7,contains,calculate,posts,Title,ANCOVA: Calculate $\\omega^2$ for two factorial design,163,
587,8,contains,calculate,comments,Text,But How can I calculate the p value?,14,
588,1,value,user,users,DisplayName,user,7,
588,2,value,user,postHistory,UserDisplayName,User,3,
588,3,value,13,postHistory,PostHistoryTypeId,13,470,
588,4,value,13,users,Reputation,13,409,
588,5,value,13,posts,Score,13,350,
588,6,value,13,users,Views,13,186,
588,7,value,13,posts,CommentCount,13,177,the total number of comments of the post
588,8,value,13,posts,ViewCount,13,169,
589,1,value,user,users,DisplayName,user,7,
589,2,value,user,postHistory,UserDisplayName,User,3,
589,3,value,max,users,DisplayName,Max,38,
589,4,value,max,postHistory,UserDisplayName,Max,3,
589,5,contains,reputation,comments,Text,"""vote up requires 15 reputation""",6,
589,6,contains,reputation,postHistory,Comment,added graph (now I have the reputation for),1,
590,1,value,user,users,DisplayName,user,7,
590,2,value,user,postHistory,UserDisplayName,User,3,
590,3,value,min,users,DisplayName,Min,2,
590,4,contains,lowest,postHistory,Comment,replaced figure and corrected description of lowest score,2,
590,5,contains,lowest,posts,Title,OLS with the lowest MSE question,2,
591,1,value,supporter,badges,Name,Supporter,8828,
591,2,value,users,users,DisplayName,user,7,
591,3,value,users,postHistory,UserDisplayName,User,3,
591,4,value,2011,posts,ViewCount,2011,3,
591,5,value,2011,badges,UserId,2011,1,
591,6,value,2011,users,Id,2011,1,
591,7,value,2011,votes,Id,2011,1,
591,8,value,2011,votes,UserId,2011,1,the id of the voter
592,1,value,users,users,DisplayName,user,7,
592,2,value,users,postHistory,UserDisplayName,User,3,
592,3,value,more,postHistory,Comment,more,1,
592,4,contains,badges,comments,Text,+1 This is worth reversal badge (-;.,2,
592,5,contains,badges,users,AboutMe,I want the autobiographer badge very bad.,1,
593,1,value,supporter,badges,Name,Supporter,8828,
593,2,value,location,users,Location,Location,1,
593,3,value,new york,users,Location,New York,15,
593,4,value,teachers,badges,Name,Teacher,4679,
593,5,value,users,users,DisplayName,user,7,
593,6,value,users,postHistory,UserDisplayName,User,3,
593,7,value,york,users,Location,York,1,
594,1,value,user,users,DisplayName,user,7,
594,2,value,user,postHistory,UserDisplayName,User,3,
594,3,contains,reputation,comments,Text,"""vote up requires 15 reputation""",6,
594,4,contains,reputation,postHistory,Comment,added graph (now I have the reputation for),1,
595,1,value,history,tags,TagName,history,1,
595,2,value,1000,posts,ViewCount,1000,5,
595,3,value,1000,votes,PostId,1000,3,
595,4,value,1000,postHistory,Comment,1000,2,
595,5,value,user,users,DisplayName,user,7,
595,6,value,user,postHistory,UserDisplayName,User,3,
595,7,value,per,users,DisplayName,Per,2,
596,1,value,users,users,DisplayName,user,7,
596,2,value,users,postHistory,UserDisplayName,User,3,
596,3,value,max,users,DisplayName,Max,38,
596,4,value,max,postHistory,UserDisplayName,Max,3,
596,5,contains,comments,postHistory,Comment,- obvious comment,251,
596,6,contains,comments,comments,Text,(too long for a good comment => answer),83,
597,1,value,location,users,Location,Location,1,
597,2,value,teacher,badges,Name,Teacher,4679,
597,3,value,india,users,Location,India,206,
597,4,value,users,users,DisplayName,user,7,
597,5,value,users,postHistory,UserDisplayName,User,3,
597,6,contains,badges,comments,Text,+1 This is worth reversal badge (-;.,2,
597,7,contains,badges,users,AboutMe,I want the autobiographer badge very bad.,1,
598,1,value,percentage,tags,TagName,percentage,1,
598,2,value,student,badges,Name,Student,14847,
598,3,value,student,users,DisplayName,Student,15,
598,4,value,student,postHistory,UserDisplayName,student,3,
598,5,value,2010,badges,UserId,2010,2,
598,6,value,2010,posts,ParentId,2010,2,
598,7,value,2010,users,Id,2010,1,
598,8,value,2010,votes,Id,2010,1,
599,1,value,history,tags,TagName,history,1,
599,2,value,unique,posts,Title,Unique (?) idea for forecasting sales,1,
599,3,value,users,users,DisplayName,user,7,
599,4,value,users,postHistory,UserDisplayName,User,3,
599,5,value,3720,comments,PostId,3720,26,
599,6,value,3720,votes,PostId,3720,6,
599,7,value,3720,posts,AcceptedAnswerId,3720,1,
599,8,value,3720,posts,ViewCount,3720,1,
600,1,value,related,comments,Text,Related (somewhat vaguely): http://stats.stackexchange.com/a/7206/2970,1,
600,2,value,61217,comments,PostId,61217,18,
600,3,value,61217,postLinks,PostId,61217,10,
600,4,value,61217,postLinks,RelatedPostId,61217,6,the id of the related post
600,5,value,61217,posts,ParentId,61217,2,
600,6,contains,viewcount,posts,Title,How to project video viewcount based on historicals?,1,
600,7,contains,refers,comments,Text,(+1) This link doesn't refer to Hadley's website.,9,
601,1,value,link,postHistory,Comment,link,2,
601,2,value,link,users,DisplayName,Link,2,
601,3,value,type,postHistory,Comment,type,2,
601,4,value,395,posts,ViewCount,395,18,
601,5,value,395,votes,PostId,395,6,
601,6,value,395,badges,UserId,395,2,
601,7,value,395,postHistory,Comment,395,2,
601,8,value,395,posts,ParentId,395,2,the id of the parent post
602,1,value,more,postHistory,Comment,more,1,
602,2,value,user,users,DisplayName,user,7,
602,3,value,user,postHistory,UserDisplayName,User,3,
602,4,value,60,posts,ViewCount,60,219,
602,5,value,60,users,Reputation,60,25,
602,6,value,60,tags,Count,60,9,
602,7,value,60,users,Views,60,9,
602,8,value,60,users,UpVotes,60,7,
603,1,value,2011,posts,ViewCount,2011,3,
603,2,value,2011,badges,UserId,2011,1,
603,3,value,2011,users,Id,2011,1,
603,4,value,2011,votes,Id,2011,1,
603,5,value,2011,votes,UserId,2011,1,the id of the voter
603,6,value,user,users,DisplayName,user,7,
603,7,value,user,postHistory,UserDisplayName,User,3,
603,8,value,686,comments,UserId,686,3108,
604,1,value,average,tags,TagName,average,1,
604,2,value,users,users,DisplayName,user,7,
604,3,value,users,postHistory,UserDisplayName,User,3,
604,4,value,more,postHistory,Comment,more,1,
604,5,value,age,tags,TagName,age,1,
604,6,value,sum,posts,Title,Sum(XY) in terms of Xbar and Ybar,1,
604,7,value,10,postHistory,PostHistoryTypeId,10,1798,
604,8,value,10,posts,Score,10,741,
605,1,value,announcer,badges,Name,Announcer,207,
605,2,value,users,users,DisplayName,user,7,
605,3,value,users,postHistory,UserDisplayName,User,3,
605,4,contains,obtained,posts,Title,Are eigenvectors obtained in Kernel PCA orthogonal?,8,
605,5,contains,obtained,comments,Text,The errors are obtained using residuals(fit).,2,
606,1,value,2010-07-19,votes,CreationDate,2010-07-19,332,
606,2,value,users,users,DisplayName,user,7,
606,3,value,users,postHistory,UserDisplayName,User,3,
606,4,value,08,posts,Score,8,1331,
606,5,value,08,posts,CommentCount,8,1210,the total number of comments of the post
606,6,value,08,postHistory,UserId,8,537,
606,7,value,08,users,Views,8,486,
606,8,value,08,users,Reputation,8,401,
607,1,value,60,posts,ViewCount,60,219,
607,2,value,60,users,Reputation,60,25,
607,3,value,60,tags,Count,60,9,
607,4,value,60,users,Views,60,9,
607,5,value,60,users,UpVotes,60,7,
607,6,value,60,posts,Score,60,6,
607,7,contains,comments,postHistory,Comment,- obvious comment,251,
607,8,contains,comments,comments,Text,(too long for a good comment => answer),83,
608,1,value,2010-07-19,votes,CreationDate,2010-07-19,332,
608,2,value,text,users,AboutMe,Text,1,
608,3,value,14,posts,Score,14,294,
608,4,value,14,postHistory,PostHistoryTypeId,14,219,
608,5,value,14,posts,ViewCount,14,194,
608,6,value,14,users,Views,14,163,
608,7,value,14,posts,CommentCount,14,129,the total number of comments of the post
608,8,value,14,users,UpVotes,14,74,
609,1,value,10,postHistory,PostHistoryTypeId,10,1798,
609,2,value,10,posts,Score,10,741,
609,3,value,10,posts,CommentCount,10,560,the total number of comments of the post
609,4,value,10,users,Views,10,302,
609,5,value,10,users,UpVotes,10,142,
609,6,value,10,posts,ViewCount,10,115,
609,7,contains,refers,comments,Text,(+1) This link doesn't refer to Hadley's website.,9,
609,8,contains,refers,posts,Title,Books to refer enhancing my knowledge in statistics,3,
610,1,value,users,users,DisplayName,user,7,
610,2,value,users,postHistory,UserDisplayName,User,3,
610,3,value,max,users,DisplayName,Max,38,
610,4,value,max,postHistory,UserDisplayName,Max,3,
610,5,contains,reputation,comments,Text,"""vote up requires 15 reputation""",6,
610,6,contains,reputation,postHistory,Comment,added graph (now I have the reputation for),1,
611,1,value,2010-07-19,votes,CreationDate,2010-07-19,332,
611,2,value,users,users,DisplayName,user,7,
611,3,value,users,postHistory,UserDisplayName,User,3,
611,4,value,08,posts,Score,8,1331,
611,5,value,08,posts,CommentCount,8,1210,the total number of comments of the post
611,6,value,08,postHistory,UserId,8,537,
611,7,value,08,users,Views,8,486,
611,8,value,08,users,Reputation,8,401,
612,1,value,pierre,users,DisplayName,Pierre,5,
612,2,value,user,users,DisplayName,user,7,
612,3,value,user,postHistory,UserDisplayName,User,3,
612,4,contains,obtained,posts,Title,Are eigenvectors obtained in Kernel PCA orthogonal?,8,
612,5,contains,obtained,comments,Text,The errors are obtained using residuals(fit).,2,
613,1,value,location,users,Location,Location,1,
613,2,value,users,users,DisplayName,user,7,
613,3,value,users,postHistory,UserDisplayName,User,3,
613,4,value,ny,users,Location,NY,1,
613,5,contains,rochester,users,Location,"Rochester Hills, MI",4,
613,6,contains,obtained,posts,Title,Are eigenvectors obtained in Kernel PCA orthogonal?,8,
614,1,value,percentage,tags,TagName,percentage,1,
614,2,value,teacher,badges,Name,Teacher,4679,
614,3,value,users,users,DisplayName,user,7,
614,4,value,users,postHistory,UserDisplayName,User,3,
614,5,value,100,posts,ViewCount,100,111,
614,6,value,100,votes,BountyAmount,100,30,
614,7,value,100,users,Reputation,100,10,
614,8,value,100,users,UpVotes,100,7,
615,1,value,percentage,tags,TagName,percentage,1,
615,2,value,organizer,badges,Name,Organizer,409,
615,3,value,users,users,DisplayName,user,7,
615,4,value,users,postHistory,UserDisplayName,User,3,
615,5,value,100,posts,ViewCount,100,111,
615,6,value,100,votes,BountyAmount,100,30,
615,7,value,100,users,Reputation,100,10,
615,8,value,100,users,UpVotes,100,7,
616,1,value,2010-07-19,votes,CreationDate,2010-07-19,332,
616,2,value,rating,tags,TagName,rating,1,
616,3,value,19,posts,ViewCount,19,228,
616,4,value,19,users,Views,19,103,
616,5,value,19,posts,Score,19,102,
616,6,value,19,users,Age,19,51,
616,7,value,19,postHistory,PostHistoryTypeId,19,45,
616,8,value,19,users,Reputation,19,38,
617,1,value,2010-07-19,votes,CreationDate,2010-07-19,332,
617,2,value,text,users,AboutMe,Text,1,
617,3,value,19,posts,ViewCount,19,228,
617,4,value,19,users,Views,19,103,
617,5,value,19,posts,Score,19,102,
617,6,value,19,users,Age,19,51,
617,7,value,19,postHistory,PostHistoryTypeId,19,45,
617,8,value,19,users,Reputation,19,38,
618,1,value,location,users,Location,Location,1,
618,2,value,austria,users,Location,Austria,20,
618,3,value,vienna,users,Location,Vienna,4,
618,4,value,users,users,DisplayName,user,7,
618,5,value,users,postHistory,UserDisplayName,User,3,
618,6,value,age,tags,TagName,age,1,
618,7,contains,obtained,posts,Title,Are eigenvectors obtained in Kernel PCA orthogonal?,8,
618,8,contains,obtained,comments,Text,The errors are obtained using residuals(fit).,2,
619,1,value,supporter,badges,Name,Supporter,8828,
619,2,value,age,tags,TagName,age,1,
619,3,value,19,posts,ViewCount,19,228,
619,4,value,19,users,Views,19,103,
619,5,value,19,posts,Score,19,102,
619,6,value,19,users,Age,19,51,
619,7,value,19,postHistory,PostHistoryTypeId,19,45,
619,8,value,19,users,Reputation,19,38,
620,1,value,2010-07-19,votes,CreationDate,2010-07-19,332,
620,2,value,users,users,DisplayName,user,7,
620,3,value,users,postHistory,UserDisplayName,User,3,
620,4,value,08,posts,Score,8,1331,
620,5,value,08,posts,CommentCount,8,1210,the total number of comments of the post
620,6,value,08,postHistory,UserId,8,537,
620,7,value,08,users,Views,8,486,
620,8,value,08,users,Reputation,8,401,
621,1,value,users,users,DisplayName,user,7,
621,2,value,users,postHistory,UserDisplayName,User,3,
621,3,value,min,users,DisplayName,Min,2,
621,4,contains,reputation,comments,Text,"""vote up requires 15 reputation""",6,
621,5,contains,reputation,postHistory,Comment,added graph (now I have the reputation for),1,
622,1,value,sharpie,users,DisplayName,Sharpie,1,
622,2,value,user,users,DisplayName,user,7,
622,3,value,user,postHistory,UserDisplayName,User,3,
622,4,contains,obtained,posts,Title,Are eigenvectors obtained in Kernel PCA orthogonal?,8,
622,5,contains,obtained,comments,Text,The errors are obtained using residuals(fit).,2,
623,1,value,supporter,badges,Name,Supporter,8828,
623,2,value,age,tags,TagName,age,1,
623,3,value,65,posts,ViewCount,65,180,
623,4,value,65,users,Reputation,65,20,
623,5,value,65,votes,PostId,65,12,
623,6,value,65,users,Views,65,8,
623,7,value,65,users,UpVotes,65,8,
623,8,value,65,users,Age,65,5,
624,1,value,user,users,DisplayName,user,7,
624,2,value,user,postHistory,UserDisplayName,User,3,
624,3,value,30,users,Age,30,425,
624,4,value,30,posts,ViewCount,30,271,
624,5,value,30,postHistory,UserId,30,89,
624,6,value,30,badges,UserId,30,44,
624,7,value,30,posts,OwnerUserId,30,39,the id of the owner user
624,8,value,30,users,Views,30,39,
625,1,value,location,users,Location,Location,1,
625,2,value,new york,users,Location,New York,15,
625,3,value,users,users,DisplayName,user,7,
625,4,value,users,postHistory,UserDisplayName,User,3,
625,5,value,york,users,Location,York,1,
625,6,contains,refers,comments,Text,(+1) This link doesn't refer to Hadley's website.,9,
625,7,contains,refers,posts,Title,Books to refer enhancing my knowledge in statistics,3,
626,1,value,2010,badges,UserId,2010,2,
626,2,value,2010,posts,ParentId,2010,2,
626,3,value,2010,users,Id,2010,1,
626,4,value,2010,votes,Id,2010,1,
626,5,contains,votes,comments,Text,"""vote up requires 15 reputation""",12,
626,6,contains,votes,postHistory,Comment,via Vote,1,
627,1,value,users,users,DisplayName,user,7,
627,2,value,users,postHistory,UserDisplayName,User,3,
627,3,value,age,tags,TagName,age,1,
627,4,value,19,posts,ViewCount,19,228,
627,5,value,19,users,Views,19,103,
627,6,value,19,posts,Score,19,102,
627,7,value,19,users,Age,19,51,
627,8,value,19,postHistory,PostHistoryTypeId,19,45,
628,1,value,users,users,DisplayName,user,7,
628,2,value,users,postHistory,UserDisplayName,User,3,
628,3,value,max,users,DisplayName,Max,38,
628,4,value,max,postHistory,UserDisplayName,Max,3,
628,5,contains,highest,posts,Title,Bayesian posterior: mean vs highest probability,7,
628,6,contains,highest,comments,Text,Highest or lowest? You want the lowest AIC.,2,
629,1,value,ratio,tags,TagName,ratio,1,
629,2,value,2010,badges,UserId,2010,2,
629,3,value,2010,posts,ParentId,2010,2,
629,4,value,2010,users,Id,2010,1,
629,5,value,2010,votes,Id,2010,1,
629,6,value,2011,posts,ViewCount,2011,3,
629,7,value,2011,badges,UserId,2011,1,
629,8,value,2011,users,Id,2011,1,
630,1,value,john salvatier,users,DisplayName,John Salvatier,1,
630,2,value,john,users,DisplayName,John,64,
630,3,value,john,postHistory,UserDisplayName,John,3,
630,4,value,john,posts,OwnerDisplayName,John ,3,
630,5,value,john,comments,UserDisplayName,John,2,
630,6,value,tags,postHistory,Comment,tag,9,
630,7,value,tags,postHistory,Comment,tags,26,
630,8,contains,used,posts,Title,Can AMOS be used to perform logistic regressions?,52,
631,1,value,daniel vassallo,users,DisplayName,Daniel Vassallo,1,
631,2,value,daniel,users,DisplayName,Daniel,37,
631,3,value,daniel,posts,OwnerDisplayName,Daniel,3,
631,4,contains,created,postHistory,Comment,Created a hyperlink,10,
631,5,contains,created,comments,Text,"I created a tag ""chemometrics"" for your question.",1,
632,1,value,harlan,users,DisplayName,Harlan,1,
632,2,contains,votes,comments,Text,"""vote up requires 15 reputation""",12,
632,3,contains,votes,postHistory,Comment,via Vote,1,
633,1,value,slashnick,users,DisplayName,slashnick,1,
633,2,value,answers,users,DisplayName,Answer,1,
633,3,value,max,users,DisplayName,Max,38,
633,4,value,max,postHistory,UserDisplayName,Max,3,
633,5,contains,refers,comments,Text,(+1) This link doesn't refer to Hadley's website.,9,
633,6,contains,refers,posts,Title,Books to refer enhancing my knowledge in statistics,3,
634,1,value,harvey motulsky,users,DisplayName,Harvey Motulsky,1,
634,2,value,noah snyder,users,DisplayName,Noah Snyder,1,
634,3,value,harvey,users,DisplayName,Harvey,1,
634,4,value,means,badges,Name,mean,3,
634,5,value,means,tags,TagName,mean,1,
634,6,value,means,posts,Title,Mean(scores) vs Score(concatenation) in cross validation,1,
634,7,value,noah,users,DisplayName,Noah,6,
634,8,value,max,users,DisplayName,Max,38,
635,1,value,matt parker,users,DisplayName,Matt Parker,1,
635,2,value,parker,users,DisplayName,Parker,3,
635,3,value,matt,users,DisplayName,Matt,43,
635,4,value,matt,comments,UserDisplayName,Matt,6,
635,5,value,matt,postHistory,UserDisplayName,Matt,3,
635,6,value,more,postHistory,Comment,more,1,
635,7,contains,posts,comments,Text,(+1) Thanks for deciding to post this.,111,
635,8,contains,posts,postHistory,Comment,Added guidance concerning where to post R-related questions.,51,
636,1,value,neil mcguigan,users,DisplayName,Neil McGuigan,1,
636,2,value,neil,users,DisplayName,Neil,7,
636,3,value,60,posts,ViewCount,60,219,
636,4,value,60,users,Reputation,60,25,
636,5,value,60,tags,Count,60,9,
636,6,value,60,users,Views,60,9,
636,7,value,60,users,UpVotes,60,7,
636,8,value,60,posts,Score,60,6,
637,1,value,mark meckes,users,DisplayName,Mark Meckes,1,
637,2,value,mark,users,DisplayName,Mark,20,
637,3,value,tags,postHistory,Comment,tag,9,
637,4,value,tags,postHistory,Comment,tags,26,
637,5,contains,comments,postHistory,Comment,- obvious comment,251,
637,6,contains,comments,comments,Text,(too long for a good comment => answer),83,
638,1,value,organizer,badges,Name,Organizer,409,
638,2,value,users,users,DisplayName,user,7,
638,3,value,users,postHistory,UserDisplayName,User,3,
638,4,contains,obtained,posts,Title,Are eigenvectors obtained in Kernel PCA orthogonal?,8,
638,5,contains,obtained,comments,Text,The errors are obtained using residuals(fit).,2,
639,1,value,percentage,tags,TagName,percentage,1,
639,2,value,community,users,DisplayName,Community,1,
639,3,contains,calculate,posts,Title,ANCOVA: Calculate $\\omega^2$ for two factorial design,163,
639,4,contains,calculate,comments,Text,But How can I calculate the p value?,14,
640,1,value,mornington,users,DisplayName,mornington,1,
640,2,value,amos,users,DisplayName,AMO,1,
640,3,value,amos,tags,TagName,amos,1,
640,4,value,amos,users,DisplayName,Amos,1,
640,5,value,sum,posts,Title,Sum(XY) in terms of Xbar and Ybar,1,
640,6,contains,calculation,posts,Title,"A problem of probabilities, calculation of 2 events",129,
640,7,contains,calculation,postHistory,Comment,(added minor detail of probability calculation),21,
641,1,value,commentator,badges,Name,Commentator,2047,
641,2,value,users,users,DisplayName,user,7,
641,3,value,users,postHistory,UserDisplayName,User,3,
641,4,value,2014,posts,ViewCount,2014,2,
641,5,value,2014,votes,Id,2014,1,
641,6,contains,received,comments,Text,@TomekTarczynski: received?,3,
641,7,contains,received,postHistory,Comment,received solution,1,
642,1,value,2010-07-21,votes,CreationDate,2010-07-21,299,
642,2,value,2010,badges,UserId,2010,2,
642,3,value,2010,posts,ParentId,2010,2,
642,4,value,2010,users,Id,2010,1,
642,5,value,2010,votes,Id,2010,1,
642,6,value,00,comments,Score,0,134873,
642,7,value,00,users,DownVotes,0,39578,
642,8,value,00,posts,CommentCount,0,38553,
643,1,value,names,users,DisplayName,Name,1,
643,2,value,ages,tags,TagName,age,1,
643,3,value,user,users,DisplayName,user,7,
643,4,value,user,postHistory,UserDisplayName,User,3,
643,5,value,max,users,DisplayName,Max,38,
643,6,value,max,postHistory,UserDisplayName,Max,3,
644,1,value,detecting a,posts,Title,Detecting a (statistically) significant change in time series trend,1,
644,2,value,database,tags,TagName,database,1,
644,3,value,images,postHistory,Comment,image,4,
644,4,value,images,tags,TagName,image,1,
644,5,value,images,postHistory,Comment,images,2,
644,6,value,title,postHistory,Comment,title,15,
644,7,value,edit,postHistory,Comment,edit,7,
644,8,value,edit,postHistory,Comment,edit (mostly by reordering) to emphasize the statistical aspects of the question,2,
645,1,value,user,users,DisplayName,user,7,
645,2,value,user,postHistory,UserDisplayName,User,3,
645,3,value,13,postHistory,PostHistoryTypeId,13,470,
645,4,value,13,users,Reputation,13,409,
645,5,value,13,posts,Score,13,350,
645,6,value,13,users,Views,13,186,
645,7,value,13,posts,CommentCount,13,177,the total number of comments of the post
645,8,value,13,posts,ViewCount,13,169,
646,1,value,names,users,DisplayName,Name,1,
646,2,value,title,postHistory,Comment,title,15,
646,3,value,users,users,DisplayName,user,7,
646,4,value,users,postHistory,UserDisplayName,User,3,
646,5,value,60,posts,ViewCount,60,219,
646,6,value,60,users,Reputation,60,25,
646,7,value,60,tags,Count,60,9,
646,8,value,60,users,Views,60,9,
647,1,value,north pole,users,Location,North Pole,1,
647,2,value,location,users,Location,Location,1,
647,3,value,names,users,DisplayName,Name,1,
647,4,value,north,users,Location,north,1,
647,5,value,2011,posts,ViewCount,2011,3,
647,6,value,2011,badges,UserId,2011,1,
647,7,value,2011,users,Id,2011,1,
647,8,value,2011,votes,Id,2011,1,
648,1,value,names,users,DisplayName,Name,1,
648,2,value,users,users,DisplayName,user,7,
648,3,value,users,postHistory,UserDisplayName,User,3,
648,4,value,more,postHistory,Comment,more,1,
648,5,value,150,posts,ViewCount,150,96,
648,6,value,150,users,Reputation,150,15,
648,7,value,150,tags,Count,150,3,
648,8,value,150,votes,PostId,150,3,
649,1,value,bayesian,badges,Name,bayesian,4,
649,2,value,bayesian,tags,TagName,bayesian,1,
649,3,value,bayesian,users,DisplayName,bayesian,1,
649,4,value,the best,users,DisplayName,the best,1,
649,5,value,history,tags,TagName,history,1,
649,6,value,title,postHistory,Comment,title,15,
649,7,value,edit,postHistory,Comment,edit,7,
649,8,value,edit,postHistory,Comment,edit (mostly by reordering) to emphasize the statistical aspects of the question,2,
650,1,value,location,users,Location,Location,1,
650,2,value,outliers,users,DisplayName,Outlier,1,
650,3,value,outliers,badges,Name,outliers,1,
650,4,value,outliers,tags,TagName,outliers,1,
650,5,value,users,users,DisplayName,user,7,
650,6,value,users,postHistory,UserDisplayName,User,3,
650,7,contains,accessed,posts,Title,Probability of webpage accessed in a particular hour,1,
650,8,contains,describe,posts,Title,A statistic to describe a correlation with progression,10,
651,1,value,related,comments,Text,Related (somewhat vaguely): http://stats.stackexchange.com/a/7206/2970,1,
651,2,value,title,postHistory,Comment,title,15,
651,3,value,data,postHistory,Comment,data,4,
651,4,value,data,users,DisplayName,data,2,
651,5,value,time,postHistory,Comment,time ,1,
651,6,value,set,users,DisplayName,set,1,
651,7,contains,something,comments,Text,+1 I supposed something like this may exist.,32,
651,8,contains,something,posts,Title,Can something show bias but not be significant?,9,
652,1,value,samuel,postHistory,UserDisplayName,Samuel,3,
652,2,value,samuel,users,DisplayName,Samuel,3,
652,3,value,samuel,posts,OwnerDisplayName,Samuel,1,
652,4,value,names,users,DisplayName,Name,1,
652,5,value,2013,comments,PostId,2013,5,
652,6,value,2013,votes,PostId,2013,5,
652,7,value,user,users,DisplayName,user,7,
652,8,value,user,postHistory,UserDisplayName,User,3,
653,1,value,means,badges,Name,mean,3,
653,2,value,means,tags,TagName,mean,1,
653,3,value,means,posts,Title,Mean(scores) vs Score(concatenation) in cross validation,1,
653,4,value,max,users,DisplayName,Max,38,
653,5,value,max,postHistory,UserDisplayName,Max,3,
653,6,contains,viewcount,posts,Title,How to project video viewcount based on historicals?,1,
653,7,contains,display,postHistory,Comment,Edited to display code as code,20,
654,1,value,hypothesis-testing,badges,Name,hypothesis-testing,9,
654,2,value,location,users,Location,Location,1,
654,3,value,user,users,DisplayName,user,7,
654,4,value,user,postHistory,UserDisplayName,User,3,
654,5,value,tag,postHistory,Comment,tag,9,
654,6,contains,display,postHistory,Comment,Edited to display code as code,20,
654,7,contains,display,posts,Title,Best way to display data with outliers?,9,
655,1,value,principal component,posts,Title,Principal component (PC) as a substitute for colinear covariates?,1,
655,2,value,related,comments,Text,Related (somewhat vaguely): http://stats.stackexchange.com/a/7206/2970,1,
655,3,value,scores,tags,TagName,scores,1,
655,4,value,titles,postHistory,Comment,title,15,
655,5,value,link,postHistory,Comment,link,2,
655,6,value,link,users,DisplayName,Link,2,
655,7,value,type,postHistory,Comment,type,2,
655,8,contains,component,posts,Title,Acceptable to reverse score a principal component?,69,
656,1,value,null,users,DisplayName,null,1,
656,2,value,max,users,DisplayName,Max,38,
656,3,value,max,postHistory,UserDisplayName,Max,3,
656,4,contains,describe,posts,Title,A statistic to describe a correlation with progression,10,
656,5,contains,describe,comments,Text,Can you briefly describe the abundance paradox?,7,
657,1,value,names,users,DisplayName,Name,1,
657,2,value,type,postHistory,Comment,type,2,
657,3,value,user,users,DisplayName,user,7,
657,4,value,user,postHistory,UserDisplayName,User,3,
657,5,value,max,users,DisplayName,Max,38,
657,6,value,max,postHistory,UserDisplayName,Max,3,
658,1,value,titles,postHistory,Comment,title,15,
658,2,value,means,badges,Name,mean,3,
658,3,value,means,tags,TagName,mean,1,
658,4,value,means,posts,Title,Mean(scores) vs Score(concatenation) in cross validation,1,
658,5,value,max,users,DisplayName,Max,38,
658,6,value,max,postHistory,UserDisplayName,Max,3,
658,7,contains,viewcount,posts,Title,How to project video viewcount based on historicals?,1,
658,8,contains,highest,posts,Title,Bayesian posterior: mean vs highest probability,7,
659,1,value,5000,badges,UserId,5000,1,
659,2,value,5000,users,Id,5000,1,
659,3,value,5000,votes,Id,5000,1,
659,4,value,7000,postHistory,UserId,7000,2,
659,5,value,7000,posts,OwnerUserId,7000,2,
659,6,value,7000,badges,UserId,7000,1,
659,7,value,7000,users,Id,7000,1,
659,8,value,7000,votes,Id,7000,1,
660,1,value,user,users,DisplayName,user,7,
660,2,value,user,postHistory,UserDisplayName,User,3,
660,3,value,max,users,DisplayName,Max,38,
660,4,value,max,postHistory,UserDisplayName,Max,3,
660,5,contains,valuable,comments,Text,"@ peter, thank you for your valuable inputs.",11,
660,6,contains,refers,comments,Text,(+1) This link doesn't refer to Hadley's website.,9,
661,1,value,user,users,DisplayName,user,7,
661,2,value,user,postHistory,UserDisplayName,User,3,
661,3,value,age,tags,TagName,age,1,
661,4,value,max,users,DisplayName,Max,38,
661,5,value,max,postHistory,UserDisplayName,Max,3,
661,6,contains,influential,posts,Title,Determining the influential features for an outcome,6,
661,7,contains,influential,comments,Text,I've seen the second type called influential observations.,1,
662,1,value,2011,posts,ViewCount,2011,3,
662,2,value,2011,badges,UserId,2011,1,
662,3,value,2011,users,Id,2011,1,
662,4,value,2011,votes,Id,2011,1,
662,5,value,2011,votes,UserId,2011,1,the id of the voter
662,6,value,2012,posts,ViewCount,2012,2,
662,7,value,2012,votes,PostId,2012,2,
662,8,value,2012,users,Reputation,2012,1,
663,1,value,user,users,DisplayName,user,7,
663,2,value,user,postHistory,UserDisplayName,User,3,
663,3,value,age,tags,TagName,age,1,
663,4,value,min,users,DisplayName,Min,2,
663,5,contains,refers,comments,Text,(+1) This link doesn't refer to Hadley's website.,9,
663,6,contains,refers,posts,Title,Books to refer enhancing my knowledge in statistics,3,
664,1,value,2010-07-19,votes,CreationDate,2010-07-19,332,
664,2,value,sum,posts,Title,Sum(XY) in terms of Xbar and Ybar,1,
664,3,contains,refers,comments,Text,(+1) This link doesn't refer to Hadley's website.,9,
664,4,contains,refers,posts,Title,Books to refer enhancing my knowledge in statistics,3,
665,1,value,answers,users,DisplayName,Answer,1,
665,2,value,average,tags,TagName,average,1,
665,3,value,links,postHistory,Comment,link,2,
665,4,value,links,users,DisplayName,Link,2,
665,5,value,links,postHistory,Comment,Links,2,
665,6,value,2010,badges,UserId,2010,2,
665,7,value,2010,posts,ParentId,2010,2,
665,8,value,2010,users,Id,2010,1,
666,1,value,1465,votes,UserId,1465,3,the id of the voter
666,2,value,1465,badges,UserId,1465,2,
666,3,value,1465,posts,ViewCount,1465,2,
666,4,value,1465,votes,PostId,1465,2,the id of the post that is voted
666,5,value,1465,comments,PostId,1465,1,
666,6,value,1465,users,Id,1465,1,
666,7,value,user,users,DisplayName,user,7,
666,8,value,user,postHistory,UserDisplayName,User,3,
667,1,value,title,postHistory,Comment,title,15,
667,2,value,link,postHistory,Comment,link,2,
667,3,value,link,users,DisplayName,Link,2,
667,4,value,min,users,DisplayName,Min,2,
667,5,contains,refers,comments,Text,(+1) This link doesn't refer to Hadley's website.,9,
667,6,contains,refers,posts,Title,Books to refer enhancing my knowledge in statistics,3,
668,1,value,user,users,DisplayName,user,7,
668,2,value,user,postHistory,UserDisplayName,User,3,
668,3,value,max,users,DisplayName,Max,38,
668,4,value,max,postHistory,UserDisplayName,Max,3,
668,5,contains,acquired,postHistory,Comment,Added newly acquired details.,1,
668,6,contains,display,postHistory,Comment,Edited to display code as code,20,
669,1,value,chl,users,DisplayName,chl,1,
669,2,value,min,users,DisplayName,Min,2,
669,3,contains,refers,comments,Text,(+1) This link doesn't refer to Hadley's website.,9,
669,4,contains,refers,posts,Title,Books to refer enhancing my knowledge in statistics,3,
670,1,value,user,users,DisplayName,user,7,
670,2,value,user,postHistory,UserDisplayName,User,3,
670,3,value,age,tags,TagName,age,1,
670,4,value,min,users,DisplayName,Min,2,
670,5,contains,refers,comments,Text,(+1) This link doesn't refer to Hadley's website.,9,
670,6,contains,refers,posts,Title,Books to refer enhancing my knowledge in statistics,3,
671,1,value,autobiographer,badges,Name,Autobiographer,4480,
671,2,value,the first,comments,Text,The first (about astrophysics) or the second one (general case)?,1,
671,3,value,user,users,DisplayName,user,7,
671,4,value,user,postHistory,UserDisplayName,User,3,
671,5,value,min,users,DisplayName,Min,2,
671,6,contains,acquired,postHistory,Comment,Added newly acquired details.,1,
671,7,contains,display,postHistory,Comment,Edited to display code as code,20,
672,1,value,united kingdom,users,Location,United Kingdom,209,
672,2,value,location,users,Location,Location,1,
672,3,value,users,users,DisplayName,user,7,
672,4,value,users,postHistory,UserDisplayName,User,3,
672,5,value,more,postHistory,Comment,more,1,
672,6,contains,favorite,comments,Text,@Zen You're one of my favorite contributors.,4,
672,7,contains,favorite,posts,Title,Finding association between gender and favorite movie genre,4,
673,1,value,average,tags,TagName,average,1,
673,2,value,users,users,DisplayName,user,7,
673,3,value,users,postHistory,UserDisplayName,User,3,
673,4,value,age,tags,TagName,age,1,
673,5,value,avg,users,DisplayName,avg,1,
673,6,value,max,users,DisplayName,Max,38,
673,7,value,max,postHistory,UserDisplayName,Max,3,
674,1,value,max,users,DisplayName,Max,38,
674,2,value,max,postHistory,UserDisplayName,Max,3,
674,3,contains,reputation,comments,Text,"""vote up requires 15 reputation""",6,
674,4,contains,reputation,postHistory,Comment,added graph (now I have the reputation for),1,
675,1,value,users,users,DisplayName,user,7,
675,2,value,users,postHistory,UserDisplayName,User,3,
675,3,value,1000,posts,ViewCount,1000,5,
675,4,value,1000,votes,PostId,1000,3,
675,5,value,1000,postHistory,Comment,1000,2,
675,6,value,2000,votes,PostId,2000,3,
675,7,value,2000,posts,ViewCount,2000,1,
675,8,value,2000,tags,Count,2000,1,
676,1,value,names,users,DisplayName,Name,1,
676,2,value,users,users,DisplayName,user,7,
676,3,value,users,postHistory,UserDisplayName,User,3,
676,4,value,age,tags,TagName,age,1,
676,5,value,19,posts,ViewCount,19,228,
676,6,value,19,users,Views,19,103,
676,7,value,19,posts,Score,19,102,
676,8,value,19,users,Age,19,51,
677,1,value,jay stevens,users,DisplayName,Jay Stevens,1,
677,2,value,stevens,users,DisplayName,Steven,6,
677,3,value,stevens,postHistory,UserDisplayName,Steven,3,
677,4,value,2010,badges,UserId,2010,2,
677,5,value,2010,posts,ParentId,2010,2,
677,6,value,2010,users,Id,2010,1,
677,7,value,2010,votes,Id,2010,1,
677,8,value,jay,users,DisplayName,Jay,19,
678,1,value,harvey motulsky,users,DisplayName,Harvey Motulsky,1,
678,2,value,harvey,users,DisplayName,Harvey,1,
678,3,value,title,postHistory,Comment,title,15,
678,4,value,max,users,DisplayName,Max,38,
678,5,value,max,postHistory,UserDisplayName,Max,3,
678,6,contains,viewcount,posts,Title,How to project video viewcount based on historicals?,1,
678,7,contains,refer,comments,Text,(+1) This link doesn't refer to Hadley's website.,9,
679,1,value,max,users,DisplayName,Max,38,
679,2,value,max,postHistory,UserDisplayName,Max,3,
679,3,contains,highest,posts,Title,Bayesian posterior: mean vs highest probability,7,
679,4,contains,highest,comments,Text,Highest or lowest? You want the lowest AIC.,2,
680,1,value,stephen turner,users,DisplayName,Stephen Turner,1,
680,2,value,average,tags,TagName,average,1,
680,3,value,stephen,users,DisplayName,Stephen,16,
680,4,value,avg,users,DisplayName,avg,1,
680,5,contains,refers,comments,Text,(+1) This link doesn't refer to Hadley's website.,9,
680,6,contains,refers,posts,Title,Books to refer enhancing my knowledge in statistics,3,
681,1,value,20000,postHistory,UserId,20000,3,
681,2,value,20000,badges,UserId,20000,2,
681,3,value,20000,posts,OwnerUserId,20000,1,
681,4,value,20000,users,Id,20000,1,
681,5,value,20000,votes,Id,20000,1,
681,6,value,names,users,DisplayName,Name,1,
681,7,value,users,users,DisplayName,user,7,
681,8,value,users,postHistory,UserDisplayName,User,3,
682,1,value,2010,badges,UserId,2010,2,
682,2,value,2010,posts,ParentId,2010,2,
682,3,value,2010,users,Id,2010,1,
682,4,value,2010,votes,Id,2010,1,
682,5,value,2015,badges,UserId,2015,1,
682,6,value,2015,users,Id,2015,1,
682,7,value,2015,votes,Id,2015,1,
682,8,value,max,users,DisplayName,Max,38,
683,1,value,percentage,tags,TagName,percentage,1,
683,2,value,1000,posts,ViewCount,1000,5,
683,3,value,1000,votes,PostId,1000,3,
683,4,value,1000,postHistory,Comment,1000,2,
683,5,value,2011,posts,ViewCount,2011,3,
683,6,value,2011,badges,UserId,2011,1,
683,7,value,2011,users,Id,2011,1,
683,8,value,2011,votes,Id,2011,1,
684,1,value,percentage,tags,TagName,percentage,1,
684,2,value,users,users,DisplayName,user,7,
684,3,value,users,postHistory,UserDisplayName,User,3,
684,4,value,age,tags,TagName,age,1,
684,5,value,13,postHistory,PostHistoryTypeId,13,470,
684,6,value,13,users,Reputation,13,409,
684,7,value,13,posts,Score,13,350,
684,8,value,13,users,Views,13,186,
685,1,value,computer game datasets,posts,Title,Computer game datasets,1,
685,2,value,datasets,tags,TagName,dataset,1,
685,3,value,text,users,AboutMe,Text,1,
685,4,value,time,postHistory,Comment,time ,1,
685,5,value,user,users,DisplayName,user,7,
685,6,value,user,postHistory,UserDisplayName,User,3,
685,7,contains,viewcount,posts,Title,How to project video viewcount based on historicals?,1,
685,8,contains,computer,users,AboutMe,"<p>1st year computer science major undergraduate</p>
",72,
686,1,value,average,tags,TagName,average,1,
686,2,value,avg,users,DisplayName,avg,1,
686,3,contains,viewcount,posts,Title,How to project video viewcount based on historicals?,1,
686,4,contains,identify,posts,Title,Choosing features to identify Twitter questions as “useful”,23,
687,1,value,added,postHistory,Comment,added ,1,
687,2,value,added,postHistory,Comment,Added (new) Kendall tau tag,1,
687,3,value,added,postHistory,Comment,added (a) and (b) over inequality signs which are not entirely clear to me,1,
687,4,value,max,users,DisplayName,Max,38,
687,5,value,max,postHistory,UserDisplayName,Max,3,
687,6,contains,comments,postHistory,Comment,- obvious comment,251,
687,7,contains,comments,comments,Text,(too long for a good comment => answer),83,
688,1,value,35000,badges,UserId,35000,1,
688,2,value,35000,postHistory,UserId,35000,1,
688,3,value,35000,posts,OwnerUserId,35000,1,the id of the owner user
688,4,value,35000,posts,ParentId,35000,1,the id of the parent post
688,5,value,35000,users,Id,35000,1,
688,6,value,35000,votes,Id,35000,1,
688,7,value,times,postHistory,Comment,time ,1,
688,8,value,users,users,DisplayName,user,7,
689,1,value,location,users,Location,Location,1,
689,2,value,edit,postHistory,Comment,edit,7,
689,3,value,edit,postHistory,Comment,edit (mostly by reordering) to emphasize the statistical aspects of the question,2,
689,4,value,user,users,DisplayName,user,7,
689,5,value,user,postHistory,UserDisplayName,User,3,
689,6,value,183,postHistory,UserId,183,3107,
689,7,value,183,posts,LastEditorUserId,183,1032,
689,8,value,183,comments,UserId,183,552,
690,1,value,emmett,users,DisplayName,Emmett,1,
690,2,value,user,users,DisplayName,user,7,
690,3,value,user,postHistory,UserDisplayName,User,3,
690,4,value,max,users,DisplayName,Max,38,
690,5,value,max,postHistory,UserDisplayName,Max,3,
690,6,contains,identify,posts,Title,Choosing features to identify Twitter questions as “useful”,23,
690,7,contains,identify,comments,Text,"@NilaniAlgiriyage Yes, issue to identify R indeed!",4,
691,1,value,users,users,DisplayName,user,7,
691,2,value,users,postHistory,UserDisplayName,User,3,
691,3,value,5000,badges,UserId,5000,1,
691,4,value,5000,users,Id,5000,1,
691,5,value,5000,votes,Id,5000,1,
691,6,value,age,tags,TagName,age,1,
691,7,value,19,posts,ViewCount,19,228,
691,8,value,19,users,Views,19,103,
692,1,value,zolomon,users,DisplayName,Zolomon,1,
692,2,value,user,users,DisplayName,user,7,
692,3,value,user,postHistory,UserDisplayName,User,3,
692,4,contains,subtract,posts,Title,Can I simply subtract an index from another?,2,
692,5,contains,account,posts,Title,Account for group age differences,11,
693,1,value,user,users,DisplayName,user,7,
693,2,value,user,postHistory,UserDisplayName,User,3,
693,3,value,max,users,DisplayName,Max,38,
693,4,value,max,postHistory,UserDisplayName,Max,3,
693,5,contains,comments,postHistory,Comment,- obvious comment,251,
693,6,contains,comments,comments,Text,(too long for a good comment => answer),83,
694,1,value,analysing wind data with r,posts,Title,Analysing wind data with R,1,
694,2,value,title,postHistory,Comment,title,15,
694,3,value,data,postHistory,Comment,data,4,
694,4,value,data,users,DisplayName,data,2,
694,5,value,text,users,AboutMe,Text,1,
694,6,value,user,users,DisplayName,user,7,
694,7,value,user,postHistory,UserDisplayName,User,3,
694,8,value,max,users,DisplayName,Max,38,
695,1,value,citizen patrol,badges,Name,Citizen Patrol,656,
695,2,value,citizen,users,DisplayName,citizen,1,
695,3,value,users,users,DisplayName,user,7,
695,4,value,users,postHistory,UserDisplayName,User,3,
695,5,contains,badge,comments,Text,+1 This is worth reversal badge (-;.,2,
695,6,contains,badge,users,AboutMe,I want the autobiographer badge very bad.,1,
696,1,value,specified,postHistory,Comment,specified,1,
696,2,value,careers,tags,TagName,careers,1,
696,3,value,tag,postHistory,Comment,tag,9,
696,4,contains,number,posts,Title,AIC & BIC number interpretation,160,
696,5,contains,number,postHistory,Comment,Added number of observations,21,
697,1,value,jarrod dixon,users,DisplayName,Jarrod Dixon,1,
697,2,value,jarrod,users,DisplayName,Jarrod,1,
697,3,value,user,users,DisplayName,user,7,
697,4,value,user,postHistory,UserDisplayName,User,3,
697,5,contains,reputation,comments,Text,"""vote up requires 15 reputation""",6,
697,6,contains,reputation,postHistory,Comment,added graph (now I have the reputation for),1,
698,1,value,clustering 1d data,posts,Title,Clustering 1D data,1,
698,2,value,clustering,badges,Name,clustering,4,
698,3,value,clustering,postHistory,Comment,clustering,1,
698,4,value,clustering,tags,TagName,clustering,1,
698,5,value,clustering,posts,Title,"Clustering (k-means, or otherwise) with a minimum cluster size constraint",1,
698,6,value,answers,users,DisplayName,Answer,1,
698,7,value,title,postHistory,Comment,title,15,
698,8,value,users,users,DisplayName,user,7,
699,1,value,irishstat,users,DisplayName,IrishStat,1,
699,2,value,user,users,DisplayName,user,7,
699,3,value,user,postHistory,UserDisplayName,User,3,
699,4,contains,account,posts,Title,Account for group age differences,11,
699,5,contains,account,postHistory,Comment,Update to account for helpful comment.,4,
700,1,value,30,users,Age,30,425,
700,2,value,30,posts,ViewCount,30,271,
700,3,value,30,postHistory,UserId,30,89,
700,4,value,30,badges,UserId,30,44,
700,5,value,30,posts,OwnerUserId,30,39,the id of the owner user
700,6,value,30,users,Views,30,39,
700,7,contains,identify,posts,Title,Choosing features to identify Twitter questions as “useful”,23,
700,8,contains,identify,comments,Text,"@NilaniAlgiriyage Yes, issue to identify R indeed!",4,
701,1,value,percentage,tags,TagName,percentage,1,
701,2,value,more,postHistory,Comment,more,1,
701,3,value,user,users,DisplayName,user,7,
701,4,value,user,postHistory,UserDisplayName,User,3,
701,5,value,max,users,DisplayName,Max,38,
701,6,value,max,postHistory,UserDisplayName,Max,3,
701,7,value,50,posts,ViewCount,50,223,
701,8,value,50,votes,BountyAmount,50,53,
702,1,value,20,posts,ViewCount,20,240,
702,2,value,20,posts,Score,20,94,
702,3,value,20,users,Views,20,88,
702,4,value,20,users,Age,20,85,
702,5,value,20,users,Reputation,20,59,
702,6,value,20,users,UpVotes,20,46,
702,7,contains,refers,comments,Text,(+1) This link doesn't refer to Hadley's website.,9,
702,8,contains,refers,posts,Title,Books to refer enhancing my knowledge in statistics,3,
703,1,value,tags,postHistory,Comment,tag,9,
703,2,value,tags,postHistory,Comment,tags,26,
703,3,value,15,posts,Score,15,224,
703,4,value,15,posts,ViewCount,15,192,
703,5,value,15,users,Views,15,137,
703,6,value,15,posts,CommentCount,15,87,the total number of comments of the post
703,7,value,15,votes,VoteTypeId,15,72,
703,8,value,15,users,UpVotes,15,68,
704,1,value,sample,tags,TagName,sample,1,
704,2,value,tag,postHistory,Comment,tag,9,
704,3,contains,excerpt,postHistory,Comment,Added GammonVillage column excerpt,31,
704,4,contains,refers,comments,Text,(+1) This link doesn't refer to Hadley's website.,9,
705,1,value,text,users,AboutMe,Text,1,
705,2,value,user,users,DisplayName,user,7,
705,3,value,user,postHistory,UserDisplayName,User,3,
705,4,value,win,postHistory,Comment, WIN,1,
705,5,value,win,users,DisplayName,Win,1,
705,6,contains,reputation,comments,Text,"""vote up requires 15 reputation""",6,
705,7,contains,reputation,postHistory,Comment,added graph (now I have the reputation for),1,
706,1,value,regression,badges,Name,regression,43,
706,2,value,linear,posts,Title,linear (?) mixed models help?! - simple question from a simple mind,1,
706,3,value,texts,users,AboutMe,Text,1,
706,4,value,title,postHistory,Comment,title,15,
706,5,contains,commented,postHistory,Comment,added tag matlab as commented by the OP,2,
706,6,contains,contains,comments,Text,Also that doesn't contain any smoothing functions.,5,
707,1,value,text,users,AboutMe,Text,1,
707,2,value,100,posts,ViewCount,100,111,
707,3,value,100,votes,BountyAmount,100,30,
707,4,value,100,users,Reputation,100,10,
707,5,value,100,users,UpVotes,100,7,
707,6,value,100,postHistory,Comment,100,2,
707,7,value,100,posts,ParentId,100,2,the id of the parent post
707,8,value,150,posts,ViewCount,150,96,
708,1,value,http,users,Location,http,1,
708,2,value,user,users,DisplayName,user,7,
708,3,value,user,postHistory,UserDisplayName,User,3,
708,4,value,age,tags,TagName,age,1,
708,5,contains,commented,postHistory,Comment,added tag matlab as commented by the OP,2,
708,6,contains,contains,comments,Text,Also that doesn't contain any smoothing functions.,5,
709,1,contains,viewcount,posts,Title,How to project video viewcount based on historicals?,1,
709,2,contains,comments,postHistory,Comment,- obvious comment,251,
710,1,contains,comments,postHistory,Comment,- obvious comment,251,
710,2,contains,comments,comments,Text,(too long for a good comment => answer),83,
711,1,value,users,users,DisplayName,user,7,
711,2,value,users,postHistory,UserDisplayName,User,3,
711,3,value,ages,tags,TagName,age,1,
711,4,value,40,posts,ViewCount,40,247,
711,5,value,40,users,Age,40,125,
711,6,value,40,users,Reputation,40,21,
711,7,value,40,posts,Score,40,20,
711,8,value,40,users,Views,40,18,
712,1,value,likert,badges,Name,likert,1,
712,2,value,likert,tags,TagName,likert,1,
712,3,value,point,comments,Text,Point (1) might be relevant: http://stats.stackexchange.com/a/55859/7071,1,
712,4,value,title,postHistory,Comment,title,15,
712,5,contains,differences,posts,Title,Algorithm to calculate difference in users' tastes,290,
712,6,contains,differences,comments,Text,"5-7 is a *difference*, not a *ratio*.",12,
713,1,value,text,users,AboutMe,Text,1,
713,2,value,user,users,DisplayName,user,7,
713,3,value,user,postHistory,UserDisplayName,User,3,
713,4,contains,commented,postHistory,Comment,added tag matlab as commented by the OP,2,
713,5,contains,evaluated,posts,Title,Uncertainty of conditional probability evaluated from sample,1,
714,1,value,harvey motulsky,users,DisplayName,Harvey Motulsky,1,
714,2,value,username,users,DisplayName,username,1,
714,3,value,harvey,users,DisplayName,Harvey,1,
714,4,value,text,users,AboutMe,Text,1,
714,5,value,user,users,DisplayName,user,7,
714,6,value,user,postHistory,UserDisplayName,User,3,
714,7,contains,commented,postHistory,Comment,added tag matlab as commented by the OP,2,
714,8,contains,comments,postHistory,Comment,- obvious comment,251,
715,1,value,names,users,DisplayName,Name,1,
715,2,value,users,users,DisplayName,user,7,
715,3,value,users,postHistory,UserDisplayName,User,3,
715,4,contains,downvotes,comments,Text,(The downvote is *not* mine.),14,
715,5,contains,comments,postHistory,Comment,- obvious comment,251,
716,1,value,percentage,tags,TagName,percentage,1,
716,2,value,scores,tags,TagName,scores,1,
716,3,value,users,users,DisplayName,user,7,
716,4,value,users,postHistory,UserDisplayName,User,3,
716,5,value,100,posts,ViewCount,100,111,
716,6,value,100,votes,BountyAmount,100,30,
716,7,value,100,users,Reputation,100,10,
716,8,value,100,users,UpVotes,100,7,
717,1,value,3-d man,superhero,superhero_name,3-D Man,1,
718,1,value,super strength,superpower,power_name,Super Strength,1,
718,2,value,strength,attribute,attribute_name,Strength,1,
718,3,value,power,attribute,attribute_name,Power,1,
718,4,contains,super,superpower,power_name,Super Breath,3,
719,1,value,super strength,superpower,power_name,Super Strength,1,
719,2,value,strength,attribute,attribute_name,Strength,1,
719,3,value,power,attribute,attribute_name,Power,1,
719,4,value,200,hero_power,hero_id,200,12,
719,5,value,200,hero_attribute,hero_id,200,6,
719,6,contains,super,superpower,power_name,Super Breath,3,
720,1,value,powers,attribute,attribute_name,Power,1,
720,2,value,15,hero_attribute,attribute_value,15,222,
720,3,value,15,hero_power,power_id,15,24,power id
720,4,value,15,superhero,publisher_id,15,19,
720,5,value,15,hero_power,hero_id,15,13,hero id
720,6,contains,super,superpower,power_name,Super Breath,3,
721,1,value,blue,colour,colour,Blue,1,
721,2,contains,colour,colour,colour,No Colour,1,
722,1,value,apocalypse,superhero,superhero_name,Apocalypse,1,
722,2,contains,colour,colour,colour,No Colour,1,
723,1,value,agility,superpower,power_name,Agility,1,
723,2,value,power,attribute,attribute_name,Power,1,
723,3,value,blue,colour,colour,Blue,1,
723,4,contains,colour,colour,colour,No Colour,1,
723,5,contains,super,superpower,power_name,Super Breath,3,
724,1,value,agility,superpower,power_name,Agility,1,
724,2,value,blond,colour,colour,Blond,1,
724,3,value,power,attribute,attribute_name,Power,1,
724,4,value,blue,colour,colour,Blue,1,
724,5,contains,colour,colour,colour,No Colour,1,
724,6,contains,super,superpower,power_name,Super Breath,3,
725,1,value,marvel comics,publisher,publisher_name,Marvel Comics,1,
725,2,contains,marvel,superhero,superhero_name,Captain Marvel,4,
726,1,value,marvel comics,publisher,publisher_name,Marvel Comics,1,
726,2,contains,marvel,superhero,superhero_name,Captain Marvel,4,
727,1,value,sauron,superhero,superhero_name,Sauron,1,
728,1,value,marvel comics,publisher,publisher_name,Marvel Comics,1,
728,2,contains,marvel,superhero,superhero_name,Captain Marvel,4,
729,1,value,marvel comics,publisher,publisher_name,Marvel Comics,1,
729,2,contains,marvel,superhero,superhero_name,Captain Marvel,4,
730,1,value,super strength,superpower,power_name,Super Strength,1,
730,2,value,marvel comics,publisher,publisher_name,Marvel Comics,1,
730,3,value,strength,attribute,attribute_name,Strength,1,
730,4,value,power,attribute,attribute_name,Power,1,
730,5,contains,marvel,superhero,superhero_name,Captain Marvel,4,
730,6,contains,super,superpower,power_name,Super Breath,3,
731,1,value,dc comics,publisher,publisher_name,DC Comics,1,
732,1,value,speed,attribute,attribute_name,Speed,1,
733,1,value,marvel comics,publisher,publisher_name,Marvel Comics,1,
733,2,value,gold,colour,colour,Gold,1,
733,3,contains,colour,colour,colour,No Colour,1,
733,4,contains,marvel,superhero,superhero_name,Captain Marvel,4,
734,1,value,blue beetle ii,superhero,superhero_name,Blue Beetle II,1,
734,2,value,blue beetle,superhero,superhero_name,Blue Beetle,1,
734,3,value,beetle,superhero,superhero_name,Beetle,1,
734,4,value,blue,colour,colour,Blue,1,
735,1,value,blond,colour,colour,Blond,1,
735,2,contains,colour,colour,colour,No Colour,1,
735,3,contains,hair,superpower,power_name,Hair Manipulation,1,
736,1,value,intelligence,attribute,attribute_name,Intelligence,1,
736,2,value,intelligence,superpower,power_name,Intelligence,1,
737,1,value,copycat,superhero,superhero_name,Copycat,1,
738,1,value,durability,attribute,attribute_name,Durability,1,
738,2,value,durability,superpower,power_name,Durability,1,
738,3,value,50,hero_attribute,attribute_value,50,243,attribute value
738,4,value,50,hero_power,power_id,50,72,power id
738,5,value,50,superhero,weight_kg,50,12,
738,6,value,50,hero_power,hero_id,50,11,hero id
738,7,value,50,hero_attribute,hero_id,50,6,hero id
739,1,value,death touch,superpower,power_name,Death Touch,1,
739,2,value,power,attribute,attribute_name,Power,1,
740,1,value,strength,attribute,attribute_name,Strength,1,
740,2,value,female,gender,gender,Female,1,
740,3,value,100,hero_attribute,attribute_value,100,279,attribute value
740,4,value,100,hero_power,power_id,100,26,power id
740,5,value,100,hero_power,hero_id,100,14,hero id
740,6,value,100,hero_attribute,hero_id,100,6,hero id
741,1,value,powers,attribute,attribute_name,Power,1,
742,1,value,vampire,race,race,Vampire,1,
743,1,value,marvel comics,publisher,publisher_name,Marvel Comics,1,
743,2,value,100,hero_attribute,attribute_value,100,279,attribute value
743,3,value,100,hero_power,power_id,100,26,power id
743,4,value,100,hero_power,hero_id,100,14,hero id
743,5,value,100,hero_attribute,hero_id,100,6,hero id
743,6,value,100,superhero,id,100,1,
743,7,value,100,superpower,id,100,1,
743,8,value,bad,alignment,alignment,Bad,1,
744,1,value,marvel comics,publisher,publisher_name,Marvel Comics,1,
744,2,value,dc comics,publisher,publisher_name,DC Comics,1,
744,3,contains,marvel,superhero,superhero_name,Captain Marvel,4,
745,1,value,star trek,publisher,publisher_name,Star Trek,1,
748,1,value,75,hero_attribute,attribute_value,75,150,attribute value
748,2,value,75,hero_attribute,hero_id,75,6,hero id
748,3,value,75,hero_power,power_id,75,3,
748,4,value,75,superhero,id,75,1,
748,5,value,75,superpower,id,75,1,
748,6,contains,colour,colour,colour,No Colour,1,
749,1,value,deathlok,superhero,superhero_name,Deathlok,1,
750,1,value,female,gender,gender,Female,1,
751,1,value,male,gender,gender,Male,1,
752,1,value,alien,race,race,Alien,1,
752,2,value,alien,superhero,superhero_name,Alien,1,
753,1,value,no colour,colour,colour,No Colour,1,
753,2,value,170,superhero,height_cm,170,30,
753,3,value,190,superhero,id,190,1,
754,1,value,56,hero_power,power_id,56,30,power id
754,2,value,56,superhero,weight_kg,56,12,weight kg
754,3,value,56,hero_attribute,hero_id,56,6,
754,4,value,56,hero_power,hero_id,56,5,hero id
754,5,value,56,superhero,race_id,56,2,race id
754,6,value,56,race,id,56,1,
755,1,value,demi-god,race,race,Demi-God,1,
756,1,value,bad,alignment,alignment,Bad,1,
757,1,value,169,hero_power,hero_id,169,8,
757,2,value,169,hero_attribute,hero_id,169,6,
757,3,value,169,superhero,weight_kg,169,1,
758,1,value,human,race,race,Human,1,
758,2,value,185,superhero,height_cm,185,36,
758,3,value,185,hero_attribute,hero_id,185,6,
758,4,contains,colour,colour,colour,No Colour,1,
758,5,contains,hair,superpower,power_name,Hair Manipulation,1,
759,1,contains,colour,colour,colour,No Colour,1,
760,1,value,marvel comics,publisher,publisher_name,Marvel Comics,1,
760,2,value,100,hero_attribute,attribute_value,100,279,attribute value
760,3,value,100,hero_power,power_id,100,26,power id
760,4,value,100,hero_power,hero_id,100,14,hero id
760,5,value,100,hero_attribute,hero_id,100,6,hero id
760,6,value,100,superhero,id,100,1,
760,7,value,100,superpower,id,100,1,
760,8,value,150,hero_power,hero_id,150,7,
761,1,value,male,gender,gender,Male,1,
761,2,value,79,superhero,weight_kg,79,24,
761,3,value,79,hero_power,power_id,79,18,power id
761,4,value,79,hero_power,hero_id,79,14,hero id
761,5,value,79,hero_attribute,hero_id,79,6,
761,6,contains,super,superpower,power_name,Super Breath,3,
762,1,value,power,attribute,attribute_name,Power,1,
763,1,value,abomination,superhero,superhero_name,Abomination,1,
765,1,value,stealth,superpower,power_name,Stealth,1,
765,2,value,power,attribute,attribute_name,Power,1,
766,1,value,strength,attribute,attribute_name,Strength,1,
767,1,contains,colour,colour,colour,No Colour,1,
768,1,value,dark horse comics,publisher,publisher_name,Dark Horse Comics,1,
769,1,value,dark horse comics,publisher,publisher_name,Dark Horse Comics,1,
769,2,value,durability,attribute,attribute_name,Durability,1,
769,3,value,durability,superpower,power_name,Durability,1,
770,1,value,abraham sapien,superhero,full_name,Abraham Sapien,1,
770,2,contains,colour,colour,colour,No Colour,1,
770,3,contains,sapien,race,race,Icthyo Sapien,1,
771,1,value,flight,superpower,power_name,Flight,1,
771,2,value,power,attribute,attribute_name,Power,1,
772,1,value,dark horse comics,publisher,publisher_name,Dark Horse Comics,1,
772,2,value,female,gender,gender,Female,1,
772,3,contains,colour,colour,colour,No Colour,1,
772,4,contains,hair,superpower,power_name,Hair Manipulation,1,
773,1,contains,colour,colour,colour,No Colour,1,
773,2,contains,hair,superpower,power_name,Hair Manipulation,1,
774,1,value,a-bomb,superhero,superhero_name,A-Bomb,1,
775,1,value,female,gender,gender,Female,1,
775,2,value,blue,colour,colour,Blue,1,
775,3,value,100,hero_attribute,attribute_value,100,279,attribute value
775,4,value,100,hero_power,power_id,100,26,power id
775,5,value,100,hero_power,hero_id,100,14,hero id
775,6,value,100,hero_attribute,hero_id,100,6,hero id
776,1,value,charles chandler,superhero,full_name,Charles Chandler,1,
777,1,value,agent 13,superhero,superhero_name,Agent 13,1,
777,2,value,13,superhero,publisher_id,13,387,publisher id
777,3,value,13,hero_power,power_id,13,103,
777,4,value,13,superhero,race_id,13,12,race id
777,5,value,13,superhero,eye_colour_id,13,6,eye colour id
777,6,value,13,superhero,hair_colour_id,13,6,hair colour id
777,7,value,13,hero_attribute,hero_id,13,6,
778,1,value,adaptation,superpower,power_name,Adaptation,1,
778,2,value,power,attribute,attribute_name,Power,1,
779,1,value,powers,attribute,attribute_name,Power,1,
779,2,value,amazo,superhero,superhero_name,Amazo,1,
780,1,value,hunter zolomon,superhero,full_name,Hunter Zolomon,1,
780,2,value,powers,attribute,attribute_name,Power,1,
780,3,contains,hunter,superhero,superhero_name,Kraven the Hunter,2,
781,1,value,amber,colour,colour,Amber,1,
781,2,contains,colours,colour,colour,No Colour,1,
782,1,value,black,colour,colour,Black,1,
782,2,contains,colours,colour,colour,No Colour,1,
782,3,contains,hair,superpower,power_name,Hair Manipulation,1,
783,1,value,gold,colour,colour,Gold,1,
783,2,contains,colours,colour,colour,No Colour,1,
784,1,value,vampire,race,race,Vampire,1,
785,1,value,neutral,alignment,alignment,Neutral,1,
786,1,value,strength,attribute,attribute_name,Strength,1,
787,1,value,cameron hicks,superhero,superhero_name,Cameron Hicks,1,
788,1,value,marvel comics,publisher,publisher_name,Marvel Comics,1,
788,2,value,female,gender,gender,Female,1,
788,3,value,100,hero_attribute,attribute_value,100,279,attribute value
788,4,value,100,hero_power,power_id,100,26,power id
788,5,value,100,hero_power,hero_id,100,14,hero id
788,6,value,100,hero_attribute,hero_id,100,6,hero id
789,1,value,aliens,race,race,Alien,1,
789,2,value,aliens,superhero,superhero_name,Alien,1,
790,1,value,charles chandler,superhero,full_name,Charles Chandler,1,
790,2,value,emil blonsky,superhero,full_name,Emil Blonsky,1,
792,1,value,abomination,superhero,superhero_name,Abomination,1,
793,1,value,male,gender,gender,Male,1,
793,2,value,21,hero_power,hero_id,21,44,hero id
793,3,value,21,superhero,race_id,21,19,race id
793,4,value,21,hero_power,power_id,21,8,power id
793,5,value,21,hero_attribute,hero_id,21,6,
793,6,value,21,superhero,publisher_id,21,5,publisher id
793,7,value,21,superhero,skin_colour_id,21,2,skin colour id
794,1,value,speed,attribute,attribute_name,Speed,1,
795,1,value,neutral,alignment,alignment,Neutral,1,
796,1,value,3-d man,superhero,superhero_name,3-D Man,1,
797,1,value,brown,colour,colour,Brown,1,
797,2,value,blue,colour,colour,Blue,1,
797,3,contains,hair,superpower,power_name,Hair Manipulation,1,
798,1,value,karate kid,superhero,superhero_name,Karate Kid,1,
798,2,value,hawkman,superhero,superhero_name,Hawkman,1,
798,3,value,speedy,superhero,superhero_name,Speedy,1,
800,1,value,blue,colour,colour,Blue,1,
801,1,value,female,gender,gender,Female,1,
801,2,value,male,gender,gender,Male,1,
803,1,value,cryokinesis,superpower,power_name,Cryokinesis,1,
803,2,value,power,attribute,attribute_name,Power,1,
804,1,value,294,hero_attribute,hero_id,294,6,
804,2,value,294,hero_power,hero_id,294,3,
804,3,value,294,superhero,id,294,1,
806,1,value,karen beecher-duncan,superhero,full_name,Karen Beecher-Duncan,1,
806,2,contains,colour,colour,colour,No Colour,1,
807,1,value,helen parr,superhero,full_name,Helen Parr,1,
807,2,contains,parr,superhero,full_name,Dashiell Robert Parr,5,full name
807,3,contains,parr,superhero,superhero_name,Violet Parr,1,superhero name
808,1,value,108,hero_power,power_id,108,38,power id
808,2,value,108,superhero,weight_kg,108,7,
808,3,value,108,hero_power,hero_id,108,7,hero id
808,4,value,108,hero_attribute,hero_id,108,6,
808,5,value,188,superhero,height_cm,188,55,
808,6,value,188,hero_attribute,hero_id,188,6,
808,7,value,188,hero_power,hero_id,188,2,
809,1,value,38,hero_power,power_id,38,70,power id
809,2,value,38,hero_power,hero_id,38,13,hero id
809,3,value,38,hero_attribute,hero_id,38,6,
809,4,value,38,race,id,38,1,
809,5,value,38,superhero,id,38,1,
809,6,value,38,superhero,race_id,38,1,race id
811,1,value,atom iv,superhero,superhero_name,Atom IV,1,
811,2,value,atom,superhero,superhero_name,Atom,1,
812,1,value,blue,colour,colour,Blue,1,
813,1,value,neutral,alignment,alignment,Neutral,1,
814,1,value,100,hero_attribute,attribute_value,100,279,attribute value
814,2,value,100,hero_power,power_id,100,26,power id
814,3,value,100,hero_power,hero_id,100,14,hero id
814,4,value,100,hero_attribute,hero_id,100,6,hero id
814,5,value,100,superhero,id,100,1,
814,6,value,100,superpower,id,100,1,
814,7,contains,colour,colour,colour,No Colour,1,
815,1,value,female,gender,gender,Female,1,
815,2,value,good,alignment,alignment,Good,1,
816,1,value,75,hero_attribute,attribute_value,75,150,attribute value
816,2,value,75,hero_attribute,hero_id,75,6,hero id
816,3,value,75,hero_power,power_id,75,3,
816,4,value,80,hero_attribute,attribute_value,80,216,attribute value
816,5,value,80,hero_power,hero_id,80,14,hero id
816,6,value,80,hero_power,power_id,80,12,power id
816,7,value,80,hero_attribute,hero_id,80,6,hero id
816,8,value,80,superhero,weight_kg,80,2,
817,1,value,blue,colour,colour,Blue,1,
817,2,value,male,gender,gender,Male,1,
818,1,value,female,gender,gender,Female,1,
818,2,value,bad,alignment,alignment,Bad,1,
819,1,value,blue,colour,colour,Blue,1,
819,2,value,data,superhero,superhero_name,Data,1,
820,1,value,strength,attribute,attribute_name,Strength,1,
820,2,value,hulk,superhero,superhero_name,Hulk,1,
821,1,value,ajax,superhero,superhero_name,Ajax,1,
822,1,value,green,colour,colour,Green,1,
822,2,value,bad,alignment,alignment,Bad,1,
822,3,contains,universe,superhero,superhero_name,Captain Universe,1,
823,1,value,marvel comics,publisher,publisher_name,Marvel Comics,1,
823,2,value,female,gender,gender,Female,1,
823,3,contains,marvel,superhero,superhero_name,Captain Marvel,4,
824,1,value,wind control,superpower,power_name,Wind Control,1,
824,2,contains,control,superpower,power_name,Animal Control,15,
825,1,value,phoenix force,superpower,power_name,Phoenix Force,1,
825,2,value,phoenix,superhero,superhero_name,Phoenix,1,
825,3,contains,force,superpower,power_name,Force Fields,6,
826,1,value,dc comics,publisher,publisher_name,DC Comics,1,
827,1,value,dark horse comics,publisher,publisher_name,Dark Horse Comics,1,
827,2,value,human,race,race,Human,1,
828,1,value,speed,attribute,attribute_name,Speed,1,
828,2,value,100,hero_attribute,attribute_value,100,279,attribute value
828,3,value,100,hero_power,power_id,100,26,power id
828,4,value,100,hero_power,hero_id,100,14,hero id
828,5,value,100,hero_attribute,hero_id,100,6,hero id
829,1,value,marvel comics,publisher,publisher_name,Marvel Comics,1,
829,2,value,dc comics,publisher,publisher_name,DC Comics,1,
829,3,contains,marvel,superhero,superhero_name,Captain Marvel,4,
830,1,value,black panther,superhero,superhero_name,Black Panther,1,
830,2,value,black,colour,colour,Black,1,
831,1,value,abomination,superhero,superhero_name,Abomination,1,
831,2,contains,colour,colour,colour,No Colour,1,
833,1,value,charles chandler,superhero,full_name,Charles Chandler,1,
834,1,value,george lucas,publisher,publisher_name,George Lucas,1,
834,2,value,female,gender,gender,Female,1,
835,1,value,marvel comics,publisher,publisher_name,Marvel Comics,1,
835,2,value,good,alignment,alignment,Good,1,
835,3,contains,marvel,superhero,superhero_name,Captain Marvel,4,
836,1,contains,john,superhero,full_name,John Constantine,10,full name
836,2,contains,john,superhero,superhero_name,John Constantine,3,superhero name
838,1,value,alien,race,race,Alien,1,
838,2,value,alien,superhero,superhero_name,Alien,1,
839,1,value,brown,colour,colour,Brown,1,
839,2,value,100,hero_attribute,attribute_value,100,279,attribute value
839,3,value,100,hero_power,power_id,100,26,power id
839,4,value,100,hero_power,hero_id,100,14,hero id
839,5,value,100,hero_attribute,hero_id,100,6,hero id
840,1,value,aquababy,superhero,superhero_name,Aquababy,1,
841,1,value,40,hero_attribute,attribute_value,40,91,attribute value
841,2,value,40,hero_power,power_id,40,61,power id
841,3,value,40,hero_power,hero_id,40,12,hero id
841,4,value,40,hero_attribute,hero_id,40,6,hero id
841,5,value,40,race,id,40,1,
841,6,value,40,superhero,id,40,1,
842,1,value,neutral,alignment,alignment,Neutral,1,
843,1,value,intelligence,attribute,attribute_name,Intelligence,1,
843,2,value,intelligence,superpower,power_name,Intelligence,1,
843,3,value,power,attribute,attribute_name,Power,1,
844,1,value,blackwulf,superhero,superhero_name,Blackwulf,1,
844,2,contains,colour,colour,colour,No Colour,1,
845,1,value,power,attribute,attribute_name,Power,1,
845,2,value,80,hero_attribute,attribute_value,80,216,attribute value
845,3,value,80,hero_power,hero_id,80,14,hero id
845,4,value,80,hero_power,power_id,80,12,power id
845,5,value,80,hero_attribute,hero_id,80,6,hero id
845,6,value,80,superhero,weight_kg,80,2,
846,1,value,drivers,drivers,driverRef,driver,1,
846,2,value,drivers,drivers,surname,Driver,1,
846,3,value,max,drivers,forename,Max,4,
846,4,value,20,lapTimes,driverId,20,10410,the identification number identifying each driver
846,5,value,20,lapTimes,position,20,7709,
846,6,value,20,lapTimes,lap,20,7314,
846,7,value,20,lapTimes,raceId,20,1133,the identification number identifying race
846,8,value,20,driverStandings,position,20,919,
847,1,value,driver,drivers,driverRef,driver,1,
847,2,value,driver,drivers,surname,Driver,1,
847,3,value,19,lapTimes,position,19,10942,
847,4,value,19,lapTimes,lap,19,7354,
847,5,value,19,lapTimes,driverId,19,1061,the identification number identifying each driver
847,6,value,19,lapTimes,raceId,19,1019,the identification number identifying race
847,7,value,19,driverStandings,position,19,929,
847,8,value,19,driverStandings,positionText,19,929,
848,1,value,shanghai,circuits,circuitRef,shanghai,1,
848,2,value,shanghai,circuits,location,Shanghai,1,
848,3,contains,circuits,circuits,name,Adelaide Street Circuit,32,
849,1,value,circuit de barcelona-catalunya,circuits,name,Circuit de Barcelona-Catalunya,1,
849,2,contains,circuit,circuits,name,Adelaide Street Circuit,32,
850,1,value,germany,circuits,country,Germany,3,
850,2,contains,circuits,circuits,name,Adelaide Street Circuit,32,
851,1,value,renault,constructors,constructorRef,renault,1,
851,2,value,renault,constructors,name,Renault,1,
851,3,contains,constructor,constructors,url,http://en.wikipedia.org/wiki/Adams_(constructor),21,
851,4,contains,circuits,circuits,name,Adelaide Street Circuit,32,
852,1,value,2010,races,year,2010,19,
852,2,value,2010,seasons,year,2010,1,
852,3,contains,grand,races,name,Abu Dhabi Grand Prix,41,
853,1,value,spain,circuits,country,Spain,6,
853,2,contains,circuits,circuits,name,Adelaide Street Circuit,32,
854,1,value,australian grand prix,races,name,Australian Grand Prix,33,
854,2,value,australian,drivers,nationality,Australian,17,
854,3,contains,circuits,circuits,name,Adelaide Street Circuit,32,
854,4,contains,grand,races,name,Abu Dhabi Grand Prix,41,
855,1,value,sepang international circuit,circuits,name,Sepang International Circuit,1,
855,2,value,sepang,circuits,circuitRef,sepang,1,
855,3,contains,international,circuits,name,Bahrain International Circuit,9,
855,4,contains,circuit,circuits,name,Adelaide Street Circuit,32,
856,1,value,sepang international circuit,circuits,name,Sepang International Circuit,1,
856,2,value,sepang,circuits,circuitRef,sepang,1,
856,3,contains,international,circuits,name,Bahrain International Circuit,9,
856,4,contains,circuit,circuits,name,Adelaide Street Circuit,32,
857,1,value,abu dhabi grand prix,races,name,Abu Dhabi Grand Prix,9,
857,2,value,abu dhabi,circuits,location,Abu Dhabi,1,
858,1,value,24,lapTimes,lap,24,7185,
858,2,value,24,lapTimes,driverId,24,3800,the identification number identifying each driver
858,3,value,24,lapTimes,raceId,24,1140,the identification number identifying race
858,4,value,24,driverStandings,position,24,657,
858,5,value,24,driverStandings,positionText,24,657,
858,6,value,24,lapTimes,position,24,563,
858,7,contains,constructor,constructors,url,http://en.wikipedia.org/wiki/Adams_(constructor),21,
859,1,value,driver,drivers,driverRef,driver,1,
859,2,value,driver,drivers,surname,Driver,1,
859,3,value,bruno,drivers,forename,Bruno,2,
859,4,value,senna,drivers,surname,Senna,2,
859,5,value,senna,drivers,driverRef,senna,1,
859,6,value,354,lapTimes,raceId,354,1649,
859,7,value,354,driverStandings,raceId,354,27,
859,8,value,354,qualifying,raceId,354,24,
860,1,value,driver,drivers,driverRef,driver,1,
860,2,value,driver,drivers,surname,Driver,1,
860,3,value,355,lapTimes,raceId,355,1187,
860,4,value,355,driverStandings,raceId,355,27,
860,5,value,355,qualifying,raceId,355,24,
860,6,value,355,results,raceId,355,24,
860,7,value,355,constructorResults,raceId,355,12,
860,8,value,355,constructorStandings,raceId,355,12,
861,1,value,finished,status,status,Finished,1,
861,2,value,driver,drivers,driverRef,driver,1,
861,3,value,driver,drivers,surname,Driver,1,
861,4,value,01,lapTimes,position,1,23911,
861,5,value,01,lapTimes,driverId,1,11340,the identification number identifying each driver
861,6,value,01,lapTimes,lap,1,8022,
861,7,value,01,results,statusId,1,5966,
861,8,value,01,pitStops,stop,1,2680,
862,1,value,bahrain grand prix,races,name,Bahrain Grand Prix,13,
862,2,value,finished,status,status,Finished,1,
862,3,value,bahrain,circuits,circuitRef,bahrain,1,
862,4,value,bahrain,circuits,country,Bahrain,1,
862,5,value,drivers,drivers,driverRef,driver,1,
862,6,value,drivers,drivers,surname,Driver,1,
862,7,value,2007,races,year,2007,17,
863,1,value,901,lapTimes,raceId,901,980,
863,2,value,901,pitStops,raceId,901,55,
863,3,value,901,driverStandings,raceId,901,22,
863,4,value,901,qualifying,raceId,901,22,
863,5,value,901,results,raceId,901,22,
863,6,value,901,constructorResults,raceId,901,11,
864,1,value,finished,status,status,Finished,1,
864,2,value,drivers,drivers,driverRef,driver,1,
864,3,value,drivers,drivers,surname,Driver,1,
865,1,value,finished,status,status,Finished,1,
865,2,value,drivers,drivers,driverRef,driver,1,
865,3,value,drivers,drivers,surname,Driver,1,
865,4,value,592,driverStandings,driverId,592,40,id number identifying which drivers
865,5,value,592,driverStandings,raceId,592,31,constructor Reference name
865,6,value,592,results,raceId,592,27,
865,7,value,592,constructorStandings,raceId,592,12,
865,8,value,592,constructorResults,raceId,592,11,
866,1,value,drivers,drivers,driverRef,driver,1,
866,2,value,drivers,drivers,surname,Driver,1,
866,3,value,161,lapTimes,raceId,161,1169,
866,4,value,161,driverStandings,raceId,161,22,constructor Reference name
866,5,value,161,qualifying,raceId,161,22,
866,6,value,161,results,raceId,161,22,
866,7,value,161,driverStandings,driverId,161,16,id number identifying which drivers
866,8,value,161,constructorResults,raceId,161,11,
867,1,value,driver,drivers,driverRef,driver,1,
867,2,value,driver,drivers,surname,Driver,1,
867,3,value,speed,drivers,driverRef,speed,1,
867,4,value,speed,drivers,surname,Speed,1,
867,5,value,max,drivers,forename,Max,4,
868,1,value,malaysian grand prix,races,name,Malaysian Grand Prix,19,
868,2,value,malaysian,constructors,nationality,Malaysian,2,
868,3,value,malaysian,drivers,nationality,Malaysian,1,
868,4,contains,grand,races,name,Abu Dhabi Grand Prix,41,
869,1,value,max,drivers,forename,Max,4,
869,2,contains,constructor,constructors,url,http://en.wikipedia.org/wiki/Adams_(constructor),21,
870,1,value,lucas,drivers,forename,Luca,1,
870,2,value,lucas,drivers,driverRef,lucas,1,
870,3,value,lucas,drivers,forename,Lucas,1,
870,4,value,lucas,drivers,surname,Lucas,1,
870,5,value,345,lapTimes,raceId,345,1251,
870,6,value,345,driverStandings,driverId,345,71,id number identifying which drivers
870,7,value,345,results,driverId,345,54,
870,8,value,345,driverStandings,raceId,345,24,constructor Reference name
871,1,value,driver,drivers,driverRef,driver,1,
871,2,value,driver,drivers,surname,Driver,1,
871,3,value,347,lapTimes,raceId,347,1382,
871,4,value,347,driverStandings,driverId,347,138,id number identifying which drivers
871,5,value,347,results,driverId,347,109,the identification number identifying the driver
871,6,value,347,driverStandings,raceId,347,25,constructor Reference name
871,7,value,347,qualifying,raceId,347,24,
871,8,value,347,results,raceId,347,24,the identification number identifying the race
872,1,value,driver,drivers,driverRef,driver,1,
872,2,value,driver,drivers,surname,Driver,1,
872,3,value,01,lapTimes,position,1,23911,
872,4,value,01,lapTimes,driverId,1,11340,the identification number identifying each driver
872,5,value,01,lapTimes,lap,1,8022,
872,6,value,01,results,statusId,1,5966,
872,7,value,01,pitStops,stop,1,2680,
872,8,value,01,driverStandings,wins,1,1898,
873,1,value,mclaren,constructors,constructorRef,mclaren,1,
873,2,value,mclaren,constructors,name,McLaren,1,
873,3,value,mclaren,drivers,driverRef,mclaren,1,
873,4,value,mclaren,drivers,surname,McLaren,1,
873,5,value,bruce,drivers,forename,Bruce,4,
874,1,value,san marino grand prix,races,name,San Marino Grand Prix,26,
874,2,value,finished,status,status,Finished,1,
874,3,value,2006,races,year,2006,18,
874,4,contains,grand,races,name,Abu Dhabi Grand Prix,41,
875,1,value,901,lapTimes,raceId,901,980,
875,2,value,901,pitStops,raceId,901,55,
875,3,value,901,driverStandings,raceId,901,22,
875,4,value,901,qualifying,raceId,901,22,
875,5,value,901,results,raceId,901,22,
875,6,value,901,constructorResults,raceId,901,11,
876,1,value,drivers,drivers,driverRef,driver,1,
876,2,value,drivers,drivers,surname,Driver,1,
877,1,value,finished,status,status,Finished,1,
877,2,value,drivers,drivers,driverRef,driver,1,
877,3,value,drivers,drivers,surname,Driver,1,
877,4,value,872,lapTimes,raceId,872,1189,
877,5,value,872,pitStops,raceId,872,31,
877,6,value,872,driverStandings,raceId,872,25,
877,7,value,872,results,raceId,872,24,
877,8,value,872,qualifying,raceId,872,23,
878,1,value,driver,drivers,driverRef,driver,1,
878,2,value,driver,drivers,surname,Driver,1,
878,3,value,348,lapTimes,raceId,348,1379,
878,4,value,348,driverStandings,raceId,348,25,
878,5,value,348,qualifying,raceId,348,24,
878,6,value,348,results,raceId,348,24,
878,7,value,348,constructorResults,raceId,348,12,
878,8,value,348,constructorStandings,raceId,348,12,
879,1,value,driver,drivers,driverRef,driver,1,
879,2,value,driver,drivers,surname,Driver,1,
879,3,value,speed,drivers,driverRef,speed,1,
879,4,value,speed,drivers,surname,Speed,1,
879,5,value,max,drivers,forename,Max,4,
880,1,value,di resta,drivers,surname,di Resta,1,
880,2,value,driver,drivers,driverRef,driver,1,
880,3,value,driver,drivers,surname,Driver,1,
880,4,value,resta,drivers,driverRef,resta,1,
880,5,value,speed,drivers,driverRef,speed,1,
880,6,value,speed,drivers,surname,Speed,1,
880,7,value,paul,drivers,forename,Paul,9,
880,8,value,100,lapTimes,raceId,100,1084,
881,1,value,1983-07-16,races,date,1983-07-16,1,
881,2,value,drivers,drivers,driverRef,driver,1,
881,3,value,drivers,drivers,surname,Driver,1,
882,1,value,singapore grand prix,races,name,Singapore Grand Prix,10,
882,2,value,singapore,circuits,country,Singapore,1,
882,3,contains,grand,races,name,Abu Dhabi Grand Prix,41,
883,1,value,2005,races,year,2005,19,
885,1,value,1999,races,year,1999,16,
885,2,value,1999,seasons,year,1999,1,
885,3,value,max,drivers,forename,Max,4,
886,1,value,max,drivers,forename,Max,4,
887,1,value,2000,races,year,2000,17,
887,2,value,2000,seasons,year,2000,1,
887,3,value,2017,races,year,2017,20,
887,4,value,2017,seasons,year,2017,1,
888,1,value,european grand prix,races,name,European Grand Prix,23,
888,2,contains,circuit,circuits,name,Adelaide Street Circuit,32,
888,3,contains,grand,races,name,Abu Dhabi Grand Prix,41,
889,1,value,british grand prix,races,name,British Grand Prix,68,
889,2,value,brands hatch,circuits,name,Brands Hatch,1,
889,3,value,british,drivers,nationality,British,162,
889,4,value,british,constructors,nationality,British,85,
889,5,value,max,drivers,forename,Max,4,
889,6,contains,grand,races,name,Abu Dhabi Grand Prix,41,
890,1,value,silverstone circuit,circuits,name,Silverstone Circuit,1,
890,2,value,british grand prix,races,name,British Grand Prix,68,
890,3,value,silverstone,circuits,circuitRef,silverstone,1,
890,4,value,silverstone,circuits,location,Silverstone,1,
890,5,value,british,drivers,nationality,British,162,
890,6,value,british,constructors,nationality,British,85,
890,7,contains,circuit,circuits,name,Adelaide Street Circuit,32,
890,8,contains,united,races,name,United States Grand Prix,2,
891,1,value,singapore grand prix,races,name,Singapore Grand Prix,10,
891,2,value,singapore,circuits,country,Singapore,1,
891,3,value,drivers,drivers,driverRef,driver,1,
891,4,value,drivers,drivers,surname,Driver,1,
891,5,value,2010,races,year,2010,19,
892,1,value,driver,drivers,driverRef,driver,1,
892,2,value,driver,drivers,surname,Driver,1,
892,3,value,max,drivers,forename,Max,4,
893,1,value,chinese grand prix,races,name,Chinese Grand Prix,14,
893,2,value,drivers,drivers,driverRef,driver,1,
893,3,value,drivers,drivers,surname,Driver,1,
893,4,value,2017,races,year,2017,20,
894,1,value,driver,drivers,driverRef,driver,1,
894,2,value,driver,drivers,surname,Driver,1,
895,1,value,malaysian grand prix,races,name,Malaysian Grand Prix,19,
895,2,value,malaysian,constructors,nationality,Malaysian,2,
895,3,value,malaysian,drivers,nationality,Malaysian,1,
895,4,value,hamilton,drivers,surname,Hamilton,2,
895,5,value,hamilton,drivers,driverRef,hamilton,1,
895,6,value,driver,drivers,driverRef,driver,1,
895,7,value,driver,drivers,surname,Driver,1,
895,8,value,lewis,drivers,driverRef,lewis,1,
896,1,value,hamilton,drivers,surname,Hamilton,2,
896,2,value,hamilton,drivers,driverRef,hamilton,1,
896,3,value,2010,races,year,2010,19,
896,4,value,2010,seasons,year,2010,1,
896,5,contains,circuit,circuits,name,Adelaide Street Circuit,32,
896,6,contains,track,status,status,Track rod,1,
897,1,value,driver,drivers,driverRef,driver,1,
897,2,value,driver,drivers,surname,Driver,1,
897,3,value,wins,drivers,code,WIN,1,
897,4,value,max,drivers,forename,Max,4,
898,1,value,japanese,drivers,nationality,Japanese,19,
898,2,value,japanese,constructors,nationality,Japanese,5,
898,3,value,driver,drivers,driverRef,driver,1,
898,4,value,driver,drivers,surname,Driver,1,
899,1,value,1990,races,year,1990,16,
899,2,value,1990,seasons,year,1990,1,
899,3,value,2000,races,year,2000,17,
900,1,value,2006,races,year,2006,18,
900,2,value,usa,circuits,country,USA,11,
900,3,contains,circuits,circuits,name,Adelaide Street Circuit,32,
901,1,value,2005,races,year,2005,19,
901,2,contains,circuit,circuits,name,Adelaide Street Circuit,32,
902,1,value,driver,drivers,driverRef,driver,1,
902,2,value,driver,drivers,surname,Driver,1,
902,3,value,yoong,drivers,driverRef,yoong,1,
902,4,value,yoong,drivers,surname,Yoong,1,
902,5,value,alex,drivers,forename,Alex,5,
902,6,value,10,lapTimes,position,10,23249,
902,7,value,10,lapTimes,lap,10,7647,
902,8,value,10,lapTimes,driverId,10,4749,the identification number identifying each driver
903,1,value,sepang international circuit,circuits,name,Sepang International Circuit,1,
903,2,value,schumacher,drivers,surname,Schumacher,2,
903,3,value,michael,drivers,forename,Michael,5,
903,4,value,sepang,circuits,circuitRef,sepang,1,
903,5,value,max,drivers,forename,Max,4,
903,6,value,win,drivers,code,WIN,1,
903,7,contains,international,circuits,name,Bahrain International Circuit,9,
903,8,contains,circuit,circuits,name,Adelaide Street Circuit,32,
904,1,value,schumacher,drivers,surname,Schumacher,2,
904,2,value,michael,drivers,forename,Michael,5,
904,3,value,driver,drivers,driverRef,driver,1,
904,4,value,driver,drivers,surname,Driver,1,
904,5,value,yoong,drivers,driverRef,yoong,1,
904,6,value,yoong,drivers,surname,Yoong,1,
904,7,value,alex,drivers,forename,Alex,5,
905,1,value,eddie,drivers,forename,Eddie,6,
905,2,value,2000,races,year,2000,17,
905,3,value,2000,seasons,year,2000,1,
906,1,value,hamilton,drivers,surname,Hamilton,2,
906,2,value,hamilton,drivers,driverRef,hamilton,1,
906,3,value,driver,drivers,driverRef,driver,1,
906,4,value,driver,drivers,surname,Driver,1,
906,5,value,lewis,drivers,driverRef,lewis,1,
906,6,value,lewis,drivers,forename,Lewis,1,
906,7,value,lewis,drivers,surname,Lewis,1,
907,1,value,2017,races,year,2017,20,
908,1,contains,circuit,circuits,name,Adelaide Street Circuit,32,
908,2,contains,laps,status,status,+1 Lap,1,
909,1,value,european grand prix,races,name,European Grand Prix,23,
909,2,value,germany,circuits,country,Germany,3,
909,3,value,100,lapTimes,raceId,100,1084,
909,4,value,100,driverStandings,driverId,100,63,id number identifying which drivers
909,5,value,100,results,driverId,100,63,the identification number identifying the driver
909,6,value,100,results,laps,100,47,lap number
909,7,value,100,driverStandings,raceId,100,22,constructor Reference name
909,8,value,100,qualifying,raceId,100,20,
910,1,value,silverstone circuit,circuits,name,Silverstone Circuit,1,
910,2,value,silverstone,circuits,circuitRef,silverstone,1,
910,3,value,silverstone,circuits,location,Silverstone,1,
910,4,contains,circuit,circuits,name,Adelaide Street Circuit,32,
911,1,value,silverstone circuit,circuits,name,Silverstone Circuit,1,
911,2,value,hockenheimring,circuits,circuitRef,hockenheimring,1,
911,3,value,hockenheimring,circuits,name,Hockenheimring,1,
911,4,value,hungaroring,circuits,circuitRef,hungaroring,1,
911,5,value,hungaroring,circuits,name,Hungaroring,1,
911,6,value,silverstone,circuits,circuitRef,silverstone,1,
911,7,value,silverstone,circuits,location,Silverstone,1,
911,8,value,max,drivers,forename,Max,4,
912,1,value,marina bay street circuit,circuits,name,Marina Bay Street Circuit,1,
912,2,value,marina bay,circuits,location,Marina Bay,1,
912,3,contains,circuit,circuits,name,Adelaide Street Circuit,32,
913,1,value,max,drivers,forename,Max,4,
913,2,contains,circuit,circuits,name,Adelaide Street Circuit,32,
914,1,value,drivers,drivers,driverRef,driver,1,
914,2,value,drivers,drivers,surname,Driver,1,
915,1,value,driver,drivers,driverRef,driver,1,
915,2,value,driver,drivers,surname,Driver,1,
916,1,value,drivers,drivers,driverRef,driver,1,
916,2,value,drivers,drivers,surname,Driver,1,
916,3,value,italian,drivers,nationality,Italian,99,
916,4,value,italian,constructors,nationality,Italian,29,
917,1,value,davidson,drivers,driverRef,davidson,1,
917,2,value,davidson,drivers,surname,Davidson,1,
917,3,value,anthony,drivers,forename,Anthony,2,
918,1,value,lewis,drivers,driverRef,lewis,1,
918,2,value,lewis,drivers,forename,Lewis,1,
918,3,value,lewis,drivers,surname,Lewis,1,
919,1,value,spanish grand prix,races,name,Spanish Grand Prix,47,
919,2,value,spanish,drivers,nationality,Spanish,15,
919,3,value,2009,races,year,2009,17,
920,1,value,silverstone circuit,circuits,name,Silverstone Circuit,1,
920,2,value,silverstone,circuits,circuitRef,silverstone,1,
920,3,value,silverstone,circuits,location,Silverstone,1,
920,4,contains,formula_1,drivers,url,http://en.wikipedia.org/wiki/Alan_Jones_(Formula_1),1,
920,5,contains,circuit,circuits,name,Adelaide Street Circuit,32,
921,1,value,silverstone circuit,circuits,name,Silverstone Circuit,1,
921,2,value,silverstone,circuits,circuitRef,silverstone,1,
921,3,value,silverstone,circuits,location,Silverstone,1,
921,4,contains,formula_1,drivers,url,http://en.wikipedia.org/wiki/Alan_Jones_(Formula_1),1,
921,5,contains,circuit,circuits,name,Adelaide Street Circuit,32,
922,1,value,abu dhabi,circuits,location,Abu Dhabi,1,
922,2,contains,formula_1,drivers,url,http://en.wikipedia.org/wiki/Alan_Jones_(Formula_1),1,
922,3,contains,circuit,circuits,name,Adelaide Street Circuit,32,
923,1,value,italy,circuits,country,Italy,3,
923,2,contains,formula_1,drivers,url,http://en.wikipedia.org/wiki/Alan_Jones_(Formula_1),1,
923,3,contains,circuits,circuits,name,Adelaide Street Circuit,32,
924,1,contains,barcelona-catalunya,circuits,name,Circuit de Barcelona-Catalunya,1,
924,2,contains,formula_1,drivers,url,http://en.wikipedia.org/wiki/Alan_Jones_(Formula_1),1,
925,1,value,spanish grand prix,races,name,Spanish Grand Prix,47,
925,2,value,spanish,drivers,nationality,Spanish,15,
925,3,value,2009,races,year,2009,17,
926,1,value,hamilton,drivers,surname,Hamilton,2,
926,2,value,hamilton,drivers,driverRef,hamilton,1,
926,3,value,lewis,drivers,driverRef,lewis,1,
926,4,value,lewis,drivers,forename,Lewis,1,
926,5,value,lewis,drivers,surname,Lewis,1,
927,1,value,driver,drivers,driverRef,driver,1,
927,2,value,driver,drivers,surname,Driver,1,
927,3,value,speed,drivers,driverRef,speed,1,
927,4,value,speed,drivers,surname,Speed,1,
927,5,contains,formula_1,drivers,url,http://en.wikipedia.org/wiki/Alan_Jones_(Formula_1),1,
928,1,value,canadian grand prix,races,name,Canadian Grand Prix,48,
928,2,value,canadian,drivers,nationality,Canadian,13,
928,3,value,canadian,constructors,nationality,Canadian,2,
928,4,value,driver,drivers,driverRef,driver,1,
928,5,value,driver,drivers,surname,Driver,1,
928,6,value,2007,races,year,2007,17,
929,1,value,hamilton,drivers,surname,Hamilton,2,
929,2,value,hamilton,drivers,driverRef,hamilton,1,
929,3,value,lewis,drivers,driverRef,lewis,1,
929,4,value,lewis,drivers,forename,Lewis,1,
929,5,value,lewis,drivers,surname,Lewis,1,
929,6,contains,formula_1,drivers,url,http://en.wikipedia.org/wiki/Alan_Jones_(Formula_1),1,
930,1,value,hamilton,drivers,surname,Hamilton,2,
930,2,value,hamilton,drivers,driverRef,hamilton,1,
930,3,value,driver,drivers,driverRef,driver,1,
930,4,value,driver,drivers,surname,Driver,1,
930,5,value,lewis,drivers,driverRef,lewis,1,
930,6,value,lewis,drivers,forename,Lewis,1,
930,7,value,lewis,drivers,surname,Lewis,1,
930,8,contains,formula_1,drivers,url,http://en.wikipedia.org/wiki/Alan_Jones_(Formula_1),1,
931,1,value,spanish grand prix,races,name,Spanish Grand Prix,47,
931,2,value,drivers,drivers,driverRef,driver,1,
931,3,value,drivers,drivers,surname,Driver,1,
931,4,value,spanish,drivers,nationality,Spanish,15,
931,5,value,speed,drivers,driverRef,speed,1,
931,6,value,speed,drivers,surname,Speed,1,
931,7,value,2009,races,year,2009,17,
931,8,value,max,drivers,forename,Max,4,
932,1,value,hamilton,drivers,surname,Hamilton,2,
932,2,value,hamilton,drivers,driverRef,hamilton,1,
932,3,value,lewis,drivers,driverRef,lewis,1,
932,4,value,lewis,drivers,forename,Lewis,1,
932,5,value,lewis,drivers,surname,Lewis,1,
932,6,contains,formula_1,drivers,url,http://en.wikipedia.org/wiki/Alan_Jones_(Formula_1),1,
933,1,value,chinese grand prix,races,name,Chinese Grand Prix,14,
933,2,value,hamilton,drivers,surname,Hamilton,2,
933,3,value,hamilton,drivers,driverRef,hamilton,1,
933,4,value,driver,drivers,driverRef,driver,1,
933,5,value,driver,drivers,surname,Driver,1,
933,6,value,lewis,drivers,driverRef,lewis,1,
933,7,value,lewis,drivers,forename,Lewis,1,
933,8,value,lewis,drivers,surname,Lewis,1,
934,1,value,australian grand prix,races,name,Australian Grand Prix,33,
934,2,value,australian,drivers,nationality,Australian,17,
934,3,value,driver,drivers,driverRef,driver,1,
934,4,value,driver,drivers,surname,Driver,1,
934,5,contains,grand,races,name,Abu Dhabi Grand Prix,41,
935,1,value,australian grand prix,races,name,Australian Grand Prix,33,
935,2,value,australian,drivers,nationality,Australian,17,
935,3,value,drivers,drivers,driverRef,driver,1,
935,4,value,drivers,drivers,surname,Driver,1,
935,5,value,2008,races,year,2008,18,
936,1,value,australian grand prix,races,name,Australian Grand Prix,33,
936,2,value,australian,drivers,nationality,Australian,17,
936,3,value,hamilton,drivers,surname,Hamilton,2,
936,4,value,hamilton,drivers,driverRef,hamilton,1,
936,5,value,lewis,drivers,driverRef,lewis,1,
936,6,value,lewis,drivers,forename,Lewis,1,
936,7,value,lewis,drivers,surname,Lewis,1,
936,8,value,2008,races,year,2008,18,
937,1,value,chinese grand prix,races,name,Chinese Grand Prix,14,
937,2,value,driver,drivers,driverRef,driver,1,
937,3,value,driver,drivers,surname,Driver,1,
937,4,contains,grand,races,name,Abu Dhabi Grand Prix,41,
938,1,value,australian grand prix,races,name,Australian Grand Prix,33,
938,2,value,australian,drivers,nationality,Australian,17,
938,3,value,finished,status,status,Finished,1,
938,4,contains,grand,races,name,Abu Dhabi Grand Prix,41,
939,1,value,australian grand prix,races,name,Australian Grand Prix,33,
939,2,value,australian,drivers,nationality,Australian,17,
939,3,value,british,drivers,nationality,British,162,
939,4,value,british,constructors,nationality,British,85,
939,5,value,drivers,drivers,driverRef,driver,1,
939,6,value,drivers,drivers,surname,Driver,1,
939,7,value,2008,races,year,2008,18,
940,1,value,chinese grand prix,races,name,Chinese Grand Prix,14,
940,2,value,finished,status,status,Finished,1,
940,3,value,drivers,drivers,driverRef,driver,1,
940,4,value,drivers,drivers,surname,Driver,1,
940,5,value,2008,races,year,2008,18,
941,1,value,hamilton,drivers,surname,Hamilton,2,
941,2,value,hamilton,drivers,driverRef,hamilton,1,
941,3,value,lewis,drivers,driverRef,lewis,1,
941,4,value,lewis,drivers,forename,Lewis,1,
941,5,value,lewis,drivers,surname,Lewis,1,
941,6,contains,formula_1,drivers,url,http://en.wikipedia.org/wiki/Alan_Jones_(Formula_1),1,
942,1,value,hamilton,drivers,surname,Hamilton,2,
942,2,value,hamilton,drivers,driverRef,hamilton,1,
942,3,value,lewis,drivers,driverRef,lewis,1,
942,4,value,lewis,drivers,forename,Lewis,1,
942,5,value,lewis,drivers,surname,Lewis,1,
942,6,contains,formula_1,drivers,url,http://en.wikipedia.org/wiki/Alan_Jones_(Formula_1),1,
943,1,value,australian grand prix,races,name,Australian Grand Prix,33,
943,2,value,australian,drivers,nationality,Australian,17,
943,3,value,drivers,drivers,driverRef,driver,1,
943,4,value,drivers,drivers,surname,Driver,1,
943,5,value,2008,races,year,2008,18,
944,1,value,australian grand prix,races,name,Australian Grand Prix,33,
944,2,value,australian,drivers,nationality,Australian,17,
944,3,value,finished,status,status,Finished,1,
944,4,value,driver,drivers,driverRef,driver,1,
944,5,value,driver,drivers,surname,Driver,1,
944,6,value,2008,races,year,2008,18,
944,7,value,100,lapTimes,raceId,100,1084,
944,8,value,100,driverStandings,driverId,100,63,
945,1,value,australia,circuits,country,Australia,1,
945,2,value,adelaide,circuits,circuitRef,adelaide,1,
945,3,value,adelaide,circuits,location,Adelaide,1,
945,4,contains,circuits,circuits,name,Adelaide Street Circuit,32,
946,1,value,usa,circuits,country,USA,11,
946,2,contains,circuits,circuits,name,Adelaide Street Circuit,32,
947,1,value,british,drivers,nationality,British,162,
947,2,value,british,constructors,nationality,British,85,
947,3,value,drivers,drivers,driverRef,driver,1,
947,4,value,drivers,drivers,surname,Driver,1,
947,5,value,1980,races,year,1980,14,
948,1,value,british,drivers,nationality,British,162,
948,2,value,british,constructors,nationality,British,85,
948,3,value,max,drivers,forename,Max,4,
948,4,contains,constructors,constructors,url,http://en.wikipedia.org/wiki/Adams_(constructor),21,
949,1,contains,constructor,constructors,url,http://en.wikipedia.org/wiki/Adams_(constructor),21,
950,1,value,291,results,raceId,291,30,
950,2,value,291,driverStandings,raceId,291,20,constructor Reference name
950,3,value,291,constructorResults,raceId,291,15,
950,4,value,291,constructorStandings,raceId,291,13,
950,5,value,291,driverStandings,driverId,291,12,id number identifying which drivers
950,6,contains,constructor,constructors,url,http://en.wikipedia.org/wiki/Adams_(constructor),21,
951,1,value,japanese,drivers,nationality,Japanese,19,
951,2,value,japanese,constructors,nationality,Japanese,5,
951,3,contains,constructors,constructors,url,http://en.wikipedia.org/wiki/Adams_(constructor),21,
952,1,contains,constructors,constructors,url,http://en.wikipedia.org/wiki/Adams_(constructor),21,
953,1,value,french,drivers,nationality,French,72,
953,2,value,french,constructors,nationality,French,12,
953,3,value,50,lapTimes,lap,50,5822,
953,4,value,50,lapTimes,driverId,50,3987,the identification number identifying each driver
953,5,value,50,lapTimes,raceId,50,1307,the identification number identifying race
953,6,value,50,results,laps,50,242,lap number
953,7,value,50,results,fastestLap,50,173,
953,8,value,50,driverStandings,driverId,50,118,
954,1,value,japanese,drivers,nationality,Japanese,19,
954,2,value,japanese,constructors,nationality,Japanese,5,
954,3,value,drivers,drivers,driverRef,driver,1,
954,4,value,drivers,drivers,surname,Driver,1,
954,5,value,2007,races,year,2007,17,
954,6,value,2009,races,year,2009,17,
954,7,value,100,lapTimes,raceId,100,1084,
954,8,value,100,driverStandings,driverId,100,63,
955,1,value,finished,status,status,Finished,1,
955,2,value,1975,races,year,1975,14,
955,3,value,1975,seasons,year,1975,1,
956,1,value,drivers,drivers,driverRef,driver,1,
956,2,value,drivers,drivers,surname,Driver,1,
956,3,value,1975,races,year,1975,14,
957,1,value,finished,status,status,Finished,1,
957,2,value,drivers,drivers,driverRef,driver,1,
957,3,value,drivers,drivers,surname,Driver,1,
957,4,value,italian,drivers,nationality,Italian,99,
957,5,value,italian,constructors,nationality,Italian,29,
958,1,value,driver,drivers,driverRef,driver,1,
958,2,value,driver,drivers,surname,Driver,1,
959,1,value,2009,races,year,2009,17,
959,2,value,2009,seasons,year,2009,1,
960,1,value,spanish grand prix,races,name,Spanish Grand Prix,47,
960,2,value,spanish,drivers,nationality,Spanish,15,
960,3,value,speed,drivers,driverRef,speed,1,
960,4,value,speed,drivers,surname,Speed,1,
960,5,value,2009,races,year,2009,17,
962,1,value,drivers,drivers,driverRef,driver,1,
962,2,value,drivers,drivers,surname,Driver,1,
962,3,value,1985,races,year,1985,16,
962,4,value,2000,races,year,2000,17,
962,5,value,2005,races,year,2005,19,
962,6,value,100,lapTimes,raceId,100,1084,
962,7,value,100,driverStandings,driverId,100,63,
962,8,value,100,results,driverId,100,63,
963,1,value,drivers,drivers,driverRef,driver,1,
963,2,value,drivers,drivers,surname,Driver,1,
963,3,value,french,drivers,nationality,French,72,
963,4,value,french,constructors,nationality,French,12,
963,5,value,120,lapTimes,raceId,120,1114,
963,6,value,120,driverStandings,driverId,120,28,id number identifying which drivers
963,7,value,120,driverStandings,raceId,120,21,constructor Reference name
963,8,value,120,qualifying,raceId,120,20,
964,1,value,drivers,drivers,driverRef,driver,1,
964,2,value,drivers,drivers,surname,Driver,1,
965,1,value,2009,races,year,2009,17,
966,1,value,driver,drivers,driverRef,driver,1,
966,2,value,driver,drivers,surname,Driver,1,
966,3,value,18,lapTimes,driverId,18,16272,the identification number identifying each driver
966,4,value,18,lapTimes,position,18,13673,
966,5,value,18,lapTimes,lap,18,7392,
966,6,value,18,driverStandings,position,18,937,
966,7,value,18,driverStandings,positionText,18,937,
966,8,value,18,results,positionOrder,18,930,
967,1,value,drivers,drivers,driverRef,driver,1,
967,2,value,drivers,drivers,surname,Driver,1,
967,3,value,dutch,drivers,nationality,Dutch,17,
967,4,value,dutch,constructors,nationality,Dutch,3,
967,5,value,max,drivers,forename,Max,4,
967,6,contains,driver,drivers,url,http://en.wikipedia.org/wiki/Colin_Davis_(driver),17,
967,7,contains,driver,status,status,Driver Seat,2,
968,1,value,kubica,drivers,driverRef,kubica,1,
968,2,value,kubica,drivers,surname,Kubica,1,
968,3,value,robert,drivers,forename,Robert,5,
969,1,value,british,drivers,nationality,British,162,
969,2,value,british,constructors,nationality,British,85,
969,3,value,drivers,drivers,driverRef,driver,1,
969,4,value,drivers,drivers,surname,Driver,1,
969,5,value,1980,races,year,1980,14,
970,1,value,drivers,drivers,driverRef,driver,1,
970,2,value,drivers,drivers,surname,Driver,1,
970,3,value,german,drivers,nationality,German,49,
970,4,value,german,constructors,nationality,German,10,
970,5,value,1980,races,year,1980,14,
970,6,value,1990,races,year,1990,16,
971,1,value,driver,drivers,driverRef,driver,1,
971,2,value,driver,drivers,surname,Driver,1,
971,3,value,german,drivers,nationality,German,49,
971,4,value,german,constructors,nationality,German,10,
972,1,value,drivers,drivers,driverRef,driver,1,
972,2,value,drivers,drivers,surname,Driver,1,
972,3,value,1971,races,year,1971,11,
973,1,value,drivers,drivers,driverRef,driver,1,
973,2,value,drivers,drivers,surname,Driver,1,
973,3,value,spanish,drivers,nationality,Spanish,15,
973,4,value,1982,races,year,1982,16,
973,5,value,max,drivers,forename,Max,4,
973,6,value,10,lapTimes,position,10,23249,
973,7,value,10,lapTimes,lap,10,7647,
973,8,value,10,lapTimes,driverId,10,4749,the identification number identifying each driver
974,1,contains,racing,constructors,url,http://en.wikipedia.org/wiki/McLaren_(racing),1,
975,1,value,speed,drivers,driverRef,speed,1,
975,2,value,speed,drivers,surname,Speed,1,
975,3,value,max,drivers,forename,Max,4,
976,1,value,driver,drivers,driverRef,driver,1,
976,2,value,driver,drivers,surname,Driver,1,
977,1,value,disqualified,status,status,Disqualified,1,
977,2,value,100,lapTimes,raceId,100,1084,
977,3,value,100,driverStandings,driverId,100,63,id number identifying which drivers
977,4,value,100,results,driverId,100,63,the identification number identifying the driver
977,5,value,100,results,laps,100,47,lap number
977,6,value,100,driverStandings,raceId,100,22,constructor Reference name
977,7,value,100,qualifying,raceId,100,20,
977,8,value,50,lapTimes,lap,50,5822,
978,1,value,austria,circuits,country,Austria,3,
978,2,contains,circuits,circuits,name,Adelaide Street Circuit,32,
980,1,value,drivers,drivers,driverRef,driver,1,
980,2,value,drivers,drivers,surname,Driver,1,
980,3,value,23,lapTimes,driverId,23,9166,the identification number identifying each driver
980,4,value,23,lapTimes,lap,23,7220,
980,5,value,23,lapTimes,raceId,23,1279,the identification number identifying race
980,6,value,23,lapTimes,position,23,1116,
980,7,value,23,driverStandings,position,23,739,
980,8,value,23,driverStandings,positionText,23,739,
981,1,value,driver,drivers,driverRef,driver,1,
981,2,value,driver,drivers,surname,Driver,1,
982,1,value,american,drivers,nationality,American,157,
982,2,value,american,constructors,nationality,American,39,
982,3,value,puncture,status,status,Puncture,1,
982,4,value,drivers,drivers,driverRef,driver,1,
982,5,value,drivers,drivers,surname,Driver,1,
983,1,value,italian,drivers,nationality,Italian,99,
983,2,value,italian,constructors,nationality,Italian,29,
983,3,contains,constructor,constructors,url,http://en.wikipedia.org/wiki/Adams_(constructor),21,
984,1,value,wins,drivers,code,WIN,1,
984,2,contains,constructor,constructors,url,http://en.wikipedia.org/wiki/Adams_(constructor),21,
985,1,value,french grand prix,races,name,French Grand Prix,58,
985,2,value,drivers,drivers,driverRef,driver,1,
985,3,value,drivers,drivers,surname,Driver,1,
985,4,value,french,drivers,nationality,French,72,
985,5,value,french,constructors,nationality,French,12,
985,6,value,max,drivers,forename,Max,4,
985,7,contains,grand,races,name,Abu Dhabi Grand Prix,41,
987,1,value,united states grand prix,races,name,United States Grand Prix,39,
987,2,value,drivers,drivers,driverRef,driver,1,
987,3,value,drivers,drivers,surname,Driver,1,
987,4,value,2006,races,year,2006,18,
987,5,value,10,lapTimes,position,10,23249,
987,6,value,10,lapTimes,lap,10,7647,
987,7,value,10,lapTimes,driverId,10,4749,the identification number identifying each driver
987,8,value,10,lapTimes,raceId,10,1162,the identification number identifying race
988,1,value,drivers,drivers,driverRef,driver,1,
988,2,value,drivers,drivers,surname,Driver,1,
988,3,value,german,drivers,nationality,German,49,
988,4,value,german,constructors,nationality,German,10,
988,5,value,1980,races,year,1980,14,
988,6,value,1985,races,year,1985,16,
989,1,value,canadian grand prix,races,name,Canadian Grand Prix,48,
989,2,value,canadian,drivers,nationality,Canadian,13,
989,3,value,canadian,constructors,nationality,Canadian,2,
989,4,value,2008,races,year,2008,18,
990,1,value,singapore grand prix,races,name,Singapore Grand Prix,10,
990,2,value,singapore,circuits,country,Singapore,1,
990,3,value,2009,races,year,2009,17,
990,4,value,max,drivers,forename,Max,4,
991,1,value,austrian,drivers,nationality,Austrian,15,
991,2,value,drivers,drivers,driverRef,driver,1,
991,3,value,drivers,drivers,surname,Driver,1,
991,4,value,1981,races,year,1981,15,
991,5,value,1991,races,year,1991,16,
992,1,value,drivers,drivers,driverRef,driver,1,
992,2,value,drivers,drivers,surname,Driver,1,
992,3,value,german,drivers,nationality,German,49,
992,4,value,german,constructors,nationality,German,10,
992,5,value,1971,races,year,1971,11,
992,6,value,1985,races,year,1985,16,
993,1,value,hungaroring,circuits,circuitRef,hungaroring,1,
993,2,value,hungaroring,circuits,name,Hungaroring,1,
993,3,contains,circuit,circuits,name,Adelaide Street Circuit,32,
994,1,value,monaco grand prix,races,name,Monaco Grand Prix,64,
994,2,value,monaco,circuits,circuitRef,monaco,1,
994,3,value,monaco,circuits,country,Monaco,1,
994,4,value,1980,races,year,1980,14,
994,5,value,2010,races,year,2010,19,
995,1,value,turkish grand prix,races,name,Turkish Grand Prix,7,
995,2,value,hamilton,drivers,surname,Hamilton,2,
995,3,value,hamilton,drivers,driverRef,hamilton,1,
995,4,value,lewis,drivers,driverRef,lewis,1,
995,5,value,lewis,drivers,forename,Lewis,1,
995,6,value,lewis,drivers,surname,Lewis,1,
995,7,contains,grand,races,name,Abu Dhabi Grand Prix,41,
996,1,value,10,lapTimes,position,10,23249,
996,2,value,10,lapTimes,lap,10,7647,
996,3,value,10,lapTimes,driverId,10,4749,the identification number identifying each driver
996,4,value,10,lapTimes,raceId,10,1162,the identification number identifying race
996,5,value,10,results,grid,10,977,
996,6,value,10,results,positionOrder,10,975,the finishing order of positions
997,1,value,drivers,drivers,driverRef,driver,1,
997,2,value,drivers,drivers,surname,Driver,1,
997,3,value,max,drivers,forename,Max,4,
998,1,value,driver,drivers,driverRef,driver,1,
998,2,value,driver,drivers,surname,Driver,1,
998,3,value,wins,drivers,code,WIN,1,
999,1,value,speed,drivers,driverRef,speed,1,
999,2,value,speed,drivers,surname,Speed,1,
999,3,contains,racer,drivers,url,http://en.wikipedia.org/wiki/John_Taylor_(racer),1,
1000,1,value,max,drivers,forename,Max,4,
1001,1,value,marina bay street circuit,circuits,name,Marina Bay Street Circuit,1,
1001,2,value,marina bay,circuits,location,Marina Bay,1,
1001,3,value,2008,races,year,2008,18,
1001,4,contains,circuit,circuits,name,Adelaide Street Circuit,32,
1001,5,contains,racer,drivers,url,http://en.wikipedia.org/wiki/John_Taylor_(racer),1,
1002,1,value,max,drivers,forename,Max,4,
1002,2,contains,racer,drivers,url,http://en.wikipedia.org/wiki/John_Taylor_(racer),1,
1003,1,value,canadian grand prix,races,name,Canadian Grand Prix,48,
1003,2,value,accidents,status,status,Accident,1,
1003,3,value,canadian,drivers,nationality,Canadian,13,
1003,4,value,canadian,constructors,nationality,Canadian,2,
1003,5,value,driver,drivers,driverRef,driver,1,
1003,6,value,driver,drivers,surname,Driver,1,
1003,7,contains,grand,races,name,Abu Dhabi Grand Prix,41,
1004,1,value,wins,drivers,code,WIN,1,
1004,2,contains,racer,drivers,url,http://en.wikipedia.org/wiki/John_Taylor_(racer),1,
1005,1,value,driver,drivers,driverRef,driver,1,
1005,2,value,driver,drivers,surname,Driver,1,
1005,3,value,max,drivers,forename,Max,4,
1006,1,contains,circuits,circuits,name,Adelaide Street Circuit,32,
1007,1,value,hamilton,drivers,surname,Hamilton,2,
1007,2,value,hamilton,drivers,driverRef,hamilton,1,
1007,3,value,lewis,drivers,driverRef,lewis,1,
1007,4,value,lewis,drivers,forename,Lewis,1,
1007,5,value,lewis,drivers,surname,Lewis,1,
1007,6,value,max,drivers,forename,Max,4,
1008,1,value,australian grand prix,races,name,Australian Grand Prix,33,
1008,2,value,australian,drivers,nationality,Australian,17,
1008,3,value,hamilton,drivers,surname,Hamilton,2,
1008,4,value,hamilton,drivers,driverRef,hamilton,1,
1008,5,value,lewis,drivers,driverRef,lewis,1,
1008,6,value,lewis,drivers,forename,Lewis,1,
1008,7,value,lewis,drivers,surname,Lewis,1,
1008,8,value,2011,races,year,2011,19,
1009,1,value,australian grand prix,races,name,Australian Grand Prix,33,
1009,2,value,australian,drivers,nationality,Australian,17,
1009,3,value,driver,drivers,driverRef,driver,1,
1009,4,value,driver,drivers,surname,Driver,1,
1009,5,value,2011,races,year,2011,19,
1010,1,value,hamilton,drivers,surname,Hamilton,2,
1010,2,value,hamilton,drivers,driverRef,hamilton,1,
1010,3,value,lewis,drivers,driverRef,lewis,1,
1010,4,value,lewis,drivers,forename,Lewis,1,
1010,5,value,lewis,drivers,surname,Lewis,1,
1010,6,contains,formula_1,drivers,url,http://en.wikipedia.org/wiki/Alan_Jones_(Formula_1),1,
1011,1,value,driver,drivers,driverRef,driver,1,
1011,2,value,driver,drivers,surname,Driver,1,
1011,3,value,20,lapTimes,driverId,20,10410,the identification number identifying each driver
1011,4,value,20,lapTimes,position,20,7709,
1011,5,value,20,lapTimes,lap,20,7314,
1011,6,value,20,lapTimes,raceId,20,1133,the identification number identifying race
1011,7,value,20,driverStandings,position,20,919,
1011,8,value,20,driverStandings,positionText,20,919,
1012,1,value,lewis,drivers,driverRef,lewis,1,
1012,2,value,lewis,drivers,forename,Lewis,1,
1012,3,value,lewis,drivers,surname,Lewis,1,
1012,4,contains,formula_1,drivers,url,http://en.wikipedia.org/wiki/Alan_Jones_(Formula_1),1,
1012,5,contains,circuits,circuits,name,Adelaide Street Circuit,32,
1013,1,value,austrian grand prix,races,name,Austrian Grand Prix,30,
1013,2,value,austrian,drivers,nationality,Austrian,15,
1013,3,contains,circuit,circuits,name,Adelaide Street Circuit,32,
1013,4,contains,grand,races,name,Abu Dhabi Grand Prix,41,
1014,1,value,italy,circuits,country,Italy,3,
1014,2,contains,circuits,circuits,name,Adelaide Street Circuit,32,
1015,1,value,austrian grand prix,races,name,Austrian Grand Prix,30,
1015,2,value,austrian,drivers,nationality,Austrian,15,
1015,3,contains,formula_1,drivers,url,http://en.wikipedia.org/wiki/Alan_Jones_(Formula_1),1,
1015,4,contains,circuit,circuits,name,Adelaide Street Circuit,32,
1016,1,value,austrian grand prix,races,name,Austrian Grand Prix,30,
1016,2,value,austrian,drivers,nationality,Austrian,15,
1016,3,value,driver,drivers,driverRef,driver,1,
1016,4,value,driver,drivers,surname,Driver,1,
1016,5,contains,circuit,circuits,name,Adelaide Street Circuit,32,
1016,6,contains,grand,races,name,Abu Dhabi Grand Prix,41,
1017,1,contains,circuits,circuits,name,Adelaide Street Circuit,32,
1018,1,value,hamilton,drivers,surname,Hamilton,2,
1018,2,value,hamilton,drivers,driverRef,hamilton,1,
1018,3,value,lewis,drivers,driverRef,lewis,1,
1018,4,value,lewis,drivers,forename,Lewis,1,
1018,5,value,lewis,drivers,surname,Lewis,1,
1018,6,contains,formula_1,drivers,url,http://en.wikipedia.org/wiki/Alan_Jones_(Formula_1),1,
1019,1,value,italy,circuits,country,Italy,3,
1019,2,contains,circuits,circuits,name,Adelaide Street Circuit,32,
1022,1,contains,foot,Team,team_long_name,Grenoble Foot 38,1,
1023,1,value,low,Player_Attributes,defensive_work_rate,low,18432,the player's defensive work rate
1023,2,value,low,Player_Attributes,attacking_work_rate,low,8569,attacking work rate
1023,3,value,60,Player_Attributes,long_passing,60,5827,long passing
1023,4,value,60,Player_Attributes,heading_accuracy,60,5812,heading accuracy
1023,5,value,60,Player_Attributes,reactions,60,5602,
1023,6,value,60,Player_Attributes,crossing,60,5502,
1023,7,value,60,Player_Attributes,balance,60,5357,
1023,8,value,60,Player_Attributes,short_passing,60,5319,short passing
1025,1,value,2015/2016,Match,season,2015/2016,3326,
1025,2,value,2016,Player,id,2016,1,
1025,3,value,2016,Match,id,2016,1,
1025,4,contains,league,League,name,Belgium Jupiler League,4,
1025,5,contains,goals,Match,goal,<goal />,1,
1026,1,value,2015/2016,Match,season,2015/2016,3326,
1026,2,value,2016,Player,id,2016,1,
1026,3,value,2016,Match,id,2016,1,
1027,1,value,10,Player_Attributes,gk_diving,10,14896,goalkeep diving
1027,2,value,10,Player_Attributes,gk_reflexes,10,14026,goalkeep reflexes
1027,3,value,10,Match,home_player_Y10,10,13568,
1027,4,value,10,Match,home_player_Y11,10,13567,
1027,5,value,10,Player_Attributes,gk_handling,10,13403,goalkeep handling
1027,6,value,10,Player_Attributes,gk_kicking,10,13395,goalkeep kicking
1028,1,value,scotland premier league,League,name,Scotland Premier League,1,
1028,2,value,2009/2010,Match,season,2009/2010,3230,
1028,3,value,scotland,Country,name,Scotland,1,
1028,4,value,2010,Player,id,2010,1,
1028,5,value,2010,Match,id,2010,1,
1028,6,contains,premier,League,name,England Premier League,2,
1028,7,contains,league,League,name,Belgium Jupiler League,4,
1030,1,value,2015/2016,Match,season,2015/2016,3326,
1030,2,value,2016,Player,id,2016,1,
1030,3,value,2016,Match,id,2016,1,
1030,4,contains,league,League,name,Belgium Jupiler League,4,
1031,1,value,2013,Player,id,2013,1,
1031,2,value,2013,Team,team_fifa_api_id,2013,1,
1031,3,value,2013,Team_Attributes,team_fifa_api_id,2013,1,
1031,4,value,2013,Match,id,2013,1,
1031,5,value,2015,Player,id,2015,1,
1031,6,value,2015,Match,id,2015,1,
1031,7,value,97,Player_Attributes,acceleration,97,47,
1031,8,value,97,Player_Attributes,sprint_speed,97,24,sprint speed
1032,1,contains,league,League,name,Belgium Jupiler League,4,
1032,2,contains,said,Player,player_name,Said Benrahma,4,
1033,1,value,1990,Player,id,1990,1,
1033,2,value,1990,Match,id,1990,1,
1033,3,value,1995,Player,id,1995,1,
1033,4,value,1995,Match,id,1995,1,
1033,5,value,00,Match,away_team_goal,0,8687,away team goal
1033,6,value,00,Match,home_team_goal,0,5896,home team goal
1033,7,value,00,Player_Attributes,defensive_work_rate,0,197,
1033,8,value,00,Match,home_player_X1,0,11,
1034,1,value,2010,Player,id,2010,1,
1034,2,value,2010,Match,id,2010,1,
1035,1,value,50,Player_Attributes,penalties,50,4039,
1035,2,value,50,Player_Attributes,free_kick_accuracy,50,3410,free kick accuracy
1035,3,value,50,Player_Attributes,long_passing,50,3294,long passing
1035,4,value,50,Player_Attributes,heading_accuracy,50,3136,heading accuracy
1035,5,value,50,Player_Attributes,vision,50,3086,
1035,6,value,50,Player_Attributes,crossing,50,2928,
1035,7,value,60,Player_Attributes,long_passing,60,5827,long passing
1035,8,value,60,Player_Attributes,heading_accuracy,60,5812,heading accuracy
1036,1,value,2012,Player,id,2012,1,
1036,2,value,2012,Match,id,2012,1,
1036,3,value,long,Team_Attributes,buildUpPlayPassingClass,Long,94,
1037,1,value,1987,Player,id,1987,1,
1037,2,value,1987,Match,id,1987,1,
1037,3,value,1992,Player,id,1992,1,
1037,4,value,1992,Match,id,1992,1,
1037,5,value,left,Player_Attributes,preferred_foot,left,44733,
1037,6,value,100,Player,id,100,1,
1037,7,value,100,Team_Attributes,id,100,1,
1037,8,value,100,Match,id,100,1,
1038,1,contains,leagues,League,name,Belgium Jupiler League,4,
1038,2,contains,goals,Match,goal,<goal />,1,
1039,1,value,ahmed samir farag,Player,player_name,Ahmed Samir Farag,1,
1039,2,value,samir,Player,player_name,Samir,1,
1039,3,value,long,Team_Attributes,buildUpPlayPassingClass,Long,94,
1039,4,contains,ahmed,Player,player_name,Ahmed Ammi,13,
1039,5,contains,done,Player,player_name,Matt Done,1,
1040,1,value,180,Team_Attributes,team_fifa_api_id,180,2,team federation international football association api id
1040,2,value,180,Player,id,180,1,
1040,3,value,180,Team,team_fifa_api_id,180,1,
1040,4,value,180,Team_Attributes,id,180,1,
1040,5,value,180,Match,id,180,1,
1040,6,value,10,Player_Attributes,gk_diving,10,14896,goalkeep diving
1040,7,value,10,Player_Attributes,gk_reflexes,10,14026,goalkeep reflexes
1040,8,value,10,Match,home_player_Y10,10,13568,
1041,1,value,normal,Team_Attributes,defenceTeamWidthClass,Normal,1286,
1041,2,value,normal,Team_Attributes,chanceCreationPassingClass,Normal,1231,
1041,3,value,normal,Team_Attributes,chanceCreationShootingClass,Normal,1224,
1041,4,value,normal,Team_Attributes,chanceCreationCrossingClass,Normal,1195,
1041,5,value,normal,Team_Attributes,buildUpPlayDribblingClass,Normal,433,the dribbling class
1041,6,value,2014,Player,id,2014,1,
1041,7,value,2014,Match,id,2014,1,
1041,8,value,00,Match,away_team_goal,0,8687,
1042,1,value,2009/2010,Match,season,2009/2010,3230,
1042,2,contains,leagues,League,name,Belgium Jupiler League,4,
1042,3,contains,goals,Match,goal,<goal />,1,
1043,1,value,queens park rangers,Team,team_long_name,Queens Park Rangers,1,
1043,2,value,rangers,Team,team_long_name,Rangers,1,
1043,3,value,short,Team_Attributes,buildUpPlayPassingClass,Short,128,
1043,4,contains,park,Player,player_name,Chu-Young Park,4,
1044,1,value,1970,Player,id,1970,1,
1044,2,value,1970,Match,id,1970,1,
1044,3,value,10,Player_Attributes,gk_diving,10,14896,goalkeep diving
1044,4,value,10,Player_Attributes,gk_reflexes,10,14026,goalkeep reflexes
1044,5,value,10,Match,home_player_Y10,10,13568,
1044,6,value,10,Match,home_player_Y11,10,13567,
1044,7,value,10,Player_Attributes,gk_handling,10,13403,goalkeep handling
1044,8,value,10,Player_Attributes,gk_kicking,10,13395,goalkeep kicking
1045,1,value,franco zennaro,Player,player_name,Franco Zennaro,1,
1045,2,contains,franco,Player,player_name,Franco Brienza,13,
1046,1,value,ado den haag,Team,team_long_name,ADO Den Haag,1,
1046,2,value,den,Team,team_short_name,DEN,1,
1047,1,value,francois affolter,Player,player_name,Francois Affolter,1,
1047,2,value,00,Match,away_team_goal,0,8687,away team goal
1047,3,value,00,Match,home_team_goal,0,5896,home team goal
1047,4,value,00,Player_Attributes,defensive_work_rate,0,197,
1047,5,value,00,Match,home_player_X1,0,11,
1047,6,value,00,Match,home_player_X2,0,11,
1047,7,value,00,Match,home_player_Y1,0,11,
1047,8,contains,2014-09-18,Player_Attributes,date,2014-09-18 00:00:00,1,
1048,1,value,gabriel tamas,Player,player_name,Gabriel Tamas,1,
1048,2,value,gabriel,Player,player_name,Gabriel,2,
1048,3,value,2011,Player,id,2011,1,
1048,4,value,2011,Match,id,2011,1,
1049,1,value,scotland premier league,League,name,Scotland Premier League,1,
1049,2,value,2015/2016,Match,season,2015/2016,3326,
1049,3,value,scotland,Country,name,Scotland,1,
1049,4,contains,premier,League,name,England Premier League,2,
1049,5,contains,league,League,name,Belgium Jupiler League,4,
1050,1,contains,foot,Team,team_long_name,Grenoble Foot 38,1,
1052,1,value,left,Player_Attributes,preferred_foot,left,44733,
1052,2,value,130,Player,weight,130,10,
1052,3,contains,foot,Team,team_long_name,Grenoble Foot 38,1,
1053,1,value,risky,Team_Attributes,chanceCreationPassingClass,Risky,171,
1053,2,value,short,Team_Attributes,buildUpPlayPassingClass,Short,128,
1054,1,value,david wilson,Player,player_name,David Wilson,1,
1054,2,contains,wilson,Player,player_name,Barry Wilson,11,
1054,3,contains,david,Player,player_name,David Abdul,123,
1056,1,value,netherlands,Country,name,Netherlands,1,
1056,2,contains,league,League,name,Belgium Jupiler League,4,
1057,1,value,2010/2011,Match,season,2010/2011,3260,
1057,2,value,poland,Country,name,Poland,1,
1057,3,contains,goal,Match,goal,<goal />,1,
1059,1,value,180,Team_Attributes,team_fifa_api_id,180,2,team federation international football association api id
1059,2,value,180,Player,id,180,1,
1059,3,value,180,Team,team_fifa_api_id,180,1,
1059,4,value,180,Team_Attributes,id,180,1,
1059,5,value,180,Match,id,180,1,
1060,1,value,1990,Player,id,1990,1,
1060,2,value,1990,Match,id,1990,1,
1061,1,value,fast,Team_Attributes,buildUpPlaySpeedClass,Fast,172,
1061,2,value,170,Player,weight,170,551,
1061,3,contains,adam,Player,player_name,Adam Armstrong,46,
1062,1,value,2008,Player,id,2008,1,
1062,2,value,2008,Match,id,2008,1,
1062,3,value,2010,Player,id,2010,1,
1062,4,value,2010,Match,id,2010,1,
1062,5,value,80,Player_Attributes,potential,80,6896,
1062,6,value,80,Player_Attributes,jumping,80,4286,
1062,7,value,80,Player_Attributes,stamina,80,3931,
1062,8,value,80,Player_Attributes,strength,80,3391,
1063,1,contains,aaron,Player,player_name,Aaron Appindangoye,18,
1064,1,value,left,Player_Attributes,preferred_foot,left,44733,
1064,2,contains,foot,Team,team_long_name,Grenoble Foot 38,1,
1065,1,value,fast,Team_Attributes,buildUpPlaySpeedClass,Fast,172,
1066,1,value,clb,Team,team_short_name,CLB,1,
1067,1,value,short,Team_Attributes,buildUpPlayPassingClass,Short,128,
1067,2,value,70,Player_Attributes,overall_rating,70,10028,the overall rating of the player
1067,3,value,70,Player_Attributes,potential,70,9459,
1067,4,value,70,Player_Attributes,reactions,70,8431,
1067,5,value,70,Player_Attributes,jumping,70,8305,
1067,6,value,70,Player_Attributes,stamina,70,7265,
1067,7,value,70,Player_Attributes,balance,70,7116,
1068,1,value,2010,Player,id,2010,1,
1068,2,value,2010,Match,id,2010,1,
1068,3,value,2015,Player,id,2015,1,
1068,4,value,2015,Match,id,2015,1,
1068,5,value,170,Player,weight,170,551,
1070,1,value,italy serie a,League,name,Italy Serie A,1,
1070,2,value,italy,Country,name,Italy,1,
1070,3,contains,league,League,name,Belgium Jupiler League,4,
1071,1,value,short,Team_Attributes,buildUpPlayPassingClass,Short,128,
1071,2,value,31,Player_Attributes,free_kick_accuracy,31,2650,free kick accuracy
1071,3,value,31,Player_Attributes,standing_tackle,31,2457,standing tackle
1071,4,value,31,Player_Attributes,interceptions,31,2418,
1071,5,value,31,Player_Attributes,volleys,31,2320,
1071,6,value,31,Player_Attributes,finishing,31,2184,
1071,7,value,31,Player_Attributes,marking,31,2040,
1071,8,value,32,Player_Attributes,free_kick_accuracy,32,2754,
1072,1,value,aaron doran,Player,player_name,Aaron Doran,1,
1072,2,contains,aaron,Player,player_name,Aaron Appindangoye,18,
1073,1,value,germany,Country,name,Germany,1,
1073,2,value,2008,Player,id,2008,1,
1073,3,value,2008,Match,id,2008,1,
1073,4,contains,bundesliga,League,name,Germany 1. Bundesliga,1,
1073,5,contains,league,League,name,Belgium Jupiler League,4,
1074,1,value,short,Team_Attributes,buildUpPlayPassingClass,Short,128,
1074,2,value,10,Player_Attributes,gk_diving,10,14896,goalkeep diving
1074,3,value,10,Player_Attributes,gk_reflexes,10,14026,goalkeep reflexes
1074,4,value,10,Match,home_player_Y10,10,13568,
1074,5,value,10,Match,home_player_Y11,10,13567,
1074,6,value,10,Player_Attributes,gk_handling,10,13403,goalkeep handling
1074,7,value,10,Player_Attributes,gk_kicking,10,13395,goalkeep kicking
1074,8,contains,goal,Match,goal,<goal />,1,
1075,1,value,61,Player_Attributes,reactions,61,5949,
1075,2,value,61,Player_Attributes,long_passing,61,5478,long passing
1075,3,value,61,Player_Attributes,short_passing,61,5184,short passing
1075,4,value,61,Player_Attributes,overall_rating,61,5161,the overall rating of the player
1075,5,value,61,Player_Attributes,crossing,61,4900,
1075,6,value,61,Player_Attributes,jumping,61,4856,
1076,1,value,aaron appindangoye,Player,player_name,Aaron Appindangoye,1,
1076,2,value,abdou diallo,Player,player_name,Abdou Diallo,1,
1076,3,contains,ball,Player,player_name,Callum Ball,2,
1077,1,value,long,Team_Attributes,buildUpPlayPassingClass,Long,94,
1077,2,value,gen,Team,team_short_name,GEN,3,
1078,1,value,abdelaziz barrada,Player,player_name,Abdelaziz Barrada,1,
1078,2,value,aaron lennon,Player,player_name,Aaron Lennon,1,
1078,3,contains,aaron,Player,player_name,Aaron Appindangoye,18,
1080,1,value,left,Player_Attributes,preferred_foot,left,44733,
1080,2,value,low,Player_Attributes,defensive_work_rate,low,18432,the player's defensive work rate
1080,3,value,low,Player_Attributes,attacking_work_rate,low,8569,attacking work rate
1080,4,contains,foot,Team,team_long_name,Grenoble Foot 38,1,
1081,1,value,belgium jupiler league,League,name,Belgium Jupiler League,1,
1081,2,value,belgium,Country,name,Belgium,1,
1082,1,value,germany,Country,name,Germany,1,
1082,2,contains,leagues,League,name,Belgium Jupiler League,4,
1084,1,value,1986,Player,id,1986,1,
1084,2,value,1986,Match,id,1986,1,
1084,3,value,high,Player_Attributes,attacking_work_rate,high,42823,attacking work rate
1084,4,value,high,Player_Attributes,defensive_work_rate,high,27041,the player's defensive work rate
1084,5,value,high,Team_Attributes,defencePressureClass,High,61,
1085,1,value,ariel borysiuk,Player,player_name,Ariel Borysiuk,1,
1085,2,value,arouna kone,Player,player_name,Arouna Kone,1,
1085,3,value,alexis,Player,player_name,Alexis,1,
1085,4,contains,best,Player,player_name,Leon Best,1,
1086,1,value,ariel borysiuk,Player,player_name,Ariel Borysiuk,1,
1087,1,value,180,Team_Attributes,team_fifa_api_id,180,2,team federation international football association api id
1087,2,value,180,Player,id,180,1,
1087,3,value,180,Team,team_fifa_api_id,180,1,
1087,4,value,180,Team_Attributes,id,180,1,
1087,5,value,180,Match,id,180,1,
1087,6,value,70,Player_Attributes,overall_rating,70,10028,the overall rating of the player
1087,7,value,70,Player_Attributes,potential,70,9459,
1087,8,value,70,Player_Attributes,reactions,70,8431,
1088,1,value,70,Player_Attributes,overall_rating,70,10028,the overall rating of the player
1088,2,value,70,Player_Attributes,potential,70,9459,
1088,3,value,70,Player_Attributes,reactions,70,8431,
1088,4,value,70,Player_Attributes,jumping,70,8305,
1088,5,value,70,Player_Attributes,stamina,70,7265,
1088,6,value,70,Player_Attributes,balance,70,7116,
1089,1,value,2008/2009,Match,season,2008/2009,3326,
1089,2,value,belgium,Country,name,Belgium,1,
1090,1,value,long,Team_Attributes,buildUpPlayPassingClass,Long,94,
1091,1,value,belgium jupiler league,League,name,Belgium Jupiler League,1,
1091,2,value,belgium,Country,name,Belgium,1,
1091,3,value,2009,Player,id,2009,1,
1091,4,value,2009,Match,id,2009,1,
1092,1,value,2008/2009,Match,season,2008/2009,3326,
1092,2,contains,league,League,name,Belgium Jupiler League,4,
1093,1,value,1986,Player,id,1986,1,
1093,2,value,1986,Match,id,1986,1,
1094,1,value,ariel borysiuk,Player,player_name,Ariel Borysiuk,1,
1094,2,value,paulin puel,Player,player_name,Paulin Puel,1,
1094,3,value,100,Player,id,100,1,
1094,4,value,100,Team_Attributes,id,100,1,
1094,5,value,100,Match,id,100,1,
1094,6,contains,puel,Player,player_name,Gregoire Puel,2,
1095,1,value,heart of midlothian,Team,team_long_name,Heart of Midlothian,1,
1096,1,value,pietro marino,Player,player_name,Pietro Marino,1,
1096,2,contains,marino,Player,player_name,Diego Marino,3,
1096,3,contains,pietro,Player,player_name,Pietro Accardi,3,
1097,1,value,aaron lennox,Player,player_name,Aaron Lennox,1,
1097,2,contains,aaron,Player,player_name,Aaron Appindangoye,18,
1098,1,value,ajax,Team,team_long_name,Ajax,1,
1099,1,value,abdou diallo,Player,player_name,Abdou Diallo,1,
1099,2,contains,foot,Team,team_long_name,Grenoble Foot 38,1,
1100,1,value,dorlan pabon,Player,player_name,Dorlan Pabon,1,
1101,1,value,italy,Country,name,Italy,1,
1101,2,value,parma,Team,team_long_name,Parma,1,
1101,3,contains,goals,Match,goal,<goal />,1,
1102,1,value,77,Player_Attributes,potential,77,8947,
1102,2,value,77,Player_Attributes,acceleration,77,6151,
1102,3,value,77,Player_Attributes,sprint_speed,77,5933,sprint speed
1102,4,value,77,Player_Attributes,strength,77,5397,
1102,5,value,77,Player_Attributes,overall_rating,77,5104,the overall rating of the player
1102,6,value,77,Player_Attributes,stamina,77,4902,
1102,7,contains,2016-06-23,Player_Attributes,date,2016-06-23 00:00:00,1,
1103,1,value,aaron mooy,Player,player_name,Aaron Mooy,1,
1103,2,contains,2016-02-04,Player_Attributes,date,2016-02-04 00:00:00,1,
1103,3,contains,2016-02-04,Match,date,2016-02-04 00:00:00,1,
1104,1,value,francesco parravicini,Player,player_name,Francesco Parravicini,1,
1104,2,value,00,Match,away_team_goal,0,8687,away team goal
1104,3,value,00,Match,home_team_goal,0,5896,home team goal
1104,4,value,00,Player_Attributes,defensive_work_rate,0,197,
1104,5,value,00,Match,home_player_X1,0,11,
1104,6,value,00,Match,home_player_X2,0,11,
1104,7,value,00,Match,home_player_Y1,0,11,
1104,8,contains,2010-08-30,Player_Attributes,date,2010-08-30 00:00:00,1,
1105,1,value,francesco migliore,Player,player_name,Francesco Migliore,1,
1105,2,contains,2015-05-01,Player_Attributes,date,2015-05-01 00:00:00,1,
1105,3,contains,2015-05-01,Match,date,2015-05-01 00:00:00,1,
1106,1,value,kevin berigaud,Player,player_name,Kevin Berigaud,1,
1106,2,value,00,Match,away_team_goal,0,8687,away team goal
1106,3,value,00,Match,home_team_goal,0,5896,home team goal
1106,4,value,00,Player_Attributes,defensive_work_rate,0,197,
1106,5,value,00,Match,home_player_X1,0,11,
1106,6,value,00,Match,home_player_X2,0,11,
1106,7,value,00,Match,home_player_Y1,0,11,
1106,8,contains,2013-02-22,Player_Attributes,date,2013-02-22 00:00:00,1,
1107,1,value,kevin constant,Player,player_name,Kevin Constant,1,
1107,2,contains,constant,Player,player_name,Constant Djakpa,2,
1107,3,contains,kevin,Player,player_name,Kevin Anin,82,
1108,1,value,willem ii,Team,team_long_name,Willem II,1,
1108,2,contains,2012-02-22,Player_Attributes,date,2012-02-22 00:00:00,1,
1108,3,contains,2012-02-22,Team_Attributes,date,2012-02-22 00:00:00,1,
1109,1,value,lei,Team,team_short_name,LEI,2,
1109,2,value,00,Match,away_team_goal,0,8687,away team goal
1109,3,value,00,Match,home_team_goal,0,5896,home team goal
1109,4,value,00,Player_Attributes,defensive_work_rate,0,197,
1109,5,value,00,Match,home_player_X1,0,11,
1109,6,value,00,Match,home_player_X2,0,11,
1109,7,value,00,Match,home_player_Y1,0,11,
1109,8,contains,2015-09-10,Player_Attributes,date,2015-09-10 00:00:00,1,
1110,1,value,fc lorient,Team,team_long_name,FC Lorient,1,
1110,2,contains,2010-02-22,Player_Attributes,date,2010-02-22 00:00:00,1,
1110,3,contains,2010-02-22,Team_Attributes,date,2010-02-22 00:00:00,1,
1111,1,value,pec zwolle,Team,team_long_name,PEC Zwolle,1,
1111,2,value,00,Match,away_team_goal,0,8687,away team goal
1111,3,value,00,Match,home_team_goal,0,5896,home team goal
1111,4,value,00,Player_Attributes,defensive_work_rate,0,197,
1111,5,value,00,Match,home_player_X1,0,11,
1111,6,value,00,Match,home_player_X2,0,11,
1111,7,value,00,Match,home_player_Y1,0,11,
1111,8,contains,2013-09-20,Player_Attributes,date,2013-09-20 00:00:00,1,
1112,1,value,hull city,Team,team_long_name,Hull City,1,
1112,2,value,00,Match,away_team_goal,0,8687,away team goal
1112,3,value,00,Match,home_team_goal,0,5896,home team goal
1112,4,value,00,Player_Attributes,defensive_work_rate,0,197,
1112,5,value,00,Match,home_player_X1,0,11,
1112,6,value,00,Match,home_player_X2,0,11,
1112,7,value,00,Match,home_player_Y1,0,11,
1112,8,contains,2010-02-22,Player_Attributes,date,2010-02-22 00:00:00,1,
1113,1,value,hannover 96,Team,team_long_name,Hannover 96,1,
1113,2,value,96,Player_Attributes,acceleration,96,58,
1113,3,value,96,Player_Attributes,sprint_speed,96,51,sprint speed
1113,4,value,96,Player_Attributes,ball_control,96,29,ball control
1113,5,value,96,Player_Attributes,jumping,96,20,
1113,6,value,96,Player_Attributes,balance,96,18,
1113,7,value,96,Player_Attributes,aggression,96,16,
1113,8,contains,2015-09-10,Player_Attributes,date,2015-09-10 00:00:00,1,
1114,1,value,marko arnautovic,Player,player_name,Marko Arnautovic,1,
1114,2,value,10,Player_Attributes,gk_diving,10,14896,goalkeep diving
1114,3,value,10,Player_Attributes,gk_reflexes,10,14026,goalkeep reflexes
1114,4,value,10,Match,home_player_Y10,10,13568,
1114,5,value,10,Match,home_player_Y11,10,13567,
1114,6,value,10,Player_Attributes,gk_handling,10,13403,goalkeep handling
1114,7,value,10,Player_Attributes,gk_kicking,10,13395,goalkeep kicking
1114,8,contains,2007-02-22,Player_Attributes,date,2007-02-22 00:00:00,1,
1115,1,value,landon donovan,Player,player_name,Landon Donovan,1,
1115,2,value,jordan bowery,Player,player_name,Jordan Bowery,1,
1115,3,value,100,Player,id,100,1,
1115,4,value,100,Team_Attributes,id,100,1,
1115,5,value,100,Match,id,100,1,
1115,6,contains,donovan,Player,player_name,Donovan Deekman,5,
1115,7,contains,jordan,Player,player_name,Joan Jordan,27,
1117,1,value,10,Player_Attributes,gk_diving,10,14896,goalkeep diving
1117,2,value,10,Player_Attributes,gk_reflexes,10,14026,goalkeep reflexes
1117,3,value,10,Match,home_player_Y10,10,13568,
1117,4,value,10,Match,home_player_Y11,10,13567,
1117,5,value,10,Player_Attributes,gk_handling,10,13403,goalkeep handling
1117,6,value,10,Player_Attributes,gk_kicking,10,13395,goalkeep kicking
1118,1,value,34,Player_Attributes,free_kick_accuracy,34,2795,free kick accuracy
1118,2,value,34,Player_Attributes,finishing,34,2138,
1118,3,value,34,Player_Attributes,sliding_tackle,34,2133,sliding tackle
1118,4,value,34,Player_Attributes,interceptions,34,2062,
1118,5,value,34,Player_Attributes,volleys,34,1977,
1118,6,value,34,Player_Attributes,curve,34,1973,
1118,7,value,35,Player_Attributes,free_kick_accuracy,35,2545,free kick accuracy
1118,8,value,35,Player_Attributes,finishing,35,2245,
1119,1,value,aaron lennon,Player,player_name,Aaron Lennon,1,
1119,2,contains,aaron,Player,player_name,Aaron Appindangoye,18,
1119,3,contains,goal,Match,goal,<goal />,1,
1120,1,value,filipe ferreira,Player,player_name,Filipe Ferreira,1,
1120,2,value,daan smith,Player,player_name,Daan Smith,1,
1120,3,value,ferreira,Player,player_name,Ferreira,2,
1120,4,value,filipe,Player,player_name,Filipe,1,
1120,5,contains,smith,Player,player_name,Adam Smith,14,
1120,6,contains,daan,Player,player_name,Daan Bovenberg,4,
1121,1,value,30,Player_Attributes,free_kick_accuracy,30,2368,free kick accuracy
1121,2,value,30,Player_Attributes,interceptions,30,2316,
1121,3,value,30,Player_Attributes,standing_tackle,30,2314,standing tackle
1121,4,value,30,Player_Attributes,volleys,30,1999,
1121,5,value,30,Player_Attributes,sliding_tackle,30,1814,sliding tackle
1121,6,value,30,Player_Attributes,marking,30,1796,
1121,7,value,31,Player_Attributes,free_kick_accuracy,31,2650,free kick accuracy
1121,8,value,31,Player_Attributes,standing_tackle,31,2457,standing tackle
1124,1,value,high,Player_Attributes,attacking_work_rate,high,42823,attacking work rate
1124,2,value,high,Player_Attributes,defensive_work_rate,high,27041,the player's defensive work rate
1124,3,value,high,Team_Attributes,defencePressureClass,High,61,
1124,4,contains,mates,Player,player_name,Mate Bilic,3,
1126,1,value,belgium,Country,name,Belgium,1,
1127,1,value,89,Player_Attributes,acceleration,89,1218,
1127,2,value,89,Player_Attributes,sprint_speed,89,746,sprint speed
1127,3,value,89,Player_Attributes,stamina,89,706,
1127,4,value,89,Player_Attributes,strength,89,682,
1127,5,value,89,Player_Attributes,agility,89,619,
1127,6,value,89,Player_Attributes,potential,89,526,
1127,7,value,90,Player_Attributes,sprint_speed,90,1610,sprint speed
1127,8,value,90,Player_Attributes,acceleration,90,1554,
1129,1,value,long,Team_Attributes,buildUpPlayPassingClass,Long,94,
1129,2,value,slow,Team_Attributes,buildUpPlaySpeedClass,Slow,102,
1130,1,value,short,Team_Attributes,buildUpPlayPassingClass,Short,128,
1130,2,value,safe,Team_Attributes,chanceCreationPassingClass,Safe,56,
1131,1,value,italy,Country,name,Italy,1,
1132,1,value,180,Team_Attributes,team_fifa_api_id,180,2,team federation international football association api id
1132,2,value,180,Player,id,180,1,
1132,3,value,180,Team,team_fifa_api_id,180,1,
1132,4,value,180,Team_Attributes,id,180,1,
1132,5,value,180,Match,id,180,1,
1132,6,contains,tall,Player,player_name,Hamadou Tall,2,
1133,1,value,1990s,Player,id,1990,1,
1133,2,value,1990s,Match,id,1990,1,
1133,3,contains,aaron,Player,player_name,Aaron Appindangoye,18,
1134,1,value,23,Player_Attributes,gk_positioning,23,3722,goalkeep positioning
1134,2,value,23,Player_Attributes,gk_reflexes,23,3692,goalkeep reflexes
1134,3,value,23,Player_Attributes,gk_handling,23,3691,goalkeep handling
1134,4,value,23,Player_Attributes,marking,23,3375,
1134,5,value,23,Player_Attributes,interceptions,23,3213,
1134,6,value,23,Player_Attributes,standing_tackle,23,3030,standing tackle
1135,1,value,right,Player_Attributes,preferred_foot,right,138409,
1135,2,contains,foot,Team,team_long_name,Grenoble Foot 38,1,
1136,1,value,left,Player_Attributes,preferred_foot,left,44733,
1136,2,contains,foots,Team,team_long_name,Grenoble Foot 38,1,
1137,1,value,80,Player_Attributes,potential,80,6896,
1137,2,value,80,Player_Attributes,jumping,80,4286,
1137,3,value,80,Player_Attributes,stamina,80,3931,
1137,4,value,80,Player_Attributes,strength,80,3391,
1137,5,value,80,Player_Attributes,sprint_speed,80,3308,sprint speed
1137,6,value,80,Player_Attributes,agility,80,3120,
1138,1,value,poland ekstraklasa,League,name,Poland Ekstraklasa,1,
1138,2,value,poland,Country,name,Poland,1,
1139,1,value,belgium jupiler league,League,name,Belgium Jupiler League,1,
1139,2,value,belgium,Country,name,Belgium,1,
1139,3,value,2008,Player,id,2008,1,
1139,4,value,2008,Match,id,2008,1,
1139,5,value,24,Player_Attributes,interceptions,24,3078,
1139,6,value,24,Player_Attributes,marking,24,2805,
1139,7,value,24,Player_Attributes,sliding_tackle,24,2725,sliding tackle
1139,8,value,24,Player_Attributes,standing_tackle,24,2511,standing tackle
1140,1,value,alexis blin,Player,player_name,Alexis Blin,1,
1140,2,value,alexis,Player,player_name,Alexis,1,
1141,1,value,ksv cercle brugge,Team,team_long_name,KSV Cercle Brugge,1,
1141,2,value,balanced,Team_Attributes,buildUpPlaySpeedClass,Balanced,1184,
1141,3,value,fast,Team_Attributes,buildUpPlaySpeedClass,Fast,172,
1141,4,value,slow,Team_Attributes,buildUpPlaySpeedClass,Slow,102,
1141,5,contains,brugge,Team,team_long_name,Club Brugge KV,2,
1142,1,value,2015/2016,Match,season,2015/2016,3326,
1142,2,value,2015,Player,id,2015,1,
1142,3,value,2015,Match,id,2015,1,
1142,4,value,2016,Player,id,2016,1,
1142,5,value,2016,Match,id,2016,1,
1142,6,contains,league,League,name,Belgium Jupiler League,4,
1142,7,contains,serie,League,name,Italy Serie A,1,
1143,1,value,netherlands eredivisie,League,name,Netherlands Eredivisie,1,
1143,2,value,netherlands,Country,name,Netherlands,1,
1143,3,contains,league,League,name,Belgium Jupiler League,4,
1145,1,value,2015/2016,Match,season,2015/2016,3326,
1145,2,contains,leagues,League,name,Belgium Jupiler League,4,
1146,1,contains,goals,Match,goal,<goal />,1,
1148,1,value,100,Player,id,100,1,
1148,2,value,100,Team_Attributes,id,100,1,
1148,3,value,100,Match,id,100,1,
1148,4,value,180,Team_Attributes,team_fifa_api_id,180,2,team federation international football association api id
1148,5,value,180,Player,id,180,1,
1148,6,value,180,Team,team_fifa_api_id,180,1,
1148,7,value,180,Team_Attributes,id,180,1,
1148,8,value,180,Match,id,180,1,
1150,1,value,1930,Laboratory,IGG,1930,4,
1150,2,value,1930,Laboratory,RF,1930,1,RAHA
1151,1,value,1930,Laboratory,IGG,1930,4,
1151,2,value,1930,Laboratory,RF,1930,1,RAHA
1151,3,value,1940,Laboratory,IGG,1940,3,
1151,4,value,1940,Laboratory,CPK,1940,1,creatinine phosphokinase
1152,1,value,sle,Patient,Diagnosis,SLE,195,
1152,2,value,sle,Examination,Diagnosis,SLE,95,
1153,1,value,30609,Laboratory,ID,30609,60,
1153,2,value,30609,Patient,ID,30609,1,
1153,3,contains,disease,Examination,Diagnosis,collagen disease,1,
1153,4,contains,disease,Patient,Diagnosis,collagen disease susp,1,
1154,1,value,163109,Examination,ID,163109,1,
1154,2,value,163109,Patient,ID,163109,1,
1155,1,value,normal,Examination,Diagnosis,Normal,1,
1155,2,value,500,Laboratory,LDH,500,8,lactate dehydrogenase
1155,3,value,500,Laboratory,IGA,500,4,
1155,4,value,500,Laboratory,PLT,500,2,platelet
1157,1,value,thrombosis,Examination,Diagnosis,thrombosis,1,
1157,2,contains,disease,Examination,Diagnosis,collagen disease,1,
1157,3,contains,disease,Patient,Diagnosis,collagen disease susp,1,
1158,1,value,normal,Examination,Diagnosis,Normal,1,
1158,2,value,250,Laboratory,PLT,250,52,platelet
1158,3,value,250,Laboratory,T-CHO,250,50,total cholesterol
1158,4,value,250,Laboratory,LDH,250,12,lactate dehydrogenase
1158,5,value,250,Laboratory,ALP,250,6,alkaliphophatase
1158,6,value,250,Laboratory,IGA,250,6,
1158,7,value,250,Laboratory,IGM,250,4,
1159,1,value,3.5,Laboratory,UA,3.5,317,uric acid
1159,2,value,3.5,Laboratory,RBC,3.5,252,Red blood cell
1159,3,value,3.5,Laboratory,ALB,3.5,228,
1159,4,value,3.5,Laboratory,WBC,3.5,105,White blood cell
1159,5,value,3.5,Laboratory,CRP,3.5,19,C-reactive protein
1159,6,value,3.5,Examination,aCL IgM,3.5,5,
1159,7,contains,lower,Examination,Symptoms,thrombosis of lower extremities,1,
1160,1,value,normal,Examination,Diagnosis,Normal,1,
1160,2,value,100,Laboratory,U-PRO,100,138,proteinuria
1160,3,value,100,Laboratory,ALP,100,72,alkaliphophatase
1160,4,value,100,Laboratory,TG,100,48,triglyceride
1160,5,value,100,Laboratory,GLU,100,44,
1160,6,value,100,Laboratory,C3,100,23,complement 3
1160,7,value,100,Laboratory,IGM,100,14,
1160,8,value,6.0,Laboratory,WBC,6.0,155,
1161,1,value,50,Laboratory,C3,50,89,complement 3
1161,2,value,50,Laboratory,ALP,50,67,alkaliphophatase
1161,3,value,50,Laboratory,CPK,50,52,creatinine phosphokinase
1161,4,value,50,Laboratory,TG,50,43,triglyceride
1161,5,value,50,Laboratory,GPT,50,29,ALT glutamic pyruvic transaminase
1161,6,value,50,Laboratory,GOT,50,28,AST glutamic oxaloacetic transaminase
1164,1,value,thrombosis,Examination,Diagnosis,thrombosis,1,
1165,1,value,normal,Examination,Diagnosis,Normal,1,
1165,2,value,200,Laboratory,T-CHO,200,83,total cholesterol
1165,3,value,200,Laboratory,PLT,200,53,platelet
1165,4,value,200,Laboratory,ALP,200,20,alkaliphophatase
1165,5,value,200,Laboratory,LDH,200,18,lactate dehydrogenase
1165,6,value,200,Laboratory,IGA,200,12,
1165,7,value,200,Laboratory,TG,200,8,triglyceride
1167,1,value,12,Laboratory,UN,12,1112,urea nitrogen
1167,2,value,12,Laboratory,GPT,12,517,ALT glutamic pyruvic transaminase
1167,3,value,12,Laboratory,GOT,12,330,AST glutamic oxaloacetic transaminase
1167,4,value,12,Laboratory,C4,12,166,complement 4
1167,5,value,12,Laboratory,CPK,12,93,creatinine phosphokinase
1167,6,value,12,Examination,aCL IgA,12,9,
1167,7,value,31,Laboratory,GOT,31,151,AST glutamic oxaloacetic transaminase
1167,8,value,31,Laboratory,GPT,31,143,ALT glutamic pyruvic transaminase
1168,1,value,sjs,Patient,Diagnosis,SJS,160,
1168,2,value,sjs,Examination,Diagnosis,SjS,41,
1169,1,value,6.5,Laboratory,TP,6.5,407,total protein
1169,2,value,6.5,Laboratory,WBC,6.5,192,White blood cell
1169,3,value,6.5,Laboratory,UA,6.5,63,uric acid
1169,4,value,6.5,Laboratory,CRP,6.5,12,C-reactive protein
1169,5,value,6.5,Laboratory,HGB,6.5,3,Hemoglobin
1169,6,value,6.5,Examination,aCL IgM,6.5,2,
1169,7,value,8.0,Laboratory,TP,8.0,272,total protein
1169,8,value,8.0,Laboratory,WBC,8.0,104,White blood cell
1171,1,value,1990,Laboratory,IGG,1990,1,
1171,2,value,1993,Laboratory,IGG,1993,1,
1171,3,value,18,Laboratory,GOT,18,698,AST glutamic oxaloacetic transaminase
1171,4,value,18,Laboratory,UN,18,507,urea nitrogen
1171,5,value,18,Laboratory,GPT,18,404,ALT glutamic pyruvic transaminase
1171,6,value,18,Laboratory,C4,18,220,complement 4
1171,7,value,18,Laboratory,CPK,18,109,creatinine phosphokinase
1171,8,value,18,Examination,aCL IgA,18,3,
1172,1,value,normal,Examination,Diagnosis,Normal,1,
1172,2,value,2.0,Laboratory,UA,2.0,68,uric acid
1172,3,value,2.0,Examination,aCL IgM,2.0,31,anti-Cardiolipin antibody (IgM)
1172,4,value,2.0,Laboratory,CRE,2.0,15,
1172,5,value,2.0,Laboratory,WBC,2.0,10,White blood cell
1172,6,value,2.0,Examination,aCL IgG,2.0,6,anti-Cardiolipin antibody (IgG)
1172,7,value,2.0,Laboratory,T-BIL,2.0,5,total bilirubin
1174,1,value,1991,Laboratory,IGG,1991,1,
1176,1,value,1996-12-02,Laboratory,Date,1996-12-02,4,
1176,2,value,1996-12-02,Examination,Examination Date,1996-12-02,2,
1176,3,value,1996-12-02,Patient,Description,1996-12-02,2,
1176,4,value,3605340,Examination,ID,3605340,1,
1176,5,value,ana,Patient,Diagnosis,ANA,1,
1176,6,value,ana,Examination,Diagnosis,ANA(+),2,
1176,7,value,ana,Patient,Diagnosis,ANA (+),1,
1177,1,value,2927464,Laboratory,ID,2927464,61,
1177,2,value,2927464,Patient,ID,2927464,1,
1177,3,value,normal,Examination,Diagnosis,Normal,1,
1177,4,value,250,Laboratory,PLT,250,52,platelet
1177,5,value,250,Laboratory,T-CHO,250,50,total cholesterol
1177,6,value,250,Laboratory,LDH,250,12,lactate dehydrogenase
1177,7,value,250,Laboratory,ALP,250,6,alkaliphophatase
1177,8,value,250,Laboratory,IGA,250,6,
1178,1,value,aortitis,Patient,Diagnosis,AORTITIS,13,
1179,1,value,1994-02-19,Patient,Description,1994-02-19,24,
1179,2,value,sle,Patient,Diagnosis,SLE,195,
1179,3,value,sle,Examination,Diagnosis,SLE,95,
1180,1,value,1992-06-12,Laboratory,Date,1992-06-12,2,
1181,1,value,1991-10-21,Laboratory,Date,1991-10-21,4,
1181,2,value,8.4,Laboratory,WBC,8.4,109,White blood cell
1181,3,value,8.4,Laboratory,TP,8.4,94,total protein
1181,4,value,8.4,Laboratory,HGB,8.4,17,Hemoglobin
1181,5,value,8.4,Laboratory,UA,8.4,11,uric acid
1181,6,value,8.4,Laboratory,CRP,8.4,4,C-reactive protein
1182,1,value,1991-06-13,Laboratory,Date,1991-06-13,2,
1182,2,value,1991-06-13,Patient,First Date,1991-06-13,1,
1182,3,value,1995,Laboratory,IGG,1995,1,
1182,4,value,sjs,Patient,Diagnosis,SJS,160,
1182,5,value,sjs,Examination,Diagnosis,SjS,41,
1183,1,value,1997-01-27,Examination,Examination Date,1997-01-27,2,
1183,2,value,1997-01-27,Laboratory,Date,1997-01-27,2,
1183,3,value,1997-01-27,Patient,First Date,1997-01-27,1,
1183,4,value,sle,Patient,Diagnosis,SLE,195,
1183,5,value,sle,Examination,Diagnosis,SLE,95,
1185,1,value,1959-02-18,Patient,Birthday,1959-02-18,1,
1185,2,value,1981,Laboratory,IGG,1981,1,
1185,3,contains,like,Examination,Diagnosis,FUO(VHAS like),1,
1185,4,contains,like,Patient,Diagnosis,FUO(VHAS like),1,
1186,1,value,behcet,Patient,Diagnosis,BEHCET,90,
1186,2,value,behcet,Examination,Diagnosis,Behcet,9,
1186,3,value,behcet,Patient,Diagnosis,BEHCET (vasculo),2,
1187,1,value,1987-07-06,Patient,First Date,1987-07-06,1,
1187,2,value,1987-07-06,Laboratory,Date,1987-07-06,1,
1187,3,value,1996-01-31,Laboratory,Date,1996-01-31,1,
1187,4,value,30,Laboratory,U-PRO,30,398,proteinuria
1187,5,value,30,Laboratory,GOT,30,170,AST glutamic oxaloacetic transaminase
1187,6,value,30,Laboratory,C4,30,141,complement 4
1187,7,value,30,Laboratory,GPT,30,128,ALT glutamic pyruvic transaminase
1187,8,value,30,Laboratory,CPK,30,68,creatinine phosphokinase
1188,1,value,1964,Laboratory,IGG,1964,1,
1189,1,value,thrombosis,Examination,Diagnosis,thrombosis,1,
1189,2,value,0.2,Laboratory,T-BIL,0.2,308,total bilirubin
1189,3,value,0.2,Laboratory,CRP,0.2,49,C-reactive protein
1189,4,value,ana,Patient,Diagnosis,ANA,1,
1189,5,value,ana,Examination,Diagnosis,ANA(+),2,
1189,6,value,ana,Patient,Diagnosis,ANA (+),1,
1189,7,value,20,Laboratory,GOT,20,648,AST glutamic oxaloacetic transaminase
1189,8,value,20,Laboratory,GPT,20,345,ALT glutamic pyruvic transaminase
1190,1,value,normal,Examination,Diagnosis,Normal,1,
1190,2,value,100,Laboratory,U-PRO,100,138,proteinuria
1190,3,value,100,Laboratory,ALP,100,72,alkaliphophatase
1190,4,value,100,Laboratory,TG,100,48,triglyceride
1190,5,value,100,Laboratory,GLU,100,44,
1190,6,value,100,Laboratory,C3,100,23,complement 3
1190,7,value,100,Laboratory,IGM,100,14,
1190,8,value,6.5,Laboratory,TP,6.5,407,
1191,1,value,behcet,Patient,Diagnosis,BEHCET,90,
1191,2,value,behcet,Examination,Diagnosis,Behcet,9,
1191,3,value,behcet,Patient,Diagnosis,BEHCET (vasculo),2,
1191,4,value,1981,Laboratory,IGG,1981,1,
1191,5,value,100,Laboratory,U-PRO,100,138,proteinuria
1191,6,value,100,Laboratory,ALP,100,72,alkaliphophatase
1191,7,value,100,Laboratory,TG,100,48,triglyceride
1191,8,value,100,Laboratory,GLU,100,44,
1192,1,value,normal,Examination,Diagnosis,Normal,1,
1192,2,value,1981,Laboratory,IGG,1981,1,
1192,3,value,1991,Laboratory,IGG,1991,1,
1192,4,value,2.0,Laboratory,UA,2.0,68,uric acid
1192,5,value,2.0,Examination,aCL IgM,2.0,31,anti-Cardiolipin antibody (IgM)
1192,6,value,2.0,Laboratory,CRE,2.0,15,
1192,7,value,2.0,Laboratory,WBC,2.0,10,White blood cell
1192,8,value,2.0,Examination,aCL IgG,2.0,6,anti-Cardiolipin antibody (IgG)
1193,1,value,1980,Laboratory,IGG,1980,2,
1193,2,value,1989,Laboratory,IGG,1989,1,
1193,3,value,ana,Patient,Diagnosis,ANA,1,
1193,4,value,ana,Examination,Diagnosis,ANA(+),2,
1193,5,value,ana,Patient,Diagnosis,ANA (+),1,
1194,1,value,123,Laboratory,ALP,123,70,alkaliphophatase
1194,2,value,123,Laboratory,LDH,123,62,lactate dehydrogenase
1194,3,value,123,Laboratory,TG,123,44,triglyceride
1194,4,value,123,Laboratory,PLT,123,23,platelet
1194,5,value,123,Laboratory,T-CHO,123,22,total cholesterol
1194,6,value,123,Laboratory,GLU,123,18,
1194,7,value,pss,Patient,Diagnosis,PSS,45,
1194,8,value,pss,Examination,Diagnosis,PSS,10,
1195,1,value,400,Laboratory,LDH,400,17,lactate dehydrogenase
1195,2,value,400,Laboratory,PLT,400,10,platelet
1195,3,value,400,Laboratory,IGA,400,8,
1195,4,value,sle,Patient,Diagnosis,SLE,195,
1195,5,value,sle,Examination,Diagnosis,SLE,95,
1196,1,value,sle,Patient,Diagnosis,SLE,195,
1196,2,value,sle,Examination,Diagnosis,SLE,95,
1196,3,contains,disease,Examination,Diagnosis,collagen disease,1,
1196,4,contains,disease,Patient,Diagnosis,collagen disease susp,1,
1197,1,value,48473,Laboratory,ID,48473,61,
1197,2,value,48473,Examination,ID,48473,1,
1197,3,value,48473,Patient,ID,48473,1,
1197,4,contains,disease,Examination,Diagnosis,collagen disease,1,
1197,5,contains,disease,Patient,Diagnosis,collagen disease susp,1,
1198,1,value,aps,Patient,Diagnosis,APS,18,
1198,2,value,aps,Examination,Diagnosis,APS,10,
1199,1,value,normal,Examination,Diagnosis,Normal,1,
1199,2,value,8.5,Laboratory,WBC,8.5,110,White blood cell
1199,3,value,8.5,Laboratory,TP,8.5,77,total protein
1199,4,value,8.5,Laboratory,HGB,8.5,30,Hemoglobin
1199,5,value,8.5,Laboratory,UA,8.5,8,uric acid
1199,6,value,8.5,Laboratory,CRP,8.5,4,C-reactive protein
1199,7,contains,protein,Examination,Diagnosis,protein loosing susp,1,
1200,1,value,thrombocytopenia,Examination,Symptoms,thrombocytopenia,4,
1200,2,value,100,Laboratory,U-PRO,100,138,proteinuria
1200,3,value,100,Laboratory,ALP,100,72,alkaliphophatase
1200,4,value,100,Laboratory,TG,100,48,triglyceride
1200,5,value,100,Laboratory,GLU,100,44,
1200,6,value,100,Laboratory,C3,100,23,complement 3
1200,7,value,100,Laboratory,IGM,100,14,
1200,8,value,itp,Patient,Diagnosis,ITP,1,
1201,1,value,1980,Laboratory,IGG,1980,2,
1201,2,value,100,Laboratory,U-PRO,100,138,proteinuria
1201,3,value,100,Laboratory,ALP,100,72,alkaliphophatase
1201,4,value,100,Laboratory,TG,100,48,triglyceride
1201,5,value,100,Laboratory,GLU,100,44,
1201,6,value,100,Laboratory,C3,100,23,complement 3
1201,7,value,100,Laboratory,IGM,100,14,
1201,8,value,ra,Patient,Diagnosis,RA,152,
1202,1,value,behcet,Patient,Diagnosis,BEHCET,90,
1202,2,value,behcet,Examination,Diagnosis,Behcet,9,
1202,3,value,behcet,Patient,Diagnosis,BEHCET (vasculo),2,
1202,4,value,1995,Laboratory,IGG,1995,1,
1202,5,contains,disease,Examination,Diagnosis,collagen disease,1,
1202,6,contains,disease,Patient,Diagnosis,collagen disease susp,1,
1203,1,value,3.5,Laboratory,UA,3.5,317,uric acid
1203,2,value,3.5,Laboratory,RBC,3.5,252,Red blood cell
1203,3,value,3.5,Laboratory,ALB,3.5,228,
1203,4,value,3.5,Laboratory,WBC,3.5,105,White blood cell
1203,5,value,3.5,Laboratory,CRP,3.5,19,C-reactive protein
1203,6,value,3.5,Examination,aCL IgM,3.5,5,
1204,1,value,821298,Examination,ID,821298,1,
1204,2,value,821298,Patient,ID,821298,1,
1205,1,value,normal,Examination,Diagnosis,Normal,1,
1205,2,value,6.5,Laboratory,TP,6.5,407,total protein
1205,3,value,6.5,Laboratory,WBC,6.5,192,White blood cell
1205,4,value,6.5,Laboratory,UA,6.5,63,uric acid
1205,5,value,6.5,Laboratory,CRP,6.5,12,C-reactive protein
1205,6,value,6.5,Laboratory,HGB,6.5,3,Hemoglobin
1205,7,value,6.5,Examination,aCL IgM,6.5,2,
1205,8,value,8.0,Laboratory,TP,8.0,272,
1206,1,value,normal,Examination,Diagnosis,Normal,1,
1206,2,value,48473,Laboratory,ID,48473,61,
1206,3,value,48473,Patient,ID,48473,1,
1206,4,value,60,Laboratory,ALP,60,96,alkaliphophatase
1206,5,value,60,Laboratory,C3,60,90,complement 3
1206,6,value,60,Laboratory,CPK,60,42,creatinine phosphokinase
1206,7,value,60,Laboratory,TG,60,36,triglyceride
1206,8,value,60,Laboratory,GPT,60,19,ALT glutamic pyruvic transaminase
1207,1,value,normal,Examination,Diagnosis,Normal,1,
1207,2,value,1994,Laboratory,IGG,1994,2,
1207,3,value,60,Laboratory,ALP,60,96,alkaliphophatase
1207,4,value,60,Laboratory,C3,60,90,complement 3
1207,5,value,60,Laboratory,CPK,60,42,creatinine phosphokinase
1207,6,value,60,Laboratory,TG,60,36,triglyceride
1207,7,value,60,Laboratory,GPT,60,19,ALT glutamic pyruvic transaminase
1207,8,value,60,Laboratory,GOT,60,15,AST glutamic oxaloacetic transaminase
1208,1,value,normal,Examination,Diagnosis,Normal,1,
1208,2,value,60,Laboratory,ALP,60,96,alkaliphophatase
1208,3,value,60,Laboratory,C3,60,90,complement 3
1208,4,value,60,Laboratory,CPK,60,42,creatinine phosphokinase
1208,5,value,60,Laboratory,TG,60,36,triglyceride
1208,6,value,60,Laboratory,GPT,60,19,ALT glutamic pyruvic transaminase
1208,7,value,60,Laboratory,GOT,60,15,AST glutamic oxaloacetic transaminase
1209,1,value,normal,Examination,Diagnosis,Normal,1,
1209,2,value,60,Laboratory,ALP,60,96,alkaliphophatase
1209,3,value,60,Laboratory,C3,60,90,complement 3
1209,4,value,60,Laboratory,CPK,60,42,creatinine phosphokinase
1209,5,value,60,Laboratory,TG,60,36,triglyceride
1209,6,value,60,Laboratory,GPT,60,19,ALT glutamic pyruvic transaminase
1209,7,value,60,Laboratory,GOT,60,15,AST glutamic oxaloacetic transaminase
1210,1,value,normal,Examination,Diagnosis,Normal,1,
1210,2,value,500,Laboratory,LDH,500,8,lactate dehydrogenase
1210,3,value,500,Laboratory,IGA,500,4,
1210,4,value,500,Laboratory,PLT,500,2,platelet
1211,1,value,normal,Examination,Diagnosis,Normal,1,
1211,2,value,600,Laboratory,LDH,600,5,lactate dehydrogenase
1211,3,value,600,Laboratory,PLT,600,2,platelet
1211,4,value,800,Laboratory,LDH,800,4,lactate dehydrogenase
1211,5,value,800,Laboratory,IGA,800,2,
1212,1,value,normal,Examination,Diagnosis,Normal,1,
1212,2,value,300,Laboratory,U-PRO,300,57,proteinuria
1212,3,value,300,Laboratory,PLT,300,39,platelet
1212,4,value,300,Laboratory,LDH,300,32,lactate dehydrogenase
1212,5,value,300,Laboratory,T-CHO,300,18,total cholesterol
1212,6,value,300,Laboratory,IGA,300,14,
1212,7,value,300,Laboratory,TG,300,6,triglyceride
1213,1,value,normal,Examination,Diagnosis,Normal,1,
1213,2,value,300,Laboratory,U-PRO,300,57,proteinuria
1213,3,value,300,Laboratory,PLT,300,39,platelet
1213,4,value,300,Laboratory,LDH,300,32,lactate dehydrogenase
1213,5,value,300,Laboratory,T-CHO,300,18,total cholesterol
1213,6,value,300,Laboratory,IGA,300,14,
1213,7,value,300,Laboratory,TG,300,6,triglyceride
1214,1,value,normal,Examination,Diagnosis,Normal,1,
1214,2,value,6.0,Laboratory,WBC,6.0,155,White blood cell
1214,3,value,6.0,Laboratory,TP,6.0,143,total protein
1214,4,value,6.0,Laboratory,UA,6.0,118,uric acid
1214,5,value,6.0,Laboratory,RBC,6.0,10,Red blood cell
1214,6,value,6.0,Examination,aCL IgM,6.0,3,
1214,7,value,6.0,Laboratory,HGB,6.0,2,Hemoglobin
1214,8,contains,protein,Examination,Diagnosis,protein loosing susp,1,
1215,1,value,normal,Examination,Diagnosis,Normal,1,
1215,2,value,8.5,Laboratory,WBC,8.5,110,White blood cell
1215,3,value,8.5,Laboratory,TP,8.5,77,total protein
1215,4,value,8.5,Laboratory,HGB,8.5,30,Hemoglobin
1215,5,value,8.5,Laboratory,UA,8.5,8,uric acid
1215,6,value,8.5,Laboratory,CRP,8.5,4,C-reactive protein
1215,7,contains,protein,Examination,Diagnosis,protein loosing susp,1,
1216,1,value,3.5,Laboratory,UA,3.5,317,uric acid
1216,2,value,3.5,Laboratory,RBC,3.5,252,Red blood cell
1216,3,value,3.5,Laboratory,ALB,3.5,228,
1216,4,value,3.5,Laboratory,WBC,3.5,105,White blood cell
1216,5,value,3.5,Laboratory,CRP,3.5,19,C-reactive protein
1216,6,value,3.5,Examination,aCL IgM,3.5,5,
1216,7,value,5.5,Laboratory,UA,5.5,200,uric acid
1216,8,value,5.5,Laboratory,WBC,5.5,183,White blood cell
1217,1,value,normal,Examination,Diagnosis,Normal,1,
1217,2,value,3.5,Laboratory,UA,3.5,317,uric acid
1217,3,value,3.5,Laboratory,RBC,3.5,252,Red blood cell
1217,4,value,3.5,Laboratory,ALB,3.5,228,
1217,5,value,3.5,Laboratory,WBC,3.5,105,White blood cell
1217,6,value,3.5,Laboratory,CRP,3.5,19,C-reactive protein
1217,7,value,3.5,Examination,aCL IgM,3.5,5,
1217,8,value,5.5,Laboratory,UA,5.5,200,
1218,1,value,normal,Examination,Diagnosis,Normal,1,
1218,2,value,6.5,Laboratory,TP,6.5,407,total protein
1218,3,value,6.5,Laboratory,WBC,6.5,192,White blood cell
1218,4,value,6.5,Laboratory,UA,6.5,63,uric acid
1218,5,value,6.5,Laboratory,CRP,6.5,12,C-reactive protein
1218,6,value,6.5,Laboratory,HGB,6.5,3,Hemoglobin
1218,7,value,6.5,Examination,aCL IgM,6.5,2,
1218,8,value,8.0,Laboratory,TP,8.0,272,
1219,1,value,normal,Examination,Diagnosis,Normal,1,
1219,2,value,6.5,Laboratory,TP,6.5,407,total protein
1219,3,value,6.5,Laboratory,WBC,6.5,192,White blood cell
1219,4,value,6.5,Laboratory,UA,6.5,63,uric acid
1219,5,value,6.5,Laboratory,CRP,6.5,12,C-reactive protein
1219,6,value,6.5,Laboratory,HGB,6.5,3,Hemoglobin
1219,7,value,6.5,Examination,aCL IgM,6.5,2,
1219,8,value,8.0,Laboratory,TP,8.0,272,
1220,1,value,29,Laboratory,GOT,29,200,AST glutamic oxaloacetic transaminase
1220,2,value,29,Laboratory,GPT,29,146,ALT glutamic pyruvic transaminase
1220,3,value,29,Laboratory,C4,29,129,complement 4
1220,4,value,29,Laboratory,CPK,29,78,creatinine phosphokinase
1220,5,value,29,Laboratory,UN,29,44,urea nitrogen
1220,6,value,29,Laboratory,ALP,29,15,alkaliphophatase
1221,1,value,normal,Examination,Diagnosis,Normal,1,
1221,2,value,30,Laboratory,U-PRO,30,398,proteinuria
1221,3,value,30,Laboratory,GOT,30,170,AST glutamic oxaloacetic transaminase
1221,4,value,30,Laboratory,C4,30,141,complement 4
1221,5,value,30,Laboratory,GPT,30,128,ALT glutamic pyruvic transaminase
1221,6,value,30,Laboratory,CPK,30,68,creatinine phosphokinase
1221,7,value,30,Laboratory,UN,30,30,urea nitrogen
1221,8,value,ra,Patient,Diagnosis,RA,152,
1222,1,value,normal,Examination,Diagnosis,Normal,1,
1222,2,value,1.5,Laboratory,CRP,1.5,74,C-reactive protein
1222,3,value,1.5,Laboratory,CRE,1.5,53,
1222,4,value,1.5,Examination,aCL IgG,1.5,21,anti-Cardiolipin antibody (IgG)
1222,5,value,1.5,Laboratory,UA,1.5,21,uric acid
1222,6,value,1.5,Laboratory,T-BIL,1.5,18,total bilirubin
1222,7,value,1.5,Examination,aCL IgM,1.5,17,anti-Cardiolipin antibody (IgM)
1223,1,value,normal,Examination,Diagnosis,Normal,1,
1223,2,value,1.5,Laboratory,CRP,1.5,74,C-reactive protein
1223,3,value,1.5,Laboratory,CRE,1.5,53,
1223,4,value,1.5,Examination,aCL IgG,1.5,21,anti-Cardiolipin antibody (IgG)
1223,5,value,1.5,Laboratory,UA,1.5,21,uric acid
1223,6,value,1.5,Laboratory,T-BIL,1.5,18,total bilirubin
1223,7,value,1.5,Examination,aCL IgM,1.5,17,anti-Cardiolipin antibody (IgM)
1225,1,value,normal,Examination,Diagnosis,Normal,1,
1225,2,value,2.0,Laboratory,UA,2.0,68,uric acid
1225,3,value,2.0,Examination,aCL IgM,2.0,31,anti-Cardiolipin antibody (IgM)
1225,4,value,2.0,Laboratory,CRE,2.0,15,
1225,5,value,2.0,Laboratory,WBC,2.0,10,White blood cell
1225,6,value,2.0,Examination,aCL IgG,2.0,6,anti-Cardiolipin antibody (IgG)
1225,7,value,2.0,Laboratory,T-BIL,2.0,5,total bilirubin
1227,1,value,250,Laboratory,PLT,250,52,platelet
1227,2,value,250,Laboratory,T-CHO,250,50,total cholesterol
1227,3,value,250,Laboratory,LDH,250,12,lactate dehydrogenase
1227,4,value,250,Laboratory,ALP,250,6,alkaliphophatase
1227,5,value,250,Laboratory,IGA,250,6,
1227,6,value,250,Laboratory,IGM,250,4,
1228,1,value,normal,Examination,Diagnosis,Normal,1,
1228,2,value,100,Laboratory,U-PRO,100,138,proteinuria
1228,3,value,100,Laboratory,ALP,100,72,alkaliphophatase
1228,4,value,100,Laboratory,TG,100,48,triglyceride
1228,5,value,100,Laboratory,GLU,100,44,
1228,6,value,100,Laboratory,C3,100,23,complement 3
1228,7,value,100,Laboratory,IGM,100,14,
1228,8,value,300,Laboratory,U-PRO,300,57,
1229,1,value,normal,Examination,Diagnosis,Normal,1,
1229,2,value,200,Laboratory,T-CHO,200,83,total cholesterol
1229,3,value,200,Laboratory,PLT,200,53,platelet
1229,4,value,200,Laboratory,ALP,200,20,alkaliphophatase
1229,5,value,200,Laboratory,LDH,200,18,lactate dehydrogenase
1229,6,value,200,Laboratory,IGA,200,12,
1229,7,value,200,Laboratory,TG,200,8,triglyceride
1229,8,value,50,Laboratory,C3,50,89,
1230,1,value,normal,Examination,Diagnosis,Normal,1,
1230,2,value,250,Laboratory,PLT,250,52,platelet
1230,3,value,250,Laboratory,T-CHO,250,50,total cholesterol
1230,4,value,250,Laboratory,LDH,250,12,lactate dehydrogenase
1230,5,value,250,Laboratory,ALP,250,6,alkaliphophatase
1230,6,value,250,Laboratory,IGA,250,6,
1230,7,value,250,Laboratory,IGM,250,4,
1231,1,value,normal,Examination,Diagnosis,Normal,1,
1231,2,value,1936,Laboratory,IGG,1936,1,
1231,3,value,250,Laboratory,PLT,250,52,platelet
1231,4,value,250,Laboratory,T-CHO,250,50,total cholesterol
1231,5,value,250,Laboratory,LDH,250,12,lactate dehydrogenase
1231,6,value,250,Laboratory,ALP,250,6,alkaliphophatase
1231,7,value,250,Laboratory,IGA,250,6,
1231,8,value,250,Laboratory,IGM,250,4,
1232,1,value,normal,Examination,Diagnosis,Normal,1,
1232,2,value,180,Laboratory,T-CHO,180,99,total cholesterol
1232,3,value,180,Laboratory,PLT,180,50,platelet
1232,4,value,180,Laboratory,LDH,180,35,lactate dehydrogenase
1232,5,value,180,Laboratory,ALP,180,21,alkaliphophatase
1232,6,value,180,Laboratory,TG,180,13,triglyceride
1232,7,value,180,Laboratory,IGM,180,9,
1232,8,value,250,Laboratory,PLT,250,52,
1233,1,value,normal,Examination,Diagnosis,Normal,1,
1233,2,value,1991,Laboratory,IGG,1991,1,
1233,3,value,180,Laboratory,T-CHO,180,99,total cholesterol
1233,4,value,180,Laboratory,PLT,180,50,platelet
1233,5,value,180,Laboratory,LDH,180,35,lactate dehydrogenase
1233,6,value,180,Laboratory,ALP,180,21,alkaliphophatase
1233,7,value,180,Laboratory,TG,180,13,triglyceride
1233,8,value,180,Laboratory,IGM,180,9,
1234,1,value,3.5,Laboratory,UA,3.5,317,uric acid
1234,2,value,3.5,Laboratory,RBC,3.5,252,Red blood cell
1234,3,value,3.5,Laboratory,ALB,3.5,228,
1234,4,value,3.5,Laboratory,WBC,3.5,105,White blood cell
1234,5,value,3.5,Laboratory,CRP,3.5,19,C-reactive protein
1234,6,value,3.5,Examination,aCL IgM,3.5,5,
1234,7,value,9.0,Laboratory,WBC,9.0,114,White blood cell
1234,8,value,9.0,Laboratory,HGB,9.0,49,Hemoglobin
1235,1,value,3.5,Laboratory,UA,3.5,317,uric acid
1235,2,value,3.5,Laboratory,RBC,3.5,252,Red blood cell
1235,3,value,3.5,Laboratory,ALB,3.5,228,
1235,4,value,3.5,Laboratory,WBC,3.5,105,White blood cell
1235,5,value,3.5,Laboratory,CRP,3.5,19,C-reactive protein
1235,6,value,3.5,Examination,aCL IgM,3.5,5,
1235,7,contains,lower,Examination,Symptoms,thrombosis of lower extremities,1,
1236,1,value,3.5,Laboratory,UA,3.5,317,uric acid
1236,2,value,3.5,Laboratory,RBC,3.5,252,Red blood cell
1236,3,value,3.5,Laboratory,ALB,3.5,228,
1236,4,value,3.5,Laboratory,WBC,3.5,105,White blood cell
1236,5,value,3.5,Laboratory,CRP,3.5,19,C-reactive protein
1236,6,value,3.5,Examination,aCL IgM,3.5,5,
1236,7,value,6.0,Laboratory,WBC,6.0,155,White blood cell
1236,8,value,6.0,Laboratory,TP,6.0,143,total protein
1237,1,value,10,Laboratory,UN,10,831,urea nitrogen
1237,2,value,10,Laboratory,GPT,10,496,ALT glutamic pyruvic transaminase
1237,3,value,10,Laboratory,GOT,10,153,AST glutamic oxaloacetic transaminase
1237,4,value,10,Laboratory,C4,10,90,complement 4
1237,5,value,10,Laboratory,CPK,10,52,creatinine phosphokinase
1237,6,value,10,Examination,aCL IgA,10,14,
1238,1,value,normal,Examination,Diagnosis,Normal,1,
1238,2,value,sle,Patient,Diagnosis,SLE,195,
1238,3,value,sle,Examination,Diagnosis,SLE,95,
1238,4,value,10,Laboratory,UN,10,831,urea nitrogen
1238,5,value,10,Laboratory,GPT,10,496,ALT glutamic pyruvic transaminase
1238,6,value,10,Laboratory,GOT,10,153,AST glutamic oxaloacetic transaminase
1238,7,value,10,Laboratory,C4,10,90,complement 4
1238,8,value,10,Laboratory,CPK,10,52,creatinine phosphokinase
1239,1,value,normal,Examination,Diagnosis,Normal,1,
1239,2,value,52,Laboratory,C3,52,119,complement 3
1239,3,value,52,Laboratory,ALP,52,95,alkaliphophatase
1239,4,value,52,Laboratory,TG,52,49,triglyceride
1239,5,value,52,Laboratory,CPK,52,48,creatinine phosphokinase
1239,6,value,52,Laboratory,GPT,52,34,ALT glutamic pyruvic transaminase
1239,7,value,52,Laboratory,GOT,52,19,AST glutamic oxaloacetic transaminase
1240,1,value,normal,Examination,Diagnosis,Normal,1,
1240,2,value,1991,Laboratory,IGG,1991,1,
1240,3,value,29,Laboratory,GOT,29,200,AST glutamic oxaloacetic transaminase
1240,4,value,29,Laboratory,GPT,29,146,ALT glutamic pyruvic transaminase
1240,5,value,29,Laboratory,C4,29,129,complement 4
1240,6,value,29,Laboratory,CPK,29,78,creatinine phosphokinase
1240,7,value,29,Laboratory,UN,29,44,urea nitrogen
1240,8,value,29,Laboratory,ALP,29,15,alkaliphophatase
1241,1,value,normal,Examination,Diagnosis,Normal,1,
1241,2,value,100,Laboratory,U-PRO,100,138,proteinuria
1241,3,value,100,Laboratory,ALP,100,72,alkaliphophatase
1241,4,value,100,Laboratory,TG,100,48,triglyceride
1241,5,value,100,Laboratory,GLU,100,44,
1241,6,value,100,Laboratory,C3,100,23,complement 3
1241,7,value,100,Laboratory,IGM,100,14,
1241,8,value,400,Laboratory,LDH,400,17,
1242,1,value,normal,Examination,Diagnosis,Normal,1,
1242,2,value,1984,Laboratory,IGG,1984,1,
1242,3,value,100,Laboratory,U-PRO,100,138,proteinuria
1242,4,value,100,Laboratory,ALP,100,72,alkaliphophatase
1242,5,value,100,Laboratory,TG,100,48,triglyceride
1242,6,value,100,Laboratory,GLU,100,44,
1242,7,value,100,Laboratory,C3,100,23,complement 3
1242,8,value,100,Laboratory,IGM,100,14,
1243,1,value,100,Laboratory,U-PRO,100,138,proteinuria
1243,2,value,100,Laboratory,ALP,100,72,alkaliphophatase
1243,3,value,100,Laboratory,TG,100,48,triglyceride
1243,4,value,100,Laboratory,GLU,100,44,
1243,5,value,100,Laboratory,C3,100,23,complement 3
1243,6,value,100,Laboratory,IGM,100,14,
1243,7,value,14,Laboratory,UN,14,1050,urea nitrogen
1243,8,value,14,Laboratory,GOT,14,573,AST glutamic oxaloacetic transaminase
1244,1,value,normal,Examination,Diagnosis,Normal,1,
1244,2,value,1992,Laboratory,IGG,1992,3,
1244,3,value,14,Laboratory,UN,14,1050,urea nitrogen
1244,4,value,14,Laboratory,GOT,14,573,AST glutamic oxaloacetic transaminase
1244,5,value,14,Laboratory,GPT,14,548,ALT glutamic pyruvic transaminase
1244,6,value,14,Laboratory,C4,14,207,complement 4
1244,7,value,14,Laboratory,CPK,14,88,creatinine phosphokinase
1244,8,value,14,Laboratory,RF,14,3,RAHA
1245,1,value,normal,Examination,Diagnosis,Normal,1,
1245,2,value,45,Laboratory,ALP,45,81,alkaliphophatase
1245,3,value,45,Laboratory,C3,45,56,complement 3
1245,4,value,45,Laboratory,GPT,45,52,ALT glutamic pyruvic transaminase
1245,5,value,45,Laboratory,CPK,45,40,creatinine phosphokinase
1245,6,value,45,Laboratory,GOT,45,37,AST glutamic oxaloacetic transaminase
1245,7,value,45,Laboratory,TG,45,31,triglyceride
1245,8,contains,aptt,Examination,Diagnosis,"SjS, APTT Elongation",1,
1246,1,value,thrombosis,Examination,Diagnosis,thrombosis,1,
1246,2,value,45,Laboratory,ALP,45,81,alkaliphophatase
1246,3,value,45,Laboratory,C3,45,56,complement 3
1246,4,value,45,Laboratory,GPT,45,52,ALT glutamic pyruvic transaminase
1246,5,value,45,Laboratory,CPK,45,40,creatinine phosphokinase
1246,6,value,45,Laboratory,GOT,45,37,AST glutamic oxaloacetic transaminase
1246,7,value,45,Laboratory,TG,45,31,triglyceride
1246,8,contains,aptt,Examination,Diagnosis,"SjS, APTT Elongation",1,
1247,1,value,normal,Examination,Diagnosis,Normal,1,
1247,2,value,150,Laboratory,T-CHO,150,60,total cholesterol
1247,3,value,150,Laboratory,ALP,150,47,alkaliphophatase
1247,4,value,150,Laboratory,LDH,150,46,lactate dehydrogenase
1247,5,value,150,Laboratory,TG,150,37,triglyceride
1247,6,value,150,Laboratory,PLT,150,24,platelet
1247,7,value,150,Laboratory,IGM,150,6,
1247,8,value,3.5,Laboratory,UA,3.5,317,
1248,1,value,normal,Examination,Diagnosis,Normal,1,
1248,2,value,150,Laboratory,T-CHO,150,60,total cholesterol
1248,3,value,150,Laboratory,ALP,150,47,alkaliphophatase
1248,4,value,150,Laboratory,LDH,150,46,lactate dehydrogenase
1248,5,value,150,Laboratory,TG,150,37,triglyceride
1248,6,value,150,Laboratory,PLT,150,24,platelet
1248,7,value,150,Laboratory,IGM,150,6,
1248,8,value,450,Laboratory,LDH,450,13,
1249,1,value,normal,Examination,Diagnosis,Normal,1,
1249,2,value,30,Laboratory,U-PRO,30,398,proteinuria
1249,3,value,30,Laboratory,GOT,30,170,AST glutamic oxaloacetic transaminase
1249,4,value,30,Laboratory,C4,30,141,complement 4
1249,5,value,30,Laboratory,GPT,30,128,ALT glutamic pyruvic transaminase
1249,6,value,30,Laboratory,CPK,30,68,creatinine phosphokinase
1249,7,value,30,Laboratory,UN,30,30,urea nitrogen
1249,8,contains,disease,Examination,Diagnosis,collagen disease,1,
1250,1,value,normal,Examination,Diagnosis,Normal,1,
1250,2,value,sle,Patient,Diagnosis,SLE,195,
1250,3,value,sle,Examination,Diagnosis,SLE,95,
1250,4,value,30,Laboratory,U-PRO,30,398,proteinuria
1250,5,value,30,Laboratory,GOT,30,170,AST glutamic oxaloacetic transaminase
1250,6,value,30,Laboratory,C4,30,141,complement 4
1250,7,value,30,Laboratory,GPT,30,128,ALT glutamic pyruvic transaminase
1250,8,value,30,Laboratory,CPK,30,68,creatinine phosphokinase
1251,1,value,normal,Examination,Diagnosis,Normal,1,
1251,2,value,2000,Laboratory,IGG,2000,2,
1252,1,value,normal,Examination,Diagnosis,Normal,1,
1252,2,value,2000,Laboratory,IGG,2000,2,
1252,3,value,900,Laboratory,ALP,900,1,
1253,1,value,normal,Examination,Diagnosis,Normal,1,
1253,2,value,500,Laboratory,LDH,500,8,lactate dehydrogenase
1253,3,value,500,Laboratory,IGA,500,4,
1253,4,value,500,Laboratory,PLT,500,2,platelet
1253,5,value,80,Laboratory,ALP,80,111,alkaliphophatase
1253,6,value,80,Laboratory,C3,80,86,complement 3
1253,7,value,80,Laboratory,RF,80,58,RAHA
1253,8,value,80,Laboratory,TG,80,45,triglyceride
1254,1,value,normal,Examination,Diagnosis,Normal,1,
1254,2,value,1990,Laboratory,IGG,1990,1,
1254,3,value,500,Laboratory,LDH,500,8,lactate dehydrogenase
1254,4,value,500,Laboratory,IGA,500,4,
1254,5,value,500,Laboratory,PLT,500,2,platelet
1254,6,value,80,Laboratory,ALP,80,111,alkaliphophatase
1254,7,value,80,Laboratory,C3,80,86,complement 3
1254,8,value,80,Laboratory,RF,80,58,RAHA
1255,1,value,400,Laboratory,LDH,400,17,lactate dehydrogenase
1255,2,value,400,Laboratory,PLT,400,10,platelet
1255,3,value,400,Laboratory,IGA,400,8,
1255,4,value,40,Laboratory,RF,40,87,RAHA
1255,5,value,40,Laboratory,CPK,40,66,creatinine phosphokinase
1255,6,value,40,Laboratory,GPT,40,59,ALT glutamic pyruvic transaminase
1255,7,value,40,Laboratory,GOT,40,56,AST glutamic oxaloacetic transaminase
1255,8,value,40,Laboratory,ALP,40,54,alkaliphophatase
1256,1,contains,protein,Examination,Diagnosis,protein loosing susp,1,
1257,1,value,1.5,Laboratory,CRP,1.5,74,C-reactive protein
1257,2,value,1.5,Laboratory,CRE,1.5,53,
1257,3,value,1.5,Examination,aCL IgG,1.5,21,anti-Cardiolipin antibody (IgG)
1257,4,value,1.5,Laboratory,UA,1.5,21,uric acid
1257,5,value,1.5,Laboratory,T-BIL,1.5,18,total bilirubin
1257,6,value,1.5,Examination,aCL IgM,1.5,17,anti-Cardiolipin antibody (IgM)
1257,7,value,70,Laboratory,ALP,70,102,alkaliphophatase
1257,8,value,70,Laboratory,C3,70,98,complement 3
1258,1,value,normal,Examination,Diagnosis,Normal,1,
1258,2,value,ra,Patient,Diagnosis,RA,152,
1258,3,value,ra,Examination,Diagnosis,RA,29,
1259,1,value,normal,Examination,Diagnosis,Normal,1,
1259,2,value,1985,Laboratory,IGG,1985,2,
1259,3,value,ra,Patient,Diagnosis,RA,152,
1259,4,value,ra,Examination,Diagnosis,RA,29,
1259,5,contains,diseases,Examination,Diagnosis,collagen disease,1,
1259,6,contains,diseases,Patient,Diagnosis,collagen disease susp,1,
1260,1,value,normal,Examination,Diagnosis,Normal,1,
1260,2,value,20,Laboratory,GOT,20,648,AST glutamic oxaloacetic transaminase
1260,3,value,20,Laboratory,GPT,20,345,ALT glutamic pyruvic transaminase
1260,4,value,20,Laboratory,UN,20,301,urea nitrogen
1260,5,value,20,Laboratory,C4,20,214,complement 4
1260,6,value,20,Laboratory,CPK,20,78,creatinine phosphokinase
1260,7,value,20,Laboratory,C3,20,3,complement 3
1260,8,value,60,Laboratory,ALP,60,96,
1261,1,value,thrombosis,Examination,Diagnosis,thrombosis,1,
1261,2,value,normal,Examination,Diagnosis,Normal,1,
1261,3,value,20,Laboratory,GOT,20,648,AST glutamic oxaloacetic transaminase
1261,4,value,20,Laboratory,GPT,20,345,ALT glutamic pyruvic transaminase
1261,5,value,20,Laboratory,UN,20,301,urea nitrogen
1261,6,value,20,Laboratory,C4,20,214,complement 4
1261,7,value,20,Laboratory,CPK,20,78,creatinine phosphokinase
1261,8,value,20,Laboratory,C3,20,3,complement 3
1262,1,value,normal,Examination,Diagnosis,Normal,1,
1262,2,value,ana,Patient,Diagnosis,ANA,1,
1262,3,value,ana,Examination,Diagnosis,ANA(+),2,
1262,4,value,ana,Patient,Diagnosis,ANA (+),1,
1262,5,value,35,Laboratory,GOT,35,116,AST glutamic oxaloacetic transaminase
1262,6,value,35,Laboratory,GPT,35,95,ALT glutamic pyruvic transaminase
1262,7,value,35,Laboratory,C4,35,95,complement 4
1262,8,value,35,Laboratory,CPK,35,55,creatinine phosphokinase
1263,1,value,normal,Examination,Diagnosis,Normal,1,
1263,2,value,29,Laboratory,GOT,29,200,AST glutamic oxaloacetic transaminase
1263,3,value,29,Laboratory,GPT,29,146,ALT glutamic pyruvic transaminase
1263,4,value,29,Laboratory,C4,29,129,complement 4
1263,5,value,29,Laboratory,CPK,29,78,creatinine phosphokinase
1263,6,value,29,Laboratory,UN,29,44,urea nitrogen
1263,7,value,29,Laboratory,ALP,29,15,alkaliphophatase
1263,8,value,52,Laboratory,C3,52,119,
1264,1,value,normal,Examination,Diagnosis,Normal,1,
1264,2,value,aps,Patient,Diagnosis,APS,18,
1264,3,value,aps,Examination,Diagnosis,APS,10,
1264,4,value,10,Laboratory,UN,10,831,urea nitrogen
1264,5,value,10,Laboratory,GPT,10,496,ALT glutamic pyruvic transaminase
1264,6,value,10,Laboratory,GOT,10,153,AST glutamic oxaloacetic transaminase
1264,7,value,10,Laboratory,C4,10,90,complement 4
1264,8,value,10,Laboratory,CPK,10,52,creatinine phosphokinase
1265,1,value,negative,Laboratory,SSB,negative,30,
1265,2,value,negative,Laboratory,SSA,negative,27,
1265,3,value,negative,Laboratory,RNP,negative,22,anti-ribonuclear protein
1265,4,value,negative,Laboratory,SM,negative,20,
1265,5,value,negative,Laboratory,SC170,negative,12,anti-scl70
1265,6,value,negative,Laboratory,CENTROMEA,negative,4,anti-centromere
1265,7,value,normal,Examination,Diagnosis,Normal,1,
1265,8,value,rnp,Examination,Diagnosis,"RNP(-), Raynaud",1,
1266,1,value,rnp,Examination,Diagnosis,"RNP(-), Raynaud",1,
1266,2,contains,protein,Examination,Diagnosis,protein loosing susp,1,
1267,1,value,thrombosis,Examination,Diagnosis,thrombosis,1,
1267,2,value,negative,Laboratory,SSB,negative,30,
1267,3,value,negative,Laboratory,SSA,negative,27,
1267,4,value,negative,Laboratory,RNP,negative,22,anti-ribonuclear protein
1267,5,value,negative,Laboratory,SM,negative,20,
1267,6,value,negative,Laboratory,SC170,negative,12,anti-scl70
1267,7,value,negative,Laboratory,CENTROMEA,negative,4,anti-centromere
1267,8,value,normal,Examination,Diagnosis,Normal,1,
1268,1,value,negative,Laboratory,SSB,negative,30,
1268,2,value,negative,Laboratory,SSA,negative,27,
1268,3,value,negative,Laboratory,RNP,negative,22,anti-ribonuclear protein
1268,4,value,negative,Laboratory,SM,negative,20,
1268,5,value,negative,Laboratory,SC170,negative,12,anti-scl70
1268,6,value,negative,Laboratory,CENTROMEA,negative,4,anti-centromere
1269,1,value,negative,Laboratory,SSB,negative,30,
1269,2,value,negative,Laboratory,SSA,negative,27,
1269,3,value,negative,Laboratory,RNP,negative,22,anti-ribonuclear protein
1269,4,value,negative,Laboratory,SM,negative,20,
1269,5,value,negative,Laboratory,SC170,negative,12,anti-scl70
1269,6,value,negative,Laboratory,CENTROMEA,negative,4,anti-centromere
1269,7,value,normal,Examination,Diagnosis,Normal,1,
1270,1,value,negative,Laboratory,SSB,negative,30,
1270,2,value,negative,Laboratory,SSA,negative,27,
1270,3,value,negative,Laboratory,RNP,negative,22,anti-ribonuclear protein
1270,4,value,negative,Laboratory,SM,negative,20,
1270,5,value,negative,Laboratory,SC170,negative,12,anti-scl70
1270,6,value,negative,Laboratory,CENTROMEA,negative,4,anti-centromere
1270,7,value,normal,Examination,Diagnosis,Normal,1,
1271,1,value,normal,Examination,Diagnosis,Normal,1,
1271,2,value,2000,Laboratory,IGG,2000,2,
1272,1,value,negative,Laboratory,SSB,negative,30,
1272,2,value,negative,Laboratory,SSA,negative,27,
1272,3,value,negative,Laboratory,RNP,negative,22,anti-ribonuclear protein
1272,4,value,negative,Laboratory,SM,negative,20,
1272,5,value,negative,Laboratory,SC170,negative,12,anti-scl70
1272,6,value,negative,Laboratory,CENTROMEA,negative,4,anti-centromere
1273,1,value,negative,Laboratory,SSB,negative,30,
1273,2,value,negative,Laboratory,SSA,negative,27,
1273,3,value,negative,Laboratory,RNP,negative,22,anti-ribonuclear protein
1273,4,value,negative,Laboratory,SM,negative,20,
1273,5,value,negative,Laboratory,SC170,negative,12,anti-scl70
1273,6,value,negative,Laboratory,CENTROMEA,negative,4,anti-centromere
1273,7,value,normal,Examination,Diagnosis,Normal,1,
1273,8,value,sle,Patient,Diagnosis,SLE,195,
1274,1,value,negative,Laboratory,SSB,negative,30,
1274,2,value,negative,Laboratory,SSA,negative,27,
1274,3,value,negative,Laboratory,RNP,negative,22,anti-ribonuclear protein
1274,4,value,negative,Laboratory,SM,negative,20,
1274,5,value,negative,Laboratory,SC170,negative,12,anti-scl70
1274,6,value,negative,Laboratory,CENTROMEA,negative,4,anti-centromere
1274,7,value,normal,Examination,Diagnosis,Normal,1,
1275,1,value,normal,Examination,Diagnosis,Normal,1,
1276,1,contains,diseases,Examination,Diagnosis,collagen disease,1,
1276,2,contains,diseases,Patient,Diagnosis,collagen disease susp,1,
1277,1,value,normal,Examination,Diagnosis,Normal,1,
1278,1,value,normal,Examination,Diagnosis,Normal,1,
1278,2,value,2000,Laboratory,IGG,2000,2,
1278,3,value,900,Laboratory,ALP,900,1,
1279,1,value,1.0,Laboratory,CRE,1.0,699,
1279,2,value,1.0,Laboratory,T-BIL,1.0,179,total bilirubin
1279,3,value,1.0,Examination,aCL IgG,1.0,45,anti-Cardiolipin antibody (IgG)
1279,4,value,1.0,Examination,aCL IgM,1.0,10,anti-Cardiolipin antibody (IgM)
1279,5,value,1.0,Laboratory,ALB,1.0,2,
1279,6,value,1.0,Laboratory,RBC,1.0,2,Red blood cell
1279,7,value,sle,Patient,Diagnosis,SLE,195,
1279,8,value,sle,Examination,Diagnosis,SLE,95,
1280,1,value,normal,Examination,Diagnosis,Normal,1,
1280,2,value,60,Laboratory,ALP,60,96,alkaliphophatase
1280,3,value,60,Laboratory,C3,60,90,complement 3
1280,4,value,60,Laboratory,CPK,60,42,creatinine phosphokinase
1280,5,value,60,Laboratory,TG,60,36,triglyceride
1280,6,value,60,Laboratory,GPT,60,19,ALT glutamic pyruvic transaminase
1280,7,value,60,Laboratory,GOT,60,15,AST glutamic oxaloacetic transaminase
1281,1,value,60,Laboratory,ALP,60,96,alkaliphophatase
1281,2,value,60,Laboratory,C3,60,90,complement 3
1281,3,value,60,Laboratory,CPK,60,42,creatinine phosphokinase
1281,4,value,60,Laboratory,TG,60,36,triglyceride
1281,5,value,60,Laboratory,GPT,60,19,ALT glutamic pyruvic transaminase
1281,6,value,60,Laboratory,GOT,60,15,AST glutamic oxaloacetic transaminase
1282,1,value,normal,Examination,Diagnosis,Normal,1,
1282,2,value,60,Laboratory,ALP,60,96,alkaliphophatase
1282,3,value,60,Laboratory,C3,60,90,complement 3
1282,4,value,60,Laboratory,CPK,60,42,creatinine phosphokinase
1282,5,value,60,Laboratory,TG,60,36,triglyceride
1282,6,value,60,Laboratory,GPT,60,19,ALT glutamic pyruvic transaminase
1282,7,value,60,Laboratory,GOT,60,15,AST glutamic oxaloacetic transaminase
1283,1,value,normal,Examination,Diagnosis,Normal,1,
1283,2,value,60,Laboratory,ALP,60,96,alkaliphophatase
1283,3,value,60,Laboratory,C3,60,90,complement 3
1283,4,value,60,Laboratory,CPK,60,42,creatinine phosphokinase
1283,5,value,60,Laboratory,TG,60,36,triglyceride
1283,6,value,60,Laboratory,GPT,60,19,ALT glutamic pyruvic transaminase
1283,7,value,60,Laboratory,GOT,60,15,AST glutamic oxaloacetic transaminase
1284,1,value,normal,Examination,Diagnosis,Normal,1,
1284,2,value,500,Laboratory,LDH,500,8,lactate dehydrogenase
1284,3,value,500,Laboratory,IGA,500,4,
1284,4,value,500,Laboratory,PLT,500,2,platelet
1285,1,value,500,Laboratory,LDH,500,8,lactate dehydrogenase
1285,2,value,500,Laboratory,IGA,500,4,
1285,3,value,500,Laboratory,PLT,500,2,platelet
1286,1,value,300,Laboratory,U-PRO,300,57,proteinuria
1286,2,value,300,Laboratory,PLT,300,39,platelet
1286,3,value,300,Laboratory,LDH,300,32,lactate dehydrogenase
1286,4,value,300,Laboratory,T-CHO,300,18,total cholesterol
1286,5,value,300,Laboratory,IGA,300,14,
1286,6,value,300,Laboratory,TG,300,6,triglyceride
1287,1,value,normal,Examination,Diagnosis,Normal,1,
1287,2,value,300,Laboratory,U-PRO,300,57,proteinuria
1287,3,value,300,Laboratory,PLT,300,39,platelet
1287,4,value,300,Laboratory,LDH,300,32,lactate dehydrogenase
1287,5,value,300,Laboratory,T-CHO,300,18,total cholesterol
1287,6,value,300,Laboratory,IGA,300,14,
1287,7,value,300,Laboratory,TG,300,6,triglyceride
1288,1,value,normal,Examination,Diagnosis,Normal,1,
1288,2,value,6.0,Laboratory,WBC,6.0,155,White blood cell
1288,3,value,6.0,Laboratory,TP,6.0,143,total protein
1288,4,value,6.0,Laboratory,UA,6.0,118,uric acid
1288,5,value,6.0,Laboratory,RBC,6.0,10,Red blood cell
1288,6,value,6.0,Examination,aCL IgM,6.0,3,
1288,7,value,6.0,Laboratory,HGB,6.0,2,Hemoglobin
1288,8,contains,protein,Examination,Diagnosis,protein loosing susp,1,
1289,1,value,normal,Examination,Diagnosis,Normal,1,
1289,2,value,6.0,Laboratory,WBC,6.0,155,White blood cell
1289,3,value,6.0,Laboratory,TP,6.0,143,total protein
1289,4,value,6.0,Laboratory,UA,6.0,118,uric acid
1289,5,value,6.0,Laboratory,RBC,6.0,10,Red blood cell
1289,6,value,6.0,Examination,aCL IgM,6.0,3,
1289,7,value,6.0,Laboratory,HGB,6.0,2,Hemoglobin
1289,8,value,8.5,Laboratory,WBC,8.5,110,
1290,1,value,normal,Examination,Diagnosis,Normal,1,
1290,2,value,3.5,Laboratory,UA,3.5,317,uric acid
1290,3,value,3.5,Laboratory,RBC,3.5,252,Red blood cell
1290,4,value,3.5,Laboratory,ALB,3.5,228,
1290,5,value,3.5,Laboratory,WBC,3.5,105,White blood cell
1290,6,value,3.5,Laboratory,CRP,3.5,19,C-reactive protein
1290,7,value,3.5,Examination,aCL IgM,3.5,5,
1290,8,value,5.5,Laboratory,UA,5.5,200,
1291,1,value,normal,Examination,Diagnosis,Normal,1,
1291,2,value,3.5,Laboratory,UA,3.5,317,uric acid
1291,3,value,3.5,Laboratory,RBC,3.5,252,Red blood cell
1291,4,value,3.5,Laboratory,ALB,3.5,228,
1291,5,value,3.5,Laboratory,WBC,3.5,105,White blood cell
1291,6,value,3.5,Laboratory,CRP,3.5,19,C-reactive protein
1291,7,value,3.5,Examination,aCL IgM,3.5,5,
1291,8,value,5.5,Laboratory,UA,5.5,200,
1292,1,value,normal,Examination,Diagnosis,Normal,1,
1293,1,value,normal,Examination,Diagnosis,Normal,1,
1293,2,value,1.5,Laboratory,CRP,1.5,74,C-reactive protein
1293,3,value,1.5,Laboratory,CRE,1.5,53,
1293,4,value,1.5,Examination,aCL IgG,1.5,21,anti-Cardiolipin antibody (IgG)
1293,5,value,1.5,Laboratory,UA,1.5,21,uric acid
1293,6,value,1.5,Laboratory,T-BIL,1.5,18,total bilirubin
1293,7,value,1.5,Examination,aCL IgM,1.5,17,anti-Cardiolipin antibody (IgM)
1293,8,value,ana,Patient,Diagnosis,ANA,1,
1294,1,value,normal,Examination,Diagnosis,Normal,1,
1294,2,value,1.5,Laboratory,CRP,1.5,74,C-reactive protein
1294,3,value,1.5,Laboratory,CRE,1.5,53,
1294,4,value,1.5,Examination,aCL IgG,1.5,21,anti-Cardiolipin antibody (IgG)
1294,5,value,1.5,Laboratory,UA,1.5,21,uric acid
1294,6,value,1.5,Laboratory,T-BIL,1.5,18,total bilirubin
1294,7,value,1.5,Examination,aCL IgM,1.5,17,anti-Cardiolipin antibody (IgM)
1295,1,value,normal,Examination,Diagnosis,Normal,1,
1295,2,value,2.0,Laboratory,UA,2.0,68,uric acid
1295,3,value,2.0,Examination,aCL IgM,2.0,31,anti-Cardiolipin antibody (IgM)
1295,4,value,2.0,Laboratory,CRE,2.0,15,
1295,5,value,2.0,Laboratory,WBC,2.0,10,White blood cell
1295,6,value,2.0,Examination,aCL IgG,2.0,6,anti-Cardiolipin antibody (IgG)
1295,7,value,2.0,Laboratory,T-BIL,2.0,5,total bilirubin
1295,8,value,ana,Patient,Diagnosis,ANA,1,
1296,1,value,normal,Examination,Diagnosis,Normal,1,
1296,2,value,2.0,Laboratory,UA,2.0,68,uric acid
1296,3,value,2.0,Examination,aCL IgM,2.0,31,anti-Cardiolipin antibody (IgM)
1296,4,value,2.0,Laboratory,CRE,2.0,15,
1296,5,value,2.0,Laboratory,WBC,2.0,10,White blood cell
1296,6,value,2.0,Examination,aCL IgG,2.0,6,anti-Cardiolipin antibody (IgG)
1296,7,value,2.0,Laboratory,T-BIL,2.0,5,total bilirubin
1296,8,value,ana,Patient,Diagnosis,ANA,1,
1297,1,value,negative,Laboratory,SSB,negative,30,
1297,2,value,negative,Laboratory,SSA,negative,27,
1297,3,value,negative,Laboratory,RNP,negative,22,anti-ribonuclear protein
1297,4,value,negative,Laboratory,SM,negative,20,
1297,5,value,negative,Laboratory,SC170,negative,12,anti-scl70
1297,6,value,negative,Laboratory,CENTROMEA,negative,4,anti-centromere
1297,7,value,normal,Examination,Diagnosis,Normal,1,
1297,8,value,250,Laboratory,PLT,250,52,
1298,1,value,normal,Examination,Diagnosis,Normal,1,
1298,2,value,250,Laboratory,PLT,250,52,platelet
1298,3,value,250,Laboratory,T-CHO,250,50,total cholesterol
1298,4,value,250,Laboratory,LDH,250,12,lactate dehydrogenase
1298,5,value,250,Laboratory,ALP,250,6,alkaliphophatase
1298,6,value,250,Laboratory,IGA,250,6,
1298,7,value,250,Laboratory,IGM,250,4,
1298,8,value,ana,Patient,Diagnosis,ANA,1,
1299,1,value,normal,Examination,Diagnosis,Normal,1,
1299,2,value,200,Laboratory,T-CHO,200,83,total cholesterol
1299,3,value,200,Laboratory,PLT,200,53,platelet
1299,4,value,200,Laboratory,ALP,200,20,alkaliphophatase
1299,5,value,200,Laboratory,LDH,200,18,lactate dehydrogenase
1299,6,value,200,Laboratory,IGA,200,12,
1299,7,value,200,Laboratory,TG,200,8,triglyceride
1300,1,value,normal,Examination,Diagnosis,Normal,1,
1300,2,value,200,Laboratory,T-CHO,200,83,total cholesterol
1300,3,value,200,Laboratory,PLT,200,53,platelet
1300,4,value,200,Laboratory,ALP,200,20,alkaliphophatase
1300,5,value,200,Laboratory,LDH,200,18,lactate dehydrogenase
1300,6,value,200,Laboratory,IGA,200,12,
1300,7,value,200,Laboratory,TG,200,8,triglyceride
1300,8,contains,disease,Examination,Diagnosis,collagen disease,1,
1301,1,value,thrombosis,Examination,Diagnosis,thrombosis,1,
1301,2,value,250,Laboratory,PLT,250,52,platelet
1301,3,value,250,Laboratory,T-CHO,250,50,total cholesterol
1301,4,value,250,Laboratory,LDH,250,12,lactate dehydrogenase
1301,5,value,250,Laboratory,ALP,250,6,alkaliphophatase
1301,6,value,250,Laboratory,IGA,250,6,
1301,7,value,250,Laboratory,IGM,250,4,
1302,1,value,normal,Examination,Diagnosis,Normal,1,
1302,2,value,250,Laboratory,PLT,250,52,platelet
1302,3,value,250,Laboratory,T-CHO,250,50,total cholesterol
1302,4,value,250,Laboratory,LDH,250,12,lactate dehydrogenase
1302,5,value,250,Laboratory,ALP,250,6,alkaliphophatase
1302,6,value,250,Laboratory,IGA,250,6,
1302,7,value,250,Laboratory,IGM,250,4,
1303,1,value,180,Laboratory,T-CHO,180,99,total cholesterol
1303,2,value,180,Laboratory,PLT,180,50,platelet
1303,3,value,180,Laboratory,LDH,180,35,lactate dehydrogenase
1303,4,value,180,Laboratory,ALP,180,21,alkaliphophatase
1303,5,value,180,Laboratory,TG,180,13,triglyceride
1303,6,value,180,Laboratory,IGM,180,9,
1304,1,value,thrombosis,Examination,Diagnosis,thrombosis,1,
1304,2,value,normal,Examination,Diagnosis,Normal,1,
1304,3,value,180,Laboratory,T-CHO,180,99,total cholesterol
1304,4,value,180,Laboratory,PLT,180,50,platelet
1304,5,value,180,Laboratory,LDH,180,35,lactate dehydrogenase
1304,6,value,180,Laboratory,ALP,180,21,alkaliphophatase
1304,7,value,180,Laboratory,TG,180,13,triglyceride
1304,8,value,180,Laboratory,IGM,180,9,
1305,1,value,normal,Examination,Diagnosis,Normal,1,
1305,2,value,3.5,Laboratory,UA,3.5,317,uric acid
1305,3,value,3.5,Laboratory,RBC,3.5,252,Red blood cell
1305,4,value,3.5,Laboratory,ALB,3.5,228,
1305,5,value,3.5,Laboratory,WBC,3.5,105,White blood cell
1305,6,value,3.5,Laboratory,CRP,3.5,19,C-reactive protein
1305,7,value,3.5,Examination,aCL IgM,3.5,5,
1305,8,value,9.0,Laboratory,WBC,9.0,114,
1306,1,value,normal,Examination,Diagnosis,Normal,1,
1306,2,value,3.5,Laboratory,UA,3.5,317,uric acid
1306,3,value,3.5,Laboratory,RBC,3.5,252,Red blood cell
1306,4,value,3.5,Laboratory,ALB,3.5,228,
1306,5,value,3.5,Laboratory,WBC,3.5,105,White blood cell
1306,6,value,3.5,Laboratory,CRP,3.5,19,C-reactive protein
1306,7,value,3.5,Examination,aCL IgM,3.5,5,
1306,8,value,9.0,Laboratory,WBC,9.0,114,
1307,1,value,normal,Examination,Diagnosis,Normal,1,
1307,2,value,3.5,Laboratory,UA,3.5,317,uric acid
1307,3,value,3.5,Laboratory,RBC,3.5,252,Red blood cell
1307,4,value,3.5,Laboratory,ALB,3.5,228,
1307,5,value,3.5,Laboratory,WBC,3.5,105,White blood cell
1307,6,value,3.5,Laboratory,CRP,3.5,19,C-reactive protein
1307,7,value,3.5,Examination,aCL IgM,3.5,5,
1307,8,value,6.0,Laboratory,WBC,6.0,155,
1308,1,value,normal,Examination,Diagnosis,Normal,1,
1308,2,value,100,Laboratory,U-PRO,100,138,proteinuria
1308,3,value,100,Laboratory,ALP,100,72,alkaliphophatase
1308,4,value,100,Laboratory,TG,100,48,triglyceride
1308,5,value,100,Laboratory,GLU,100,44,
1308,6,value,100,Laboratory,C3,100,23,complement 3
1308,7,value,100,Laboratory,IGM,100,14,
1308,8,value,400,Laboratory,LDH,400,17,
1309,1,value,normal,Examination,Diagnosis,Normal,1,
1309,2,value,mctd,Patient,Diagnosis,MCTD,35,
1309,3,value,mctd,Examination,Diagnosis,MCTD,15,
1309,4,value,100,Laboratory,U-PRO,100,138,proteinuria
1309,5,value,100,Laboratory,ALP,100,72,alkaliphophatase
1309,6,value,100,Laboratory,TG,100,48,triglyceride
1309,7,value,100,Laboratory,GLU,100,44,
1309,8,value,100,Laboratory,C3,100,23,complement 3
1310,1,value,normal,Examination,Diagnosis,Normal,1,
1310,2,value,14,Laboratory,UN,14,1050,urea nitrogen
1310,3,value,14,Laboratory,GOT,14,573,AST glutamic oxaloacetic transaminase
1310,4,value,14,Laboratory,GPT,14,548,ALT glutamic pyruvic transaminase
1310,5,value,14,Laboratory,C4,14,207,complement 4
1310,6,value,14,Laboratory,CPK,14,88,creatinine phosphokinase
1310,7,value,14,Laboratory,RF,14,3,RAHA
1311,1,value,thrombosis,Examination,Diagnosis,thrombosis,1,
1311,2,value,normal,Examination,Diagnosis,Normal,1,
1311,3,value,14,Laboratory,UN,14,1050,urea nitrogen
1311,4,value,14,Laboratory,GOT,14,573,AST glutamic oxaloacetic transaminase
1311,5,value,14,Laboratory,GPT,14,548,ALT glutamic pyruvic transaminase
1311,6,value,14,Laboratory,C4,14,207,complement 4
1311,7,value,14,Laboratory,CPK,14,88,creatinine phosphokinase
1311,8,value,14,Laboratory,RF,14,3,RAHA
1312,1,value,sanders,zip_code,city,Sanders,3,
1312,2,value,sanders,member,last_name,Sanders,1,
1312,3,value,angela,zip_code,city,Angela,1,
1312,4,value,angela,member,first_name,Angela,1,
1312,5,contains,major,zip_code,county,Major County,1,
1313,1,value,college of engineering,major,college,College of Engineering,6,
1313,2,contains,engineering,major,major_name,Biological Engineering,7,major name
1313,3,contains,engineering,major,department,Biological Engineering Department,4,
1314,1,value,art and design department,major,department,Art and Design Department,3,
1314,2,value,art,major,major_name,Art,1,
1314,3,value,art,zip_code,city,Art,1,
1314,4,contains,department,major,department,"Animal, Dairy, and Veterinary Sciences Department",37,
1314,5,contains,students,income,notes,Annual funding from Student Government.,1,
1315,1,value,women's soccer,event,event_name,Women's Soccer,1,
1315,2,contains,students,income,notes,Annual funding from Student Government.,1,
1315,3,contains,soccer,event,notes,Attend Women's soccer game as a group.,1,
1316,1,value,women's soccer,event,event_name,Women's Soccer,1,
1316,2,contains,students,income,notes,Annual funding from Student Government.,1,
1316,3,contains,soccer,event,notes,Attend Women's soccer game as a group.,1,
1317,1,value,women's soccer,event,event_name,Women's Soccer,1,
1317,2,value,medium,member,t_shirt_size,Medium,10,
1317,3,contains,students,income,notes,Annual funding from Student Government.,1,
1317,4,contains,soccer,event,notes,Attend Women's soccer game as a group.,1,
1318,1,value,max,zip_code,city,Max,3,
1318,2,contains,students,income,notes,Annual funding from Student Government.,1,
1319,1,value,vice president,member,position,Vice President,1,
1319,2,value,president,member,position,President,1,
1319,3,contains,college,zip_code,city,College Corner,11,
1319,4,contains,college,major,college,College of Agriculture and Applied Sciences,7,
1320,1,value,mclean,zip_code,city,Mclean,2,
1320,2,value,mclean,member,last_name,Mclean,1,
1320,3,value,maya,member,first_name,Maya,1,
1321,1,value,harrison,zip_code,city,Harrison,13,
1321,2,value,sacha,member,first_name,Sacha,1,
1321,3,value,2019,zip_code,zip_code,2019,1,
1321,4,contains,attend,event,notes,Attend Women's soccer game as a group.,5,
1322,1,value,meetings,event,type,Meeting,16,
1322,2,value,members,member,position,Member,26,
1322,3,value,10,budget,amount,10,7,
1322,4,contains,meeting,event,event_name,April Meeting,14,event name
1322,5,contains,meeting,event,notes,Monthly officers meeting,1,
1323,1,value,20,budget,amount,20,7,
1323,2,contains,students,income,notes,Annual funding from Student Government.,1,
1324,1,value,meetings,event,type,Meeting,16,
1324,2,value,divide,zip_code,city,Divide,2,
1324,3,value,2020,zip_code,zip_code,2020,1,
1324,4,contains,meeting,event,event_name,April Meeting,14,event name
1324,5,contains,meeting,event,notes,Monthly officers meeting,1,
1325,1,value,cost,zip_code,city,Cost,1,
1325,2,value,max,zip_code,city,Max,3,
1325,3,contains,support,major,major_name,IT Support and Web Development,1,
1325,4,contains,club,zip_code,city,Country Club Hills,2,
1326,1,value,environmental engineering,major,major_name,Environmental Engineering,1,
1326,2,value,members,member,position,Member,26,
1326,3,contains,environmental,major,department,Civil and Environmental Engineering Department,2,
1326,4,contains,engineering,major,major_name,Biological Engineering,7,
1327,1,value,laugh out loud,event,event_name,Laugh Out Loud,2,
1327,2,value,members,member,position,Member,26,
1328,1,value,law and constitutional studies,major,major_name,Law and Constitutional Studies,1,
1328,2,contains,students,income,notes,Annual funding from Student Government.,1,
1328,3,contains,major,zip_code,county,Major County,1,
1329,1,value,ramsey,zip_code,city,Ramsey,3,
1329,2,value,ramsey,member,last_name,Ramsey,1,
1329,3,value,sherri,member,first_name,Sherri,1,
1329,4,contains,county,zip_code,county,Abbeville County,1760,
1330,1,value,hewitt,zip_code,city,Hewitt,4,
1330,2,value,hewitt,member,last_name,Hewitt,1,
1330,3,value,tyler,zip_code,city,Tyler,17,
1330,4,contains,college,zip_code,city,College Corner,11,
1330,5,contains,college,major,college,College of Agriculture and Applied Sciences,7,
1331,1,value,vice president,member,position,Vice President,1,
1331,2,value,president,member,position,President,1,
1331,3,contains,student,income,notes,Annual funding from Student Government.,1,
1331,4,contains,club,zip_code,city,Country Club Hills,2,
1332,1,value,september meeting,event,event_name,September Meeting,1,
1332,2,value,meeting,event,type,Meeting,16,
1332,3,value,members,member,position,Member,26,
1332,4,value,food,budget,category,Food,22,
1332,5,contains,september,event,event_name,Officers meeting - September,3,
1333,1,value,president,member,position,President,1,
1333,2,contains,student,income,notes,Annual funding from Student Government.,1,
1333,3,contains,city,zip_code,city,Albert City,378,
1334,1,value,illinois,zip_code,state,Illinois,1590,
1334,2,value,members,member,position,Member,26,
1335,1,value,september meeting,event,event_name,September Meeting,1,
1335,2,value,advertisement,budget,category,Advertisement,15,
1335,3,value,meeting,event,type,Meeting,16,
1335,4,value,members,member,position,Member,26,
1335,5,value,food,budget,category,Food,22,
1335,6,contains,september,event,event_name,Officers meeting - September,3,
1336,1,value,pierce,zip_code,city,Pierce,4,
1336,2,value,pierce,member,last_name,Pierce,1,
1336,3,value,guidi,member,last_name,Guidi,1,
1336,4,contains,department,major,department,"Animal, Dairy, and Veterinary Sciences Department",37,
1336,5,contains,major,zip_code,county,Major County,1,
1337,1,value,october speaker,event,event_name,October Speaker,1,
1337,2,contains,october,event,event_name,October Meeting,3,
1337,3,contains,speaker,event,event_name,April Speaker,7,
1338,1,value,october meeting,event,event_name,October Meeting,1,
1338,2,value,2019-10-08,expense,expense_date,2019-10-08,3,
1338,3,value,2019-10-08,income,date_received,2019-10-08,1,
1338,4,value,meeting,event,type,Meeting,16,
1338,5,value,means,zip_code,city,Means,1,
1338,6,value,2019,zip_code,zip_code,2019,1,
1338,7,value,true,expense,approved,true,31,
1338,8,contains,false,zip_code,city,False Pass,1,
1339,1,value,elijah,member,first_name,Elijah,1,
1339,2,value,allen,zip_code,city,Allen,9,
1339,3,value,cost,zip_code,city,Cost,1,
1339,4,value,10,budget,amount,10,7,
1339,5,contains,september,event,event_name,Officers meeting - September,3,
1339,6,contains,october,event,event_name,October Meeting,3,
1340,1,value,2019,zip_code,zip_code,2019,1,
1340,2,value,2020,zip_code,zip_code,2020,1,
1340,3,contains,table,zip_code,city,Table Grove,2,
1341,1,value,spring budget review,event,event_name,Spring Budget Review,1,
1341,2,value,budget,event,type,Budget,2,
1341,3,value,spring,zip_code,city,Spring,12,
1341,4,contains,review,event,event_name,Fall Budget Review,2,
1342,1,value,2019-09-04,expense,expense_date,2019-09-04,1,
1342,2,value,2019-09-04,income,date_received,2019-09-04,1,
1342,3,value,posters,expense,expense_description,Posters,6,
1342,4,value,cost,zip_code,city,Cost,1,
1343,1,value,budget,event,type,Budget,2,
1343,2,value,food,budget,category,Food,22,
1343,3,value,max,zip_code,city,Max,3,
1344,1,value,fundraising,income,source,Fundraising,1,
1344,2,value,2019-09-14,income,date_received,2019-09-14,1,
1345,1,value,social,event,type,Social,4,
1345,2,contains,sciences,major,major_name,Agricultural Science,8,major name
1345,3,contains,sciences,major,department,Computer Science Department,4,
1346,1,value,jacobs,zip_code,city,Jacob,1,
1346,2,value,jacobs,member,last_name,Jacobs,1,
1346,3,value,carlo,member,first_name,Carlo,1,
1347,1,value,o'gallagher,member,last_name,O'Gallagher,1,
1347,2,value,hometown,zip_code,city,Hometown,2,
1347,3,value,adela,member,first_name,Adela,1,
1347,4,contains,county,zip_code,county,Abbeville County,1760,
1348,1,value,november meeting,event,event_name,November Meeting,1,
1348,2,value,budgets,event,type,Budget,2,
1348,3,value,meeting,event,type,Meeting,16,
1348,4,value,means,zip_code,city,Means,1,
1348,5,value,cost,zip_code,city,Cost,1,
1348,6,contains,budget,event,event_name,Fall Budget Review,2,event name
1348,7,contains,budget,event,notes,Officers and Budget Committee only,1,
1349,1,value,september speaker,event,event_name,September Speaker,1,
1349,2,value,budget,event,type,Budget,2,
1349,3,contains,september,event,event_name,Officers meeting - September,3,
1349,4,contains,speaker,event,event_name,April Speaker,7,
1350,1,value,posters,expense,expense_description,Posters,6,
1350,2,value,post,zip_code,city,Post,2,
1351,1,value,thomason,member,last_name,Thomason,1,
1351,2,value,brent,zip_code,city,Brent,1,
1351,3,value,brent,member,first_name,Brent,1,
1351,4,contains,major,zip_code,county,Major County,1,
1352,1,value,business,major,major_name,Business,1,
1352,2,value,members,member,position,Member,26,
1352,3,value,medium,member,t_shirt_size,Medium,10,
1352,4,contains,major,zip_code,county,Major County,1,
1352,5,contains,club,zip_code,city,Country Club Hills,2,
1353,1,value,christof,member,first_name,Christof,1,
1354,1,value,vice president,member,position,Vice President,1,
1354,2,value,president,member,position,President,1,
1354,3,contains,student,income,notes,Annual funding from Student Government.,1,
1354,4,contains,major,zip_code,county,Major County,1,
1355,1,value,harrison,zip_code,city,Harrison,13,
1355,2,value,hometown,zip_code,city,Hometown,2,
1355,3,value,sacha,member,first_name,Sacha,1,
1356,1,value,president,member,position,President,1,
1356,2,contains,department,major,department,"Animal, Dairy, and Veterinary Sciences Department",37,
1356,3,contains,student,income,notes,Annual funding from Student Government.,1,
1357,1,value,connor,member,first_name,Connor,1,
1357,2,value,hilton,zip_code,city,Hilton,1,
1357,3,value,hilton,member,last_name,Hilton,1,
1357,4,value,dues,income,source,Dues,33,
1358,1,value,dues,income,source,Dues,33,
1359,1,value,october meeting,event,event_name,October Meeting,1,
1359,2,value,yearly kickoff,event,event_name,Yearly Kickoff,1,
1359,3,value,advertisement,budget,category,Advertisement,15,
1359,4,value,meeting,event,type,Meeting,16,
1359,5,value,budget,event,type,Budget,2,
1359,6,value,divide,zip_code,city,Divide,2,
1359,7,contains,table,zip_code,city,Table Grove,2,
1360,1,value,november speaker,event,event_name,November Speaker,1,
1360,2,value,parking,budget,category,Parking,7,
1360,3,value,parking,expense,expense_description,Parking,3,
1360,4,value,budget,event,type,Budget,2,
1360,5,contains,november,event,event_name,November Meeting,3,
1360,6,contains,speaker,event,event_name,April Speaker,7,
1361,1,value,pizzas,expense,expense_description,Pizza,7,
1361,2,value,cost,zip_code,city,Cost,1,
1362,1,value,orange county,zip_code,county,Orange County,344,
1362,2,value,virginia,zip_code,state,Virginia,1241,
1362,3,value,virginia,zip_code,city,Virginia,4,
1362,4,value,orange,zip_code,city,Orange,19,
1362,5,contains,county,zip_code,county,Abbeville County,1760,
1363,1,value,social,event,type,Social,4,
1363,2,contains,departments,major,department,"Animal, Dairy, and Veterinary Sciences Department",37,
1363,3,contains,sciences,major,major_name,Agricultural Science,8,
1364,1,value,hometown,zip_code,city,Hometown,2,
1364,2,value,amy,member,first_name,Amy,1,
1364,3,contains,county,zip_code,county,Abbeville County,1760,
1364,4,contains,city,zip_code,city,Albert City,378,
1365,1,value,budget,event,type,Budget,2,
1366,1,value,october meeting,event,event_name,October Meeting,1,
1366,2,value,meeting,event,type,Meeting,16,
1366,3,value,members,member,position,Member,26,
1367,1,value,members,member,position,Member,26,
1367,2,value,max,zip_code,city,Max,3,
1367,3,contains,college,zip_code,city,College Corner,11,
1367,4,contains,college,major,college,College of Agriculture and Applied Sciences,7,
1368,1,value,809-555-3360,member,phone,809-555-3360,1,
1368,2,contains,person,zip_code,county,Person County,1,
1368,3,contains,major,zip_code,county,Major County,1,
1369,1,value,budget,event,type,Budget,2,
1369,2,value,max,zip_code,city,Max,3,
1370,1,value,vice president,member,position,Vice President,1,
1370,2,value,president,member,position,President,1,
1370,3,contains,student,income,notes,Annual funding from Student Government.,1,
1370,4,contains,club,zip_code,city,Country Club Hills,2,
1371,1,value,women's soccer,event,event_name,Women's Soccer,1,
1371,2,value,members,member,position,Member,26,
1371,3,contains,soccer,event,notes,Attend Women's soccer game as a group.,1,
1372,1,value,member,member,position,Member,26,
1372,2,value,casey,zip_code,city,Casey,2,
1372,3,value,casey,member,first_name,Casey,1,
1372,4,value,mason,zip_code,city,Mason,8,
1373,1,value,hometowns,zip_code,city,Hometown,2,
1373,2,value,maryland,zip_code,state,Maryland,622,
1373,3,value,members,member,position,Member,26,
1374,1,value,954-555-6240,member,phone,954-555-6240,1,
1374,2,value,member,member,position,Member,26,
1374,3,contains,attend,event,notes,Attend Women's soccer game as a group.,5,
1375,1,value,members,member,position,Member,26,
1375,2,value,means,zip_code,city,Means,1,
1375,3,contains,department,major,department,"Animal, Dairy, and Veterinary Sciences Department",37,
1375,4,contains,technology,major,major_name,Agricultural Machinery Technology,8,
1376,1,value,budget,event,type,Budget,2,
1376,2,value,closed,budget,event_status,Closed,22,
1376,3,value,closed,event,status,Closed,18,
1376,4,value,divide,zip_code,city,Divide,2,
1376,5,value,max,zip_code,city,Max,3,
1377,1,value,president,member,position,President,1,
1377,2,contains,student,income,notes,Annual funding from Student Government.,1,
1377,3,contains,club,zip_code,city,Country Club Hills,2,
1378,1,value,budget,event,type,Budget,2,
1378,2,value,max,zip_code,city,Max,3,
1379,1,value,meeting,event,type,Meeting,16,
1379,2,value,2020,zip_code,zip_code,2020,1,
1380,1,value,money,zip_code,city,Money,1,
1380,2,value,food,budget,category,Food,22,
1381,1,value,means,zip_code,city,Means,1,
1381,2,contains,students,income,notes,Annual funding from Student Government.,1,
1382,1,value,community theater,event,event_name,Community Theater,2,
1382,2,value,interior design,major,major_name,Interior Design,1,
1382,3,value,interior,zip_code,city,Interior,1,
1382,4,value,music,major,major_name,Music,1,
1382,5,contains,community,event,type,Community Service,1,
1382,6,contains,students,income,notes,Annual funding from Student Government.,1,
1383,1,value,south carolina,zip_code,state,South Carolina,540,
1383,2,value,georgetown,zip_code,city,Georgetown,26,
1383,3,value,carolina,zip_code,city,Carolina,11,
1383,4,value,carolina,zip_code,county,Carolina,4,
1383,5,value,means,zip_code,city,Means,1,
1383,6,contains,students,income,notes,Annual funding from Student Government.,1,
1383,7,contains,south,zip_code,city,South Acworth,140,
1384,1,value,gilmour,member,last_name,Gilmour,1,
1384,2,value,grant,zip_code,city,Grant,8,
1385,1,value,means,zip_code,city,Means,1,
1385,2,value,50,income,amount,50,33,
1385,3,contains,students,income,notes,Annual funding from Student Government.,1,
1386,1,value,yearly kickoff,event,event_name,Yearly Kickoff,1,
1386,2,value,cost,zip_code,city,Cost,1,
1387,1,value,yearly kickoff,event,event_name,Yearly Kickoff,1,
1387,2,value,budget,event,type,Budget,2,
1387,3,value,means,zip_code,city,Means,1,
1387,4,contains,students,income,notes,Annual funding from Student Government.,1,
1388,1,value,means,zip_code,city,Means,1,
1388,2,value,max,zip_code,city,Max,3,
1388,3,contains,students,income,notes,Annual funding from Student Government.,1,
1389,1,value,means,zip_code,city,Means,1,
1389,2,value,cost,zip_code,city,Cost,1,
1390,1,value,yearly kickoff,event,event_name,Yearly Kickoff,1,
1390,2,value,divide,zip_code,city,Divide,2,
1390,3,value,cost,zip_code,city,Cost,1,
1391,1,value,finance,major,major_name,Finance,1,
1391,2,value,physics,major,major_name,Physics,1,
1391,3,contains,students,income,notes,Annual funding from Student Government.,1,
1392,1,value,2019-09-01,expense,expense_date,2019-09-01,1,
1392,2,value,2019-09-01,income,date_received,2019-09-01,1,
1392,3,value,means,zip_code,city,Means,1,
1392,4,value,2019,zip_code,zip_code,2019,1,
1392,5,value,max,zip_code,city,Max,3,
1392,6,contains,september,event,event_name,Officers meeting - September,3,
1393,1,value,secretary,zip_code,city,Secretary,1,
1393,2,value,secretary,member,position,Secretary,1,
1393,3,contains,student,income,notes,Annual funding from Student Government.,1,
1393,4,contains,club,zip_code,city,Country Club Hills,2,
1394,1,value,physics teaching,major,major_name,Physics Teaching,1,
1394,2,value,members,member,position,Member,26,
1394,3,value,physics,major,major_name,Physics,1,
1394,4,contains,teaching,major,major_name,Chemistry Teaching,2,
1394,5,contains,major,zip_code,county,Major County,1,
1395,1,value,community theater,event,event_name,Community Theater,2,
1395,2,value,members,member,position,Member,26,
1395,3,value,2019,zip_code,zip_code,2019,1,
1395,4,contains,community,event,type,Community Service,1,
1395,5,contains,attend,event,notes,Attend Women's soccer game as a group.,5,
1396,1,value,guidi,member,last_name,Guidi,1,
1396,2,value,luisa,member,first_name,Luisa,1,
1396,3,contains,major,zip_code,county,Major County,1,
1397,1,value,closed,budget,event_status,Closed,22,
1397,2,value,closed,event,status,Closed,18,
1397,3,value,divide,zip_code,city,Divide,2,
1397,4,value,means,zip_code,city,Means,1,
1397,5,value,food,budget,category,Food,22,
1398,1,value,advertisement,budget,category,Advertisement,15,
1398,2,value,max,zip_code,city,Max,3,
1399,1,value,women's soccer,event,event_name,Women's Soccer,1,
1399,2,value,mclean,zip_code,city,Mclean,2,
1399,3,value,mclean,member,last_name,Mclean,1,
1399,4,value,maya,member,first_name,Maya,1,
1399,5,contains,attend,event,notes,Attend Women's soccer game as a group.,5,
1400,1,value,community service,event,type,Community Service,4,
1400,2,value,divide,zip_code,city,Divide,2,
1400,3,value,2019,zip_code,zip_code,2019,1,
1400,4,contains,community,event,event_name,Community Theater,1,
1400,5,contains,service,zip_code,city,Parcel Return Service,1,
1401,1,value,september speaker,event,event_name,September Speaker,1,
1401,2,value,posters,expense,expense_description,Posters,6,
1401,3,value,cost,zip_code,city,Cost,1,
1401,4,contains,september,event,event_name,Officers meeting - September,3,
1401,5,contains,speaker,event,event_name,April Speaker,7,
1402,1,value,members,member,position,Member,26,
1402,2,value,max,zip_code,city,Max,3,
1402,3,contains,club,zip_code,city,Country Club Hills,2,
1402,4,contains,club,budget,category,Club T-Shirts,1,
1403,1,value,budget,event,type,Budget,2,
1403,2,value,closed,budget,event_status,Closed,22,
1403,3,value,closed,event,status,Closed,18,
1403,4,value,cost,zip_code,city,Cost,1,
1404,1,value,october meeting,event,event_name,October Meeting,1,
1404,2,value,meeting,event,type,Meeting,16,
1404,3,value,cost,zip_code,city,Cost,1,
1405,1,value,april speaker,event,event_name,April Speaker,1,
1405,2,value,budget,event,type,Budget,2,
1405,3,contains,speaker,event,type,Guest Speaker,1,
1405,4,contains,speaker,budget,category,Speaker Gifts,1,
1406,1,value,budgets,event,type,Budget,2,
1406,2,value,food,budget,category,Food,22,
1406,3,value,max,zip_code,city,Max,3,
1407,1,value,advertisement,budget,category,Advertisement,15,
1407,2,value,budgets,event,type,Budget,2,
1407,3,value,max,zip_code,city,Max,3,
1407,4,contains,three,zip_code,city,Three Bridges,7,
1408,1,value,parking,budget,category,Parking,7,
1408,2,value,parking,expense,expense_description,Parking,3,
1408,3,value,cost,zip_code,city,Cost,1,
1409,1,value,2019-08-20,expense,expense_date,2019-08-20,1,
1409,2,value,cost,zip_code,city,Cost,1,
1410,1,value,rec4bldzhs2blfp4v,attendance,link_to_member,rec4BLdZHS2Blfp4v,14,
1410,2,value,rec4bldzhs2blfp4v,expense,link_to_member,rec4BLdZHS2Blfp4v,12,
1410,3,value,rec4bldzhs2blfp4v,income,link_to_member,rec4BLdZHS2Blfp4v,2,
1410,4,value,rec4bldzhs2blfp4v,member,member_id,rec4BLdZHS2Blfp4v,1,
1410,5,value,member,member,position,Member,26,
1410,6,value,cost,zip_code,city,Cost,1,
1410,7,value,id,zip_code,short_state,ID,325,
1411,1,value,harrison,zip_code,city,Harrison,13,
1411,2,value,sacha,member,first_name,Sacha,1,
1412,1,value,members,member,position,Member,26,
1412,2,value,x-large,member,t_shirt_size,X-Large,8,
1413,1,value,member,member,position,Member,26,
1413,2,value,cost,zip_code,city,Cost,1,
1413,3,value,50,income,amount,50,33,
1414,1,value,phillip,member,first_name,Phillip,1,
1414,2,value,cullen,zip_code,city,Cullen,2,
1414,3,value,cullen,member,last_name,Cullen,1,
1414,4,contains,major,zip_code,county,Major County,1,
1415,1,value,business,major,major_name,Business,1,
1415,2,value,members,member,position,Member,26,
1415,3,contains,major,zip_code,county,Major County,1,
1416,1,value,economics,major,major_name,Economics,1,
1416,2,value,business,major,major_name,Business,1,
1416,3,value,members,member,position,Member,26,
1416,4,value,medium,member,t_shirt_size,Medium,10,
1417,1,value,budget,event,type,Budget,2,
1418,1,value,mu 215,event,location,MU 215,19,
1419,1,contains,2020-03-24t12,event,event_date,2020-03-24T12:00:00,1,
1419,2,contains,place,zip_code,city,Baldwin Place,6,
1420,1,value,vice president,member,position,Vice President,1,
1420,2,value,president,member,position,President,1,
1420,3,contains,student,income,notes,Annual funding from Student Government.,1,
1420,4,contains,major,zip_code,county,Major County,1,
1421,1,value,business,major,major_name,Business,1,
1421,2,value,members,member,position,Member,26,
1421,3,value,divide,zip_code,city,Divide,2,
1421,4,contains,major,zip_code,county,Major County,1,
1422,1,value,mu 215,event,location,MU 215,19,
1423,1,value,50,income,amount,50,33,
1424,1,value,members,member,position,Member,26,
1424,2,value,x-large,member,t_shirt_size,X-Large,8,
1424,3,value,large,member,t_shirt_size,Large,13,
1425,1,contains,agriculture,major,college,College of Agriculture and Applied Sciences,1,
1425,2,contains,department,major,department,"Animal, Dairy, and Veterinary Sciences Department",37,
1426,1,value,environmental engineering,major,major_name,Environmental Engineering,1,
1426,2,value,members,member,position,Member,26,
1426,3,contains,environmental,major,department,Civil and Environmental Engineering Department,2,
1426,4,contains,engineering,major,major_name,Biological Engineering,7,
1427,1,value,guest speaker,event,type,Guest Speaker,7,
1427,2,value,budget,event,type,Budget,2,
1427,3,value,mu 215,event,location,MU 215,19,
1427,4,contains,speaker,event,event_name,April Speaker,7,
1427,5,contains,speaker,budget,category,Speaker Gifts,1,
1428,1,value,electrical and computer engineering department,major,department,Electrical and Computer Engineering Department,2,
1428,2,value,computer engineering,major,major_name,Computer Engineering,1,
1428,3,value,members,member,position,Member,26,
1428,4,contains,engineering,major,major_name,Biological Engineering,7,major name
1428,5,contains,engineering,major,department,Biological Engineering Department,4,
1429,1,value,vice president,member,position,Vice President,1,
1429,2,value,washington,zip_code,state,Washington,733,
1429,3,value,washington,zip_code,city,Washington,300,
1429,4,value,president,member,position,President,1,
1429,5,value,social,event,type,Social,4,
1430,1,value,2019-09-10,expense,expense_date,2019-09-10,3,
1430,2,value,pizza,expense,expense_description,Pizza,7,
1430,3,contains,student,income,notes,Annual funding from Student Government.,1,
1431,1,value,women's soccer,event,event_name,Women's Soccer,1,
1431,2,value,members,member,position,Member,26,
1431,3,contains,soccer,event,notes,Attend Women's soccer game as a group.,1,
1431,4,contains,club,zip_code,city,Country Club Hills,2,
1432,1,value,members,member,position,Member,26,
1432,2,value,divide,zip_code,city,Divide,2,
1432,3,value,medium,member,t_shirt_size,Medium,10,
1432,4,value,50,income,amount,50,33,
1433,1,value,po box,zip_code,type,PO Box,9438,
1433,2,value,post,zip_code,city,Post,2,
1434,1,value,san juan municipio,zip_code,county,San Juan Municipio,18,
1434,2,value,puerto rico,zip_code,state,Puerto Rico,176,
1434,3,value,san juan,zip_code,city,San Juan,37,
1434,4,value,san juan,zip_code,county,San Juan,9,
1434,5,value,po box,zip_code,type,PO Box,9438,
1434,6,value,post,zip_code,city,Post,2,
1434,7,value,rico,zip_code,city,Rico,1,
1434,8,contains,municipio,zip_code,county,Adjuntas Municipio,78,
1435,1,value,closed,budget,event_status,Closed,22,
1435,2,value,closed,event,status,Closed,18,
1435,3,value,game,event,type,Game,6,
1436,1,value,members,member,position,Member,26,
1436,2,value,cost,zip_code,city,Cost,1,
1436,3,value,50,income,amount,50,33,
1436,4,contains,dollar,zip_code,city,Dollar Bay,1,
1437,1,value,2019-11-19,expense,expense_date,2019-11-19,3,
1437,2,value,members,member,position,Member,26,
1437,3,value,true,expense,approved,true,31,
1438,1,value,rec1n0upivly5esto,major,major_id,rec1N0upiVLy5esTO,1,
1438,2,value,rec1n0upivly5esto,member,link_to_major,rec1N0upiVLy5esTO,1,
1438,3,value,katy,zip_code,city,Katy,6,
1438,4,contains,college,zip_code,city,College Corner,11,
1438,5,contains,college,major,college,College of Agriculture and Applied Sciences,7,
1439,1,value,business,major,major_name,Business,1,
1439,2,value,members,member,position,Member,26,
1439,3,contains,agriculture,major,college,College of Agriculture and Applied Sciences,1,
1439,4,contains,sciences,major,major_name,Agricultural Science,8,
1440,1,value,2019-09-10,expense,expense_date,2019-09-10,3,
1440,2,value,2019-11-19,expense,expense_date,2019-11-19,3,
1440,3,value,cost,zip_code,city,Cost,1,
1440,4,value,20,budget,amount,20,7,
1440,5,contains,dollars,zip_code,city,Dollar Bay,1,
1441,1,value,members,member,position,Member,26,
1441,2,contains,education,major,major_name,Agricultural Education,11,major name
1441,3,contains,education,major,department,Communicative Disorders and Deaf Education Department,4,
1442,1,value,budget,event,type,Budget,2,
1442,2,value,divide,zip_code,city,Divide,2,
1443,1,value,2019,zip_code,zip_code,2019,1,
1443,2,value,2020,zip_code,zip_code,2020,1,
1443,3,value,id,zip_code,short_state,ID,325,
1443,4,contains,november,event,event_name,November Meeting,3,
1443,5,contains,march,event,event_name,March Meeting,3,
1444,1,value,divide,zip_code,city,Divide,2,
1444,2,value,cost,zip_code,city,Cost,1,
1444,3,value,50,income,amount,50,33,
1444,4,contains,dollars,zip_code,city,Dollar Bay,1,
1444,5,contains,fifty,zip_code,city,Fifty Lakes,2,
1445,1,value,members,member,position,Member,26,
1445,2,value,x-large,member,t_shirt_size,X-Large,8,
1445,3,value,large,member,t_shirt_size,Large,13,
1446,1,value,divide,zip_code,city,Divide,2,
1446,2,value,po box,zip_code,type,PO Box,9438,
1447,1,value,budget,event,type,Budget,2,
1448,1,value,hundred,zip_code,city,Hundred,1,
1448,2,value,pizza,expense,expense_description,Pizza,7,
1448,3,value,cost,zip_code,city,Cost,1,
1448,4,value,50,income,amount,50,33,
1448,5,contains,dollars,zip_code,city,Dollar Bay,1,
1448,6,contains,fifty,zip_code,city,Fifty Lakes,2,
1449,1,value,hundred,zip_code,city,Hundred,1,
1449,2,value,members,member,position,Member,26,
1449,3,value,cost,zip_code,city,Cost,1,
1449,4,contains,dollars,zip_code,city,Dollar Bay,1,
1449,5,contains,major,zip_code,county,Major County,1,
1450,1,contains,country,zip_code,city,Canyon Country,2,
1450,2,contains,fifty,zip_code,city,Fifty Lakes,2,
1451,1,value,members,member,position,Member,26,
1451,2,value,cost,zip_code,city,Cost,1,
1451,3,value,max,zip_code,city,Max,3,
1452,1,value,divide,zip_code,city,Divide,2,
1452,2,value,member,member,position,Member,26,
1452,3,value,cost,zip_code,city,Cost,1,
1452,4,contains,students,income,notes,Annual funding from Student Government.,1,
1453,1,value,parking,budget,category,Parking,7,
1453,2,value,parking,expense,expense_description,Parking,3,
1453,3,value,divide,zip_code,city,Divide,2,
1453,4,value,cost,zip_code,city,Cost,1,
1454,1,value,meeting,event,type,Meeting,16,
1454,2,value,divide,zip_code,city,Divide,2,
1454,3,value,cost,zip_code,city,Cost,1,
1455,1,value,budget,event,type,Budget,2,
1455,2,value,money,zip_code,city,Money,1,
1455,3,value,cost,zip_code,city,Cost,1,
1455,4,value,max,zip_code,city,Max,3,
1455,5,contains,water,zip_code,city,Deep Water,7,
1455,6,contains,water,expense,expense_description,"Water, Cookies",4,
1456,1,value,members,member,position,Member,26,
1456,2,value,money,zip_code,city,Money,1,
1456,3,value,max,zip_code,city,Max,3,
1456,4,contains,five,zip_code,city,Five Points,1,
1457,1,value,members,member,position,Member,26,
1457,2,value,cost,zip_code,city,Cost,1,
1458,1,value,new jersey,zip_code,state,New Jersey,732,
1458,2,value,members,member,position,Member,26,
1458,3,value,vermont,zip_code,state,Vermont,309,
1458,4,value,divide,zip_code,city,Divide,2,
1458,5,value,jersey,zip_code,city,Jersey,3,
1459,1,value,garrett,zip_code,city,Garrett,4,
1459,2,value,garrett,member,first_name,Garrett,1,
1459,3,value,gerke,member,last_name,Gerke,1,
1459,4,contains,department,major,department,"Animal, Dairy, and Veterinary Sciences Department",37,
1459,5,contains,major,zip_code,county,Major County,1,
1460,1,value,member,member,position,Member,26,
1460,2,value,money,zip_code,city,Money,1,
1460,3,value,cost,zip_code,city,Cost,1,
1460,4,contains,veggie,expense,expense_description,"Water, Veggie tray, supplies",1,
1460,5,contains,water,zip_code,city,Deep Water,7,
1461,1,value,elementary education,major,major_name,Elementary Education,1,
1461,2,contains,education,major,major_name,Agricultural Education,11,major name
1461,3,contains,education,major,department,Communicative Disorders and Deaf Education Department,4,
1462,1,value,january speaker,event,event_name,January Speaker,1,
1462,2,contains,january,event,event_name,January Meeting,3,
1462,3,contains,speaker,event,event_name,April Speaker,7,
1463,1,value,food,budget,category,Food,22,
1464,1,contains,students,income,notes,Annual funding from Student Government.,1,
1465,1,value,posters,expense,expense_description,Posters,6,
1465,2,value,budget,event,type,Budget,2,
1465,3,contains,fall,zip_code,city,Fall Branch,7,
1465,4,contains,fall,event,event_name,Fall Budget Review,2,
1466,1,value,secretary,zip_code,city,Secretary,1,
1466,2,value,secretary,member,position,Secretary,1,
1466,3,value,member,member,position,Member,26,
1466,4,contains,college,zip_code,city,College Corner,11,
1466,5,contains,college,major,college,College of Agriculture and Applied Sciences,7,
1467,1,value,speaker gifts,budget,category,Speaker Gifts,7,
1467,2,contains,speaker,event,event_name,April Speaker,7,event name
1467,3,contains,speaker,event,type,Guest Speaker,1,"The kind of event, such as game, social, election"
1468,1,value,hometown,zip_code,city,Hometown,2,
1468,2,value,garrett,zip_code,city,Garrett,4,
1468,3,value,garrett,member,first_name,Garrett,1,
1468,4,value,gerke,member,last_name,Gerke,1,
1468,5,contains,city,zip_code,city,Albert City,378,
1468,6,contains,city,zip_code,county,Alexandria City,71,
1469,1,value,north carolina,zip_code,state,North Carolina,1091,
1469,2,value,lincolnton,zip_code,city,Lincolnton,3,
1469,3,value,carolina,zip_code,city,Carolina,11,
1469,4,value,carolina,zip_code,county,Carolina,4,
1469,5,value,hometown,zip_code,city,Hometown,2,
1469,6,value,28092,zip_code,zip_code,28092,1,
1469,7,value,28092,member,zip,28092,1,
1469,8,value,north,zip_code,city,North,2,
1470,1,value,premium,gasstations,Segment,Premium,1428,
1470,2,value,cze,gasstations,Country,CZE,4836,
1470,3,contains,stations,products,Description,Miscellaneous/service station,4,
1471,1,value,czk,customers,Currency,CZK,30459,
1471,2,value,eur,customers,Currency,EUR,2002,
1472,1,value,201201,yearmonth,Date,201201,17848,
1472,2,value,2012,gasstations,GasStationID,2012,1,
1472,3,value,lam,customers,Segment,LAM,3658,
1472,4,contains,values,products,Description,Toll DEU Daily value,2,
1472,5,contains,values,gasstations,Segment,Value for money,1,
1473,1,value,201301,yearmonth,Date,201301,139,
1473,2,value,2013,gasstations,GasStationID,2013,1,
1473,3,value,sme,customers,Segment,SME,26763,
1473,4,value,12,transactions_1k,ProductID,12,7,
1473,5,value,12,gasstations,ChainID,12,6,
1473,6,value,12,transactions_1k,Amount,12,6,
1474,1,value,201112,yearmonth,Date,201112,8,
1474,2,value,2011,yearmonth,CustomerID,2011,10,
1474,3,value,czk,customers,Currency,CZK,30459,
1475,1,value,201201,yearmonth,Date,201201,17848,
1475,2,value,2012,gasstations,GasStationID,2012,1,
1475,3,value,000,transactions_1k,Amount,0,91,
1475,4,value,kam,customers,Segment,KAM,2040,
1475,5,value,30,gasstations,ChainID,30,25,
1475,6,value,30,transactions_1k,Amount,30,23,
1476,1,value,201201,yearmonth,Date,201201,17848,
1476,2,value,2012,gasstations,GasStationID,2012,1,
1476,3,value,czk,customers,Currency,CZK,30459,
1476,4,value,eur,customers,Currency,EUR,2002,
1476,5,contains,values,products,Description,Toll DEU Daily value,2,
1476,6,contains,values,gasstations,Segment,Value for money,1,
1477,1,value,eur,customers,Currency,EUR,2002,
1479,1,value,czk,customers,Currency,CZK,30459,
1479,2,contains,values,products,Description,Toll DEU Daily value,2,
1479,3,contains,values,gasstations,Segment,Value for money,1,
1480,1,value,201301,yearmonth,Date,201301,139,
1480,2,value,2013,gasstations,GasStationID,2013,1,
1480,3,value,sme,customers,Segment,SME,26763,
1480,4,contains,values,products,Description,Toll DEU Daily value,2,
1480,5,contains,values,gasstations,Segment,Value for money,1,
1481,1,value,201301,yearmonth,Date,201301,139,
1481,2,value,2013,gasstations,GasStationID,2013,1,
1481,3,value,czk,customers,Currency,CZK,30459,
1481,4,value,kam,customers,Segment,KAM,2040,
1481,5,value,lam,customers,Segment,LAM,3658,
1481,6,value,sme,customers,Segment,SME,26763,
1481,7,contains,amount,products,Description,Toll DEU Credit amount for advance toll payment,1,
1481,8,contains,values,products,Description,Toll DEU Daily value,2,
1482,1,value,2012,gasstations,GasStationID,2012,1,
1482,2,value,2013,gasstations,GasStationID,2013,1,
1482,3,value,100,yearmonth,CustomerID,100,11,
1482,4,value,100,gasstations,ChainID,100,3,
1482,5,value,eur,customers,Currency,EUR,2002,
1482,6,value,kam,customers,Segment,KAM,2040,
1482,7,value,lam,customers,Segment,LAM,3658,
1482,8,value,sme,customers,Segment,SME,26763,
1483,1,value,201308,yearmonth,Date,201308,25052,
1483,2,value,201311,yearmonth,Date,201311,20723,
1483,3,value,2013,gasstations,GasStationID,2013,1,
1483,4,contains,values,products,Description,Toll DEU Daily value,2,
1483,5,contains,values,gasstations,Segment,Value for money,1,
1484,1,value,discount,gasstations,Segment,Discount,294,
1484,2,value,cze,gasstations,Country,CZE,4836,
1484,3,value,svk,gasstations,Country,SVK,880,
1484,4,contains,stations,products,Description,Miscellaneous/service station,4,
1484,5,contains,value,products,Description,Toll DEU Daily value,2,
1485,1,value,201304,yearmonth,Date,201304,25487,
1485,2,value,2013,gasstations,GasStationID,2013,1,
1486,1,value,smes,customers,Segment,SME,26763,
1486,2,value,czk,customers,Currency,CZK,30459,
1486,3,value,eur,customers,Currency,EUR,2002,
1486,4,contains,amount,products,Description,Toll DEU Credit amount for advance toll payment,1,
1486,5,contains,euros,products,Description,Commission of euro vignettes(subj.of tax,1,
1487,1,value,201310,yearmonth,Date,201310,24488,
1487,2,value,2013,gasstations,GasStationID,2013,1,
1487,3,value,lam,customers,Segment,LAM,3658,
1487,4,contains,euro,products,Description,Commission of euro vignettes(subj.of tax,1,
1487,5,contains,used,products,Description,Not Used,1,
1489,1,value,201305,yearmonth,Date,201305,25506,
1489,2,value,2013,gasstations,GasStationID,2013,1,
1489,3,value,kam,customers,Segment,KAM,2040,
1490,1,value,100,yearmonth,CustomerID,100,11,
1490,2,value,100,gasstations,ChainID,100,3,
1490,3,value,100,customers,CustomerID,100,1,
1490,4,value,lam,customers,Segment,LAM,3658,
1491,1,value,value for money,gasstations,Segment,Value for money,597,
1491,2,contains,stations,products,Description,Miscellaneous/service station,4,
1491,3,contains,value,products,Description,Toll DEU Daily value,2,
1492,1,value,100,yearmonth,CustomerID,100,11,
1492,2,value,100,gasstations,ChainID,100,3,
1492,3,value,kam,customers,Segment,KAM,2040,
1492,4,contains,euros,products,Description,Commission of euro vignettes(subj.of tax,1,
1492,5,contains,uses,products,Description,Liber-t fee use,3,
1493,1,value,201202,yearmonth,Date,201202,18324,
1493,2,value,2012,gasstations,GasStationID,2012,1,
1493,3,contains,values,products,Description,Toll DEU Daily value,2,
1493,4,contains,values,gasstations,Segment,Value for money,1,
1494,1,value,premium,gasstations,Segment,Premium,1428,
1494,2,value,100,yearmonth,CustomerID,100,11,
1494,3,value,100,gasstations,ChainID,100,3,
1495,1,value,201309,yearmonth,Date,201309,24985,
1495,2,value,2013,gasstations,GasStationID,2013,1,
1496,1,value,201309,yearmonth,Date,201309,24985,
1496,2,value,2013,gasstations,GasStationID,2013,1,
1497,1,value,201206,yearmonth,Date,201206,18588,
1497,2,value,2012,gasstations,GasStationID,2012,1,
1497,3,value,sme,customers,Segment,SME,26763,
1498,1,value,2012,gasstations,GasStationID,2012,1,
1498,2,contains,values,products,Description,Toll DEU Daily value,2,
1498,3,contains,values,gasstations,Segment,Value for money,1,
1499,1,value,12,transactions_1k,ProductID,12,7,
1499,2,value,12,gasstations,ChainID,12,6,
1499,3,value,12,transactions_1k,Amount,12,6,
1499,4,contains,euro,products,Description,Commission of euro vignettes(subj.of tax,1,
1500,1,value,201309,yearmonth,Date,201309,24985,
1500,2,value,2013,gasstations,GasStationID,2013,1,
1500,3,contains,values,products,Description,Toll DEU Daily value,2,
1500,4,contains,values,gasstations,Segment,Value for money,1,
1501,1,value,201306,yearmonth,Date,201306,25378,
1501,2,value,2013,gasstations,GasStationID,2013,1,
1501,3,contains,transactions,products,Description,**Acquirer Transaction Fee**,4,
1501,4,contains,stations,products,Description,Miscellaneous/service station,4,
1502,1,contains,transactions,products,Description,**Acquirer Transaction Fee**,4,
1502,2,contains,stations,products,Description,Miscellaneous/service station,4,
1503,1,contains,transactions,products,Description,**Acquirer Transaction Fee**,4,
1503,2,contains,euro,products,Description,Commission of euro vignettes(subj.of tax,1,
1504,1,value,2012,gasstations,GasStationID,2012,1,
1504,2,contains,transactions,products,Description,**Acquirer Transaction Fee**,4,
1505,1,value,1000,yearmonth,CustomerID,1000,2,
1505,2,value,1000,customers,CustomerID,1000,1,
1505,3,value,1000,gasstations,GasStationID,1000,1,
1505,4,value,1000,transactions_1k,TransactionID,1000,1,
1505,5,value,eur,customers,Currency,EUR,2002,
1505,6,contains,euro,products,Description,Commission of euro vignettes(subj.of tax,1,
1506,1,value,cze,gasstations,Country,CZE,4836,
1506,2,contains,transactions,products,Description,**Acquirer Transaction Fee**,4,
1506,3,contains,stations,products,Description,Miscellaneous/service station,4,
1507,1,value,11,gasstations,ChainID,11,25,
1507,2,value,11,transactions_1k,ProductID,11,18,
1507,3,value,11,transactions_1k,Amount,11,5,
1507,4,value,11,products,ProductID,11,1,
1507,5,value,11,transactions_1k,TransactionID,11,1,
1507,6,contains,transactions,products,Description,**Acquirer Transaction Fee**,4,
1507,7,contains,stations,products,Description,Miscellaneous/service station,4,
1508,1,value,1000,yearmonth,CustomerID,1000,2,
1508,2,value,1000,customers,CustomerID,1000,1,
1508,3,value,1000,gasstations,GasStationID,1000,1,
1508,4,value,1000,transactions_1k,TransactionID,1000,1,
1508,5,value,cze,gasstations,Country,CZE,4836,
1508,6,contains,transactions,products,Description,**Acquirer Transaction Fee**,4,
1508,7,contains,station,products,Description,Miscellaneous/service station,4,
1509,1,value,cze,gasstations,Country,CZE,4836,
1509,2,contains,transactions,products,Description,**Acquirer Transaction Fee**,4,
1509,3,contains,stations,products,Description,Miscellaneous/service station,4,
1510,1,value,cze,gasstations,Country,CZE,4836,
1510,2,contains,transactions,products,Description,**Acquirer Transaction Fee**,4,
1510,3,contains,stations,products,Description,Miscellaneous/service station,4,
1511,1,contains,transactions,products,Description,**Acquirer Transaction Fee**,4,
1511,2,contains,euro,products,Description,Commission of euro vignettes(subj.of tax,1,
1512,1,value,2012-08-25,transactions_1k,Date,2012-08-25,425,
1513,1,value,2012-08-25,transactions_1k,Date,2012-08-25,425,
1513,2,contains,station,products,Description,Miscellaneous/service station,4,
1514,1,value,2012-08-24,transactions_1k,Date,2012-08-24,492,
1514,2,value,00,transactions_1k,Amount,0,91,
1514,3,value,16,gasstations,ChainID,16,130,
1514,4,value,16,transactions_1k,Amount,16,10,
1514,5,value,16,transactions_1k,ProductID,16,2,
1514,6,value,25,transactions_1k,Amount,25,56,
1514,7,value,25,gasstations,ChainID,25,38,
1514,8,value,25,transactions_1k,ProductID,25,4,
1515,1,value,2012-08-23,transactions_1k,Date,2012-08-23,10,
1515,2,value,00,transactions_1k,Amount,0,91,
1515,3,value,20,gasstations,ChainID,20,25,
1515,4,value,20,transactions_1k,Amount,20,20,
1515,5,value,20,yearmonth,CustomerID,20,15,
1515,6,value,20,transactions_1k,ProductID,20,12,
1515,7,value,21,gasstations,ChainID,21,48,
1515,8,value,21,transactions_1k,Amount,21,17,
1516,1,value,2012-08-26,transactions_1k,Date,2012-08-26,73,
1516,2,value,czk,customers,Currency,CZK,30459,
1516,3,value,00,transactions_1k,Amount,0,91,
1516,4,value,13,gasstations,ChainID,13,132,
1516,5,value,13,transactions_1k,Amount,13,14,
1516,6,contains,transactions,products,Description,**Acquirer Transaction Fee**,4,
1518,1,value,2012-08-24,transactions_1k,Date,2012-08-24,492,
1518,2,value,00,transactions_1k,Amount,0,91,
1518,3,value,12,transactions_1k,ProductID,12,7,
1518,4,value,12,gasstations,ChainID,12,6,
1518,5,value,12,transactions_1k,Amount,12,6,
1518,6,value,42,transactions_1k,Amount,42,5,
1518,7,value,42,gasstations,ChainID,42,4,
1519,1,value,2012-08-23,transactions_1k,Date,2012-08-23,10,
1519,2,value,00,transactions_1k,Amount,0,91,
1519,3,value,20,gasstations,ChainID,20,25,
1519,4,value,20,transactions_1k,Amount,20,20,
1519,5,value,20,yearmonth,CustomerID,20,15,
1519,6,value,20,transactions_1k,ProductID,20,12,
1519,7,value,21,gasstations,ChainID,21,48,
1519,8,value,21,transactions_1k,Amount,21,17,
1520,1,value,2012-08-24,transactions_1k,Date,2012-08-24,492,
1520,2,value,124.05,transactions_1k,Price,124.05,3,
1520,3,value,2012,gasstations,GasStationID,2012,1,
1521,1,value,2012-08-26,transactions_1k,Date,2012-08-26,73,
1521,2,value,cze,gasstations,Country,CZE,4836,
1521,3,value,00,transactions_1k,Amount,0,91,
1521,4,value,08,gasstations,ChainID,8,75,
1521,5,value,08,transactions_1k,Amount,8,7,
1521,6,value,08,transactions_1k,ProductID,8,3,
1521,7,value,09,gasstations,ChainID,9,196,
1521,8,value,09,transactions_1k,ProductID,9,27,
1522,1,value,201306,yearmonth,Date,201306,25378,
1522,2,value,2013,gasstations,GasStationID,2013,1,
1523,1,contains,card,products,Description,**Card Service Fee**,8,
1524,1,value,2012-08-24,transactions_1k,Date,2012-08-24,492,
1524,2,value,548.4,transactions_1k,Price,548.4,1,
1525,1,value,2012-08-25,transactions_1k,Date,2012-08-25,425,
1525,2,value,eur,customers,Currency,EUR,2002,
1525,3,contains,used,products,Description,Not Used,1,
1526,1,value,2012-08-24,transactions_1k,Date,2012-08-24,492,
1526,2,value,634.8,transactions_1k,Price,634.8,1,
1526,3,value,2012,gasstations,GasStationID,2012,1,
1526,4,value,2013,gasstations,GasStationID,2013,1,
1527,1,contains,station,products,Description,Miscellaneous/service station,4,
1527,2,contains,amount,products,Description,Toll DEU Credit amount for advance toll payment,1,
1528,1,value,premium,gasstations,Segment,Premium,1428,
1528,2,value,svk,gasstations,Country,SVK,880,
1529,1,value,201201,yearmonth,Date,201201,17848,
1529,2,value,38508,yearmonth,CustomerID,38508,20,
1529,3,value,38508,transactions_1k,CustomerID,38508,8,
1529,4,value,2012,gasstations,GasStationID,2012,1,
1529,5,contains,stations,products,Description,Miscellaneous/service station,4,
1529,6,contains,amount,products,Description,Toll DEU Credit amount for advance toll payment,1,
1531,1,contains,amount,products,Description,Toll DEU Credit amount for advance toll payment,1,
1531,2,contains,used,products,Description,Not Used,1,
1532,1,contains,station,products,Description,Miscellaneous/service station,4,
1533,1,value,201208,yearmonth,Date,201208,18048,
1533,2,value,2012,gasstations,GasStationID,2012,1,
1533,3,contains,amount,products,Description,Toll DEU Credit amount for advance toll payment,1,
1533,4,contains,value,products,Description,Toll DEU Daily value,2,
