database,schema,table,column,column_description,column_attribute,column_attribute_description,term,term_description,term_synonyms
california_schools,main,frpm,CDSCode,CDSCode,,,,,
california_schools,main,frpm,Academic Year,Academic Year,Academic Year,Academic Year — one of: 2014-2015,Free And Reduced Price Meal Eligibility,"School-level record of enrollment and free or reduced-price meal (FRPM) eligibility counts and rates for a given academic year, along with the school's identifying and classification attributes.",
california_schools,main,frpm,County Code,"the numeric code of the county, the matching name is in the County Name column",,,,,
california_schools,main,frpm,District Code,District Code,,,,,
california_schools,main,frpm,School Code,School Code,,,,,
california_schools,main,frpm,County Name,the name of the county,County Name,"the name of the county — samples: Alameda, Contra Costa, Fresno, Butte, El Dorado",Free And Reduced Price Meal Eligibility,"School-level record of enrollment and free or reduced-price meal (FRPM) eligibility counts and rates for a given academic year, along with the school's identifying and classification attributes.",
california_schools,main,frpm,District Name,District Name,District Name,"District Name — samples: Oakland Unified, West Contra Costa Unified, Mt. Diablo Unified, Clovis Unified, Fremont Unified",Free And Reduced Price Meal Eligibility,"School-level record of enrollment and free or reduced-price meal (FRPM) eligibility counts and rates for a given academic year, along with the school's identifying and classification attributes.",
california_schools,main,frpm,School Name,School Name,School Name,"School Name — samples: District Office, Pioneer Elementary, Lincoln Elementary, Jefferson Elementary, Garfield Elementary",Free And Reduced Price Meal Eligibility,"School-level record of enrollment and free or reduced-price meal (FRPM) eligibility counts and rates for a given academic year, along with the school's identifying and classification attributes.",
california_schools,main,frpm,District Type,District Type,District Type,"District Type — one of: Unified School District, Elementary School District, County Office of Education (COE), High School District, State Special Schools, State Board of Education, Non-School Locations, Statewide Benefit Charter",Free And Reduced Price Meal Eligibility,"School-level record of enrollment and free or reduced-price meal (FRPM) eligibility counts and rates for a given academic year, along with the school's identifying and classification attributes.",
california_schools,main,frpm,School Type,School Type,School Type,"School Type — one of: Elementary Schools (Public), Intermediate/Middle Schools (Public), High Schools (Public), Continuation High Schools, Alternative Schools of Choice, K-12 Schools (Public), Juvenile Court Schools, County Community, State Special Schools, Special Education Schools (Public), Elemen Schools In 1 School Dist. (Public), District Community Day Schools, Preschool, Junior High Schools (Public), Opportunity Schools, High Schools In 1 School Dist. (Public), Youth Authority Facilities",Free And Reduced Price Meal Eligibility,"School-level record of enrollment and free or reduced-price meal (FRPM) eligibility counts and rates for a given academic year, along with the school's identifying and classification attributes.",
california_schools,main,frpm,Educational Option Type,Educational Option Type,Educational Option Type,"Educational Option Type — one of: Traditional, Continuation School, Alternative School of Choice, Community Day School, Special Education School, Juvenile Court School, County Community School, State Special School, Home and Hospital, Opportunity School, Youth Authority School, District Special Education Consortia School",Free And Reduced Price Meal Eligibility,"School-level record of enrollment and free or reduced-price meal (FRPM) eligibility counts and rates for a given academic year, along with the school's identifying and classification attributes.",
california_schools,main,frpm,NSLP Provision Status,NSLP Provision Status,NSLP Provision Status,"NSLP Provision Status — one of: Provision 2, CEP, Breakfast Provision 2, Lunch Provision 2, Provision 1, Multiple Provision Types, Provision 3",Free And Reduced Price Meal Eligibility,"School-level record of enrollment and free or reduced-price meal (FRPM) eligibility counts and rates for a given academic year, along with the school's identifying and classification attributes.",
california_schools,main,frpm,Charter School (Y/N),"Charter School (Y/N), 0: N;1: Y",Is Charter School,"Charter School (Y/N), 0: N;1: Y — one of: 0, 1",Free And Reduced Price Meal Eligibility,"School-level record of enrollment and free or reduced-price meal (FRPM) eligibility counts and rates for a given academic year, along with the school's identifying and classification attributes.",
california_schools,main,frpm,Charter School Number,Charter School Number,Charter School Number,"Charter School Number — samples: 0728, 0527, 1660, 1441, 0755",Free And Reduced Price Meal Eligibility,"School-level record of enrollment and free or reduced-price meal (FRPM) eligibility counts and rates for a given academic year, along with the school's identifying and classification attributes.",
california_schools,main,frpm,Charter Funding Type,Charter Funding Type,Charter Funding Type,"Charter Funding Type — one of: Directly funded, Locally funded, Not in CS funding model",Free And Reduced Price Meal Eligibility,"School-level record of enrollment and free or reduced-price meal (FRPM) eligibility counts and rates for a given academic year, along with the school's identifying and classification attributes.",
california_schools,main,frpm,IRC,"Binary flag indicating whether the record is an Interdistrict Reporting/Charter-related indicator, encoded as 0 or 1.",IRC Indicator,"Binary flag indicating whether the record is an Interdistrict Reporting/Charter-related indicator, encoded as 0 or 1. — one of: 0, 1",Free And Reduced Price Meal Eligibility,"School-level record of enrollment and free or reduced-price meal (FRPM) eligibility counts and rates for a given academic year, along with the school's identifying and classification attributes.",
california_schools,main,frpm,Low Grade,Low Grade,Low Grade,"Low Grade — one of: K, 9, 6, 7, P, 1, 10, 3, 5, Adult, 4, 2, 8, 11, 12",Free And Reduced Price Meal Eligibility,"School-level record of enrollment and free or reduced-price meal (FRPM) eligibility counts and rates for a given academic year, along with the school's identifying and classification attributes.",
california_schools,main,frpm,High Grade,High Grade,High Grade,"High Grade — one of: 12, 5, 8, 6, 3, Adult, P, 7, 2, 1, 4, K, 9, 10, 11, 13, Post Secondary",Free And Reduced Price Meal Eligibility,"School-level record of enrollment and free or reduced-price meal (FRPM) eligibility counts and rates for a given academic year, along with the school's identifying and classification attributes.",
california_schools,main,frpm,Enrollment (K-12),"Enrollment (K-12), commonsense evidence:K-12: 1st grade - 12nd grade",enrollment(k-12),"Enrollment (K-12), commonsense evidence:K-12: 1st grade - 12nd grade — samples: 19.0, 1.0, 546.0, 430.0, 410.0",Free And Reduced Price Meal Eligibility,"School-level record of enrollment and free or reduced-price meal (FRPM) eligibility counts and rates for a given academic year, along with the school's identifying and classification attributes.",
california_schools,main,frpm,Free Meal Count (K-12),"Free Meal Count (K-12), commonsense evidence:eligible free rate = Free Meal Count / Enrollment",freeMealCount(k-12),"Free Meal Count (K-12), commonsense evidence:eligible free rate = Free Meal Count / Enrollment — samples: 6.0, 12.0, 1.0, 7.0, 31.0",Free And Reduced Price Meal Eligibility,"School-level record of enrollment and free or reduced-price meal (FRPM) eligibility counts and rates for a given academic year, along with the school's identifying and classification attributes.",
california_schools,main,frpm,Percent (%) Eligible Free (K-12),"The proportion of K-12 students eligible for free meals, expressed as a fraction of total K-12 enrollment.",percent(%)EligibleFree(k-12),"The proportion of K-12 students eligible for free meals, expressed as a fraction of total K-12 enrollment. — samples: 1.0, 0.75, 0.8, 0.785714285714286, 0.461538461538462",Free And Reduced Price Meal Eligibility,"School-level record of enrollment and free or reduced-price meal (FRPM) eligibility counts and rates for a given academic year, along with the school's identifying and classification attributes.",
california_schools,main,frpm,FRPM Count (K-12),"Free or Reduced Price Meal Count (K-12), commonsense evidence:eligible FRPM rate = FRPM / Enrollment",frpmCount(k-12),"Free or Reduced Price Meal Count (K-12), commonsense evidence:eligible FRPM rate = FRPM / Enrollment — samples: 6.0, 1.0, 34.0, 16.0, 17.0",Free And Reduced Price Meal Eligibility,"School-level record of enrollment and free or reduced-price meal (FRPM) eligibility counts and rates for a given academic year, along with the school's identifying and classification attributes.",
california_schools,main,frpm,Percent (%) Eligible FRPM (K-12),"The proportion of K-12 students eligible for free or reduced-price meals, expressed as a fraction of total K-12 enrollment.",percent(%)EligibleFrpm(k-12),"The proportion of K-12 students eligible for free or reduced-price meals, expressed as a fraction of total K-12 enrollment. — samples: 1.0, 0.75, 0.538461538461538, 0.923076923076923, 0.8",Free And Reduced Price Meal Eligibility,"School-level record of enrollment and free or reduced-price meal (FRPM) eligibility counts and rates for a given academic year, along with the school's identifying and classification attributes.",
california_schools,main,frpm,Enrollment (Ages 5-17),Enrollment (Ages 5-17),enrollment(ages5-17),"Enrollment (Ages 5-17) — samples: 1.0, 112.0, 432.0, 142.0, 474.0",Free And Reduced Price Meal Eligibility,"School-level record of enrollment and free or reduced-price meal (FRPM) eligibility counts and rates for a given academic year, along with the school's identifying and classification attributes.",
california_schools,main,frpm,Free Meal Count (Ages 5-17),"Free Meal Count (Ages 5-17), commonsense evidence:eligible free rate = Free Meal Count / Enrollment",freeMealCount(ages5-17),"Free Meal Count (Ages 5-17), commonsense evidence:eligible free rate = Free Meal Count / Enrollment — samples: 1.0, 6.0, 12.0, 5.0, 11.0",Free And Reduced Price Meal Eligibility,"School-level record of enrollment and free or reduced-price meal (FRPM) eligibility counts and rates for a given academic year, along with the school's identifying and classification attributes.",
california_schools,main,frpm,Percent (%) Eligible Free (Ages 5-17),"The proportion of students aged 5 to 17 eligible for free meals, expressed as a fraction of enrollment for that age group.",percent(%)EligibleFree(ages5-17),"The proportion of students aged 5 to 17 eligible for free meals, expressed as a fraction of enrollment for that age group. — samples: 1.0, 0.75, 0.857142857142857, 0.714285714285714, 0.625",Free And Reduced Price Meal Eligibility,"School-level record of enrollment and free or reduced-price meal (FRPM) eligibility counts and rates for a given academic year, along with the school's identifying and classification attributes.",
california_schools,main,frpm,FRPM Count (Ages 5-17),The number of students aged 5 to 17 eligible for free or reduced-price meals.,frpmCount(ages5-17),"The number of students aged 5 to 17 eligible for free or reduced-price meals. — samples: 6.0, 14.0, 1.0, 17.0, 9.0",Free And Reduced Price Meal Eligibility,"School-level record of enrollment and free or reduced-price meal (FRPM) eligibility counts and rates for a given academic year, along with the school's identifying and classification attributes.",
california_schools,main,frpm,Percent (%) Eligible FRPM (Ages 5-17),"The proportion of students aged 5 to 17 eligible for free or reduced-price meals, expressed as a fraction of enrollment for that age group.",percent(%)EligibleFrpm(ages5-17),"The proportion of students aged 5 to 17 eligible for free or reduced-price meals, expressed as a fraction of enrollment for that age group. — samples: 1.0, 0.75, 0.857142857142857, 0.4, 0.916666666666667",Free And Reduced Price Meal Eligibility,"School-level record of enrollment and free or reduced-price meal (FRPM) eligibility counts and rates for a given academic year, along with the school's identifying and classification attributes.",
california_schools,main,frpm,2013-14 CALPADS Fall 1 Certification Status,2013-14 CALPADS Fall 1 Certification Status,2013-14CalpadsFall1CertificationStatus,2013-14 CALPADS Fall 1 Certification Status — one of: 1,Free And Reduced Price Meal Eligibility,"School-level record of enrollment and free or reduced-price meal (FRPM) eligibility counts and rates for a given academic year, along with the school's identifying and classification attributes.",
california_schools,main,satscores,cds,California Department Schools,,,,,
california_schools,main,satscores,rtype,"rtype, unuseful",Record Type,"rtype, unuseful — one of: S, D",SAT Score,"SAT test results and score statistics for each school, including enrollment, number of test takers, and average scores by subject.",
california_schools,main,satscores,sname,school name,School Name,"school name — samples: Golden Valley High, Liberty High, Centennial High, South High, Foothill High",SAT Score,"SAT test results and score statistics for each school, including enrollment, number of test takers, and average scores by subject.",
california_schools,main,satscores,dname,district segment,District Name,"district segment — samples: Los Angeles Unified, Oakland Unified, Kern High, Fresno Unified, Antelope Valley Union High",SAT Score,"SAT test results and score statistics for each school, including enrollment, number of test takers, and average scores by subject.",
california_schools,main,satscores,cname,county name,County Name,"county name — samples: Los Angeles, Alameda, Fresno, Contra Costa, Kern",SAT Score,"SAT test results and score statistics for each school, including enrollment, number of test takers, and average scores by subject.",
california_schools,main,satscores,enroll12,enrollment (1st-12nd grade),enroll12,"enrollment (1st-12nd grade) — samples: 47, 19, 17, 126, 38",SAT Score,"SAT test results and score statistics for each school, including enrollment, number of test takers, and average scores by subject.",
california_schools,main,satscores,NumTstTakr,"Number of Test Takers in this school, number of test takers in each school",Number Of Test Takers,"Number of Test Takers in this school, number of test takers in each school — samples: 0, 1, 2, 3, 4",SAT Score,"SAT test results and score statistics for each school, including enrollment, number of test takers, and average scores by subject.",
california_schools,main,satscores,AvgScrRead,"average scores in Reading, average scores in Reading",Average Reading Score,"average scores in Reading, average scores in Reading — samples: 517, 434, 464, 451, 433",SAT Score,"SAT test results and score statistics for each school, including enrollment, number of test takers, and average scores by subject.",
california_schools,main,satscores,AvgScrMath,"average scores in Math, average scores in Math",Average Math Score,"average scores in Math, average scores in Math — samples: 451, 462, 446, 436, 429",SAT Score,"SAT test results and score statistics for each school, including enrollment, number of test takers, and average scores by subject.",
california_schools,main,satscores,AvgScrWrite,"average scores in writing, average scores in writing",Average Writing Score,"average scores in writing, average scores in writing — samples: 446, 464, 425, 442, 468",SAT Score,"SAT test results and score statistics for each school, including enrollment, number of test takers, and average scores by subject.",
california_schools,main,satscores,NumGE1500,"Number of Test Takers Whose Total SAT Scores Are Greater or Equal to 1500, Number of Test Takers Whose Total SAT Scores Are Greater or Equal to 1500commonsense evidence:Excellence Rate = NumGE1500 / NumTstTakr",numge1500,"Number of Test Takers Whose Total SAT Scores Are Greater or Equal to 1500, Number of Test Takers Whose Total SAT Scores Are Greater or Equal to 1500commonsense evidence:Excellence Rate = NumGE1500 / NumTstTakr — samples: 6, 3, 4, 1, 15",SAT Score,"SAT test results and score statistics for each school, including enrollment, number of test takers, and average scores by subject.",
california_schools,main,schools,CDSCode,CDSCode,CDS Code,"CDSCode — samples: 01100170000000, 01613090114421, 01612916002406, 01612916002414, 01612916002422",School,"A California school, district, or administrative authority including its identification, location, contact, classification, and administrative details.",
california_schools,main,schools,NCESDist,"This field represents the 7-digit National Center for Educational Statistics (NCES) school district identification number. The first 2 digits identify the state and the last 5 digits identify the school district. Combined, they make a unique 7-digit ID for each school district.",NCES District ID,"This field represents the 7-digit National Center for Educational Statistics (NCES) school district identification number. The first 2 digits identify the state and the last 5 digits identify the school district. Combined, they make a unique 7-digit ID for each school district. — samples: 0628050, 0616740, 0614400, 0608370, 0691051",School,"A California school, district, or administrative authority including its identification, location, contact, classification, and administrative details.",
california_schools,main,schools,NCESSchool,This field represents the 5-digit NCES school identification number. The NCESSchool combined with the NCESDist form a unique 12-digit ID for each school.,NCES School ID,"This field represents the 5-digit NCES school identification number. The NCESSchool combined with the NCESDist form a unique 12-digit ID for each school. — samples: 09276, 10724, 07487, 09285, 09286",School,"A California school, district, or administrative authority including its identification, location, contact, classification, and administrative details.",
california_schools,main,schools,StatusType,"This field identifies the status of the district., Definitions of the valid status types are listed below:· Active: The district is in operation and providing instructional services.· Closed: The district is not in operation and no longer providing instructional services.· Merged: The district has combined with another district or districts.· Pending: The district has not opened for operation and instructional services yet, but plans to open within the next 9–12 months.",Status Type,"This field identifies the status of the district., Definitions of the valid status types are listed below:· Active: The district is in operation and providing instructional services.· Closed: The district is not in operation and no longer providing instructional services.· Merged: The district has combined with another district or districts.· Pending: The district has not opened for operation and instructional services yet, but plans to open within the next 9–12 months. — one of: Active, Closed, Merged, Pending",School,"A California school, district, or administrative authority including its identification, location, contact, classification, and administrative details.",
california_schools,main,schools,County,County name,County,"County name — samples: Alameda, Butte, Amador, Alpine, Calaveras",School,"A California school, district, or administrative authority including its identification, location, contact, classification, and administrative details.",
california_schools,main,schools,District,District,District,"District — samples: Oakland Unified, Hayward Unified, Fremont Unified, Chico Unified, Alameda County Office of Education",School,"A California school, district, or administrative authority including its identification, location, contact, classification, and administrative details.",
california_schools,main,schools,School,School,School Name,"School — samples: Washington Elementary, Franklin Elementary, Jefferson Elementary, Wilson Elementary, Burbank Elementary",School,"A California school, district, or administrative authority including its identification, location, contact, classification, and administrative details.",
california_schools,main,schools,Street,Street,Street,"Street — samples: 217 Rex Avenue, 2607 Myrtle Street, 4610 Foothill Boulevard, 43 Hawkside Drive, PO Box 219",School,"A California school, district, or administrative authority including its identification, location, contact, classification, and administrative details.",
california_schools,main,schools,StreetAbr,"The abbreviated street address of the school, district, or administrative authority’s physical location., The abbreviated street address of the school, district, or administrative authority’s physical location. Note: Some records (primarily records of closed or retired schools) may not have data in this field.",Street Abbreviated,"The abbreviated street address of the school, district, or administrative authority’s physical location., The abbreviated street address of the school, district, or administrative authority’s physical location. Note: Some records (primarily records of closed or retired schools) may not have data in this field. — samples: 4610 Foothill Blvd., 217 Rex Ave., 2607 Myrtle St., PO Box 219, 8251 Fontaine St.",School,"A California school, district, or administrative authority including its identification, location, contact, classification, and administrative details.",
california_schools,main,schools,City,City,City,"City — samples: Oakland, Hayward, Fremont, Oroville, Chico",School,"A California school, district, or administrative authority including its identification, location, contact, classification, and administrative details.",
california_schools,main,schools,Zip,Zip,Zip,"Zip — samples: 94566, 94607, 95965, 94560, 94541",School,"A California school, district, or administrative authority including its identification, location, contact, classification, and administrative details.",
california_schools,main,schools,State,State,State,State — one of: CA,School,"A California school, district, or administrative authority including its identification, location, contact, classification, and administrative details.",
california_schools,main,schools,MailStreet,"MailStreet, The unabbreviated mailing address of the school, district, or administrative authority. Note: 1) Some entities (primarily closed or retired schools) may not have data in this field; 2) Many active entities have not provided a mailing street address. For your convenience we have filled the unpopulated MailStreet cells with Street data.",Mailing Street,"MailStreet, The unabbreviated mailing address of the school, district, or administrative authority. Note: 1) Some entities (primarily closed or retired schools) may not have data in this field; 2) Many active entities have not provided a mailing street address. For your convenience we have filled the unpopulated MailStreet cells with Street data. — samples: PO Box 5000, 217 Rex Avenue, PO Box 2146, 14735 Juniper Street, 1859 Bird Street",School,"A California school, district, or administrative authority including its identification, location, contact, classification, and administrative details.",
california_schools,main,schools,MailStrAbr,"the abbreviated mailing street address of the school, district, or administrative authority.Note: Many active entities have not provided a mailing street address. For your convenience we have filled the unpopulated MailStrAbr cells with StreetAbr data.",Mailing Street Abbreviated,"the abbreviated mailing street address of the school, district, or administrative authority.Note: Many active entities have not provided a mailing street address. For your convenience we have filled the unpopulated MailStrAbr cells with StreetAbr data. — samples: PO Box 5000, 217 Rex Ave., PO Box 2146, 14735 Juniper St., 1859 Bird St.",School,"A California school, district, or administrative authority including its identification, location, contact, classification, and administrative details.",
california_schools,main,schools,MailCity,"The city associated with the mailing address of the school, district, or administrative authority. Note: Many entities have not provided a mailing address city. For your convenience we have filled the unpopulated MailCity cells with City data.",Mailing City,"The city associated with the mailing address of the school, district, or administrative authority. Note: Many entities have not provided a mailing address city. For your convenience we have filled the unpopulated MailCity cells with City data. — samples: Oakland, Hayward, Fremont, Oroville, Chico",School,"A California school, district, or administrative authority including its identification, location, contact, classification, and administrative details.",
california_schools,main,schools,MailZip,"The zip code associated with the mailing address of the school, district, or administrative authority. Note: Many entities have not provided a mailing address zip code. For your convenience we have filled the unpopulated MailZip cells with Zip data.",Mailing Zip,"The zip code associated with the mailing address of the school, district, or administrative authority. Note: Many entities have not provided a mailing address zip code. For your convenience we have filled the unpopulated MailZip cells with Zip data. — samples: 94546, 95965, 94606, 94566, 94607",School,"A California school, district, or administrative authority including its identification, location, contact, classification, and administrative details.",
california_schools,main,schools,MailState,The state within the mailing address. For your convenience we have filled the unpopulated MailState cells with State data.,Mailing State,The state within the mailing address. For your convenience we have filled the unpopulated MailState cells with State data. — one of: CA,School,"A California school, district, or administrative authority including its identification, location, contact, classification, and administrative details.",
california_schools,main,schools,Phone,Phone,Phone,"Phone — samples: (530) 891-3092, (530) 694-2230, (530) 533-4708, (510) 893-8701, (209) 257-5353",School,"A California school, district, or administrative authority including its identification, location, contact, classification, and administrative details.",
california_schools,main,schools,Ext,"The phone number extension of the school, district, or administrative authority., The phone number extension of the school, district, or administrative authority.",Phone Extension,"The phone number extension of the school, district, or administrative authority., The phone number extension of the school, district, or administrative authority. — samples: 221, 130, 7905, 3104, 7",School,"A California school, district, or administrative authority including its identification, location, contact, classification, and administrative details.",
california_schools,main,schools,Website,"The website address of the school, district, or administrative authority., The website address of the school, district, or administrative authority.",Website,"The website address of the school, district, or administrative authority., The website address of the school, district, or administrative authority. — samples: www.newarkunified.org, www.dublinusd.org, www.bcoe.org, www.aspirepublicschools.org, www.gusd.org",School,"A California school, district, or administrative authority including its identification, location, contact, classification, and administrative details.",
california_schools,main,schools,OpenDate,The date the school opened.,Open Date,The date the school opened.,School,"A California school, district, or administrative authority including its identification, location, contact, classification, and administrative details.",
california_schools,main,schools,ClosedDate,The date the school closed.,Closed Date,The date the school closed.,School,"A California school, district, or administrative authority including its identification, location, contact, classification, and administrative details.",
california_schools,main,schools,Charter,"This field identifies a charter school., The field is coded as follows:· 1 = The school is a charter· 0 = The school is not a charter",Is Charter,"This field identifies a charter school., The field is coded as follows:· 1 = The school is a charter· 0 = The school is not a charter — one of: 0, 1",School,"A California school, district, or administrative authority including its identification, location, contact, classification, and administrative details.",
california_schools,main,schools,CharterNum,"The charter school number,, 4-digit number assigned to a charter school.",Charter Number,"The charter school number,, 4-digit number assigned to a charter school. — samples: 0728, 1632, 1443, 0302, 0202",School,"A California school, district, or administrative authority including its identification, location, contact, classification, and administrative details.",
california_schools,main,schools,FundingType,"Indicates the charter school funding type, Values are as follows:· Not in CS (California School) funding model· Locally funded· Directly funded",Funding Type,"Indicates the charter school funding type, Values are as follows:· Not in CS (California School) funding model· Locally funded· Directly funded — one of: Directly funded, Locally funded, Not in CS funding model",School,"A California school, district, or administrative authority including its identification, location, contact, classification, and administrative details.",
california_schools,main,schools,DOC,"District Ownership Code, The District Ownership Code (DOC) is the numeric code used to identify the category of the Administrative Authority.• 00 - County Office of Education• 02 – State Board of Education• 03 – Statewide Benefit Charter• 31 – State Special Schools• 34 – Non-school Location*• 52 – Elementary School District• 54 – Unified School District• 56 – High School District• 98 – Regional Occupational Center/Program (ROC/P)commonsense evidence:*Only the California Education Authority has been included in the non-school location category.",District Ownership Code,"District Ownership Code, The District Ownership Code (DOC) is the numeric code used to identify the category of the Administrative Authority.• 00 - County Office of Education• 02 – State Board of Education• 03 – Statewide Benefit Charter• 31 – State Special Schools• 34 – Non-school Location*• 52 – Elementary School District• 54 – Unified School District• 56 – High School District• 98 – Regional Occupational Center/Program (ROC/P)commonsense evidence:*Only the California Education Authority has been included in the non-school location category. — one of: 54, 00, 52, 56, 98, 31, 34, 42, 58, 02, 99, 03",School,"A California school, district, or administrative authority including its identification, location, contact, classification, and administrative details.",
california_schools,main,schools,DOCType,"The District Ownership Code Type is the text description of the DOC category., (See text values in DOC field description above)",District Ownership Code Type,"The District Ownership Code Type is the text description of the DOC category., (See text values in DOC field description above) — one of: Unified School District, County Office of Education (COE), Elementary School District, High School District, Regional Occupation Center/Program (ROC/P), State Special Schools, Non-School Locations, Joint Powers Authority (JPA), Community College District, State Board of Education, Administration Only, Statewide Benefit Charter",School,"A California school, district, or administrative authority including its identification, location, contact, classification, and administrative details.",
california_schools,main,schools,SOC,"The School Ownership Code is a numeric code used to identify the type of school., • 08 - Preschool • 09 – Special Education Schools (Public)• 11 – Youth Authority Facilities (CEA)• 13 – Opportunity Schools• 14 – Juvenile Court Schools• 15 – Other County or District Programs• 31 – State Special Schools• 60 – Elementary School (Public)• 61 – Elementary School in 1 School District (Public)• 62 – Intermediate/Middle Schools (Public)• 63 – Alternative Schools of Choice• 64 – Junior High Schools (Public)• 65 – K-12 Schools (Public)• 66 – High Schools (Public)• 67 – High Schools in 1 School District (Public)• 68 – Continuation High Schools• 69 – District Community Day Schools• 70 – Adult Education Centers• 98 – Regional Occupational Center/Program (ROC/P)",School Ownership Code,"The School Ownership Code is a numeric code used to identify the type of school., • 08 - Preschool • 09 – Special Education Schools (Public)• 11 – Youth Authority Facilities (CEA)• 13 – Opportunity Schools• 14 – Juvenile Court Schools• 15 – Other County or District Programs• 31 – State Special Schools• 60 – Elementary School (Public)• 61 – Elementary School in 1 School District (Public)• 62 – Intermediate/Middle Schools (Public)• 63 – Alternative Schools of Choice• 64 – Junior High Schools (Public)• 65 – K-12 Schools (Public)• 66 – High Schools (Public)• 67 – High Schools in 1 School District (Public)• 68 – Continuation High Schools• 69 – District Community Day Schools• 70 – Adult Education Centers• 98 – Regional Occupational Center/Program (ROC/P) — one of: 60, 66, 62, 68, 70, 65, 10, 14, 13, 09, 31, 08, 63, 64, 61, 69, 98, 11, 15, 67",School,"A California school, district, or administrative authority including its identification, location, contact, classification, and administrative details.",
california_schools,main,schools,SOCType,"The School Ownership Code Type is the text description of the type of school., The School Ownership Code Type is the text description of the type of school.",School Ownership Code Type,"The School Ownership Code Type is the text description of the type of school., The School Ownership Code Type is the text description of the type of school. — one of: Elementary Schools (Public), High Schools (Public), Intermediate/Middle Schools (Public), Continuation High Schools, Adult Education Centers, K-12 Schools (Public), County Community, Juvenile Court Schools, Opportunity Schools, Special Education Schools (Public), State Special Schools, Preschool, Alternative Schools of Choice, Junior High Schools (Public), Elemen Schools In 1 School Dist. (Public), District Community Day Schools, ROC/ROP, Youth Authority Facilities, Other County Or District Programs, High Schools In 1 School Dist. (Public)",School,"A California school, district, or administrative authority including its identification, location, contact, classification, and administrative details.",
california_schools,main,schools,EdOpsCode,"The Education Option Code is a short text description of the type of education offered., • ALTSOC – Alternative School of Choice• COMM – County Community School• COMMDAY – Community Day School• CON – Continuation School• JUV – Juvenile Court School• OPP – Opportunity School• YTH – Youth Authority School• SSS – State Special School• SPEC – Special Education School• TRAD – Traditional• ROP – Regional Occupational Program• HOMHOS – Home and Hospital• SPECON – District Consortia Special Education School",Education Option Code,"The Education Option Code is a short text description of the type of education offered., • ALTSOC – Alternative School of Choice• COMM – County Community School• COMMDAY – Community Day School• CON – Continuation School• JUV – Juvenile Court School• OPP – Opportunity School• YTH – Youth Authority School• SSS – State Special School• SPEC – Special Education School• TRAD – Traditional• ROP – Regional Occupational Program• HOMHOS – Home and Hospital• SPECON – District Consortia Special Education School — one of: TRAD, CON, COMMDAY, SPEC, ALTSOC, JUV, COMM, OPP, SSS, HOMHOS, YTH, ROP, SPECON",School,"A California school, district, or administrative authority including its identification, location, contact, classification, and administrative details.",
california_schools,main,schools,EdOpsName,"Educational Option Name, The Educational Option Name is the long text description of the type of education being offered.",Education Option Name,"Educational Option Name, The Educational Option Name is the long text description of the type of education being offered. — one of: Traditional, Continuation School, Community Day School, Special Education School, Alternative School of Choice, Juvenile Court School, County Community School, Opportunity School, State Special School, Home and Hospital, Youth Authority School, ROP, District Special Education Consortia School",School,"A California school, district, or administrative authority including its identification, location, contact, classification, and administrative details.",
california_schools,main,schools,EILCode,"The Educational Instruction Level Code is a short text description of the institution's type relative to the grade range served., • A – Adult• ELEM – Elementary• ELEMHIGH – Elementary-High Combination• HS – High School• INTMIDJR – Intermediate/Middle/Junior High• PS – Preschool• UG – Ungraded",Educational Instruction Level Code,"The Educational Instruction Level Code is a short text description of the institution's type relative to the grade range served., • A – Adult• ELEM – Elementary• ELEMHIGH – Elementary-High Combination• HS – High School• INTMIDJR – Intermediate/Middle/Junior High• PS – Preschool• UG – Ungraded — one of: ELEM, HS, UG, INTMIDJR, ELEMHIGH, PS, A",School,"A California school, district, or administrative authority including its identification, location, contact, classification, and administrative details.",
california_schools,main,schools,EILName,"The Educational Instruction Level Name is the long text description of the institution’s type relative to the grade range served., The Educational Instruction Level Name is the long text description of the institution’s type relative to the grade range served.",Educational Instruction Level Name,"The Educational Instruction Level Name is the long text description of the institution’s type relative to the grade range served., The Educational Instruction Level Name is the long text description of the institution’s type relative to the grade range served. — one of: Elementary, High School, Ungraded, Intermediate/Middle/Junior High, Elementary-High Combination, Preschool, Adult",School,"A California school, district, or administrative authority including its identification, location, contact, classification, and administrative details.",
california_schools,main,schools,GSoffered,"The grade span offered is the lowest grade and the highest grade offered or supported by the school, district, or administrative authority. This field might differ from the grade span served as reported in the most recent certified California Longitudinal Pupil Achievement (CALPADS) Fall 1 data collection., For example XYZ School might display the following data:GSoffered = P–AdultGSserved = K–12",Grade Span Offered,"The grade span offered is the lowest grade and the highest grade offered or supported by the school, district, or administrative authority. This field might differ from the grade span served as reported in the most recent certified California Longitudinal Pupil Achievement (CALPADS) Fall 1 data collection., For example XYZ School might display the following data:GSoffered = P–AdultGSserved = K–12 — samples: K-5, 9-12, K-6, 6-8, K-8",School,"A California school, district, or administrative authority including its identification, location, contact, classification, and administrative details.",
california_schools,main,schools,GSserved,"It is the lowest grade and the highest grade of student enrollment as reported in the most recent certified CALPADS Fall 1 data collection. Only K–12 enrollment is reported through CALPADS. This field may differ from the grade span offered., commonsense evidence:1. Only K–12 enrollment is reported through CALPADS2. Note: Special programs at independent study, alternative education, and special education schools will often exceed the typical grade span for schools of that type",Grade Span Served,"It is the lowest grade and the highest grade of student enrollment as reported in the most recent certified CALPADS Fall 1 data collection. Only K–12 enrollment is reported through CALPADS. This field may differ from the grade span offered., commonsense evidence:1. Only K–12 enrollment is reported through CALPADS2. Note: Special programs at independent study, alternative education, and special education schools will often exceed the typical grade span for schools of that type — samples: K-5, 9-12, K-6, 6-8, K-8",School,"A California school, district, or administrative authority including its identification, location, contact, classification, and administrative details.",
california_schools,main,schools,Virtual,"This field identifies the type of virtual instruction offered by the school. Virtual instruction is instruction in which students and teachers are separated by time and/or location, and interaction occurs via computers and/or telecommunications technologies., The field is coded as follows:· F = Exclusively Virtual – The school has no physical building where students meet with each other or with teachers, all instruction is virtual.· V = Primarily Virtual – The school focuses on a systematic program of virtual instruction but includes some physical meetings among students or with teachers.· C = Primarily Classroom – The school offers virtual courses but virtual instruction is not the primary means of instruction.· N = Not Virtual – The school does not offer any virtual instruction.· P = Partial Virtual – The school offers some, but not all, instruction through virtual instruction. Note: This value was retired and replaced with the Primarily Virtual and Primarily Classroom values beginning with the 2016–17 school year.",Virtual Instruction Type,"This field identifies the type of virtual instruction offered by the school. Virtual instruction is instruction in which students and teachers are separated by time and/or location, and interaction occurs via computers and/or telecommunications technologies., The field is coded as follows:· F = Exclusively Virtual – The school has no physical building where students meet with each other or with teachers, all instruction is virtual.· V = Primarily Virtual – The school focuses on a systematic program of virtual instruction but includes some physical meetings among students or with teachers.· C = Primarily Classroom – The school offers virtual courses but virtual instruction is not the primary means of instruction.· N = Not Virtual – The school does not offer any virtual instruction.· P = Partial Virtual – The school offers some, but not all, instruction through virtual instruction. Note: This value was retired and replaced with the Primarily Virtual and Primarily Classroom values beginning with the 2016–17 school year. — one of: N, P, F",School,"A California school, district, or administrative authority including its identification, location, contact, classification, and administrative details.",
california_schools,main,schools,Magnet,"This field identifies whether a school is a magnet school and/or provides a magnet program., The field is coded as follows:· 1 = Magnet - The school is a magnet school and/or offers a magnet program.· 0 = Not Magnet - The school is not a magnet school and/or does not offer a magnet program.commonsense evidence:Note: Preschools and adult education centers do not contain a magnet school indicator.",Is Magnet,"This field identifies whether a school is a magnet school and/or provides a magnet program., The field is coded as follows:· 1 = Magnet - The school is a magnet school and/or offers a magnet program.· 0 = Not Magnet - The school is not a magnet school and/or does not offer a magnet program.commonsense evidence:Note: Preschools and adult education centers do not contain a magnet school indicator. — one of: 0, 1",School,"A California school, district, or administrative authority including its identification, location, contact, classification, and administrative details.",
california_schools,main,schools,Latitude,"The angular distance (expressed in degrees) between the location of the school, district, or administrative authority and the equator measured north to south., The angular distance (expressed in degrees) between the location of the school, district, or administrative authority and the equator measured north to south.",Latitude,"The angular distance (expressed in degrees) between the location of the school, district, or administrative authority and the equator measured north to south., The angular distance (expressed in degrees) between the location of the school, district, or administrative authority and the equator measured north to south. — samples: 38.766195, 38.352665, 37.658212, 39.414988, 37.773786",School,"A California school, district, or administrative authority including its identification, location, contact, classification, and administrative details.",
california_schools,main,schools,Longitude,"The angular distance (expressed in degrees) between the location of the school, district, or administrative authority and the prime meridian (Greenwich, England) measured from west to east., The angular distance (expressed in degrees) between the location of the school, district, or administrative authority and the prime meridian (Greenwich, England) measured from west to east.",Longitude,"The angular distance (expressed in degrees) between the location of the school, district, or administrative authority and the prime meridian (Greenwich, England) measured from west to east., The angular distance (expressed in degrees) between the location of the school, district, or administrative authority and the prime meridian (Greenwich, England) measured from west to east. — samples: -119.80692, -120.77703, -122.09713, -122.20992, -121.7038",School,"A California school, district, or administrative authority including its identification, location, contact, classification, and administrative details.",
california_schools,main,schools,AdmFName1,"administrator's first name, The superintendent’s or principal’s first name.commonsense evidence:Only active and pending districts and schools will display administrator information, if applicable.",Administrator First Name,"administrator's first name, The superintendent’s or principal’s first name.commonsense evidence:Only active and pending districts and schools will display administrator information, if applicable. — samples: Michael, Jessica, John, Susan, Kathleen",School,"A California school, district, or administrative authority including its identification, location, contact, classification, and administrative details.",
california_schools,main,schools,AdmLName1,"administrator's last name, The superintendent’s or principal’s last name.commonsense evidence:Only active and pending districts and schools will display administrator information, if applicable.",admlname1,"administrator's last name, The superintendent’s or principal’s last name.commonsense evidence:Only active and pending districts and schools will display administrator information, if applicable. — samples: Williams, Taylor, Johnson, Garcia, Hicks",School,"A California school, district, or administrative authority including its identification, location, contact, classification, and administrative details.",
california_schools,main,schools,AdmEmail1,"administrator's email address, The superintendent’s or principal’s email address.commonsense evidence:Only active and pending districts and schools will display administrator information, if applicable.",admemail1,"administrator's email address, The superintendent’s or principal’s email address.commonsense evidence:Only active and pending districts and schools will display administrator information, if applicable. — samples: delphine.sherman@aspirepublicschools.org, ssmith@alpinecoe.k12.ca.us, mlopes@newarkunified.org, akotzin@slzusd.org, bwagner@amadorcoe.k12.ca.us",School,"A California school, district, or administrative authority including its identification, location, contact, classification, and administrative details.",
california_schools,main,schools,AdmFName2,SAME as 1,admfname2,"SAME as 1 — samples: Sau-Lim (Lance), Susan, Brandon, Ryan, Jennifer",School,"A California school, district, or administrative authority including its identification, location, contact, classification, and administrative details.",
california_schools,main,schools,AdmLName2,The last name of a second administrator (superintendent or principal) of the school or district.,admlname2,"The last name of a second administrator (superintendent or principal) of the school or district. — samples: Tsang, Paige, Gaston, Mapes, Plummer",School,"A California school, district, or administrative authority including its identification, location, contact, classification, and administrative details.",
california_schools,main,schools,AdmEmail2,The email address of a second administrator (superintendent or principal) of the school or district.,admemail2,"The email address of a second administrator (superintendent or principal) of the school or district. — samples: stsang@unityhigh.org, brandon.paige@lighthousecharter.org, sgaston@puesd.org, empaes@piedmont.k12.ca.us, splummer@gusd.org",School,"A California school, district, or administrative authority including its identification, location, contact, classification, and administrative details.",
california_schools,main,schools,AdmFName3,The first name of the school's third administrator.,admfname3,"The first name of the school's third administrator. — samples: Drew, Irma, Vickie, Barbara, Kelly",School,"A California school, district, or administrative authority including its identification, location, contact, classification, and administrative details.",
california_schools,main,schools,AdmLName3,The last name of the school's third administrator.,admlname3,"The last name of the school's third administrator. — samples: Sarratore, Munoz, Chang, Mandelbaum, Kriss",School,"A California school, district, or administrative authority including its identification, location, contact, classification, and administrative details.",
california_schools,main,schools,AdmEmail3,The email address of the school's third administrator.,admemail3,"The email address of the school's third administrator. — samples: dsarratore@vincentacademy.org, gmunoz@piedmont.k12.ca.us, vickiechang@acoe.org, bmandelbaum@bcoe.org, kkriss@pusdk12.org",School,"A California school, district, or administrative authority including its identification, location, contact, classification, and administrative details.",
california_schools,main,schools,LastUpdate,when is this record updated last time,lastupdate,when is this record updated last time,School,"A California school, district, or administrative authority including its identification, location, contact, classification, and administrative details.",
card_games,main,cards,id,"the identifier of one printing, unique across the table, 56,822 of them, one per row, and the only value besides uuid that singles a printing out, since a name repeats across reprints and a collector number repeats across sets; uuid is the same identity in the form legalities, rulings and foreign_data join on",Id,"the identifier of one printing, unique across the table, 56,822 of them, one per row, and the only value besides uuid that singles a printing out, since a name repeats across reprints and a collector number repeats across sets; uuid is the same identity in the form legalities, rulings and foreign_data join on — samples: 1, 672, 659, 660, 661",Card,"A Magic: The Gathering card, including its identity, artwork, printing attributes, game statistics, and market identifiers.",
card_games,main,cards,artist,The name of the artist that illustrated the card art.,Artist,"The name of the artist that illustrated the card art. — samples: Dan Frazier, Kev Walker, Anson Maddocks, Douglas Shuler, Jesper Myrfors",Card,"A Magic: The Gathering card, including its identity, artwork, printing attributes, game statistics, and market identifiers.",
card_games,main,cards,asciiName,The ASCII(opens new window) (Basic/128) code formatted card name with no special unicode characters.,ASCII Name,The ASCII(opens new window) (Basic/128) code formatted card name with no special unicode characters.,Card,"A Magic: The Gathering card, including its identity, artwork, printing attributes, game statistics, and market identifiers.",
card_games,main,cards,availability,"A list of the card's available printing types., ""arena"", ""dreamcast"", ""mtgo"", ""paper"", ""shandalar""",Availability,"A list of the card's available printing types., ""arena"", ""dreamcast"", ""mtgo"", ""paper"", ""shandalar"" — one of: mtgo,paper, paper, arena, arena,mtgo,paper, arena,paper, mtgo, arena,mtgo, shandalar, dreamcast",Card,"A Magic: The Gathering card, including its identity, artwork, printing attributes, game statistics, and market identifiers.",
card_games,main,cards,borderColor,"The color of the card border., ""black"", ""borderless"", ""gold"", ""silver"", ""white""",Border Color,"The color of the card border., ""black"", ""borderless"", ""gold"", ""silver"", ""white"" — one of: black, white, borderless, silver, gold",Card,"A Magic: The Gathering card, including its identity, artwork, printing attributes, game statistics, and market identifiers.",
card_games,main,cards,cardKingdomFoilId,"card Kingdom Foil Id, commonsense evidence:cardKingdomFoilId, when paired with cardKingdomId that is not Null, is incredibly powerful.",Card Kingdom Foil Id,"card Kingdom Foil Id, commonsense evidence:cardKingdomFoilId, when paired with cardKingdomId that is not Null, is incredibly powerful. — samples: 123094, 236741, 123176, 123177, 123179",Card,"A Magic: The Gathering card, including its identity, artwork, printing attributes, game statistics, and market identifiers.",
card_games,main,cards,cardKingdomId,"the card's product id in the Card Kingdom store, present on 76.0% of the 56,822 cards; the annotation shipped with BIRD describes colorIndicator instead, which is a different column",Card Kingdom Id,"the card's product id in the Card Kingdom store, present on 76.0% of the 56,822 cards; the annotation shipped with BIRD describes colorIndicator instead, which is a different column — samples: 122719, 13139, 13089, 13090, 13095",Card,"A Magic: The Gathering card, including its identity, artwork, printing attributes, game statistics, and market identifiers.",
card_games,main,cards,colorIdentity,"A list of all the colors found in manaCost, colorIndicator, and text",Color Identity,"A list of all the colors found in manaCost, colorIndicator, and text — samples: W, G, U, R, B",Card,"A Magic: The Gathering card, including its identity, artwork, printing attributes, game statistics, and market identifiers.",
card_games,main,cards,colorIndicator,A list of all the colors in the color indicator (The symbol prefixed to a card's types).,Color Indicator,"A list of all the colors in the color indicator (The symbol prefixed to a card's types). — one of: U, G, R, B, G,R, W, G,R,W, B,G, B,R,U",Card,"A Magic: The Gathering card, including its identity, artwork, printing attributes, game statistics, and market identifiers.",
card_games,main,cards,colors,"A list of all the colors in manaCost and colorIndicator., Some cards may not have values, such as cards with ""Devoid"" in its text.",Colors,"A list of all the colors in manaCost and colorIndicator., Some cards may not have values, such as cards with ""Devoid"" in its text. — samples: W, G, U, R, B",Card,"A Magic: The Gathering card, including its identity, artwork, printing attributes, game statistics, and market identifiers.",
card_games,main,cards,convertedManaCost,"the card's converted mana cost as a number, the total cost of manaCost expressed as one number, e.g. {3}{W}{W} is 5, filled on every card and running from 0 to 1,000,000; this table has no manaValue column, so read the converted cost here, but the unconverted mana cost is the printed string in manaCost and is a different column",Converted Mana Cost,"the card's converted mana cost as a number, the total cost of manaCost expressed as one number, e.g. {3}{W}{W} is 5, filled on every card and running from 0 to 1,000,000; this table has no manaValue column, so read the converted cost here, but the unconverted mana cost is the printed string in manaCost and is a different column — one of: 0.0, 0.5, 1.0, 2.0, 3.0, 4.0, 5.0, 6.0, 7.0, 8.0, 9.0, 10.0, 11.0, 12.0, 13.0, 14.0, 15.0, 16.0, 1000000.0",Card,"A Magic: The Gathering card, including its identity, artwork, printing attributes, game statistics, and market identifiers.",
card_games,main,cards,duelDeck,The indicator for which duel deck the card is in.,Duel Deck,"The indicator for which duel deck the card is in. — one of: a, b",Card,"A Magic: The Gathering card, including its identity, artwork, printing attributes, game statistics, and market identifiers.",
card_games,main,cards,edhrecRank,The card rank on EDHRec,EDHRec Rank,"The card rank on EDHRec — samples: 2240, 14768, 12699, 8676, 17950",Card,"A Magic: The Gathering card, including its identity, artwork, printing attributes, game statistics, and market identifiers.",
card_games,main,cards,faceConvertedManaCost,"The converted mana cost or mana value for the face for either half or part of the card., if value is higher, it means that this card cost more converted mana for the face",Face Converted Mana Cost,"The converted mana cost or mana value for the face for either half or part of the card., if value is higher, it means that this card cost more converted mana for the face — one of: 0.0, 1.0, 2.0, 3.0, 4.0, 5.0, 6.0, 7.0",Card,"A Magic: The Gathering card, including its identity, artwork, printing attributes, game statistics, and market identifiers.",
card_games,main,cards,faceName,The name on the face of the card.,Face Name,The name on the face of the card.,Card,"A Magic: The Gathering card, including its identity, artwork, printing attributes, game statistics, and market identifiers.",
card_games,main,cards,flavorName,"The promotional card name printed above the true card name on special cards that has no game function., The promotional card name printed above the true card name on special cards that has no game function.",Flavor Name,"The promotional card name printed above the true card name on special cards that has no game function., The promotional card name printed above the true card name on special cards that has no game function. — one of: Godzilla, King of the Monsters, King Caesar, Ancient Guardian, Mothra, Supersonic Queen, Babygodzilla, Ruin Reborn, Spacegodzilla, Death Corona, Spacegodzilla, Void Invader, Destoroyah, Perfect Lifeform, Godzilla, Doom Inevitable, Anguirus, Armored Killer, Godzilla, Primeval Champion, Bio-Quartz Spacegodzilla, Ghidorah, King of the Cosmos, Biollante, Plant Beast Form, King Caesar, Awoken Titan, Dorat, the Perfect Pet, Rodan, Titan of Winged Fury, Gigan, Cyberclaw Terror, Mothra's Great Cocoon, Battra, Dark Destroyer, Mechagodzilla, the Weapon, Mechagodzilla, Battle Fortress",Card,"A Magic: The Gathering card, including its identity, artwork, printing attributes, game statistics, and market identifiers.",
card_games,main,cards,flavorText,"The italicized text found below the rules text that has no game function., The italicized text found below the rules text that has no game function.",Flavor Text,"The italicized text found below the rules text that has no game function., The italicized text found below the rules text that has no game function. — samples: Every tear shed is a drop of immortality.",Card,"A Magic: The Gathering card, including its identity, artwork, printing attributes, game statistics, and market identifiers.",
card_games,main,cards,frameEffects,"The visual frame effects., ""colorshifted"", ""companion"", ""compasslanddfc"", ""devoid"", ""draft"", ""etched"", ""extendedart"", ""fullart"", ""inverted"", ""legendary"", ""lesson"", ""miracle"", ""mooneldrazidfc"", ""nyxtouched"", ""originpwdfc"", ""showcase"", ""snow"", ""sunmoondfc"", ""textless"", ""tombstone"", ""waxingandwaningmoondfc""",Frame Effects,"The visual frame effects., ""colorshifted"", ""companion"", ""compasslanddfc"", ""devoid"", ""draft"", ""etched"", ""extendedart"", ""fullart"", ""inverted"", ""legendary"", ""lesson"", ""miracle"", ""mooneldrazidfc"", ""nyxtouched"", ""originpwdfc"", ""showcase"", ""snow"", ""sunmoondfc"", ""textless"", ""tombstone"", ""waxingandwaningmoondfc"" — samples: legendary",Card,"A Magic: The Gathering card, including its identity, artwork, printing attributes, game statistics, and market identifiers.",
card_games,main,cards,frameVersion,"The version of the card frame style., ""1993"", ""1997"", ""2003"", ""2015"", ""future""",Frame Version,"The version of the card frame style., ""1993"", ""1997"", ""2003"", ""2015"", ""future"" — one of: 2003, 1993, 2015, 1997, future",Card,"A Magic: The Gathering card, including its identity, artwork, printing attributes, game statistics, and market identifiers.",
card_games,main,cards,hand,"The starting maximum hand size total modifier., A + or - character precedes an integer. commonsense evidence:positive maximum hand size: +1, +2, ....negative maximum hand size: -1, ....neural maximum hand size: 0....",Hand Size Modifier,"The starting maximum hand size total modifier., A + or - character precedes an integer. commonsense evidence:positive maximum hand size: +1, +2, ....negative maximum hand size: -1, ....neural maximum hand size: 0.... — one of: 1, 0, -2, -1, 2, 3, -4, -3",Card,"A Magic: The Gathering card, including its identity, artwork, printing attributes, game statistics, and market identifiers.",
card_games,main,cards,hasAlternativeDeckLimit,"If the card allows a value other than 4 copies in a deck., 0: disallow 1: allow",Has Alternative Deck Limit,"If the card allows a value other than 4 copies in a deck., 0: disallow 1: allow — one of: 0, 1",Card,"A Magic: The Gathering card, including its identity, artwork, printing attributes, game statistics, and market identifiers.",
card_games,main,cards,hasContentWarning,"whether the card carries a content warning, the integer 1 on 29 of the 56,822 cards and 0 on the rest, filled everywhere",Has Content Warning,"whether the card carries a content warning, the integer 1 on 29 of the 56,822 cards and 0 on the rest, filled everywhere — one of: 0, 1",Card,"A Magic: The Gathering card, including its identity, artwork, printing attributes, game statistics, and market identifiers.",
card_games,main,cards,hasFoil,"If the card can be found in foil, 0: cannot be found 1: can be found",Has Foil,"If the card can be found in foil, 0: cannot be found 1: can be found — one of: 0, 1",Card,"A Magic: The Gathering card, including its identity, artwork, printing attributes, game statistics, and market identifiers.",
card_games,main,cards,hasNonFoil,"If the card can be found in non-foil, 0: cannot be found 1: can be found",Has Non Foil,"If the card can be found in non-foil, 0: cannot be found 1: can be found — one of: 0, 1",Card,"A Magic: The Gathering card, including its identity, artwork, printing attributes, game statistics, and market identifiers.",
card_games,main,cards,isAlternative,"If the card is an alternate variation to an original printing, 0: is not 1: is",Is Alternative,"If the card is an alternate variation to an original printing, 0: is not 1: is — one of: 0, 1",Card,"A Magic: The Gathering card, including its identity, artwork, printing attributes, game statistics, and market identifiers.",
card_games,main,cards,isFullArt,"If the card has full artwork., 0: doesn't have, 1: has full artwork",Is Full Art,"If the card has full artwork., 0: doesn't have, 1: has full artwork — one of: 0, 1",Card,"A Magic: The Gathering card, including its identity, artwork, printing attributes, game statistics, and market identifiers.",
card_games,main,cards,isOnlineOnly,"whether this printing exists only online, the integer 1 on 4,733 of the 56,822 cards and 0 on the rest, filled everywhere; sets.isOnlineOnly says the same of a whole set and a printing can differ from its set",Is Online Only,"whether this printing exists only online, the integer 1 on 4,733 of the 56,822 cards and 0 on the rest, filled everywhere; sets.isOnlineOnly says the same of a whole set and a printing can differ from its set — one of: 0, 1",Card,"A Magic: The Gathering card, including its identity, artwork, printing attributes, game statistics, and market identifiers.",
card_games,main,cards,isOversized,"If the card is oversized., 0: is not 1: is",Is Oversized,"If the card is oversized., 0: is not 1: is — one of: 0, 1",Card,"A Magic: The Gathering card, including its identity, artwork, printing attributes, game statistics, and market identifiers.",
card_games,main,cards,isPromo,"If the card is a promotional printing., 0: is not 1: is",Is Promo,"If the card is a promotional printing., 0: is not 1: is — one of: 0, 1",Card,"A Magic: The Gathering card, including its identity, artwork, printing attributes, game statistics, and market identifiers.",
card_games,main,cards,isReprint,"whether this card has been reprinted, 0 is a first printing and 1 has been reprinted, 33,657 of the 56,822 cards being reprints",Is Reprint,"whether this card has been reprinted, 0 is a first printing and 1 has been reprinted, 33,657 of the 56,822 cards being reprints — one of: 0, 1",Card,"A Magic: The Gathering card, including its identity, artwork, printing attributes, game statistics, and market identifiers.",
card_games,main,cards,isReserved,"whether the card is on the Reserved List, 0 is not on it and 1 is; the Reserved List is Wizards of the Coast's promise never to reprint those cards",Is Reserved,"whether the card is on the Reserved List, 0 is not on it and 1 is; the Reserved List is Wizards of the Coast's promise never to reprint those cards — one of: 0, 1",Card,"A Magic: The Gathering card, including its identity, artwork, printing attributes, game statistics, and market identifiers.",
card_games,main,cards,isStarter,"If the card is found in a starter deck such as Planeswalker/Brawl decks., 0: is not 1: is",Is Starter,"If the card is found in a starter deck such as Planeswalker/Brawl decks., 0: is not 1: is — one of: 0, 1",Card,"A Magic: The Gathering card, including its identity, artwork, printing attributes, game statistics, and market identifiers.",
card_games,main,cards,isStorySpotlight,"whether the card is a Story Spotlight card, the integer 1 on 104 of the 56,822 cards and 0 on the rest, filled everywhere",Is Story Spotlight,"whether the card is a Story Spotlight card, the integer 1 on 104 of the 56,822 cards and 0 on the rest, filled everywhere — one of: 0, 1",Card,"A Magic: The Gathering card, including its identity, artwork, printing attributes, game statistics, and market identifiers.",
card_games,main,cards,isTextless,"whether the card is printed without a text box, the integer 1 on 115 of the 56,822 cards and 0 on the rest, filled everywhere",Is Textless,"whether the card is printed without a text box, the integer 1 on 115 of the 56,822 cards and 0 on the rest, filled everywhere — one of: 0, 1",Card,"A Magic: The Gathering card, including its identity, artwork, printing attributes, game statistics, and market identifiers.",
card_games,main,cards,isTimeshifted,"If the card is time shifted, commonsense evidence:If the card is ""timeshifted"", a feature of certain sets where a card will have a different frameVersion.",Is Timeshifted,"If the card is time shifted, commonsense evidence:If the card is ""timeshifted"", a feature of certain sets where a card will have a different frameVersion. — one of: 0, 1",Card,"A Magic: The Gathering card, including its identity, artwork, printing attributes, game statistics, and market identifiers.",
card_games,main,cards,keywords,"the keyword abilities printed on the card, one comma-joined string without spaces, as in Flying,Vigilance, on 20,639 of the 56,822 cards in 1,157 distinct combinations; 3,088 cards have keywords exactly Flying while 5,039 carry Flying among others, so equality and LIKE ask different questions",Keywords,"the keyword abilities printed on the card, one comma-joined string without spaces, as in Flying,Vigilance, on 20,639 of the 56,822 cards in 1,157 distinct combinations; 3,088 cards have keywords exactly Flying while 5,039 carry Flying among others, so equality and LIKE ask different questions — samples: Flying, Enchant, First strike, Haste, Trample",Card,"A Magic: The Gathering card, including its identity, artwork, printing attributes, game statistics, and market identifiers.",
card_games,main,cards,layout,"The type of card layout. For a token card, this will be ""token""",Layout,"The type of card layout. For a token card, this will be ""token"" — one of: normal, aftermath, split, flip, leveler, saga, vanguard, transform, adventure, meld, modal_dfc, scheme, planar, host, augment",Card,"A Magic: The Gathering card, including its identity, artwork, printing attributes, game statistics, and market identifiers.",
card_games,main,cards,leadershipSkills,A list of formats the card is legal to be a commander in,Leadership Skills,"A list of formats the card is legal to be a commander in — one of: {'brawl': False, 'commander': True, 'oathbreaker': False}, {'brawl': False, 'commander': False, 'oathbreaker': True}, {'brawl': False, 'commander': True, 'oathbreaker': True}, {'brawl': True, 'commander': True, 'oathbreaker': False}, {'brawl': True, 'commander': False, 'oathbreaker': True}",Card,"A Magic: The Gathering card, including its identity, artwork, printing attributes, game statistics, and market identifiers.",
card_games,main,cards,life,The starting life total modifier. A plus or minus character precedes an integer.,Life Modifier,"The starting life total modifier. A plus or minus character precedes an integer. — one of: -5, -1, 2, 5, -4, 0, -2, 9, 1, -7, 4, -3, -6, 3, 7, 8, 12, 6, 30, 15, -8, 18, 10",Card,"A Magic: The Gathering card, including its identity, artwork, printing attributes, game statistics, and market identifiers.",
card_games,main,cards,loyalty,"The starting loyalty value of the card., Used only on cards with ""Planeswalker"" in its types. empty means unkown",Loyalty,"The starting loyalty value of the card., Used only on cards with ""Planeswalker"" in its types. empty means unkown — one of: 6, 3, 4, 5, X, 7, 2, *, 0, 1d4+1, 20",Card,"A Magic: The Gathering card, including its identity, artwork, printing attributes, game statistics, and market identifiers.",
card_games,main,cards,manaCost,"the mana cost printed on the card, the unconverted one, a string of bracketed symbols such as {5}{W}{W}, on 49,499 of the 56,822 cards in 696 distinct forms; it is text, so it compares and sorts as text, and convertedManaCost holds the same cost totalled into a number",manacost,"the mana cost printed on the card, the unconverted one, a string of bracketed symbols such as {5}{W}{W}, on 49,499 of the 56,822 cards in 696 distinct forms; it is text, so it compares and sorts as text, and convertedManaCost holds the same cost totalled into a number — samples: {W}, {G}, {2}{R}, {2}{W}, {1}{G}",Card,"A Magic: The Gathering card, including its identity, artwork, printing attributes, game statistics, and market identifiers.",
card_games,main,cards,mcmId,The identifier of the card on the Cardmarket (MCM) platform.,mcmid,"The identifier of the card on the Cardmarket (MCM) platform. — samples: 16165, 16318, 16352, 16205, 16455",Card,"A Magic: The Gathering card, including its identity, artwork, printing attributes, game statistics, and market identifiers.",
card_games,main,cards,mcmMetaId,The Cardmarket (MCM) meta identifier grouping the card's printing.,mcmmetaid,"The Cardmarket (MCM) meta identifier grouping the card's printing. — samples: 4251, 5739, 2923, 3743, 2177",Card,"A Magic: The Gathering card, including its identity, artwork, printing attributes, game statistics, and market identifiers.",
card_games,main,cards,mtgArenaId,The identifier of the card in Magic: The Gathering Arena.,mtgarenaid,The identifier of the card in Magic: The Gathering Arena.,Card,"A Magic: The Gathering card, including its identity, artwork, printing attributes, game statistics, and market identifiers.",
card_games,main,cards,mtgjsonV4Id,The unique identifier assigned to the card by MTGJSON version 4.,mtgjsonv4id,"The unique identifier assigned to the card by MTGJSON version 4. — samples: ad41be73-582f-58ed-abd4-a88c1f616ac3, d6756aaf-3ee1-5c74-a591-70d220c08a5d, 4d2b2ea1-8e7f-5c08-844f-9f57df737a5a, feed6c93-b869-58a6-8a3d-10895020f712, 1df2862a-abef-5ee4-bf35-53e75ae32163",Card,"A Magic: The Gathering card, including its identity, artwork, printing attributes, game statistics, and market identifiers.",
card_games,main,cards,mtgoFoilId,The identifier for the foil version of the card on the Magic: The Gathering Online (MTGO) platform.,mtgofoilid,"The identifier for the foil version of the card on the Magic: The Gathering Online (MTGO) platform. — samples: 27501, 27007, 27668, 27029, 27569",Card,"A Magic: The Gathering card, including its identity, artwork, printing attributes, game statistics, and market identifiers.",
card_games,main,cards,mtgoId,The identifier for the non-foil version of the card on the Magic: The Gathering Online (MTGO) platform.,mtgoid,"The identifier for the non-foil version of the card on the Magic: The Gathering Online (MTGO) platform. — samples: 27500, 82040, 27112, 27438, 27468",Card,"A Magic: The Gathering card, including its identity, artwork, printing attributes, game statistics, and market identifiers.",
card_games,main,cards,multiverseId,The card's identifier in Wizards of the Coast's Gatherer (multiverse) card database.,multiverseid,"The card's identifier in Wizards of the Coast's Gatherer (multiverse) card database. — samples: 130550, 757, 746, 747, 748",Card,"A Magic: The Gathering card, including its identity, artwork, printing attributes, game statistics, and market identifiers.",
card_games,main,cards,name,"the card's name, 21,738 distinct names across 56,822 printings, since a reprinted card repeats its name on every printing, Forest appearing 693 times, so counting cards by name needs DISTINCT",name,"the card's name, 21,738 distinct names across 56,822 printings, since a reprinted card repeats its name on every printing, Forest appearing 693 times, so counting cards by name needs DISTINCT — samples: Plains, Island, Mountain, Forest, Swamp",Card,"A Magic: The Gathering card, including its identity, artwork, printing attributes, game statistics, and market identifiers.",
card_games,main,cards,number,"the collector number printed on the card within its set, a per-set label rather than a number: 2,313 cards carry a non-numeric one such as 141s, and number 1 occurs in 362 different sets, so it identifies a card only together with setCode",number,"the collector number printed on the card within its set, a per-set label rather than a number: 2,313 cards carry a non-numeric one such as 141s, and number 1 occurs in 362 different sets, so it identifies a card only together with setCode — samples: 1, 150, 186, 185, 184",Card,"A Magic: The Gathering card, including its identity, artwork, printing attributes, game statistics, and market identifiers.",
card_games,main,cards,originalReleaseDate,"original Release Date, The original release date in ISO 8601(opens new window) format for a promotional card printed outside of a cycle window, such as Secret Lair Drop promotions.",originalreleasedate,"original Release Date, The original release date in ISO 8601(opens new window) format for a promotional card printed outside of a cycle window, such as Secret Lair Drop promotions.",Card,"A Magic: The Gathering card, including its identity, artwork, printing attributes, game statistics, and market identifiers.",
card_games,main,cards,originalText,"original Text, The text on the card as originally printed.",originaltext,"original Text, The text on the card as originally printed. — samples: Flying, B, G, R",Card,"A Magic: The Gathering card, including its identity, artwork, printing attributes, game statistics, and market identifiers.",
card_games,main,cards,originalType,"original Type, The type of the card as originally printed. Includes any supertypes and subtypes.",originaltype,"original Type, The type of the card as originally printed. Includes any supertypes and subtypes. — samples: Sorcery, Instant, Enchantment, Land, Enchant Creature",Card,"A Magic: The Gathering card, including its identity, artwork, printing attributes, game statistics, and market identifiers.",
card_games,main,cards,otherFaceIds,"other Face Ids, A list of card UUID's to this card's counterparts, such as transformed or melded faces.",,,,,
card_games,main,cards,power,"The power of the card., commonsense evidence:∞ means infinite powernull or * refers to unknown power",power,"The power of the card., commonsense evidence:∞ means infinite powernull or * refers to unknown power — samples: 2, 1, 3, 4, 0",Card,"A Magic: The Gathering card, including its identity, artwork, printing attributes, game statistics, and market identifiers.",
card_games,main,cards,printings,"A list of set printing codes the card was printed in, formatted in uppercase.",printings,"A list of set printing codes the card was printed in, formatted in uppercase. — samples: 2ED,3ED,4BB,4ED,CED,CEI,FBB,LEA,LEB,SUM, 2ED,3ED,4BB,4ED,5ED,CED,CEI,FBB,LEA,LEB,ME4,SUM, 2ED,3ED,CED,CEI,FBB,LEA,LEB,SUM, 2ED,3ED,4BB,4ED,5ED,CED,CEI,FBB,LEA,LEB,SUM, 2ED,CED,CEI,LEA,LEB,OVNT,PRM,VMA",Card,"A Magic: The Gathering card, including its identity, artwork, printing attributes, game statistics, and market identifiers.",
card_games,main,cards,promoTypes,"A list of promotional types for a card., ""arenaleague"", ""boosterfun"", ""boxtopper"", ""brawldeck"", ""bundle"", ""buyabox"", ""convention"", ""datestamped"", ""draculaseries"", ""draftweekend"", ""duels"", ""event"", ""fnm"", ""gameday"", ""gateway"", ""giftbox"", ""gilded"", ""godzillaseries"", ""instore"", ""intropack"", ""jpwalker"", ""judgegift"", ""league"", ""mediainsert"", ""neonink"", ""openhouse"", ""planeswalkerstamped"", ""playerrewards"", ""playpromo"", ""premiereshop"", ""prerelease"", ""promopack"", ""release"", ""setpromo"", ""stamped"", ""textured"", ""themepack"", ""thick"", ""tourney"", ""wizardsplaynetwork""",promotypes,"A list of promotional types for a card., ""arenaleague"", ""boosterfun"", ""boxtopper"", ""brawldeck"", ""bundle"", ""buyabox"", ""convention"", ""datestamped"", ""draculaseries"", ""draftweekend"", ""duels"", ""event"", ""fnm"", ""gameday"", ""gateway"", ""giftbox"", ""gilded"", ""godzillaseries"", ""instore"", ""intropack"", ""jpwalker"", ""judgegift"", ""league"", ""mediainsert"", ""neonink"", ""openhouse"", ""planeswalkerstamped"", ""playerrewards"", ""playpromo"", ""premiereshop"", ""prerelease"", ""promopack"", ""release"", ""setpromo"", ""stamped"", ""textured"", ""themepack"", ""thick"", ""tourney"", ""wizardsplaynetwork""",Card,"A Magic: The Gathering card, including its identity, artwork, printing attributes, game statistics, and market identifiers.",
card_games,main,cards,purchaseUrls,Links that navigate to websites where the card can be purchased.,purchaseurls,Links that navigate to websites where the card can be purchased.,Card,"A Magic: The Gathering card, including its identity, artwork, printing attributes, game statistics, and market identifiers.",
card_games,main,cards,rarity,The card printing rarity.,rarity,"The card printing rarity. — one of: common, rare, uncommon, mythic",Card,"A Magic: The Gathering card, including its identity, artwork, printing attributes, game statistics, and market identifiers.",
card_games,main,cards,scryfallId,The card's unique identifier in the Scryfall card database.,scryfallid,"The card's unique identifier in the Scryfall card database. — samples: 7a5cd03c-4227-4551-aa4b-7d119f0468b5, 3c424086-8122-404d-8c3a-f36d455271a7, dc2bfe7b-9850-4450-9bad-73fa0d678a5f, c2990a78-54fc-4fae-a6c9-e03c5c39eee3, a877d692-018b-4a08-ab6f-9707b267f6fd",Card,"A Magic: The Gathering card, including its identity, artwork, printing attributes, game statistics, and market identifiers.",
card_games,main,cards,scryfallIllustrationId,The Scryfall-assigned unique identifier for the specific artwork illustration used on the card.,scryfallillustrationid,"The Scryfall-assigned unique identifier for the specific artwork illustration used on the card. — samples: be2f7173-c8b7-4172-a388-9b2c6b3c16e5, 9d6ebff2-ea7e-434a-9ae4-27576d87bbb8, 56415403-d2f1-4ee2-83ff-af3b14a76ab3, 2f2cebbc-9458-47b8-b3d4-b2ddb06ad6a6, 14cfbe95-3d7c-47b5-866e-ac27f0a0d800",Card,"A Magic: The Gathering card, including its identity, artwork, printing attributes, game statistics, and market identifiers.",
card_games,main,cards,scryfallOracleId,The Scryfall-assigned unique identifier grouping all printings that share the same Oracle (rules) identity of the card.,scryfalloracleid,"The Scryfall-assigned unique identifier grouping all printings that share the same Oracle (rules) identity of the card. — samples: bc71ebf6-2056-41f7-be35-b2e5c34afa99, b2c6aa39-2d2a-459c-a555-fb48ba993373, a3fb7228-e76b-4e96-a40e-20b5fed75685, b34bb2dc-c1af-4d77-b0b3-a0fb342a5fc6, 56719f6a-1a6c-4c0a-8d21-18f7d7350b68",Card,"A Magic: The Gathering card, including its identity, artwork, printing attributes, game statistics, and market identifiers.",
card_games,main,cards,setCode,The set printing code that the card is from.,,,,,
card_games,main,cards,side,"which side of a multi-faced card this row is, NULL on 55,455 of the 56,822 cards, those being the ordinary single-faced ones",side,"which side of a multi-faced card this row is, NULL on 55,455 of the 56,822 cards, those being the ordinary single-faced ones — one of: a, b, c, d, e",Card,"A Magic: The Gathering card, including its identity, artwork, printing attributes, game statistics, and market identifiers.",
card_games,main,cards,subtypes,"the card's subtypes, the words printed after the em-dash, a card with several of them holds one string joined by commas with no space after the comma, e.g. Human,Cleric, which 13,194 of the 56,822 cards carry, so an exact pair matches with equality on the whole string rather than a LIKE per subtype",subtypes,"the card's subtypes, the words printed after the em-dash, a card with several of them holds one string joined by commas with no space after the comma, e.g. Human,Cleric, which 13,194 of the 56,822 cards carry, so an exact pair matches with equality on the whole string rather than a LIKE per subtype — samples: Aura, Elemental, Human,Wizard, Wall, Angel",Card,"A Magic: The Gathering card, including its identity, artwork, printing attributes, game statistics, and market identifiers.",
card_games,main,cards,supertypes,"the card's supertypes, the words printed before the em-dash, eight values in all and absent on 86.2% of cards; the types column is its own list and is not the union of supertypes and subtypes",supertypes,"the card's supertypes, the words printed before the em-dash, eight values in all and absent on 86.2% of cards; the types column is its own list and is not the union of supertypes and subtypes — one of: Basic, Legendary, Legendary,Snow, World, Snow, Basic,Snow, Ongoing, Host",Card,"A Magic: The Gathering card, including its identity, artwork, printing attributes, game statistics, and market identifiers.",
card_games,main,cards,tcgplayerProductId,The TCGplayer product identifier used to reference the card in the TCGplayer marketplace.,tcgplayerproductid,"The TCGplayer product identifier used to reference the card in the TCGplayer marketplace. — samples: 15032, 15197, 15038, 15316, 15280",Card,"A Magic: The Gathering card, including its identity, artwork, printing attributes, game statistics, and market identifiers.",
card_games,main,cards,text,The rules text of the card.,text,"The rules text of the card. — samples: Flying, ({T}: Add {G}.), ({T}: Add {W}.), ({T}: Add {U}.), ({T}: Add {R}.)",Card,"A Magic: The Gathering card, including its identity, artwork, printing attributes, game statistics, and market identifiers.",
card_games,main,cards,toughness,"the card's toughness as text, not always a number: *, ?, -1, *+1 and *² all occur, so it compares as text, and it is empty on 53.9% of cards, those without a creature body",toughness,"the card's toughness as text, not always a number: *, ?, -1, *+1 and *² all occur, so it compares as text, and it is empty on 53.9% of cards, those without a creature body — samples: 1, 2, 3, 4, 5",Card,"A Magic: The Gathering card, including its identity, artwork, printing attributes, game statistics, and market identifiers.",
card_games,main,cards,type,"the card's own full type line as printed on it, the supertypes, types and subtypes run together with an em-dash, as in Creature — Human Cleric, 2,022 distinct lines over the 56,822 cards; foreign_data.type is that same line printed in another language and is a different column",type,"the card's own full type line as printed on it, the supertypes, types and subtypes run together with an em-dash, as in Creature — Human Cleric, 2,022 distinct lines over the 56,822 cards; foreign_data.type is that same line printed in another language and is a different column — samples: Instant, Sorcery, Enchantment — Aura, Enchantment, Artifact",Card,"A Magic: The Gathering card, including its identity, artwork, printing attributes, game statistics, and market identifiers.",
card_games,main,cards,types,"A list of all card types of the card, including Un‑sets and gameplay variants.",types,"A list of all card types of the card, including Un‑sets and gameplay variants. — samples: Creature, Enchantment, Instant, Sorcery, Artifact",Card,"A Magic: The Gathering card, including its identity, artwork, printing attributes, game statistics, and market identifiers.",
card_games,main,cards,uuid,The universal unique identifier (v5) generated by MTGJSON. Each entry is unique.,uuid,"The universal unique identifier (v5) generated by MTGJSON. Each entry is unique. — samples: 5f8287b1-5bb6-5f4c-ad17-316a40d5bb0c, 4cb3ffce-943b-5065-9987-7b0a8c51d0eb, 5f411d9d-becf-59a0-8d9a-6baa058cab29, 3c6b9333-461d-507c-a365-3341ede4e5f1, f9dde014-ef02-5395-8c6e-229e5364d496",Card,"A Magic: The Gathering card, including its identity, artwork, printing attributes, game statistics, and market identifiers.",
card_games,main,cards,variations,A list of UUIDs referencing other printings that are variations of this card.,,,,,
card_games,main,cards,watermark,The name of the watermark on the card.,watermark,The name of the watermark on the card.,Card,"A Magic: The Gathering card, including its identity, artwork, printing attributes, game statistics, and market identifiers.",
card_games,main,foreign_data,id,unique id number identifying this row of data,Foreign Data ID,"unique id number identifying this row of data — samples: 1, 672, 659, 660, 661",Foreign Card Data,"Localized (foreign language) card information including translated name, type, rules text, and flavor text.",
card_games,main,foreign_data,flavorText,The foreign flavor text of the card.,Foreign Flavor Text,"The foreign flavor text of the card. — samples: , 灵魂发散光芒，死亡为其暗影。 光芒渐微之时，生与死终结合。 ～螳人教诲, 邪悪な存在が明らかなら、それは危険とは程遠い。, Se a presença do mal fosse óbvia, não seria tão perigosa.",Foreign Card Data,"Localized (foreign language) card information including translated name, type, rules text, and flavor text.",
card_games,main,foreign_data,language,The foreign language of card.,Language,"The foreign language of card. — one of: German, Spanish, French, Italian, Japanese, Portuguese (Brazil), Russian, Chinese Simplified, Korean, Chinese Traditional, Phyrexian, Sanskrit, Latin, Hebrew, Arabic, Ancient Greek",Foreign Card Data,"Localized (foreign language) card information including translated name, type, rules text, and flavor text.",
card_games,main,foreign_data,multiverseid,The foreign multiverse identifier of the card.,,,,,
card_games,main,foreign_data,name,The foreign name of the card.,Foreign Name,"The foreign name of the card. — samples: Nekrataal, Paria, Pacifismo, Clone, Mortívoro",Foreign Card Data,"Localized (foreign language) card information including translated name, type, rules text, and flavor text.",
card_games,main,foreign_data,text,The foreign text ruling of the card.,Foreign Text,"The foreign text ruling of the card. — samples: , 沼泽行者（只要防御牌手操控沼泽，此生物便不能被阻挡。）",Foreign Card Data,"Localized (foreign language) card information including translated name, type, rules text, and flavor text.",
card_games,main,foreign_data,type,"the card's type line as printed in this row's language, 16,575 distinct lines over the 229,186 translations, e.g. Kreatur — Mensch, Kleriker; the card's own English type line is cards.type and is a different column",Foreign Type,"the card's type line as printed in this row's language, 16,575 distinct lines over the 229,186 translations, e.g. Kreatur — Mensch, Kleriker; the card's own English type line is cards.type and is a different column — samples: インスタント, Istantaneo, Éphémère, Instantáneo, Spontanzauber",Foreign Card Data,"Localized (foreign language) card information including translated name, type, rules text, and flavor text.",
card_games,main,foreign_data,uuid,The universally unique identifier linking this foreign data entry to its corresponding card.,,,,,
card_games,main,legalities,id,unique id identifying this legality,Legality Id,"unique id identifying this legality — samples: 1, 672, 659, 660, 661",Card Legality,Defines the legal play status of a card within a specific game format.,
card_games,main,legalities,format,"the format of play this row rules on, 15 of them, so naming a format selects rows rather than a column",Play Format,"the format of play this row rules on, 15 of them, so naming a format selects rows rather than a column — one of: commander, duel, legacy, modern, vintage, penny, premodern, gladiator, historic, pauper, pioneer, brawl, future, standard, oldschool",Card Legality,Defines the legal play status of a card within a specific game format.,
card_games,main,legalities,status,"how the card may be used in that format, Legal, Banned or Restricted, and a card absent from a format's rows has no ruling there at all rather than being legal",Legal Status,"how the card may be used in that format, Legal, Banned or Restricted, and a card absent from a format's rows has no ruling there at all rather than being legal — one of: Legal, Banned, Restricted",Card Legality,Defines the legal play status of a card within a specific game format.,
card_games,main,legalities,uuid,The universally unique identifier of the card to which this legality applies.,,,,,
card_games,main,rulings,id,unique id identifying this ruling,Ruling Id,"unique id identifying this ruling — samples: 1, 672, 659, 660, 661",Ruling,"A ruling record including its identifier, date, and descriptive text.",
card_games,main,rulings,date,"the date the ruling was issued, written yyyy-mm-dd, e.g. 2007-07-15, present on all 87,769 rulings and spanning 2004-10-04 to 2021-02-05",Ruling Date,"the date the ruling was issued, written yyyy-mm-dd, e.g. 2007-07-15, present on all 87,769 rulings and spanning 2004-10-04 to 2021-02-05",Ruling,"A ruling record including its identifier, date, and descriptive text.",
card_games,main,rulings,text,description about this ruling,Ruling Text,description about this ruling,Ruling,"A ruling record including its identifier, date, and descriptive text.",
card_games,main,rulings,uuid,The universally unique identifier (UUID) string associated with the ruling.,,,,,
card_games,main,set_translations,id,unique id identifying this set,Set Translation Id,"unique id identifying this set — samples: 1, 672, 659, 660, 661",Set Translation,Localized translations of card set names into various languages.,
card_games,main,set_translations,language,language of this card set,Language,"language of this card set — one of: Chinese Simplified, Chinese Traditional, French, German, Italian, Japanese, Korean, Portuguese (Brazil), Russian, Spanish",Set Translation,Localized translations of card set names into various languages.,
card_games,main,set_translations,setCode,"the set this translation belongs to, the same code as sets.code, but present for only 121 of the 551 sets, so joining through this table drops every set that has no translation; this table translates sets and foreign_data translates cards",,,,,
card_games,main,set_translations,translation,"the set's name written in this row's language, the set's own name is sets.name; this is that name rendered in another language, not an identifier",Translation,"the set's name written in this row's language, the set's own name is sets.name; this is that name rendered in another language, not an identifier — samples: Ajani vs. Nicol Bolas, Beatdown, Garruk vs. Liliana, Phyrexia vs. The Coalition, Elspeth vs. Tezzeret",Set Translation,Localized translations of card set names into various languages.,
card_games,main,sets,id,unique id identifying this set,Set Id,"unique id identifying this set — samples: 1, 371, 365, 366, 367",Card Set,"A Magic: The Gathering set, including its identity, size, availability, and external marketplace identifiers.",
card_games,main,sets,baseSetSize,The number of cards in the set.,Base Set Size,"The number of cards in the set. — samples: 5, 1, 2, 6, 12",Card Set,"A Magic: The Gathering set, including its identity, size, availability, and external marketplace identifiers.",
card_games,main,sets,block,The block name the set was in.,Block,"The block name the set was in. — samples: Core Set, Commander, Judge Gift Cards, Friday Night Magic, Theros",Card Set,"A Magic: The Gathering set, including its identity, size, availability, and external marketplace identifiers.",
card_games,main,sets,booster,A breakdown of possibilities and weights of cards in a booster pack.,Booster,A breakdown of possibilities and weights of cards in a booster pack.,Card Set,"A Magic: The Gathering set, including its identity, size, availability, and external marketplace identifiers.",
card_games,main,sets,code,"the set's own code, 551 of them, one per set, and the value that cards.setCode and set_translations.setCode both point at",Set Code,"the set's own code, 551 of them, one per set, and the value that cards.setCode and set_translations.setCode both point at — samples: 10E, PM12, PLIST, PLNY, PLRW",Card Set,"A Magic: The Gathering set, including its identity, size, availability, and external marketplace identifiers.",
card_games,main,sets,isFoilOnly,"whether the set was printed in foil only, the integer 1 on 167 of the 551 sets and 0 on the rest, filled everywhere",Is Foil Only,"whether the set was printed in foil only, the integer 1 on 167 of the 551 sets and 0 on the rest, filled everywhere — one of: 0, 1",Card Set,"A Magic: The Gathering set, including its identity, size, availability, and external marketplace identifiers.",
card_games,main,sets,isForeignOnly,"whether the set was released outside the United States only, the integer 1 on 16 of the 551 sets and 0 on the rest, filled everywhere",Is Foreign Only,"whether the set was released outside the United States only, the integer 1 on 16 of the 551 sets and 0 on the rest, filled everywhere — one of: 0, 1",Card Set,"A Magic: The Gathering set, including its identity, size, availability, and external marketplace identifiers.",
card_games,main,sets,isNonFoilOnly,"whether the set was printed without foils, the integer 1 on 106 of the 551 sets and 0 on the rest, filled everywhere",Is Non Foil Only,"whether the set was printed without foils, the integer 1 on 106 of the 551 sets and 0 on the rest, filled everywhere — one of: 0, 1",Card Set,"A Magic: The Gathering set, including its identity, size, availability, and external marketplace identifiers.",
card_games,main,sets,isOnlineOnly,"whether the whole set exists only online, the integer 1 on 26 of the 551 sets and 0 on the rest, filled everywhere; cards.isOnlineOnly says the same of one printing",Is Online Only,"whether the whole set exists only online, the integer 1 on 26 of the 551 sets and 0 on the rest, filled everywhere; cards.isOnlineOnly says the same of one printing — one of: 0, 1",Card Set,"A Magic: The Gathering set, including its identity, size, availability, and external marketplace identifiers.",
card_games,main,sets,isPartialPreview,If the set is still in preview (spoiled). Preview sets do not have complete data.,Is Partial Preview,"If the set is still in preview (spoiled). Preview sets do not have complete data. — one of: 0, 1",Card Set,"A Magic: The Gathering set, including its identity, size, availability, and external marketplace identifiers.",
card_games,main,sets,keyruneCode,The matching Keyrune code for set image icons.,Keyrune Code,"The matching Keyrune code for set image icons. — samples: PMEI, DEFAULT, DCI, PARL, PMPS",Card Set,"A Magic: The Gathering set, including its identity, size, availability, and external marketplace identifiers.",
card_games,main,sets,mcmId,The Magic Card Marketset identifier.,Magic Card Market Id,"The Magic Card Marketset identifier. — samples: 74, 1722, 1733, 45, 32",Card Set,"A Magic: The Gathering set, including its identity, size, availability, and external marketplace identifiers.",
card_games,main,sets,mcmIdExtras,The split Magic Card Market set identifier if a set is printed in two sets. This identifier represents the second set's identifier.,Magic Card Market Extras Id,"The split Magic Card Market set identifier if a set is printed in two sets. This identifier represents the second set's identifier. — one of: 2371, 2419, 2451, 2587, 2961, 3113, 3209, 3459, 3474, 3680",Card Set,"A Magic: The Gathering set, including its identity, size, availability, and external marketplace identifiers.",
card_games,main,sets,mcmName,The name of the set as it appears on Magic Card Market.,Magic Card Market Name,"The name of the set as it appears on Magic Card Market. — samples: Tenth Edition, Planechase Anthology, Kaladesh Inventions, Mirrodin, Nemesis",Card Set,"A Magic: The Gathering set, including its identity, size, availability, and external marketplace identifiers.",
card_games,main,sets,mtgoCode,"The set code for the set as it appears on Magic: The Gathering Online, commonsense evidence:if the value is null or empty, then it doesn't appear on Magic: The Gathering Online",MTGO Code,"The set code for the set as it appears on Magic: The Gathering Online, commonsense evidence:if the value is null or empty, then it doesn't appear on Magic: The Gathering Online — samples: 10E, 2XM, ONS, OPC2, ORI",Card Set,"A Magic: The Gathering set, including its identity, size, availability, and external marketplace identifiers.",
card_games,main,sets,name,The name of the set.,Set Name,"The name of the set. — samples: Tenth Edition, Magic 2012 Promos, The List, 2018 Lunar New Year, Lorwyn Promos",Card Set,"A Magic: The Gathering set, including its identity, size, availability, and external marketplace identifiers.",
card_games,main,sets,parentCode,"The parent set code for set variations like promotions, guild kits, etc.",,,,,
card_games,main,sets,releaseDate,"the date the set was released, written yyyy-mm-dd, e.g. 2007-07-13, so a date written any other way in a question has to be rewritten into this form to match",Release Date,"the date the set was released, written yyyy-mm-dd, e.g. 2007-07-13, so a date written any other way in a question has to be rewritten into this form to match",Card Set,"A Magic: The Gathering set, including its identity, size, availability, and external marketplace identifiers.",
card_games,main,sets,tcgplayerGroupId,The group identifier of the set on TCGplayer,TCGplayer Group Id,"The group identifier of the set on TCGplayer — samples: 62, 33, 2359, 1, 89",Card Set,"A Magic: The Gathering set, including its identity, size, availability, and external marketplace identifiers.",
card_games,main,sets,totalSetSize,"The total number of cards in the set, including promotional and related supplemental products but excluding Alchemy modifications - however those cards are included in the set itself.",Total Set Size,"The total number of cards in the set, including promotional and related supplemental products but excluding Alchemy modifications - however those cards are included in the set itself. — samples: 5, 1, 2, 6, 12",Card Set,"A Magic: The Gathering set, including its identity, size, availability, and external marketplace identifiers.",
card_games,main,sets,type,"The expansion type of the set., ""alchemy"", ""archenemy"", ""arsenal"", ""box"", ""commander"", ""core"", ""draft_innovation"", ""duel_deck"", ""expansion"", ""from_the_vault"", ""funny"", ""masterpiece"", ""masters"", ""memorabilia"", ""planechase"", ""premium_deck"", ""promo"", ""spellbook"", ""starter"", ""token"", ""treasure_chest"", ""vanguard""",Set Type,"The expansion type of the set., ""alchemy"", ""archenemy"", ""arsenal"", ""box"", ""commander"", ""core"", ""draft_innovation"", ""duel_deck"", ""expansion"", ""from_the_vault"", ""funny"", ""masterpiece"", ""masters"", ""memorabilia"", ""planechase"", ""premium_deck"", ""promo"", ""spellbook"", ""starter"", ""token"", ""treasure_chest"", ""vanguard"" — one of: promo, expansion, memorabilia, box, duel_deck, core, masters, starter, archenemy, draft_innovation, commander, from_the_vault, funny, masterpiece, premium_deck, planechase, token, vanguard, treasure_chest, spellbook",Card Set,"A Magic: The Gathering set, including its identity, size, availability, and external marketplace identifiers.",
codebase_community,main,badges,Id,the badge id,Badge Id,"the badge id — samples: 1, 719, 705, 706, 707",Badge,"A badge awarded to a user, including its name and the date it was obtained.",
codebase_community,main,badges,UserId,the unique id of the user,,,,,
codebase_community,main,badges,Name,the badge name the user obtained,Badge Name,"the badge name the user obtained — samples: Supporter, Autobiographer, Teacher, Student, Editor",Badge,"A badge awarded to a user, including its name and the date it was obtained.",
codebase_community,main,badges,Date,the date that the user obtained the badge,Date Obtained,the date that the user obtained the badge,Badge,"A badge awarded to a user, including its name and the date it was obtained.",
codebase_community,main,comments,Id,the comment Id,Comment Id,"the comment Id — samples: 1, 798, 783, 784, 785",Comment,"A user-submitted comment including its content, rating score, creation date, and author display name.",
codebase_community,main,comments,PostId,the unique id of the post,,,,,
codebase_community,main,comments,Score,"rating score, commonsense evidence:The score is from 0 to 100. The score more than 60 refers that the comment is a positive comment. The score less than 60 refers that the comment is a negative comment.",Score,"rating score, commonsense evidence:The score is from 0 to 100. The score more than 60 refers that the comment is a positive comment. The score less than 60 refers that the comment is a negative comment. — samples: 0, 1, 2, 3, 4",Comment,"A user-submitted comment including its content, rating score, creation date, and author display name.",
codebase_community,main,comments,Text,the detailed content of the comment,Text,"the detailed content of the comment — samples: Should be community wiki., Should be community wiki?, Ok, sorry. I have added some more details above.",Comment,"A user-submitted comment including its content, rating score, creation date, and author display name.",
codebase_community,main,comments,CreationDate,the creation date of the comment,Creation Date,the creation date of the comment,Comment,"A user-submitted comment including its content, rating score, creation date, and author display name.",
codebase_community,main,comments,UserId,the id of the user who post the comment,,,,,
codebase_community,main,comments,UserDisplayName,user's display name,User Display Name,"user's display name — samples: user28, Pete, anonymous, Statprof, jjgibaja",Comment,"A user-submitted comment including its content, rating score, creation date, and author display name.",
codebase_community,main,postHistory,Id,the post history id,Post History Id,"the post history id — samples: 1, 705, 688, 689, 690",Post History,"A record of revisions and changes made to a post, including the revised content, comments, and the user who made the change.",
codebase_community,main,postHistory,PostHistoryTypeId,the id of the post history type,,,,,
codebase_community,main,postHistory,PostId,the unique id of the post,,,,,
codebase_community,main,postHistory,RevisionGUID,the revision globally unique id of the post,Revision GUID,"the revision globally unique id of the post — samples: 3cb17abe-f14c-425a-81b2-aa8ca6b38a03, 4a57e4e9-fe6b-43bc-936d-2582eda8cd4f, 18ed3fde-bd16-4f2e-9566-e7aafc62b12f, 23a48000-b33d-4d5f-9323-faf18fa1bb63, f43ac356-f089-4201-b246-91cced19a08b",Post History,"A record of revisions and changes made to a post, including the revised content, comments, and the user who made the change.",
codebase_community,main,postHistory,CreationDate,the creation date of the post,Creation Date,the creation date of the post,Post History,"A record of revisions and changes made to a post, including the revised content, comments, and the user who made the change.",
codebase_community,main,postHistory,UserId,the user who post the post,,,,,
codebase_community,main,postHistory,Text,the detailed content of the post,Text,"the detailed content of the post — samples: , <statistical-significance>, <r>, <data-visualization>, <data-mining>",Post History,"A record of revisions and changes made to a post, including the revised content, comments, and the user who made the change.",
codebase_community,main,postHistory,Comment,comments of the post,Comment,"comments of the post — samples: , edited tags, edited title, Added an example, added 318 characters in body; edited tags; edited tags",Post History,"A record of revisions and changes made to a post, including the revised content, comments, and the user who made the change.",
codebase_community,main,postHistory,UserDisplayName,user's display name,User Display Name,"user's display name — samples: , user28, user209",Post History,"A record of revisions and changes made to a post, including the revised content, comments, and the user who made the change.",
codebase_community,main,postLinks,Id,the post link id,Post Link Id,"the post link id — samples: 108, 734057, 719792, 719868, 721969",Post Link,"A link between posts, capturing the link identifier and when it was created.",
codebase_community,main,postLinks,CreationDate,the creation date of the post link,Creation Date,the creation date of the post link,Post Link,"A link between posts, capturing the link identifier and when it was created.",
codebase_community,main,postLinks,PostId,the post id,,,,,
codebase_community,main,postLinks,RelatedPostId,the id of the related post,,,,,
codebase_community,main,postLinks,LinkTypeId,the id of the link type,,,,,
codebase_community,main,posts,Id,the post id,Post Id,"the post id — samples: 1, 710, 696, 697, 699",Post,"A user-submitted post including its content, engagement metrics, lifecycle dates, and ownership information.",
codebase_community,main,posts,PostTypeId,the id of the post type,,,,,
codebase_community,main,posts,AcceptedAnswerId,the accepted answer id of the post,,,,,
codebase_community,main,posts,CreaionDate,the creation date of the post,Creation Date,the creation date of the post,Post,"A user-submitted post including its content, engagement metrics, lifecycle dates, and ownership information.",
codebase_community,main,posts,Score,the score of the post,Score,"the score of the post — samples: 3, 2, 4, 1, 5",Post,"A user-submitted post including its content, engagement metrics, lifecycle dates, and ownership information.",
codebase_community,main,posts,ViewCount,"the view count of the post, commonsense evidence:Higher view count means the post has higher popularity",View Count,"the view count of the post, commonsense evidence:Higher view count means the post has higher popularity — samples: 247, 754, 120, 753, 273",Post,"A user-submitted post including its content, engagement metrics, lifecycle dates, and ownership information.",
codebase_community,main,posts,Body,the body of the post,Body,the body of the post,Post,"A user-submitted post including its content, engagement metrics, lifecycle dates, and ownership information.",
codebase_community,main,posts,OwnerUserId,the id of the owner user,,,,,
codebase_community,main,posts,LasActivityDate,the last activity date,Last Activity Date,the last activity date,Post,"A user-submitted post including its content, engagement metrics, lifecycle dates, and ownership information.",
codebase_community,main,posts,Title,the title of the post,Title,"the title of the post — samples: Eliciting priors from experts, When should normalization never be used?, Forecasting handbooks, Standard deviation of standard deviation, Incorporating boolean data into analysis",Post,"A user-submitted post including its content, engagement metrics, lifecycle dates, and ownership information.",
codebase_community,main,posts,Tags,the tag of the post,Tags,"the tag of the post — samples: <hypothesis-testing>, <r>, <books>, <regression>, <clustering>",Post,"A user-submitted post including its content, engagement metrics, lifecycle dates, and ownership information.",
codebase_community,main,posts,AnswerCount,the total number of answers of the post,Answer Count,"the total number of answers of the post — samples: 2, 1, 3, 4, 5",Post,"A user-submitted post including its content, engagement metrics, lifecycle dates, and ownership information.",
codebase_community,main,posts,CommentCount,the total number of comments of the post,Comment Count,"the total number of comments of the post — samples: 0, 1, 2, 3, 4",Post,"A user-submitted post including its content, engagement metrics, lifecycle dates, and ownership information.",
codebase_community,main,posts,FavoriteCount,"the total number of favorites of the post, commonsense evidence:more favorite count refers to more valuable posts.",Favorite Count,"the total number of favorites of the post, commonsense evidence:more favorite count refers to more valuable posts. — samples: 1, 2, 4, 6, 5",Post,"A user-submitted post including its content, engagement metrics, lifecycle dates, and ownership information.",
codebase_community,main,posts,LastEditorUserId,the id of the last editor,,,,,
codebase_community,main,posts,LastEditDate,the last edit date,Last Edit Date,the last edit date,Post,"A user-submitted post including its content, engagement metrics, lifecycle dates, and ownership information.",
codebase_community,main,posts,CommunityOwnedDate,the community owned date,Community Owned Date,the community owned date,Post,"A user-submitted post including its content, engagement metrics, lifecycle dates, and ownership information.",
codebase_community,main,posts,ParentId,"the id of the parent post, commonsense evidence:If the parent id is null, the post is the root post. Otherwise, the post is the child post of other post.",,,,,
codebase_community,main,posts,ClosedDate,"the closed date of the post, commonsense evidence:if ClosedDate is null or empty, it means this post is not well-finishedif CloseDate is not null or empty, it means this post has well-finished.",Closed Date,"the closed date of the post, commonsense evidence:if ClosedDate is null or empty, it means this post is not well-finishedif CloseDate is not null or empty, it means this post has well-finished.",Post,"A user-submitted post including its content, engagement metrics, lifecycle dates, and ownership information.",
codebase_community,main,posts,OwnerDisplayName,the display name of the post owner,Owner Display Name,"the display name of the post owner — samples: user28, Michael Bishop, Tzippy, sjcockell, David Jacobs",Post,"A user-submitted post including its content, engagement metrics, lifecycle dates, and ownership information.",
codebase_community,main,posts,LastEditorDisplayName,the display name of the last editor,Last Editor Display Name,"the display name of the last editor — samples: user28, user10525, sjcockell",Post,"A user-submitted post including its content, engagement metrics, lifecycle dates, and ownership information.",
codebase_community,main,tags,Id,the tag id,Tag Id,"the tag id — samples: 1, 1260, 1234, 1235, 1239",Tag,"A label used to categorize posts, along with its usage popularity.",
codebase_community,main,tags,TagName,the name of the tag,Tag Name,"the name of the tag — samples: bayesian, paired-comparisons, offset, skewness, communication",Tag,"A label used to categorize posts, along with its usage popularity.",
codebase_community,main,tags,Count,"the count of posts that contain this tag, more counts --> this tag is more popular",Post Count,"the count of posts that contain this tag, more counts --> this tag is more popular — samples: 2, 3, 1, 4, 5",Tag,"A label used to categorize posts, along with its usage popularity.",
codebase_community,main,tags,ExcerptPostId,the excerpt post id of the tag,,,,,
codebase_community,main,tags,WikiPostId,the wiki post id of the tag,,,,,
codebase_community,main,users,Id,the user id,User Id,"the user id — samples: -1, 933, 911, 912, 913",User,"A registered user account, including profile details, activity metrics, and reputation.",
codebase_community,main,users,Reputation,"the user's reputation, commonsense evidence:The user with higher reputation has more influence.",Reputation,"the user's reputation, commonsense evidence:The user with higher reputation has more influence. — samples: 101, 111, 1, 121, 123",User,"A registered user account, including profile details, activity metrics, and reputation.",
codebase_community,main,users,CreationDate,the creation date of the user account,Creation Date,the creation date of the user account,User,"A registered user account, including profile details, activity metrics, and reputation.",
codebase_community,main,users,DisplayName,the user's display name,Display Name,"the user's display name — samples: Mark, julien, Tom, Tim, David",User,"A registered user account, including profile details, activity metrics, and reputation.",
codebase_community,main,users,LastAccessDate,the last access date of the user account,Last Access Date,the last access date of the user account,User,"A registered user account, including profile details, activity metrics, and reputation.",
codebase_community,main,users,WebsiteUrl,the website url of the user account,Website Url,"the website url of the user account — samples: http://none, http://stackoverflow.com, http://www.google.com, http://None, http://www.flickr.com/photos/nimrodm/",User,"A registered user account, including profile details, activity metrics, and reputation.",
codebase_community,main,users,Location,user's location,Location,"user's location — samples: United States, United Kingdom, New York, NY, London, United Kingdom, California",User,"A registered user account, including profile details, activity metrics, and reputation.",
codebase_community,main,users,AboutMe,the self introduction of the user,About Me,"the self introduction of the user — samples: <p></p>
",User,"A registered user account, including profile details, activity metrics, and reputation.",
codebase_community,main,users,Views,the number of views,Views,"the number of views — samples: 0, 1, 2, 3, 4",User,"A registered user account, including profile details, activity metrics, and reputation.",
codebase_community,main,users,UpVotes,the number of upvotes,Up Votes,"the number of upvotes — samples: 0, 1, 2, 3, 4",User,"A registered user account, including profile details, activity metrics, and reputation.",
codebase_community,main,users,DownVotes,the number of downvotes,Down Votes,"the number of downvotes — samples: 0, 1, 2, 4, 3",User,"A registered user account, including profile details, activity metrics, and reputation.",
codebase_community,main,users,AccountId,the unique id of the account,,,,,
codebase_community,main,users,Age,"user's age,  teenager: 13-18 adult: 19-65 elder: > 65",Age,"user's age,  teenager: 13-18 adult: 19-65 elder: > 65 — samples: 29, 33, 32, 36, 31",User,"A registered user account, including profile details, activity metrics, and reputation.",
codebase_community,main,users,ProfileImageUrl,the profile image url,Profile Image Url,"the profile image url — samples: http://i.stack.imgur.com/d1oHX.jpg, http://i.stack.imgur.com/PB7uH.jpg, http://i.stack.imgur.com/hDGuY.jpg, http://i.stack.imgur.com/4bZ01.jpg",User,"A registered user account, including profile details, activity metrics, and reputation.",
codebase_community,main,votes,Id,the vote id,Vote Id,"the vote id — samples: 1, 750, 734, 735, 736",Vote,"A vote cast on a post, including any associated bounty amount and when it was created.",
codebase_community,main,votes,PostId,the id of the post that is voted,,,,,
codebase_community,main,votes,VoteTypeId,the id of the vote type,,,,,
codebase_community,main,votes,CreationDate,the creation date of the vote,Creation Date,the creation date of the vote,Vote,"A vote cast on a post, including any associated bounty amount and when it was created.",
codebase_community,main,votes,UserId,the id of the voter,,,,,
codebase_community,main,votes,BountyAmount,the amount of bounty,Bounty Amount,"the amount of bounty — one of: 0, 25, 50, 100, 150, 200",Vote,"A vote cast on a post, including any associated bounty amount and when it was created.",
debit_card_specializing,main,customers,CustomerID,identification of the customer,Customer ID,"identification of the customer — unique per row — samples: 3, 1637, 1609, 1612, 1616",Customer,"A person who is a client, including their identifying number and demographic details.",
debit_card_specializing,main,customers,Segment,client segment,Segment,"client segment — one of: SME, LAM, KAM",Customer,"A person who is a client, including their identifying number and demographic details.",
debit_card_specializing,main,customers,Currency,Currency,Currency,"Currency — one of: CZK, EUR",Customer,"A person who is a client, including their identifying number and demographic details.",
debit_card_specializing,main,gasstations,GasStationID,Gas Station ID,Gas Station ID,"Gas Station ID — unique per row — samples: 44, 716, 703, 704, 705",Gas Station,A gas station location including its country and chain segment classification.,
debit_card_specializing,main,gasstations,ChainID,Chain ID,,,,,
debit_card_specializing,main,gasstations,Country,"Country where the gas station is located, represented by a country code such as CZE for Czech Republic or SVK for Slovakia.",Country,"Country where the gas station is located, represented by a country code such as CZE for Czech Republic or SVK for Slovakia. — one of: CZE, SVK",Gas Station,A gas station location including its country and chain segment classification.,
debit_card_specializing,main,gasstations,Segment,chain segment,Segment,"chain segment — one of: Premium, Other, Noname, Value for money, Discount",Gas Station,A gas station location including its country and chain segment classification.,
debit_card_specializing,main,products,ProductID,Product ID,Product ID,"Product ID — unique per row — samples: 1, 410, 391, 392, 393",Product,"A product offered, identified by a unique product ID and described by a text description.",
debit_card_specializing,main,products,Description,Description,Description,"Description — 529 distinct values — samples: Servisní poplatek, Ostatni zbozi, Provozní poplatek, Ostatné sl., Potraviny",Product,"A product offered, identified by a unique product ID and described by a text description.",
debit_card_specializing,main,transactions_1k,TransactionID,Transaction ID,Transaction ID,"Transaction ID — unique per row — samples: 1, 672, 659, 660, 661",Transaction,"A financial transaction on an account, including its type, operation mode, amounts, and counterparty details.",
debit_card_specializing,main,transactions_1k,Date,Date,Date,Date — 4 distinct values,Transaction,"A financial transaction on an account, including its type, operation mode, amounts, and counterparty details.",
debit_card_specializing,main,transactions_1k,Time,Time,Time,"Time — 599 distinct values — samples: 08:57:00, 08:26:00, 06:17:00, 09:50:00, 11:55:00",Transaction,"A financial transaction on an account, including its type, operation mode, amounts, and counterparty details.",
debit_card_specializing,main,transactions_1k,CustomerID,Customer ID,,,,,
debit_card_specializing,main,transactions_1k,CardID,Card ID,,,,,
debit_card_specializing,main,transactions_1k,GasStationID,Gas Station ID,,,,,
debit_card_specializing,main,transactions_1k,ProductID,Product ID,,,,,
debit_card_specializing,main,transactions_1k,Amount,"Amount, Commonsense evidence: The quantity of product on the transaction, not a sum of money. The money is in Price, which is already the total for that quantity.",Amount,"Amount, Commonsense evidence: The quantity of product on the transaction, not a sum of money. The money is in Price, which is already the total for that quantity. — samples: 0, 5, 25, 1, 4",Transaction,"A financial transaction on an account, including its type, operation mode, amounts, and counterparty details.",
debit_card_specializing,main,transactions_1k,Price,"Price, Commonsense evidence: Price is the total already paid for this transaction line — the quantity is priced in, so it is read directly: AVG(Price) for an average transaction value, SUM(Price) for revenue or for what a customer spent. Do not multiply by Amount: Amount is the quantity of product, and 91 rows carry a positive Price against an Amount of 0, so multiplying zeroes them out. The price of a single unit is the division, Price / Amount.",Price,"Price, Commonsense evidence: Price is the total already paid for this transaction line — the quantity is priced in, so it is read directly: AVG(Price) for an average transaction value, SUM(Price) for revenue or for what a customer spent. Do not multiply by Amount: Amount is the quantity of product, and 91 rows carry a positive Price against an Amount of 0, so multiplying zeroes them out. The price of a single unit is the division, Price / Amount. — samples: 43.56, 123.91, 53.29, 38.69, 72.76",Transaction,"A financial transaction on an account, including its type, operation mode, amounts, and counterparty details.",
debit_card_specializing,main,yearmonth,CustomerID,Customer ID,,,,,
debit_card_specializing,main,yearmonth,Date,Date,Year Month,"Date — one of: 201306, 201307, 201309, 201303, 201304, 201112, 201201, 201202, 201203, 201204, 201205, 201206, 201207, 201208, 201209, 201301, 201302, 201305, 201308, 201310, 201311",Monthly Consumption,Consumption recorded for a given year and month.,
debit_card_specializing,main,yearmonth,Consumption,consumption,Consumption,"consumption — 279,091 distinct values — samples: 23.27, 145.21, 43.45, 59.33, 60.99",Monthly Consumption,Consumption recorded for a given year and month.,
european_football_2,main,Country,id,the unique id for countries,Country Id,"the unique id for countries — unique per row — one of: 1, 1729, 4769, 7809, 10257, 13274, 15722, 17642, 19694, 21518, 24558",Country,A country referenced within the system.,
european_football_2,main,Country,name,country name,Country Name,"country name — unique per row — one of: Belgium, England, France, Germany, Italy, Netherlands, Poland, Portugal, Scotland, Spain, Switzerland",Country,A country referenced within the system.,
european_football_2,main,League,id,the unique id for leagues,League ID,"the unique id for leagues — unique per row — one of: 1, 1729, 4769, 7809, 10257, 13274, 15722, 17642, 19694, 21518, 24558",League,A football league competition.,
european_football_2,main,League,country_id,the unique id for countries,,,,,
european_football_2,main,League,name,league name,League Name,"league name — unique per row — one of: Belgium Jupiler League, England Premier League, France Ligue 1, Germany 1. Bundesliga, Italy Serie A, Netherlands Eredivisie, Poland Ekstraklasa, Portugal Liga ZON Sagres, Scotland Premier League, Spain LIGA BBVA, Switzerland Super League",League,A football league competition.,
european_football_2,main,Match,id,the unique id for matches,Match Id,"the unique id for matches — unique per row — samples: 1, 672, 659, 660, 661",Match,"A football match including teams, score, schedule, and player lineup positions.",
european_football_2,main,Match,country_id,country id,,,,,
european_football_2,main,Match,league_id,league id,,,,,
european_football_2,main,Match,season,the season of the match,Season,"the season of the match — one of: 2008/2009, 2010/2011, 2011/2012, 2009/2010, 2012/2013, 2013/2014, 2014/2015, 2015/2016",Match,"A football match including teams, score, schedule, and player lineup positions.",
european_football_2,main,Match,stage,the stage of the match,Stage,"the stage of the match — 38 distinct values — samples: 1, 23, 8, 7, 6",Match,"A football match including teams, score, schedule, and player lineup positions.",
european_football_2,main,Match,date,"the date of the match, e.g. 2008-08-17 00:00:00",Match Date,"the date of the match, e.g. 2008-08-17 00:00:00 — 1,694 distinct values — samples: 2012-03-21 00:00:00, 2012-03-18 00:00:00, 2009-05-16 00:00:00, 2011-03-12 00:00:00, 2009-05-09 00:00:00",Match,"A football match including teams, score, schedule, and player lineup positions.",
european_football_2,main,Match,match_api_id,the id of the match api,Match Api Id,"the id of the match api — unique per row — samples: 492473, 838820, 838798, 838800, 838802",Match,"A football match including teams, score, schedule, and player lineup positions.",
european_football_2,main,Match,home_team_api_id,the id of the home team api,,,,,
european_football_2,main,Match,away_team_api_id,the id of the away team api,,,,,
european_football_2,main,Match,home_team_goal,the goal of the home team,Home Team Goal,"the goal of the home team — one of: 0, 1, 2, 3, 4, 5, 6, 7, 8, 9, 10",Match,"A football match including teams, score, schedule, and player lineup positions.",
european_football_2,main,Match,away_team_goal,the goal of the away team,Away Team Goal,"the goal of the away team — one of: 0, 1, 2, 3, 4, 5, 6, 7, 8, 9",Match,"A football match including teams, score, schedule, and player lineup positions.",
european_football_2,main,Match,home_player_X1,The horizontal field position coordinate of the first home team player in the match lineup.,homePlayerX1,"The horizontal field position coordinate of the first home team player in the match lineup. — one of: 0, 1, 2",Match,"A football match including teams, score, schedule, and player lineup positions.",
european_football_2,main,Match,home_player_X2,The horizontal field position coordinate of the second home team player in the match lineup.,homePlayerX2,"The horizontal field position coordinate of the second home team player in the match lineup. — one of: 0, 1, 2, 3, 4, 5, 6, 7, 8",Match,"A football match including teams, score, schedule, and player lineup positions.",
european_football_2,main,Match,home_player_X3,The horizontal field position coordinate of the third home team player in the match lineup.,homePlayerX3,"The horizontal field position coordinate of the third home team player in the match lineup. — one of: 1, 2, 3, 4, 5, 6, 7, 8",Match,"A football match including teams, score, schedule, and player lineup positions.",
european_football_2,main,Match,home_player_X4,The horizontal field position coordinate of the fourth home team player in the match lineup.,homePlayerX4,"The horizontal field position coordinate of the fourth home team player in the match lineup. — one of: 2, 3, 4, 5, 6, 7, 8",Match,"A football match including teams, score, schedule, and player lineup positions.",
european_football_2,main,Match,home_player_X5,The horizontal (X-axis) field position of the home team's fifth player in the match lineup formation.,homePlayerX5,"The horizontal (X-axis) field position of the home team's fifth player in the match lineup formation. — one of: 1, 2, 3, 4, 5, 6, 7, 8, 9",Match,"A football match including teams, score, schedule, and player lineup positions.",
european_football_2,main,Match,home_player_X6,The horizontal (X-axis) field position of the home team's sixth player in the match lineup formation.,homePlayerX6,"The horizontal (X-axis) field position of the home team's sixth player in the match lineup formation. — one of: 1, 2, 3, 4, 5, 6, 7, 8, 9",Match,"A football match including teams, score, schedule, and player lineup positions.",
european_football_2,main,Match,home_player_X7,The horizontal (X-axis) field position of the home team's seventh player in the match lineup formation.,homePlayerX7,"The horizontal (X-axis) field position of the home team's seventh player in the match lineup formation. — one of: 1, 2, 3, 4, 5, 6, 7, 8, 9",Match,"A football match including teams, score, schedule, and player lineup positions.",
european_football_2,main,Match,home_player_X8,The horizontal (X-axis) field position of the home team's eighth player in the match lineup formation.,homePlayerX8,"The horizontal (X-axis) field position of the home team's eighth player in the match lineup formation. — one of: 1, 2, 3, 4, 5, 6, 7, 8, 9",Match,"A football match including teams, score, schedule, and player lineup positions.",
european_football_2,main,Match,home_player_X9,The horizontal (X-axis) field position of the home team's ninth player in the match lineup formation.,homePlayerX9,"The horizontal (X-axis) field position of the home team's ninth player in the match lineup formation. — one of: 1, 2, 3, 4, 5, 6, 7, 8, 9",Match,"A football match including teams, score, schedule, and player lineup positions.",
european_football_2,main,Match,home_player_X10,The horizontal (X-axis) field position of the home team's tenth player in the match lineup formation.,homePlayerX10,"The horizontal (X-axis) field position of the home team's tenth player in the match lineup formation. — one of: 1, 2, 3, 4, 5, 6, 7, 8, 9",Match,"A football match including teams, score, schedule, and player lineup positions.",
european_football_2,main,Match,home_player_X11,The horizontal (X-axis) field position of the home team's eleventh player in the match lineup formation.,homePlayerX11,"The horizontal (X-axis) field position of the home team's eleventh player in the match lineup formation. — one of: 1, 3, 4, 5, 6, 7",Match,"A football match including teams, score, schedule, and player lineup positions.",
european_football_2,main,Match,away_player_X1,The horizontal (X-axis) field position of the away team's first player in the match lineup formation.,awayPlayerX1,"The horizontal (X-axis) field position of the away team's first player in the match lineup formation. — one of: 1, 2, 6",Match,"A football match including teams, score, schedule, and player lineup positions.",
european_football_2,main,Match,away_player_X2,The horizontal (X-axis) field position of the away team's second player in the match lineup formation.,awayPlayerX2,"The horizontal (X-axis) field position of the away team's second player in the match lineup formation. — one of: 1, 2, 3, 4, 5, 6, 7, 8",Match,"A football match including teams, score, schedule, and player lineup positions.",
european_football_2,main,Match,away_player_X3,The horizontal (X-axis) field position of the away team's third player in the match lineup formation.,awayPlayerX3,"The horizontal (X-axis) field position of the away team's third player in the match lineup formation. — one of: 2, 3, 4, 5, 6, 7, 8, 9",Match,"A football match including teams, score, schedule, and player lineup positions.",
european_football_2,main,Match,away_player_X4,The horizontal (X-axis) field position of the away team's fourth player in the match lineup formation.,awayPlayerX4,"The horizontal (X-axis) field position of the away team's fourth player in the match lineup formation. — one of: 1, 2, 3, 4, 5, 6, 7, 8",Match,"A football match including teams, score, schedule, and player lineup positions.",
european_football_2,main,Match,away_player_X5,The horizontal (X-axis) field position of the away team's fifth player in the match lineup formation.,awayPlayerX5,"The horizontal (X-axis) field position of the away team's fifth player in the match lineup formation. — one of: 1, 2, 3, 4, 5, 6, 7, 8, 9",Match,"A football match including teams, score, schedule, and player lineup positions.",
european_football_2,main,Match,away_player_X6,The horizontal (X-axis) field position of the away team's sixth player in the match lineup formation.,awayPlayerX6,"The horizontal (X-axis) field position of the away team's sixth player in the match lineup formation. — one of: 1, 2, 3, 4, 5, 6, 7, 8, 9",Match,"A football match including teams, score, schedule, and player lineup positions.",
european_football_2,main,Match,away_player_X7,The horizontal (X-axis) field position of the away team's seventh player in the match lineup formation.,awayPlayerX7,"The horizontal (X-axis) field position of the away team's seventh player in the match lineup formation. — one of: 1, 2, 3, 4, 5, 6, 7, 8, 9",Match,"A football match including teams, score, schedule, and player lineup positions.",
european_football_2,main,Match,away_player_X8,The horizontal (X-axis) field position of the away team's eighth player in the match lineup formation.,awayPlayerX8,"The horizontal (X-axis) field position of the away team's eighth player in the match lineup formation. — one of: 1, 2, 3, 4, 5, 6, 7, 8, 9",Match,"A football match including teams, score, schedule, and player lineup positions.",
european_football_2,main,Match,away_player_X9,The horizontal (X-axis) field position of the away team's ninth player in the match formation.,awayPlayerX9,"The horizontal (X-axis) field position of the away team's ninth player in the match formation. — one of: 1, 2, 3, 4, 5, 6, 7, 8, 9",Match,"A football match including teams, score, schedule, and player lineup positions.",
european_football_2,main,Match,away_player_X10,The horizontal (X-axis) field position of the away team's tenth player in the match formation.,awayPlayerX10,"The horizontal (X-axis) field position of the away team's tenth player in the match formation. — one of: 1, 2, 3, 4, 5, 6, 7, 8, 9",Match,"A football match including teams, score, schedule, and player lineup positions.",
european_football_2,main,Match,away_player_X11,The horizontal (X-axis) field position of the away team's eleventh player in the match formation.,awayPlayerX11,"The horizontal (X-axis) field position of the away team's eleventh player in the match formation. — one of: 3, 4, 5, 6, 7, 8",Match,"A football match including teams, score, schedule, and player lineup positions.",
european_football_2,main,Match,home_player_Y1,The vertical (Y-axis) field position of the home team's first player in the match formation.,homePlayerY1,"The vertical (Y-axis) field position of the home team's first player in the match formation. — one of: 0, 1, 3",Match,"A football match including teams, score, schedule, and player lineup positions.",
european_football_2,main,Match,home_player_Y2,The vertical (Y-axis) field position of the home team's second player in the match formation.,homePlayerY2,"The vertical (Y-axis) field position of the home team's second player in the match formation. — one of: 0, 3",Match,"A football match including teams, score, schedule, and player lineup positions.",
european_football_2,main,Match,home_player_Y3,The vertical (Y-axis) field position of the home team's third player in the match formation.,homePlayerY3,"The vertical (Y-axis) field position of the home team's third player in the match formation. — one of: 3, 5",Match,"A football match including teams, score, schedule, and player lineup positions.",
european_football_2,main,Match,home_player_Y4,The vertical (Y-axis) field position of the home team's fourth player in the match formation.,homePlayerY4,"The vertical (Y-axis) field position of the home team's fourth player in the match formation. — one of: 3, 5",Match,"A football match including teams, score, schedule, and player lineup positions.",
european_football_2,main,Match,home_player_Y5,The vertical (Y-axis) field position of the home team's fifth player in the match formation.,homePlayerY5,"The vertical (Y-axis) field position of the home team's fifth player in the match formation. — one of: 3, 5, 6, 7, 8",Match,"A football match including teams, score, schedule, and player lineup positions.",
european_football_2,main,Match,home_player_Y6,The vertical (Y-axis) field position of the home team's sixth player in the match formation.,homePlayerY6,"The vertical (Y-axis) field position of the home team's sixth player in the match formation. — one of: 3, 5, 6, 7, 8, 9",Match,"A football match including teams, score, schedule, and player lineup positions.",
european_football_2,main,Match,home_player_Y7,The vertical (Y-axis) field position of the home team's seventh player in the match formation.,homePlayerY7,"The vertical (Y-axis) field position of the home team's seventh player in the match formation. — one of: 3, 5, 6, 7, 8, 9",Match,"A football match including teams, score, schedule, and player lineup positions.",
european_football_2,main,Match,home_player_Y8,The vertical (Y-axis) field position of the home team's eighth player in the match formation.,homePlayerY8,"The vertical (Y-axis) field position of the home team's eighth player in the match formation. — one of: 3, 5, 6, 7, 8, 9, 10",Match,"A football match including teams, score, schedule, and player lineup positions.",
european_football_2,main,Match,home_player_Y9,The vertical (Y-axis) field position of the home team's ninth player in the match formation.,homePlayerY9,"The vertical (Y-axis) field position of the home team's ninth player in the match formation. — one of: 1, 6, 7, 8, 9, 10",Match,"A football match including teams, score, schedule, and player lineup positions.",
european_football_2,main,Match,home_player_Y10,The vertical (Y-axis) field position of the home team's tenth player in the match formation.,homePlayerY10,"The vertical (Y-axis) field position of the home team's tenth player in the match formation. — one of: 3, 6, 7, 8, 9, 10, 11",Match,"A football match including teams, score, schedule, and player lineup positions.",
european_football_2,main,Match,home_player_Y11,The vertical (Y-axis) field position of the home team's eleventh player in the match formation.,homePlayerY11,"The vertical (Y-axis) field position of the home team's eleventh player in the match formation. — one of: 1, 3, 10, 11",Match,"A football match including teams, score, schedule, and player lineup positions.",
european_football_2,main,Match,away_player_Y1,The vertical (Y-axis) field position of the away team's first player in the match formation.,awayPlayerY1,"The vertical (Y-axis) field position of the away team's first player in the match formation. — one of: 1, 3",Match,"A football match including teams, score, schedule, and player lineup positions.",
european_football_2,main,Match,away_player_Y2,The vertical field position (Y-coordinate) of the away team's player 2 in the match formation.,awayPlayerY2,The vertical field position (Y-coordinate) of the away team's player 2 in the match formation. — one of: 3,Match,"A football match including teams, score, schedule, and player lineup positions.",
european_football_2,main,Match,away_player_Y3,The vertical field position (Y-coordinate) of the away team's player 3 in the match formation.,awayPlayerY3,"The vertical field position (Y-coordinate) of the away team's player 3 in the match formation. — one of: 3, 7",Match,"A football match including teams, score, schedule, and player lineup positions.",
european_football_2,main,Match,away_player_Y4,The vertical field position (Y-coordinate) of the away team's player 4 in the match formation.,awayPlayerY4,"The vertical field position (Y-coordinate) of the away team's player 4 in the match formation. — one of: 3, 5, 7",Match,"A football match including teams, score, schedule, and player lineup positions.",
european_football_2,main,Match,away_player_Y5,The vertical field position (Y-coordinate) of the away team's player 5 in the match formation.,awayPlayerY5,"The vertical field position (Y-coordinate) of the away team's player 5 in the match formation. — one of: 3, 5, 6, 7, 9",Match,"A football match including teams, score, schedule, and player lineup positions.",
european_football_2,main,Match,away_player_Y6,The vertical field position (Y-coordinate) of the away team's player 6 in the match formation.,awayPlayerY6,"The vertical field position (Y-coordinate) of the away team's player 6 in the match formation. — one of: 3, 5, 6, 7, 8, 9, 10",Match,"A football match including teams, score, schedule, and player lineup positions.",
european_football_2,main,Match,away_player_Y7,The vertical field position (Y-coordinate) of the away team's player 7 in the match formation.,awayPlayerY7,"The vertical field position (Y-coordinate) of the away team's player 7 in the match formation. — one of: 3, 5, 6, 7, 8, 9, 10",Match,"A football match including teams, score, schedule, and player lineup positions.",
european_football_2,main,Match,away_player_Y8,The vertical field position (Y-coordinate) of the away team's player 8 in the match formation.,awayPlayerY8,"The vertical field position (Y-coordinate) of the away team's player 8 in the match formation. — one of: 3, 5, 6, 7, 8, 9, 10",Match,"A football match including teams, score, schedule, and player lineup positions.",
european_football_2,main,Match,away_player_Y9,The vertical field position (Y-coordinate) of the away team's player 9 in the match formation.,awayPlayerY9,"The vertical field position (Y-coordinate) of the away team's player 9 in the match formation. — one of: 5, 6, 7, 8, 9, 10, 11",Match,"A football match including teams, score, schedule, and player lineup positions.",
european_football_2,main,Match,away_player_Y10,The vertical field position (Y-coordinate) of the away team's player 10 in the match formation.,awayPlayerY10,"The vertical field position (Y-coordinate) of the away team's player 10 in the match formation. — one of: 6, 7, 8, 9, 10, 11",Match,"A football match including teams, score, schedule, and player lineup positions.",
european_football_2,main,Match,away_player_Y11,The vertical field position (Y-coordinate) of the away team's player 11 in the match formation.,awayPlayerY11,"The vertical field position (Y-coordinate) of the away team's player 11 in the match formation. — one of: 7, 8, 10, 11",Match,"A football match including teams, score, schedule, and player lineup positions.",
european_football_2,main,Match,home_player_1,The identifier of the home team's player 1 (typically the goalkeeper) referencing the player record.,,,,,
european_football_2,main,Match,home_player_2,The identifier of the home team's player 2 referencing the player record.,,,,,
european_football_2,main,Match,home_player_3,The identifier of the home team's player 3 referencing the player record.,,,,,
european_football_2,main,Match,home_player_4,The identifier of the home team's player 4 referencing the player record.,,,,,
european_football_2,main,Match,home_player_5,The identifier of the home team's player 5 referencing the player record.,,,,,
european_football_2,main,Match,home_player_6,Identifier of the sixth player in the home team's lineup for the match.,,,,,
european_football_2,main,Match,home_player_7,Identifier of the seventh player in the home team's lineup for the match.,,,,,
european_football_2,main,Match,home_player_8,Identifier of the eighth player in the home team's lineup for the match.,,,,,
european_football_2,main,Match,home_player_9,Identifier of the ninth player in the home team's lineup for the match.,,,,,
european_football_2,main,Match,home_player_10,Identifier of the tenth player in the home team's lineup for the match.,,,,,
european_football_2,main,Match,home_player_11,Identifier of the eleventh player in the home team's lineup for the match.,,,,,
european_football_2,main,Match,away_player_1,Identifier of the first player in the away team's lineup for the match.,,,,,
european_football_2,main,Match,away_player_2,Identifier of the second player in the away team's lineup for the match.,,,,,
european_football_2,main,Match,away_player_3,Identifier of the third player in the away team's lineup for the match.,,,,,
european_football_2,main,Match,away_player_4,Identifier of the fourth player in the away team's lineup for the match.,,,,,
european_football_2,main,Match,away_player_5,Identifier of the fifth player in the away team's lineup for the match.,,,,,
european_football_2,main,Match,away_player_6,Identifier of the sixth player in the away team's lineup for the match.,,,,,
european_football_2,main,Match,away_player_7,Identifier of the seventh player in the away team's lineup for the match.,,,,,
european_football_2,main,Match,away_player_8,Identifier of the eighth player in the away team's lineup for the match.,,,,,
european_football_2,main,Match,away_player_9,Identifier of the ninth player in the away team's lineup for the match.,,,,,
european_football_2,main,Match,away_player_10,Identifier referencing the tenth player fielded by the away team in the match.,,,,,
european_football_2,main,Match,away_player_11,Identifier referencing the eleventh player fielded by the away team in the match.,,,,,
european_football_2,main,Match,goal,the goal of the match,goal,"the goal of the match — 13,225 distinct values",Match,"A football match including teams, score, schedule, and player lineup positions.",
european_football_2,main,Match,shoton,"the shot on goal of the match, commonsense reasoning: A shot on goal is a shot that enters the goal or would have entered the goal if it had not been blocked by the goalkeeper or another defensive player.",shoton,"the shot on goal of the match, commonsense reasoning: A shot on goal is a shot that enters the goal or would have entered the goal if it had not been blocked by the goalkeeper or another defensive player. — 8,464 distinct values",Match,"A football match including teams, score, schedule, and player lineup positions.",
european_football_2,main,Match,shotoff,"the shot off goal of the match, which is the opposite of shot on",shotoff,"the shot off goal of the match, which is the opposite of shot on — 8,464 distinct values",Match,"A football match including teams, score, schedule, and player lineup positions.",
european_football_2,main,Match,foulcommit,the fouls occurred in the match,foulcommit,"the fouls occurred in the match — 8,466 distinct values",Match,"A football match including teams, score, schedule, and player lineup positions.",
european_football_2,main,Match,card,the cards given in the match,card,"the cards given in the match — 13,777 distinct values",Match,"A football match including teams, score, schedule, and player lineup positions.",
european_football_2,main,Match,cross,Balls sent into the opposition team's area from a wide position in the match,cross,"Balls sent into the opposition team's area from a wide position in the match — 8,466 distinct values",Match,"A football match including teams, score, schedule, and player lineup positions.",
european_football_2,main,Match,corner,Ball goes out of play for a corner kick in the match,corner,"Ball goes out of play for a corner kick in the match — 8,465 distinct values",Match,"A football match including teams, score, schedule, and player lineup positions.",
european_football_2,main,Match,possession,The duration from a player taking over the ball in the match,possession,"The duration from a player taking over the ball in the match — 8,420 distinct values",Match,"A football match including teams, score, schedule, and player lineup positions.",
european_football_2,main,Match,B365H,Bet365's betting odds for a home team win in the match.,b365h,"Bet365's betting odds for a home team win in the match. — 121 distinct values — samples: 2.1, 1.91, 2.2, 2.0, 1.44",Match,"A football match including teams, score, schedule, and player lineup positions.",
european_football_2,main,Match,B365D,Bet365's betting odds for a draw in the match.,b365d,"Bet365's betting odds for a draw in the match. — 72 distinct values — samples: 3.3, 3.4, 3.25, 3.5, 3.6",Match,"A football match including teams, score, schedule, and player lineup positions.",
european_football_2,main,Match,B365A,Bet365's betting odds for an away team win in the match.,b365a,"Bet365's betting odds for an away team win in the match. — 115 distinct values — samples: 4.0, 5.0, 2.5, 6.0, 8.0",Match,"A football match including teams, score, schedule, and player lineup positions.",
european_football_2,main,Match,BWH,Bwin's betting odds for a home team win in the match.,bwh,"Bwin's betting odds for a home team win in the match. — 237 distinct values — samples: 2.2, 2.1, 1.75, 2.3, 2.0",Match,"A football match including teams, score, schedule, and player lineup positions.",
european_football_2,main,Match,BWD,Bwin's betting odds for a draw in the match.,bwd,"Bwin's betting odds for a draw in the match. — 133 distinct values — samples: 3.3, 3.2, 3.4, 3.25, 3.5",Match,"A football match including teams, score, schedule, and player lineup positions.",
european_football_2,main,Match,BWA,The Bet&Win bookmaker's decimal betting odds for an away team win in the match.,bwa,"The Bet&Win bookmaker's decimal betting odds for an away team win in the match. — 261 distinct values — samples: 3.0, 3.1, 2.8, 2.3, 3.4",Match,"A football match including teams, score, schedule, and player lineup positions.",
european_football_2,main,Match,IWH,The Interwetten bookmaker's decimal betting odds for a home team win in the match.,iwh,"The Interwetten bookmaker's decimal betting odds for a home team win in the match. — 147 distinct values — samples: 2.2, 2.0, 2.3, 2.1, 2.5",Match,"A football match including teams, score, schedule, and player lineup positions.",
european_football_2,main,Match,IWD,The Interwetten bookmaker's decimal betting odds for a draw in the match.,iwd,"The Interwetten bookmaker's decimal betting odds for a draw in the match. — 73 distinct values — samples: 3.2, 3.3, 3.1, 3.4, 3.9",Match,"A football match including teams, score, schedule, and player lineup positions.",
european_football_2,main,Match,IWA,The Interwetten bookmaker's decimal betting odds for an away team win in the match.,iwa,"The Interwetten bookmaker's decimal betting odds for an away team win in the match. — 159 distinct values — samples: 2.5, 2.3, 3.1, 4.0, 6.0",Match,"A football match including teams, score, schedule, and player lineup positions.",
european_football_2,main,Match,LBH,The Ladbrokes bookmaker's decimal betting odds for a home team win in the match.,lbh,"The Ladbrokes bookmaker's decimal betting odds for a home team win in the match. — 129 distinct values — samples: 2.2, 2.5, 2.1, 2.0, 1.91",Match,"A football match including teams, score, schedule, and player lineup positions.",
european_football_2,main,Match,LBD,The Ladbrokes bookmaker's decimal betting odds for a draw in the match.,lbd,"The Ladbrokes bookmaker's decimal betting odds for a draw in the match. — 72 distinct values — samples: 3.2, 3.25, 3.3, 3.5, 3.4",Match,"A football match including teams, score, schedule, and player lineup positions.",
european_football_2,main,Match,LBA,The Ladbrokes bookmaker's decimal betting odds for an away team win in the match.,lba,"The Ladbrokes bookmaker's decimal betting odds for an away team win in the match. — 128 distinct values — samples: 2.5, 7.0, 2.75, 8.0, 5.0",Match,"A football match including teams, score, schedule, and player lineup positions.",
european_football_2,main,Match,PSH,The Pinnacle Sports bookmaker's decimal betting odds for a home team win in the match.,psh,"The Pinnacle Sports bookmaker's decimal betting odds for a home team win in the match. — 948 distinct values — samples: 5.1, 2.48, 1.83, 1.74",Match,"A football match including teams, score, schedule, and player lineup positions.",
european_football_2,main,Match,PSD,The Pinnacle Sports bookmaker's decimal betting odds for a draw in the match.,psd,"The Pinnacle Sports bookmaker's decimal betting odds for a draw in the match. — 665 distinct values — samples: 3.82, 3.52, 3.79",Match,"A football match including teams, score, schedule, and player lineup positions.",
european_football_2,main,Match,PSA,The Pinnacle Sports bookmaker's decimal betting odds for an away team win in the match.,psa,"The Pinnacle Sports bookmaker's decimal betting odds for an away team win in the match. — 1,475 distinct values — samples: 1.76, 2.96, 4.63, 5.2",Match,"A football match including teams, score, schedule, and player lineup positions.",
european_football_2,main,Match,WHH,The William Hill bookmaker's decimal betting odds for a home team win in the match.,whh,"The William Hill bookmaker's decimal betting odds for a home team win in the match. — 125 distinct values — samples: 2.1, 2.5, 2.2, 2.0, 1.8",Match,"A football match including teams, score, schedule, and player lineup positions.",
european_football_2,main,Match,WHD,The William Hill bookmaker's decimal betting odds for a draw in the match.,whd,"The William Hill bookmaker's decimal betting odds for a draw in the match. — 78 distinct values — samples: 3.3, 3.2, 3.25, 3.4, 3.5",Match,"A football match including teams, score, schedule, and player lineup positions.",
european_football_2,main,Match,WHA,The William Hill bookmaker's decimal betting odds for an away team win in the match.,wha,"The William Hill bookmaker's decimal betting odds for an away team win in the match. — 136 distinct values — samples: 3.0, 5.0, 3.2, 8.0, 5.5",Match,"A football match including teams, score, schedule, and player lineup positions.",
european_football_2,main,Match,SJH,The Stan James bookmaker's decimal betting odds for a home team win in the match.,sjh,"The Stan James bookmaker's decimal betting odds for a home team win in the match. — 137 distinct values — samples: 2.1, 2.2, 2.0, 2.3, 1.67",Match,"A football match including teams, score, schedule, and player lineup positions.",
european_football_2,main,Match,SJD,The Stan James bookmaker's decimal betting odds for a draw in the match.,sjd,"The Stan James bookmaker's decimal betting odds for a draw in the match. — 79 distinct values — samples: 3.3, 3.4, 3.25, 3.5, 3.2",Match,"A football match including teams, score, schedule, and player lineup positions.",
european_football_2,main,Match,SJA,The SJ betting house's decimal odds for the away team winning the match.,sja,"The SJ betting house's decimal odds for the away team winning the match. — 132 distinct values — samples: 4.0, 3.0, 2.5, 3.1, 7.5",Match,"A football match including teams, score, schedule, and player lineup positions.",
european_football_2,main,Match,VCH,The VC Bet bookmaker's decimal odds for the home team winning the match.,vch,"The VC Bet bookmaker's decimal odds for the home team winning the match. — 160 distinct values — samples: 2.25, 2.0, 1.4, 2.1, 2.4",Match,"A football match including teams, score, schedule, and player lineup positions.",
european_football_2,main,Match,VCD,The VC Bet bookmaker's decimal odds for the match ending in a draw.,vcd,"The VC Bet bookmaker's decimal odds for the match ending in a draw. — 82 distinct values — samples: 3.25, 3.4, 3.3, 3.2, 3.5",Match,"A football match including teams, score, schedule, and player lineup positions.",
european_football_2,main,Match,VCA,The VC Bet bookmaker's decimal odds for the away team winning the match.,vca,"The VC Bet bookmaker's decimal odds for the away team winning the match. — 151 distinct values — samples: 4.0, 4.5, 5.5, 7.5, 5.0",Match,"A football match including teams, score, schedule, and player lineup positions.",
european_football_2,main,Match,GBH,The Gamebookers bookmaker's decimal odds for the home team winning the match.,gbh,"The Gamebookers bookmaker's decimal odds for the home team winning the match. — 159 distinct values — samples: 2.1, 2.2, 2.3, 2.0, 2.5",Match,"A football match including teams, score, schedule, and player lineup positions.",
european_football_2,main,Match,GBD,The Gamebookers bookmaker's decimal odds for the match ending in a draw.,gbd,"The Gamebookers bookmaker's decimal odds for the match ending in a draw. — 84 distinct values — samples: 3.25, 3.2, 3.4, 3.3, 3.5",Match,"A football match including teams, score, schedule, and player lineup positions.",
european_football_2,main,Match,GBA,The Gamebookers bookmaker's decimal odds for the away team winning the match.,gba,"The Gamebookers bookmaker's decimal odds for the away team winning the match. — 172 distinct values — samples: 7.0, 3.0, 2.5, 3.75, 10.0",Match,"A football match including teams, score, schedule, and player lineup positions.",
european_football_2,main,Match,BSH,The Blue Square bookmaker's decimal odds for the home team winning the match.,bsh,"The Blue Square bookmaker's decimal odds for the home team winning the match. — 101 distinct values — samples: 2.0, 2.3, 2.1, 2.5, 1.44",Match,"A football match including teams, score, schedule, and player lineup positions.",
european_football_2,main,Match,BSD,The Blue Square bookmaker's decimal odds for the match ending in a draw.,bsd,"The Blue Square bookmaker's decimal odds for the match ending in a draw. — 59 distinct values — samples: 3.2, 3.25, 3.3, 3.4, 3.6",Match,"A football match including teams, score, schedule, and player lineup positions.",
european_football_2,main,Match,BSA,The Blue Square bookmaker's decimal odds for the away team winning the match.,bsa,"The Blue Square bookmaker's decimal odds for the away team winning the match. — 96 distinct values — samples: 2.5, 3.3, 7.0, 5.0, 3.1",Match,"A football match including teams, score, schedule, and player lineup positions.",
european_football_2,main,Player,id,the unique id for players,Player Id,"the unique id for players — unique per row — samples: 1, 674, 661, 662, 663",Player,"A football player, including personal and physical attributes.",
european_football_2,main,Player,player_api_id,the id of the player api,,,,,
european_football_2,main,Player,player_name,player name,Player Name,"player name — 10,848 distinct values — samples: Adriano, Anselmo, Alex, Alhassane Keita, Alex Bruno",Player,"A football player, including personal and physical attributes.",
european_football_2,main,Player,player_fifa_api_id,the id of the player fifa api,,,,,
european_football_2,main,Player,birthday,"the player's birthday, e.g. 1992-02-29 00:00:00 commonsense reasoning: Player A is older than player B means that A's birthday is earlier than B's",Birthday,"the player's birthday, e.g. 1992-02-29 00:00:00 commonsense reasoning: Player A is older than player B means that A's birthday is earlier than B's — 5,762 distinct values — samples: 1987-04-01 00:00:00, 1983-06-26 00:00:00, 1979-05-29 00:00:00, 1995-03-07 00:00:00, 1986-06-17 00:00:00",Player,"A football player, including personal and physical attributes.",
european_football_2,main,Player,height,the player's height,Height,"the player's height — one of: 157.48, 160.02, 162.56, 165.1, 167.64, 170.18, 172.72, 175.26, 177.8, 180.34, 182.88, 185.42, 187.96, 190.5, 193.04, 195.58, 198.12, 200.66, 203.2, 208.28",Player,"A football player, including personal and physical attributes.",
european_football_2,main,Player,weight,the player's weight,Weight,"the player's weight — 50 distinct values — samples: 165, 172, 161, 176, 154",Player,"A football player, including personal and physical attributes.",
european_football_2,main,Player_Attributes,id,the unique id for players,Player Id,"the unique id for players — unique per row — samples: 1, 672, 659, 660, 661",Player Attributes,FIFA-calculated skill and performance attribute ratings for a player at a given point in time.,
european_football_2,main,Player_Attributes,player_fifa_api_id,"the player's FIFA identifier; joins to Player.player_fifa_api_id, some values here are absent from Player, so this join drops rows that a join on player_api_id keeps",,,,,
european_football_2,main,Player_Attributes,player_api_id,"the player this rating row describes; joins to Player.player_api_id, every value here also exists in Player, so the join keeps all rows",,,,,
european_football_2,main,Player_Attributes,date,"date, e.g. 2016-02-18 00:00:00",Rating Date,"date, e.g. 2016-02-18 00:00:00 — 197 distinct values — samples: 2007-02-22 00:00:00, 2015-09-21 00:00:00, 2014-09-18 00:00:00, 2013-02-15 00:00:00, 2012-08-31 00:00:00",Player Attributes,FIFA-calculated skill and performance attribute ratings for a player at a given point in time.,
european_football_2,main,Player_Attributes,overall_rating,"the overall rating of the player, commonsense reasoning: The rating is between 0-100 which is calculated by FIFA. Higher overall rating means the player has a stronger overall strength.",Overall Rating,"the overall rating of the player, commonsense reasoning: The rating is between 0-100 which is calculated by FIFA. Higher overall rating means the player has a stronger overall strength. — 61 distinct values — samples: 71, 69, 67, 66, 73",Player Attributes,FIFA-calculated skill and performance attribute ratings for a player at a given point in time.,
european_football_2,main,Player_Attributes,potential,"potential of the player, commonsense reasoning: The potential score is between 0-100 which is calculated by FIFA. Higher potential score means that the player has more potential",Potential,"potential of the player, commonsense reasoning: The potential score is between 0-100 which is calculated by FIFA. Higher potential score means that the player has more potential — 56 distinct values — samples: 73, 75, 70, 74, 77",Player Attributes,FIFA-calculated skill and performance attribute ratings for a player at a given point in time.,
european_football_2,main,Player_Attributes,preferred_foot,"the player's preferred foot when attacking, right/ left",Preferred Foot,"the player's preferred foot when attacking, right/ left — one of: right, left",Player Attributes,FIFA-calculated skill and performance attribute ratings for a player at a given point in time.,
european_football_2,main,Player_Attributes,attacking_work_rate,"the player's attacking work rate, commonsense reasoning: • high: implies that the player is going to be in all of your attack moves• medium: implies that the player will select the attack actions he will join in• low: remain in his position while the team attacksOnly 'high', 'medium' and 'low' are meaningful. The column also holds the literal string 'None', which IS NOT NULL does not exclude, plus fragments such as 'norm', 'y', 'le' and 'stoc'.",Attacking Work Rate,"the player's attacking work rate, commonsense reasoning: • high: implies that the player is going to be in all of your attack moves• medium: implies that the player will select the attack actions he will join in• low: remain in his position while the team attacksOnly 'high', 'medium' and 'low' are meaningful. The column also holds the literal string 'None', which IS NOT NULL does not exclude, plus fragments such as 'norm', 'y', 'le' and 'stoc'. — one of: medium, high, low, None, le, norm, stoc, y",Player Attributes,FIFA-calculated skill and performance attribute ratings for a player at a given point in time.,
european_football_2,main,Player_Attributes,defensive_work_rate,"the player's defensive work rate, commonsense reasoning: • high: remain in his position and defense while the team attacks • medium: implies that the player will select the defensive actions he will join in• low: implies that the player is going to be in all of your attack moves instead of defensingOnly 'high', 'medium' and 'low' are meaningful. The column also holds unusable leftovers such as '_0', 'o', bare digits and 'ormal'.",Defensive Work Rate,"the player's defensive work rate, commonsense reasoning: • high: remain in his position and defense while the team attacks • medium: implies that the player will select the defensive actions he will join in• low: implies that the player is going to be in all of your attack moves instead of defensingOnly 'high', 'medium' and 'low' are meaningful. The column also holds unusable leftovers such as '_0', 'o', bare digits and 'ormal'. — one of: medium, high, low, _0, 5, ean, o, 1, ormal, 7, 2, 8, 4, tocky, 0, 3, 6, 9, es",Player Attributes,FIFA-calculated skill and performance attribute ratings for a player at a given point in time.,
european_football_2,main,Player_Attributes,crossing,"the player's crossing score, commonsense reasoning: Cross is a long pass into the opponent's goal towards the header of sixth-yard teammate. The crossing score is between 0-100 which measures the tendency/frequency of crosses in the box. Higher potential score means that the player performs better in crossing actions.",Crossing,"the player's crossing score, commonsense reasoning: Cross is a long pass into the opponent's goal towards the header of sixth-yard teammate. The crossing score is between 0-100 which measures the tendency/frequency of crosses in the box. Higher potential score means that the player performs better in crossing actions. — 95 distinct values — samples: 64, 65, 48, 74, 47",Player Attributes,FIFA-calculated skill and performance attribute ratings for a player at a given point in time.,
european_football_2,main,Player_Attributes,finishing,"the player's finishing rate, 0-100 which is calculated by FIFA",Finishing,"the player's finishing rate, 0-100 which is calculated by FIFA — 97 distinct values — samples: 50, 21, 33, 67, 52",Player Attributes,FIFA-calculated skill and performance attribute ratings for a player at a given point in time.,
european_football_2,main,Player_Attributes,heading_accuracy,"the player's heading accuracy, 0-100 which is calculated by FIFA",Heading Accuracy,"the player's heading accuracy, 0-100 which is calculated by FIFA — 96 distinct values — samples: 66, 65, 58, 61, 62",Player Attributes,FIFA-calculated skill and performance attribute ratings for a player at a given point in time.,
european_football_2,main,Player_Attributes,short_passing,"the player's short passing score, 0-100 which is calculated by FIFA",Short Passing,"the player's short passing score, 0-100 which is calculated by FIFA — 95 distinct values — samples: 64, 69, 66, 63, 68",Player Attributes,FIFA-calculated skill and performance attribute ratings for a player at a given point in time.,
european_football_2,main,Player_Attributes,volleys,"the player's volley score, 0-100 which is calculated by FIFA",Volleys,"the player's volley score, 0-100 which is calculated by FIFA — 93 distinct values — samples: 29, 64, 30, 55, 32",Player Attributes,FIFA-calculated skill and performance attribute ratings for a player at a given point in time.,
european_football_2,main,Player_Attributes,dribbling,"the player's dribbling score, 0-100 which is calculated by FIFA",Dribbling,"the player's dribbling score, 0-100 which is calculated by FIFA — 97 distinct values — samples: 66, 73, 71, 75, 69",Player Attributes,FIFA-calculated skill and performance attribute ratings for a player at a given point in time.,
european_football_2,main,Player_Attributes,curve,"the player's curve score, 0-100 which is calculated by FIFA",Curve,"the player's curve score, 0-100 which is calculated by FIFA — 92 distinct values — samples: 64, 68, 65, 35, 69",Player Attributes,FIFA-calculated skill and performance attribute ratings for a player at a given point in time.,
european_football_2,main,Player_Attributes,free_kick_accuracy,"the player's free kick accuracy, 0-100 which is calculated by FIFA",Free Kick Accuracy,"the player's free kick accuracy, 0-100 which is calculated by FIFA — 97 distinct values — samples: 57, 48, 58, 22, 70",Player Attributes,FIFA-calculated skill and performance attribute ratings for a player at a given point in time.,
european_football_2,main,Player_Attributes,long_passing,"the player's long passing score, 0-100 which is calculated by FIFA",Long Passing,"the player's long passing score, 0-100 which is calculated by FIFA — 95 distinct values — samples: 53, 67, 63, 56, 64",Player Attributes,FIFA-calculated skill and performance attribute ratings for a player at a given point in time.,
european_football_2,main,Player_Attributes,ball_control,"the player's ball control score, 0-100 which is calculated by FIFA",Ball Control,"the player's ball control score, 0-100 which is calculated by FIFA — 93 distinct values — samples: 73, 70, 71, 62, 78",Player Attributes,FIFA-calculated skill and performance attribute ratings for a player at a given point in time.,
european_football_2,main,Player_Attributes,acceleration,"the player's acceleration score, 0-100 which is calculated by FIFA",Acceleration,"the player's acceleration score, 0-100 which is calculated by FIFA — 86 distinct values — samples: 69, 77, 79, 73, 66",Player Attributes,FIFA-calculated skill and performance attribute ratings for a player at a given point in time.,
european_football_2,main,Player_Attributes,sprint_speed,"the player's sprint speed, 0-100 which is calculated by FIFA",Sprint Speed,"the player's sprint speed, 0-100 which is calculated by FIFA — 85 distinct values — samples: 78, 69, 66, 77, 81",Player Attributes,FIFA-calculated skill and performance attribute ratings for a player at a given point in time.,
european_football_2,main,Player_Attributes,agility,"the player's agility, 0-100 which is calculated by FIFA",Agility,"the player's agility, 0-100 which is calculated by FIFA — 81 distinct values — samples: 74, 71, 57, 79, 81",Player Attributes,FIFA-calculated skill and performance attribute ratings for a player at a given point in time.,
european_football_2,main,Player_Attributes,reactions,"the player's reactions score, 0-100 which is calculated by FIFA",Reactions,"the player's reactions score, 0-100 which is calculated by FIFA — 78 distinct values — samples: 70, 64, 67, 62, 69",Player Attributes,FIFA-calculated skill and performance attribute ratings for a player at a given point in time.,
european_football_2,main,Player_Attributes,balance,"the player's balance score, 0-100 which is calculated by FIFA",Balance,"the player's balance score, 0-100 which is calculated by FIFA — 81 distinct values — samples: 72, 62, 65, 52, 60",Player Attributes,FIFA-calculated skill and performance attribute ratings for a player at a given point in time.,
european_football_2,main,Player_Attributes,shot_power,"the player's shot power, 0-100 which is calculated by FIFA",Shot Power,"the player's shot power, 0-100 which is calculated by FIFA — 96 distinct values — samples: 71, 70, 63, 73, 61",Player Attributes,FIFA-calculated skill and performance attribute ratings for a player at a given point in time.,
european_football_2,main,Player_Attributes,jumping,"the player's jumping score, 0-100 which is calculated by FIFA",Jumping,"the player's jumping score, 0-100 which is calculated by FIFA — 79 distinct values — samples: 71, 70, 73, 65, 63",Player Attributes,FIFA-calculated skill and performance attribute ratings for a player at a given point in time.,
european_football_2,main,Player_Attributes,stamina,"the player's stamina score, 0-100 which is calculated by FIFA",Stamina,"the player's stamina score, 0-100 which is calculated by FIFA — 84 distinct values — samples: 79, 72, 64, 74, 75",Player Attributes,FIFA-calculated skill and performance attribute ratings for a player at a given point in time.,
european_football_2,main,Player_Attributes,strength,"the player's strength score, 0-100 which is calculated by FIFA",Strength,"the player's strength score, 0-100 which is calculated by FIFA — 82 distinct values — samples: 71, 68, 66, 74, 75",Player Attributes,FIFA-calculated skill and performance attribute ratings for a player at a given point in time.,
european_football_2,main,Player_Attributes,long_shots,"the player's long shots score, 0-100 which is calculated by FIFA",Long Shots,"the player's long shots score, 0-100 which is calculated by FIFA — 96 distinct values — samples: 74, 52, 51, 56, 25",Player Attributes,FIFA-calculated skill and performance attribute ratings for a player at a given point in time.,
european_football_2,main,Player_Attributes,aggression,"the player's aggression score, 0-100 which is calculated by FIFA",Aggression,"the player's aggression score, 0-100 which is calculated by FIFA — 91 distinct values — samples: 59, 62, 65, 66, 69",Player Attributes,FIFA-calculated skill and performance attribute ratings for a player at a given point in time.,
european_football_2,main,Player_Attributes,interceptions,"the player's interceptions score, 0-100 which is calculated by FIFA",Interceptions,"the player's interceptions score, 0-100 which is calculated by FIFA — 96 distinct values — samples: 66, 54, 62, 67, 44",Player Attributes,FIFA-calculated skill and performance attribute ratings for a player at a given point in time.,
european_football_2,main,Player_Attributes,positioning,"the player's positioning score, 0-100 which is calculated by FIFA",Positioning,"the player's positioning score, 0-100 which is calculated by FIFA — 95 distinct values — samples: 68, 57, 67, 56, 66",Player Attributes,FIFA-calculated skill and performance attribute ratings for a player at a given point in time.,
european_football_2,main,Player_Attributes,vision,"the player's vision score, 0-100 which is calculated by FIFA",Vision,"the player's vision score, 0-100 which is calculated by FIFA — 97 distinct values — samples: 67, 68, 81, 70, 61",Player Attributes,FIFA-calculated skill and performance attribute ratings for a player at a given point in time.,
european_football_2,main,Player_Attributes,penalties,"the player's penalties score, 0-100 which is calculated by FIFA",Penalties,"the player's penalties score, 0-100 which is calculated by FIFA — 94 distinct values — samples: 44, 67, 53, 41, 68",Player Attributes,FIFA-calculated skill and performance attribute ratings for a player at a given point in time.,
european_football_2,main,Player_Attributes,marking,"the player's marking score, 0-100 which is calculated by FIFA",Marking,"the player's marking score, 0-100 which is calculated by FIFA — samples: 22, 65, 52, 67, 25",Player Attributes,FIFA-calculated skill and performance attribute ratings for a player at a given point in time.,
european_football_2,main,Player_Attributes,standing_tackle,"the player's standing tackle score, 0-100 which is calculated by FIFA",Standing Tackle,"the player's standing tackle score, 0-100 which is calculated by FIFA — 95 distinct values — samples: 68, 63, 64, 65, 71",Player Attributes,FIFA-calculated skill and performance attribute ratings for a player at a given point in time.,
european_football_2,main,Player_Attributes,sliding_tackle,"the player's sliding tackle score, 0-100 which is calculated by FIFA",Sliding Tackle,"the player's sliding tackle score, 0-100 which is calculated by FIFA — 94 distinct values — samples: 61, 60, 62, 21, 65",Player Attributes,FIFA-calculated skill and performance attribute ratings for a player at a given point in time.,
european_football_2,main,Player_Attributes,gk_diving,"the player's goalkeep diving score, 0-100 which is calculated by FIFA",Goalkeeper Diving,"the player's goalkeep diving score, 0-100 which is calculated by FIFA — 93 distinct values — samples: 11, 14, 10, 6, 7",Player Attributes,FIFA-calculated skill and performance attribute ratings for a player at a given point in time.,
european_football_2,main,Player_Attributes,gk_handling,"the player's goalkeeping handling score: how cleanly the keeper catches and holds the ball, 0-100 which is calculated by FIFA. Distinct from gk_diving.",Goalkeeper Handling,"the player's goalkeeping handling score: how cleanly the keeper catches and holds the ball, 0-100 which is calculated by FIFA. Distinct from gk_diving. — samples: 11, 10, 6, 13, 14",Player Attributes,FIFA-calculated skill and performance attribute ratings for a player at a given point in time.,
european_football_2,main,Player_Attributes,gk_kicking,"the player's goalkeep kicking score, 0-100 which is calculated by FIFA",Goalkeeper Kicking,"the player's goalkeep kicking score, 0-100 which is calculated by FIFA — 97 distinct values — samples: 11, 8, 5, 12, 7",Player Attributes,FIFA-calculated skill and performance attribute ratings for a player at a given point in time.,
european_football_2,main,Player_Attributes,gk_positioning,"the player's goalkeep positioning score, 0-100 which is calculated by FIFA",Goalkeeper Positioning,"the player's goalkeep positioning score, 0-100 which is calculated by FIFA — 94 distinct values — samples: 11, 10, 7, 15, 14",Player Attributes,FIFA-calculated skill and performance attribute ratings for a player at a given point in time.,
european_football_2,main,Player_Attributes,gk_reflexes,"the player's goalkeep reflexes score, 0-100 which is calculated by FIFA",Goalkeeper Reflexes,"the player's goalkeep reflexes score, 0-100 which is calculated by FIFA — 92 distinct values — samples: 8, 14, 10, 9, 7",Player Attributes,FIFA-calculated skill and performance attribute ratings for a player at a given point in time.,
european_football_2,main,Team,id,the unique id for teams,Team Id,"the unique id for teams — unique per row — samples: 1, 35283, 34337, 33855, 33377",Team,"A sports team identified by its unique id, long name, and short name.",
european_football_2,main,Team,team_api_id,the id of the team api,,,,,
european_football_2,main,Team,team_fifa_api_id,the id of the team fifa api,,,,,
european_football_2,main,Team,team_long_name,the team's long name,Team Long Name,"the team's long name — 296 distinct values — samples: Widzew Łódź, Royal Excel Mouscron, Polonia Bytom, Korona Kielce, Termalica Bruk-Bet Nieciecza",Team,"A sports team identified by its unique id, long name, and short name.",
european_football_2,main,Team,team_short_name,the team's short name,Team Short Name,"the team's short name — 259 distinct values — samples: GEN, BEL, POR, VAL, GRA",Team,"A sports team identified by its unique id, long name, and short name.",
european_football_2,main,Team_Attributes,id,the unique id for teams,Team Id,"the unique id for teams — unique per row — samples: 1, 672, 659, 660, 661",Team Attributes,"Tactical and playing-style attributes describing how a team builds up play, creates chances, and defends at a given point in time.",
european_football_2,main,Team_Attributes,team_fifa_api_id,the id of the team fifa api,,,,,
european_football_2,main,Team_Attributes,team_api_id,the id of the team api,,,,,
european_football_2,main,Team_Attributes,date,"Date, e.g. 2010-02-22 00:00:00",Date,"Date, e.g. 2010-02-22 00:00:00 — one of: 2015-09-10 00:00:00, 2014-09-19 00:00:00, 2011-02-22 00:00:00, 2012-02-22 00:00:00, 2010-02-22 00:00:00, 2013-09-20 00:00:00",Team Attributes,"Tactical and playing-style attributes describing how a team builds up play, creates chances, and defends at a given point in time.",
european_football_2,main,Team_Attributes,buildUpPlaySpeed,"the speed in which attacks are put together, the score, between 1-100, measuring the team's attack speed",Build Up Play Speed,"the speed in which attacks are put together, the score, between 1-100, measuring the team's attack speed — samples: 50, 45, 30, 70, 55",Team Attributes,"Tactical and playing-style attributes describing how a team builds up play, creates chances, and defends at a given point in time.",
european_football_2,main,Team_Attributes,buildUpPlaySpeedClass,"the speed class, commonsense reasoning: • Slow: 1-33• Balanced: 34-66• Fast: 67-100 A value of exactly 66 is not Fast: read the class from this column rather than recomputing it from buildUpPlaySpeed.",Build Up Play Speed Class,"the speed class, commonsense reasoning: • Slow: 1-33• Balanced: 34-66• Fast: 67-100 A value of exactly 66 is not Fast: read the class from this column rather than recomputing it from buildUpPlaySpeed. — one of: Balanced, Fast, Slow",Team Attributes,"Tactical and playing-style attributes describing how a team builds up play, creates chances, and defends at a given point in time.",
european_football_2,main,Team_Attributes,buildUpPlayDribbling,"the tendency/ frequency of dribbling, absent on most rows, as is buildUpPlayDribblingClass, so a team having no value here is normal",Build Up Play Dribbling,"the tendency/ frequency of dribbling, absent on most rows, as is buildUpPlayDribblingClass, so a team having no value here is normal — samples: 48, 52, 55, 51, 53",Team Attributes,"Tactical and playing-style attributes describing how a team builds up play, creates chances, and defends at a given point in time.",
european_football_2,main,Team_Attributes,buildUpPlayDribblingClass,"the dribbling class, commonsense reasoning: • Little: 1-33• Normal: 34-66• Lots: 67-100 A value of exactly 66 is not Lots: read the class from this column rather than recomputing it from buildUpPlayDribbling.",Build Up Play Dribbling Class,"the dribbling class, commonsense reasoning: • Little: 1-33• Normal: 34-66• Lots: 67-100 A value of exactly 66 is not Lots: read the class from this column rather than recomputing it from buildUpPlayDribbling. — one of: Little, Normal, Lots",Team Attributes,"Tactical and playing-style attributes describing how a team builds up play, creates chances, and defends at a given point in time.",
european_football_2,main,Team_Attributes,buildUpPlayPassing,affects passing distance and support from teammates,Build Up Play Passing,"affects passing distance and support from teammates — 58 distinct values — samples: 50, 52, 30, 54, 55",Team Attributes,"Tactical and playing-style attributes describing how a team builds up play, creates chances, and defends at a given point in time.",
european_football_2,main,Team_Attributes,buildUpPlayPassingClass,"the passing class, commonsense reasoning: • Short: 1-33• Mixed: 34-66• Long: 67-100 A value of exactly 66 is not Long: read the class from this column rather than recomputing it from buildUpPlayPassing.",Build Up Play Passing Class,"the passing class, commonsense reasoning: • Short: 1-33• Mixed: 34-66• Long: 67-100 A value of exactly 66 is not Long: read the class from this column rather than recomputing it from buildUpPlayPassing. — one of: Mixed, Short, Long",Team Attributes,"Tactical and playing-style attributes describing how a team builds up play, creates chances, and defends at a given point in time.",
european_football_2,main,Team_Attributes,buildUpPlayPositioningClass,"A team's freedom of movement in the 1st two thirds of the pitch, Organised / Free Form",Build Up Play Positioning Class,"A team's freedom of movement in the 1st two thirds of the pitch, Organised / Free Form — one of: Organised, Free Form",Team Attributes,"Tactical and playing-style attributes describing how a team builds up play, creates chances, and defends at a given point in time.",
european_football_2,main,Team_Attributes,chanceCreationPassing,Amount of risk in pass decision and run support,Chance Creation Passing,"Amount of risk in pass decision and run support — 50 distinct values — samples: 50, 55, 52, 49, 53",Team Attributes,"Tactical and playing-style attributes describing how a team builds up play, creates chances, and defends at a given point in time.",
european_football_2,main,Team_Attributes,chanceCreationPassingClass,"the chance creation passing class, commonsense reasoning: • Safe: 1-33• Normal: 34-66• Risky: 67-100 A value of exactly 66 is not Risky: read the class from this column rather than recomputing it from chanceCreationPassing.",Chance Creation Passing Class,"the chance creation passing class, commonsense reasoning: • Safe: 1-33• Normal: 34-66• Risky: 67-100 A value of exactly 66 is not Risky: read the class from this column rather than recomputing it from chanceCreationPassing. — one of: Normal, Risky, Safe",Team Attributes,"Tactical and playing-style attributes describing how a team builds up play, creates chances, and defends at a given point in time.",
european_football_2,main,Team_Attributes,chanceCreationCrossing,The tendency / frequency of crosses into the box,Chance Creation Crossing,"The tendency / frequency of crosses into the box — 56 distinct values — samples: 50, 53, 70, 54, 52",Team Attributes,"Tactical and playing-style attributes describing how a team builds up play, creates chances, and defends at a given point in time.",
european_football_2,main,Team_Attributes,chanceCreationCrossingClass,"the chance creation crossing class, commonsense reasoning: • Little: 1-33• Normal: 34-66• Lots: 67-100 A value of exactly 66 is not Lots: read the class from this column rather than recomputing it from chanceCreationCrossing.",Chance Creation Crossing Class,"the chance creation crossing class, commonsense reasoning: • Little: 1-33• Normal: 34-66• Lots: 67-100 A value of exactly 66 is not Lots: read the class from this column rather than recomputing it from chanceCreationCrossing. — one of: Normal, Lots, Little",Team Attributes,"Tactical and playing-style attributes describing how a team builds up play, creates chances, and defends at a given point in time.",
european_football_2,main,Team_Attributes,chanceCreationShooting,The tendency / frequency of shots taken,Chance Creation Shooting,"The tendency / frequency of shots taken — 57 distinct values — samples: 50, 52, 70, 55, 65",Team Attributes,"Tactical and playing-style attributes describing how a team builds up play, creates chances, and defends at a given point in time.",
european_football_2,main,Team_Attributes,chanceCreationShootingClass,"the chance creation shooting class, commonsense reasoning: • Little: 1-33• Normal: 34-66• Lots: 67-100 A value of exactly 66 is not Lots: read the class from this column rather than recomputing it from chanceCreationShooting.",Chance Creation Shooting Class,"the chance creation shooting class, commonsense reasoning: • Little: 1-33• Normal: 34-66• Lots: 67-100 A value of exactly 66 is not Lots: read the class from this column rather than recomputing it from chanceCreationShooting. — one of: Normal, Lots, Little",Team Attributes,"Tactical and playing-style attributes describing how a team builds up play, creates chances, and defends at a given point in time.",
european_football_2,main,Team_Attributes,chanceCreationPositioningClass,"A team’s freedom of movement in the final third of the pitch, Organised / Free Form",Chance Creation Positioning Class,"A team’s freedom of movement in the final third of the pitch, Organised / Free Form — one of: Organised, Free Form",Team Attributes,"Tactical and playing-style attributes describing how a team builds up play, creates chances, and defends at a given point in time.",
european_football_2,main,Team_Attributes,defencePressure,Affects how high up the pitch the team will start pressuring,Defence Pressure,"Affects how high up the pitch the team will start pressuring — 48 distinct values — samples: 45, 47, 30, 50, 46",Team Attributes,"Tactical and playing-style attributes describing how a team builds up play, creates chances, and defends at a given point in time.",
european_football_2,main,Team_Attributes,defencePressureClass,"the defence pressure class, commonsense reasoning: • Deep: 1-33• Medium: 34-66• High: 67-100 A value of exactly 66 is not High: read the class from this column rather than recomputing it from defencePressure.",Defence Pressure Class,"the defence pressure class, commonsense reasoning: • Deep: 1-33• Medium: 34-66• High: 67-100 A value of exactly 66 is not High: read the class from this column rather than recomputing it from defencePressure. — one of: Medium, Deep, High",Team Attributes,"Tactical and playing-style attributes describing how a team builds up play, creates chances, and defends at a given point in time.",
european_football_2,main,Team_Attributes,defenceAggression,Affect the team’s approach to tackling the ball possessor,Defence Aggression,"Affect the team’s approach to tackling the ball possessor — 47 distinct values — samples: 45, 47, 50, 70, 55",Team Attributes,"Tactical and playing-style attributes describing how a team builds up play, creates chances, and defends at a given point in time.",
european_football_2,main,Team_Attributes,defenceAggressionClass,"the defence aggression class, commonsense reasoning: • Contain: 1-33• Press: 34-66• Double: 67-100 A value of exactly 66 is not Double: read the class from this column rather than recomputing it from defenceAggression.",Defence Aggression Class,"the defence aggression class, commonsense reasoning: • Contain: 1-33• Press: 34-66• Double: 67-100 A value of exactly 66 is not Double: read the class from this column rather than recomputing it from defenceAggression. — one of: Press, Double, Contain",Team Attributes,"Tactical and playing-style attributes describing how a team builds up play, creates chances, and defends at a given point in time.",
european_football_2,main,Team_Attributes,defenceTeamWidth,Affects how much the team will shift to the ball side,Defence Team Width,"Affects how much the team will shift to the ball side — 43 distinct values — samples: 50, 52, 53, 65, 70",Team Attributes,"Tactical and playing-style attributes describing how a team builds up play, creates chances, and defends at a given point in time.",
european_football_2,main,Team_Attributes,defenceTeamWidthClass,"the defence team width class, commonsense reasoning: • Narrow: 1-33• Normal: 34-66• Wide: 67-100 A value of exactly 66 is not Wide: read the class from this column rather than recomputing it from defenceTeamWidth.",Defence Team Width Class,"the defence team width class, commonsense reasoning: • Narrow: 1-33• Normal: 34-66• Wide: 67-100 A value of exactly 66 is not Wide: read the class from this column rather than recomputing it from defenceTeamWidth. — one of: Normal, Wide, Narrow",Team Attributes,"Tactical and playing-style attributes describing how a team builds up play, creates chances, and defends at a given point in time.",
european_football_2,main,Team_Attributes,defenceDefenderLineClass,"Affects the shape and strategy of the defence, Cover/ Offside Trap",Defence Defender Line Class,"Affects the shape and strategy of the defence, Cover/ Offside Trap — one of: Cover, Offside Trap",Team Attributes,"Tactical and playing-style attributes describing how a team builds up play, creates chances, and defends at a given point in time.",
financial,main,account,account_id,the id of the account,Account ID,"the id of the account — samples: 1, 706, 693, 694, 695",Account,A bank account with its creation details and statement frequency.,
financial,main,account,district_id,location of branch,,,,,
financial,main,account,frequency,"frequency of statement issuance, ""POPLATEK MESICNE"" stands for monthly issuance, ""POPLATEK TYDNE"" stands for weekly issuance, ""POPLATEK PO OBRATU"" stands for issuance after each transaction.",Statement Frequency,"frequency of statement issuance, ""POPLATEK MESICNE"" stands for monthly issuance, ""POPLATEK TYDNE"" stands for weekly issuance, ""POPLATEK PO OBRATU"" stands for issuance after each transaction. — one of: POPLATEK MESICNE, POPLATEK TYDNE, POPLATEK PO OBRATU",Account,A bank account with its creation details and statement frequency.,
financial,main,account,date,"the creation date of the account, in the form YYMMDD",Creation Date,"the creation date of the account, in the form YYMMDD",Account,A bank account with its creation details and statement frequency.,
financial,main,card,card_id,id number of credit card,Card Id,"id number of credit card — samples: 1, 614, 603, 604, 605",Credit Card,A credit card record including its type and issue date.,
financial,main,card,disp_id,disposition id,,,,,
financial,main,card,type,"type of credit card, ""junior"": junior class of credit card; ""classic"": standard class of credit card; ""gold"": high-level credit card",Card Type,"type of credit card, ""junior"": junior class of credit card; ""classic"": standard class of credit card; ""gold"": high-level credit card — one of: classic, junior, gold",Credit Card,A credit card record including its type and issue date.,
financial,main,card,issued,"the date when the credit card issued, in the form YYMMDD",Issued Date,"the date when the credit card issued, in the form YYMMDD",Credit Card,A credit card record including its type and issue date.,
financial,main,client,client_id,the unique number,Client ID,"the unique number — samples: 1, 704, 690, 691, 692",Customer,"A person who is a client, including their identifying number and demographic details.",
financial,main,client,gender,F：female M：male,Gender,"F：female M：male — one of: M, F",Customer,"A person who is a client, including their identifying number and demographic details.",
financial,main,client,birth_date,birth date,Birth Date,birth date,Customer,"A person who is a client, including their identifying number and demographic details.",
financial,main,client,district_id,location of branch,,,,,
financial,main,disp,disp_id,unique number of identifying this row of record,Disposition ID,"unique number of identifying this row of record — samples: 1, 704, 690, 691, 692",Disposition,"Represents the relationship linking a client to an account, indicating the client's rights and role for that account (e.g. owner, disponent).",
financial,main,disp,client_id,id number of client,,,,,
financial,main,disp,account_id,id number of account,,,,,
financial,main,disp,type,"type of disposition, the column holds two values, ""OWNER"" and ""DISPONENT"". Each account has exactly one OWNER, and only the OWNER disposition carries the right to issue permanent orders; a DISPONENT has access to the account without those rights.",Disposition Type,"type of disposition, the column holds two values, ""OWNER"" and ""DISPONENT"". Each account has exactly one OWNER, and only the OWNER disposition carries the right to issue permanent orders; a DISPONENT has access to the account without those rights. — one of: OWNER, DISPONENT",Disposition,"Represents the relationship linking a client to an account, indicating the client's rights and role for that account (e.g. owner, disponent).",
financial,main,district,district_id,location of branch,District ID,"location of branch — samples: 1, 50, 57, 56, 55",District,"A geographic district including its demographic, economic, and crime statistics.",
financial,main,district,A2,district_name,District Name,"district_name — samples: Hl.m. Praha, Svitavy, Hodonin, Breclav, Brno - venkov",District,"A geographic district including its demographic, economic, and crime statistics.",
financial,main,district,A3,region,Region,"region — one of: south Moravia, central Bohemia, east Bohemia, north Moravia, west Bohemia, Prague, south Bohemia, north Bohemia",District,"A geographic district including its demographic, economic, and crime statistics.",
financial,main,district,A4,The total number of inhabitants in the district.,Total Inhabitants,"The total number of inhabitants in the district. — samples: 1204953, 102609, 161954, 124605, 157042",District,"A geographic district including its demographic, economic, and crime statistics.",
financial,main,district,A5,municipality < district < region,a5,"municipality < district < region — samples: 0, 60, 38, 50, 17",District,"A geographic district including its demographic, economic, and crime statistics.",
financial,main,district,A6,municipality < district < region,a6,"municipality < district < region — samples: 41, 26, 19, 16, 0",District,"A geographic district including its demographic, economic, and crime statistics.",
financial,main,district,A7,municipality < district < region,a7,"municipality < district < region — one of: 4, 6, 7, 5, 3, 0, 1, 9, 10, 2, 8, 18, 14, 20, 13, 11, 12",District,"A geographic district including its demographic, economic, and crime statistics.",
financial,main,district,A8,municipality < district < region,a8,"municipality < district < region — one of: 0, 1, 2, 3, 4, 5",District,"A geographic district including its demographic, economic, and crime statistics.",
financial,main,district,A9,The number of cities in the district.,Number Of Cities,"The number of cities in the district. — one of: 1, 2, 3, 4, 5, 6, 7, 8, 9, 10, 11",District,"A geographic district including its demographic, economic, and crime statistics.",
financial,main,district,A10,ratio of urban inhabitants,Ratio Of Urban Inhabitants,"ratio of urban inhabitants — samples: 100.0, 51.9, 53.5, 89.9, 46.7",District,"A geographic district including its demographic, economic, and crime statistics.",
financial,main,district,A11,average salary,Average Salary,"average salary — samples: 8369, 12541, 8208, 8772, 8743",District,"A geographic district including its demographic, economic, and crime statistics.",
financial,main,district,A12,unemployment rate 1995,a12,"unemployment rate 1995 — samples: 3.3, 1.6, 1.7, 2.8, 2.5",District,"A geographic district including its demographic, economic, and crime statistics.",
financial,main,district,A13,unemployment rate 1996,a13,"unemployment rate 1996 — samples: 4.48, 2.01, 2.31, 3.6, 2.97",District,"A geographic district including its demographic, economic, and crime statistics.",
financial,main,district,A14,no. of entrepreneurs per 1000 inhabitants,a14,"no. of entrepreneurs per 1000 inhabitants — samples: 100, 131, 113, 123, 110",District,"A geographic district including its demographic, economic, and crime statistics.",
financial,main,district,A15,no. of committed crimes 1995,a15,"no. of committed crimes 1995 — samples: 2854, 85677, 1660, 3659, 18721",District,"A geographic district including its demographic, economic, and crime statistics.",
financial,main,district,A16,no. of committed crimes 1996,a16,"no. of committed crimes 1996 — samples: 4505, 99107, 2123, 3158, 3894",District,"A geographic district including its demographic, economic, and crime statistics.",
financial,main,loan,loan_id,the id number identifying the loan data,Loan ID,"the id number identifying the loan data — samples: 4959, 6605, 6585, 6589, 6591",Loan,"A loan issued to a client, including approved amount, duration, payment schedule, and repayment status.",
financial,main,loan,account_id,the id number identifying the account,,,,,
financial,main,loan,date,the date when the loan is approved,Approval Date,the date when the loan is approved,Loan,"A loan issued to a client, including approved amount, duration, payment schedule, and repayment status.",
financial,main,loan,amount,"approved amount, unit：US dollar",Approved Amount,"approved amount, unit：US dollar — samples: 30276, 86184, 80952, 49320, 140688",Loan,"A loan issued to a client, including approved amount, duration, payment schedule, and repayment status.",
financial,main,loan,duration,"loan duration, unit：month",Duration Months,"loan duration, unit：month — one of: 12, 24, 36, 48, 60",Loan,"A loan issued to a client, including approved amount, duration, payment schedule, and repayment status.",
financial,main,loan,payments,"monthly payments, unit：US dollar; the monthly repayment instalment, equal to the approved amount divided by the duration in months.",Monthly Payment,"monthly payments, unit：US dollar; the monthly repayment instalment, equal to the approved amount divided by the duration in months. — samples: 3151.0, 2523.0, 3698.0, 3017.0, 5354.0",Loan,"A loan issued to a client, including approved amount, duration, payment schedule, and repayment status.",
financial,main,loan,status,"repayment status, 'A' stands for contract finished, no problems;'B' stands for contract finished, loan not paid;'C' stands for running contract, OK so far;'D' stands for running contract, client in debt",Repayment Status,"repayment status, 'A' stands for contract finished, no problems;'B' stands for contract finished, loan not paid;'C' stands for running contract, OK so far;'D' stands for running contract, client in debt — one of: C, A, D, B",Loan,"A loan issued to a client, including approved amount, duration, payment schedule, and repayment status.",
financial,main,order,order_id,identifying the unique order,Order ID,"identifying the unique order — samples: 29401, 30127, 30114, 30115, 30116",Order,A payment order directing a debited amount to a recipient's bank for a specific payment purpose.,
financial,main,order,account_id,id number of account,,,,,
financial,main,order,bank_to,bank of the recipient,Recipient Bank,"bank of the recipient — one of: KL, GH, IJ, WX, ST, YZ, QR, CD, AB, UV, EF, MN, OP",Order,A payment order directing a debited amount to a recipient's bank for a specific payment purpose.,
financial,main,order,account_to,"account of the recipient, each bank has unique two-letter code",,,,,
financial,main,order,amount,debited amount,Debited Amount,"debited amount — samples: 2629.6, 7370.2, 72.0, 67.0, 3509.0",Order,A payment order directing a debited amount to a recipient's bank for a specific payment purpose.,
financial,main,order,k_symbol,"purpose of the payment, ""POJISTNE"" stands for insurance payment""SIPO"" stands for household payment""LEASING"" stands for leasing""UVER"" stands for loan payment",Payment Purpose,"purpose of the payment, ""POJISTNE"" stands for insurance payment""SIPO"" stands for household payment""LEASING"" stands for leasing""UVER"" stands for loan payment — one of: SIPO, , POJISTNE, LEASING, UVER",Order,A payment order directing a debited amount to a recipient's bank for a specific payment purpose.,
financial,main,trans,trans_id,transaction id,Transaction Id,"transaction id — samples: 1, 969, 932, 933, 938",Transaction,"A financial transaction on an account, including its type, operation mode, amounts, and counterparty details.",
financial,main,trans,account_id,Identifier of the account to which the transaction belongs.,,,,,
financial,main,trans,date,date of transaction,Transaction Date,date of transaction,Transaction,"A financial transaction on an account, including its type, operation mode, amounts, and counterparty details.",
financial,main,trans,type,"+/- transaction, ""PRIJEM"" is a credit into the account and ""VYDAJ"" is a withdrawal out of it. A third value, ""VYBER"", occurs on a small share of rows and also denotes a cash withdrawal; those rows always carry operation = ""VYBER"".",Transaction Type,"+/- transaction, ""PRIJEM"" is a credit into the account and ""VYDAJ"" is a withdrawal out of it. A third value, ""VYBER"", occurs on a small share of rows and also denotes a cash withdrawal; those rows always carry operation = ""VYBER"". — one of: VYDAJ, PRIJEM, VYBER",Transaction,"A financial transaction on an account, including its type, operation mode, amounts, and counterparty details.",
financial,main,trans,operation,"mode of transaction, ""VYBER KARTOU"": credit card withdrawal""VKLAD"": credit in cash""PREVOD Z UCTU"" :collection from another bank""VYBER"": withdrawal in cash""PREVOD NA UCET"": remittance to another bank",Operation Mode,"mode of transaction, ""VYBER KARTOU"": credit card withdrawal""VKLAD"": credit in cash""PREVOD Z UCTU"" :collection from another bank""VYBER"": withdrawal in cash""PREVOD NA UCET"": remittance to another bank — one of: VYBER, PREVOD NA UCET, PREVOD Z UCTU, VKLAD, VYBER KARTOU",Transaction,"A financial transaction on an account, including its type, operation mode, amounts, and counterparty details.",
financial,main,trans,amount,"amount of money, Unit：USD",Amount,"amount of money, Unit：USD — samples: 15, 7266, 20236, 6669, 3679",Transaction,"A financial transaction on an account, including its type, operation mode, amounts, and counterparty details.",
financial,main,trans,balance,"balance after transaction, Unit：USD",Balance After Transaction,"balance after transaction, Unit：USD — samples: 1000, 16725, 23658, 15585, 20311",Transaction,"A financial transaction on an account, including its type, operation mode, amounts, and counterparty details.",
financial,main,trans,k_symbol,"""POJISTNE"": stands for insurrance payment""SLUZBY"": stands for payment for statement""UROK"": stands for interest credited""SANKC. UROK"": sanction interest if negative balance""SIPO"": stands for household""DUCHOD"": stands for old-age pension""UVER"": stands for loan payment",Transaction Characterization,"""POJISTNE"": stands for insurrance payment""SLUZBY"": stands for payment for statement""UROK"": stands for interest credited""SANKC. UROK"": sanction interest if negative balance""SIPO"": stands for household""DUCHOD"": stands for old-age pension""UVER"": stands for loan payment — one of: SIPO, SLUZBY, DUCHOD,  , UVER, POJISTNE, UROK, SANKC. UROK",Transaction,"A financial transaction on an account, including its type, operation mode, amounts, and counterparty details.",
financial,main,trans,bank,each bank has unique two-letter code,Partner Bank Code,"each bank has unique two-letter code — one of: ST, UV, AB, QR, OP, YZ, WX, CD, KL, GH, IJ, EF, MN",Transaction,"A financial transaction on an account, including its type, operation mode, amounts, and counterparty details.",
financial,main,trans,account,The account number of the partner (counterparty) in the transaction.,Partner Account Number,"The account number of the partner (counterparty) in the transaction. — samples: 66487163, 13943797, 150186, 41403269, 0",Transaction,"A financial transaction on an account, including its type, operation mode, amounts, and counterparty details.",
formula_1,main,circuits,circuitId,unique identification number of the circuit,Circuit Id,"unique identification number of the circuit — samples: 2, 3, 54, 53, 52",Circuit,"A motorsport racing circuit including its location, geographic coordinates, and reference details.",
formula_1,main,circuits,circuitRef,circuit reference name,Circuit Reference,"circuit reference name — samples: sepang, bahrain, lemans, essarts, tremblant",Circuit,"A motorsport racing circuit including its location, geographic coordinates, and reference details.",
formula_1,main,circuits,name,full name of circuit,Name,"full name of circuit — samples: Sepang International Circuit, Bahrain International Circuit, Le Mans, Rouen-Les-Essarts, Circuit Mont-Tremblant",Circuit,"A motorsport racing circuit including its location, geographic coordinates, and reference details.",
formula_1,main,circuits,location,location of circuit,Location,"location of circuit — samples: Spielburg, Barcelona, California, Kuala Lumpur, New York State",Circuit,"A motorsport racing circuit including its location, geographic coordinates, and reference details.",
formula_1,main,circuits,country,country of circuit,Country,"country of circuit — samples: USA, France, Spain, UK, Germany",Circuit,"A motorsport racing circuit including its location, geographic coordinates, and reference details.",
formula_1,main,circuits,lat,latitude of location of circuit,Latitude,"latitude of location of circuit — samples: 47.2197, 2.76083, 51.3569, 49.3306, 46.1877",Circuit,"A motorsport racing circuit including its location, geographic coordinates, and reference details.",
formula_1,main,circuits,lng,"longitude of location of circuit, commonsense evidence: Location coordinates: (lat, lng)",Longitude,"longitude of location of circuit, commonsense evidence: Location coordinates: (lat, lng) — samples: 14.7647, 101.738, 0.263056, 1.00458, -74.6099",Circuit,"A motorsport racing circuit including its location, geographic coordinates, and reference details.",
formula_1,main,circuits,alt,The altitude of the circuit's location.,Altitude,The altitude of the circuit's location.,Circuit,"A motorsport racing circuit including its location, geographic coordinates, and reference details.",
formula_1,main,circuits,url,"introduction website of the circuit, where information about the venue and the races it has hosted can be found. This is the circuit's own address; races.url is the address of one individual race meeting",URL,"introduction website of the circuit, where information about the venue and the races it has hosted can be found. This is the circuit's own address; races.url is the address of one individual race meeting — samples: http://en.wikipedia.org/wiki/Sepang_International_Circuit, http://en.wikipedia.org/wiki/Bahrain_International_Circuit, http://en.wikipedia.org/wiki/Rouen-Les-Essarts, http://en.wikipedia.org/wiki/Circuit_Mont-Tremblant",Circuit,"A motorsport racing circuit including its location, geographic coordinates, and reference details.",
formula_1,main,constructorResults,constructorResultsId,constructor Results Id,Constructor Results Id,"constructor Results Id — samples: 1, 672, 659, 660, 661",Constructor Result,"Results earned by a constructor, including points scored and result status.",
formula_1,main,constructorResults,raceId,race id,,,,,
formula_1,main,constructorResults,constructorId,constructor id,,,,,
formula_1,main,constructorResults,points,points,Points,"points — samples: 0.0, 1.0, 5.0, 3.0, 2.0",Constructor Result,"Results earned by a constructor, including points scored and result status.",
formula_1,main,constructorResults,status,"a status note on the constructor's result, NULL on all but 17 of the 11,082 rows, where it is D; the per-driver status is results.statusId, which reads through the status table",Status,"a status note on the constructor's result, NULL on all but 17 of the 11,082 rows, where it is D; the per-driver status is results.statusId, which reads through the status table — one of: D",Constructor Result,"Results earned by a constructor, including points scored and result status.",
formula_1,main,constructorStandings,constructorStandingsId,unique identification of the constructor standing records,Constructor Standing ID,"unique identification of the constructor standing records — samples: 1, 2179, 2166, 2167, 2168",Constructor Standing,"A constructor's championship standing after a race, including points, position, and wins.",
formula_1,main,constructorStandings,raceId,id number identifying which races,,,,,
formula_1,main,constructorStandings,constructorId,the constructor this standings row belongs to,,,,,
formula_1,main,constructorStandings,points,"the constructor's championship points total after this race, accumulated over the season rather than won in this one race, so a season total is the value on the final round, not a sum across rounds",Points,"the constructor's championship points total after this race, accumulated over the season rather than won in this one race, so a season total is the value on the final round, not a sum across rounds — samples: 0.0, 1.0, 7.0, 3.0, 5.0",Constructor Standing,"A constructor's championship standing after a race, including points, position, and wins.",
formula_1,main,constructorStandings,position,the constructor's place in the championship standings after this race,Position,"the constructor's place in the championship standings after this race — one of: 1, 2, 3, 4, 5, 6, 7, 8, 9, 10, 11, 12, 13, 14, 15, 16, 17, 18, 19, 20, 21, 22",Constructor Standing,"A constructor's championship standing after a race, including points, position, and wins.",
formula_1,main,constructorStandings,positionText,"the same standings place as text, the number as a string, except E for an excluded constructor, so it is not purely numeric",Position Text,"the same standings place as text, the number as a string, except E for an excluded constructor, so it is not purely numeric — one of: 1, 3, 2, 5, 6, 4, 8, 7, 9, 10, 11, 12, 13, 14, 15, 16, 17, 18, 19, 20, 22, 21, E",Constructor Standing,"A constructor's championship standing after a race, including points, position, and wins.",
formula_1,main,constructorStandings,wins,"the number of races the constructor has won so far in the season, accumulated over the season, so a season total is the value on the final round, not a sum across rounds",Wins,"the number of races the constructor has won so far in the season, accumulated over the season, so a season total is the value on the final round, not a sum across rounds — one of: 0, 1, 2, 3, 4, 5, 6, 7, 8, 9, 10, 11, 12, 13, 14, 15, 16, 17, 18, 19",Constructor Standing,"A constructor's championship standing after a race, including points, position, and wins.",
formula_1,main,constructors,constructorId,the unique identification number identifying constructors,Constructor Id,"the unique identification number identifying constructors — samples: 1, 2, 134, 135, 136",Constructor,"A Formula 1 constructor (team) that builds and enters cars, including its identifying details, nationality, and reference information.",
formula_1,main,constructors,constructorRef,Constructor Reference name,Constructor Reference,"Constructor Reference name — samples: mclaren, bmw_sauber, schroeder, pawl, pankratz",Constructor,"A Formula 1 constructor (team) that builds and enters cars, including its identifying details, nationality, and reference information.",
formula_1,main,constructors,name,full name of the constructor,Name,"full name of the constructor — samples: McLaren, BMW Sauber, Schroeder, Pawl, Pankratz",Constructor,"A Formula 1 constructor (team) that builds and enters cars, including its identifying details, nationality, and reference information.",
formula_1,main,constructors,nationality,nationality of the constructor,Nationality,"nationality of the constructor — one of: British, American, Italian, French, German, Japanese, Austrian, Indian, Dutch, Russian, Swiss, Irish, Hong Kong, Brazilian, Canadian, Mexican, Australian, New Zealand, South African, Rhodesian, Belgium, East German, Spanish, Malaysian",Constructor,"A Formula 1 constructor (team) that builds and enters cars, including its identifying details, nationality, and reference information.",
formula_1,main,constructors,url,"the introduction website of the constructor, commonsense evidence: How to find out the detailed introduction of the constructor: through its url",URL,"the introduction website of the constructor, commonsense evidence: How to find out the detailed introduction of the constructor: through its url — samples: http://en.wikipedia.org/wiki/Cooper_Car_Company, http://en.wikipedia.org/wiki/Team_Lotus, http://en.wikipedia.org/wiki/Brabham, http://en.wikipedia.org/wiki/De_Tomaso, http://en.wikipedia.org/wiki/Anglo_American_Racers",Constructor,"A Formula 1 constructor (team) that builds and enters cars, including its identifying details, nationality, and reference information.",
formula_1,main,driverStandings,driverStandingsId,the unique identification number identifying driver standing records,Driver Standings ID,"the unique identification number identifying driver standing records — samples: 1, 1620, 1607, 1608, 1609",Driver Standing,"Championship standing record for a driver, capturing accumulated points, position, and wins.",
formula_1,main,driverStandings,raceId,id number identifying which races,,,,,
formula_1,main,driverStandings,driverId,id number identifying which drivers,,,,,
formula_1,main,driverStandings,points,"the driver's championship points total after this race, accumulated over the season rather than won in this one race, so a season total is the value on the final round, not a sum across rounds",Points,"the driver's championship points total after this race, accumulated over the season rather than won in this one race, so a season total is the value on the final round, not a sum across rounds — samples: 0.0, 6.0, 3.0, 5.0, 4.0",Driver Standing,"Championship standing record for a driver, capturing accumulated points, position, and wins.",
formula_1,main,driverStandings,position,"the driver's place in the championship standings after this race, 1 is the championship lead, and every row has one",Position,"the driver's place in the championship standings after this race, 1 is the championship lead, and every row has one — samples: 1, 4, 5, 6, 7",Driver Standing,"Championship standing record for a driver, capturing accumulated points, position, and wins.",
formula_1,main,driverStandings,positionText,"the same standings place as text, the number as a string, with a single D among the 31,578 rows, so it is not purely numeric",Position Text,"the same standings place as text, the number as a string, with a single D among the 31,578 rows, so it is not purely numeric — samples: 1, 4, 5, 6, 7",Driver Standing,"Championship standing record for a driver, capturing accumulated points, position, and wins.",
formula_1,main,driverStandings,wins,"the number of races the driver has won so far in the season, accumulated over the season, so a season total is the value on the final round, not a sum across rounds",Wins,"the number of races the driver has won so far in the season, accumulated over the season, so a season total is the value on the final round, not a sum across rounds — one of: 0, 1, 2, 3, 4, 5, 6, 7, 8, 9, 10, 11, 12, 13",Driver Standing,"Championship standing record for a driver, capturing accumulated points, position, and wins.",
formula_1,main,drivers,driverId,the unique identification number identifying each driver,Driver Id,"the unique identification number identifying each driver — samples: 1, 578, 554, 555, 556",Driver,"A Formula 1 driver, including identifying details, personal information, and reference data.",
formula_1,main,drivers,driverRef,driver reference name,Driver Reference,"driver reference name — samples: hamilton, hawthorn, behra, paul_russo, daywalt",Driver,"A Formula 1 driver, including identifying details, personal information, and reference data.",
formula_1,main,drivers,number,"the driver's permanent career number, fixed for a driver across seasons and held by only 36 of the 840 drivers, NULL for everyone else; a question about a driver's own number means this column, not the per-race number in results or qualifying",Permanent Career Number,"the driver's permanent career number, fixed for a driver across seasons and held by only 36 of the 840 drivers, NULL for everyone else; a question about a driver's own number means this column, not the per-race number in results or qualifying — samples: 44, 6, 26, 45, 9",Driver,"A Formula 1 driver, including identifying details, personal information, and reference data.",
formula_1,main,drivers,code,"abbreviated code for drivers, if ""null"" or empty, it means it doesn't have code",Driver Code,"abbreviated code for drivers, if ""null"" or empty, it means it doesn't have code — samples: VER, MAG, BIA, DIG, RIC",Driver,"A Formula 1 driver, including identifying details, personal information, and reference data.",
formula_1,main,drivers,forename,forename,Forename,"forename — samples: Mike, John, Peter, Tony, Bill",Driver,"A Formula 1 driver, including identifying details, personal information, and reference data.",
formula_1,main,drivers,surname,surname,Surname,"surname — samples: Taylor, Wilson, Brown, Russo, Hill",Driver,"A Formula 1 driver, including identifying details, personal information, and reference data.",
formula_1,main,drivers,dob,date of birth,Date Of Birth,date of birth,Driver,"A Formula 1 driver, including identifying details, personal information, and reference data.",
formula_1,main,drivers,nationality,nationality of drivers,Nationality,"nationality of drivers — samples: British, American, Italian, French, German",Driver,"A Formula 1 driver, including identifying details, personal information, and reference data.",
formula_1,main,drivers,url,the introduction website of the drivers,Wikipedia Url,"the introduction website of the drivers — samples: http://en.wikipedia.org/wiki/Lewis_Hamilton, http://en.wikipedia.org/wiki/Mike_Hawthorn, http://en.wikipedia.org/wiki/Jean_Behra, http://en.wikipedia.org/wiki/Paul_Russo, http://en.wikipedia.org/wiki/Jimmy_Daywalt",Driver,"A Formula 1 driver, including identifying details, personal information, and reference data.",
formula_1,main,lapTimes,raceId,the identification number identifying race,,,,,
formula_1,main,lapTimes,driverId,the identification number identifying each driver,,,,,
formula_1,main,lapTimes,lap,lap number,Lap Number,"lap number — samples: 1, 10, 2, 17, 16",Lap Time,A driver's timing and position for a single lap of a race.,
formula_1,main,lapTimes,position,"the driver's position on this lap, 1 is the lead",Position,"the driver's position on this lap, 1 is the lead — one of: 1, 2, 3, 4, 5, 6, 7, 8, 9, 10, 11, 12, 13, 14, 15, 16, 17, 18, 19, 20, 21, 22, 23, 24",Lap Time,A driver's timing and position for a single lap of a race.,
formula_1,main,lapTimes,time,"the lap time as text, written m:ss.mmm, e.g. 1:49.088, so it orders as text rather than by duration; the same lap time as a number is in the milliseconds column",Lap Time,"the lap time as text, written m:ss.mmm, e.g. 1:49.088, so it orders as text rather than by duration; the same lap time as a number is in the milliseconds column — samples: 1:30.994, 1:30.521, 1:29.832, 1:30.002, 1:30.439",Lap Time,A driver's timing and position for a single lap of a race.,
formula_1,main,lapTimes,milliseconds,"the lap time in milliseconds, the numeric form of the time column, e.g. 1:49.088 is 109088",Lap Time Milliseconds,"the lap time in milliseconds, the numeric form of the time column, e.g. 1:49.088 is 109088 — samples: 90994, 90521, 89832, 90002, 90439",Lap Time,A driver's timing and position for a single lap of a race.,
formula_1,main,pitStops,raceId,the identification number identifying race,,,,,
formula_1,main,pitStops,driverId,the identification number identifying each driver,,,,,
formula_1,main,pitStops,stop,stop number,Stop Number,"stop number — one of: 1, 2, 3, 4, 5, 6",Pit Stop,"A pit stop event during a race, including when it occurred and how long it lasted.",
formula_1,main,pitStops,lap,lap number,Lap Number,"lap number — samples: 16, 11, 13, 12, 10",Pit Stop,"A pit stop event during a race, including when it occurred and how long it lasted.",
formula_1,main,pitStops,time,"the time of day the pit stop happened, a clock time written hh:mm:ss, e.g. 17:28:24, not a duration",Time Of Day,"the time of day the pit stop happened, a clock time written hh:mm:ss, e.g. 17:28:24, not a duration — samples: 15:20:32, 14:29:39, 14:05:42, 16:09:04, 16:14:36",Pit Stop,"A pit stop event during a race, including when it occurred and how long it lasted.",
formula_1,main,pitStops,duration,"how long the pit stop lasted, text, and the notation changes with the length: plain seconds for a stop under a minute, e.g. 23.227, but m:ss.mmm for a longer one, e.g. 1:29.401; the milliseconds column holds either as one integer",Duration,"how long the pit stop lasted, text, and the notation changes with the length: plain seconds for a stop under a minute, e.g. 23.227, but m:ss.mmm for a longer one, e.g. 1:29.401; the milliseconds column holds either as one integer — samples: 22.419, 21.964, 20.567, 21.168, 22.611",Pit Stop,"A pit stop event during a race, including when it occurred and how long it lasted.",
formula_1,main,pitStops,milliseconds,"the pit stop duration in milliseconds, the numeric form of the duration column, e.g. 23.227 is 23227",Duration In Milliseconds,"the pit stop duration in milliseconds, the numeric form of the duration column, e.g. 23.227 is 23227 — samples: 22419, 21964, 20567, 21168, 22611",Pit Stop,"A pit stop event during a race, including when it occurred and how long it lasted.",
formula_1,main,qualifying,qualifyId,"the unique identification number identifying qualifying, How does F1 Sprint qualifying work? Sprint qualifying is essentially a short-form Grand Prix – a race that is one-third the number of laps of the main event on Sunday. However, the drivers are battling for positions on the grid for the start of Sunday's race.",Qualifying Id,"the unique identification number identifying qualifying, How does F1 Sprint qualifying work? Sprint qualifying is essentially a short-form Grand Prix – a race that is one-third the number of laps of the main event on Sunday. However, the drivers are battling for positions on the grid for the start of Sunday's race. — samples: 1, 672, 659, 660, 661",Qualifying,"A driver's qualifying session result for a race, including lap times across the Q1, Q2, and Q3 sessions and the resulting grid position.",
formula_1,main,qualifying,raceId,the identification number identifying each race,,,,,
formula_1,main,qualifying,driverId,the identification number identifying each driver,,,,,
formula_1,main,qualifying,constructorId,constructor Id,,,,,
formula_1,main,qualifying,number,"the car number the driver ran in this race, belongs to the entry rather than the driver, so it changes between seasons and the reigning champion usually runs 1; the driver's own permanent number is drivers.number",Car Number,"the car number the driver ran in this race, belongs to the entry rather than the driver, so it changes between seasons and the reigning champion usually runs 1; the driver's own permanent number is drivers.number — samples: 12, 15, 1, 10, 8",Qualifying,"A driver's qualifying session result for a race, including lap times across the Q1, Q2, and Q3 sessions and the resulting grid position.",
formula_1,main,qualifying,position,"the driver's place in the qualifying classification for this race, 1 is the quickest qualifier, and every row has one; this is the order qualifying produced, usually but not always the starting grid slot in results.grid, which it matches on 5,840 of the 7,397 entries because penalties move cars",Position,"the driver's place in the qualifying classification for this race, 1 is the quickest qualifier, and every row has one; this is the order qualifying produced, usually but not always the starting grid slot in results.grid, which it matches on 5,840 of the 7,397 entries because penalties move cars — samples: 1, 10, 16, 15, 14",Qualifying,"A driver's qualifying session result for a race, including lap times across the Q1, Q2, and Q3 sessions and the resulting grid position.",
formula_1,main,qualifying,q1,"time in qualifying 1, in minutes / seconds / ... commonsense evidence: Q1 lap times determine pole position and the order of the front 10 positions on the grid. The slowest driver in Q1 starts 10th, the next starts ninth and so on. All 20 F1 drivers participate in the first period, called Q1, with each trying to set the fastest time possible. Those in the top 15 move on to the next period of qualifying, called Q2. The five slowest drivers are eliminated and will start the race in the last five positions on the grid.",Q1 Time,"time in qualifying 1, in minutes / seconds / ... commonsense evidence: Q1 lap times determine pole position and the order of the front 10 positions on the grid. The slowest driver in Q1 starts 10th, the next starts ninth and so on. All 20 F1 drivers participate in the first period, called Q1, with each trying to set the fastest time possible. Those in the top 15 move on to the next period of qualifying, called Q2. The five slowest drivers are eliminated and will start the race in the last five positions on the grid. — samples: 1:12.416, 1:35.983, 1:37.006, 1:21.670, 1:20.583",Qualifying,"A driver's qualifying session result for a race, including lap times across the Q1, Q2, and Q3 sessions and the resulting grid position.",
formula_1,main,qualifying,q2,"time in qualifying 2, in minutes / seconds / ... commonsense evidence: only top 15 in the q1 has the record of q2 Q2 is slightly shorter but follows the same format. Drivers try to put down their best times to move on to Q1 as one of the 10 fastest cars. The five outside of the top 10 are eliminated and start the race from 11th to 15th based on their best lap time.",Q2 Time,"time in qualifying 2, in minutes / seconds / ... commonsense evidence: only top 15 in the q1 has the record of q2 Q2 is slightly shorter but follows the same format. Drivers try to put down their best times to move on to Q1 as one of the 10 fastest cars. The five outside of the top 10 are eliminated and start the race from 11th to 15th based on their best lap time. — samples: 1:14.747, 1:27.253, 1:20.597, 1:32.915, 1:23.760",Qualifying,"A driver's qualifying session result for a race, including lap times across the Q1, Q2, and Q3 sessions and the resulting grid position.",
formula_1,main,qualifying,q3,"time in qualifying 3, in minutes / seconds / ... commonsense evidence: only top 10 in the q2 has the record of q3",Q3 Time,"time in qualifying 3, in minutes / seconds / ... commonsense evidence: only top 10 in the q2 has the record of q3 — samples: 1:15.885, 1:15.493, 1:26.714, 1:24.382, 1:48.505",Qualifying,"A driver's qualifying session result for a race, including lap times across the Q1, Q2, and Q3 sessions and the resulting grid position.",
formula_1,main,races,raceId,the unique identification number identifying the race,Race ID,"the unique identification number identifying the race — samples: 1, 642, 644, 645, 646",Race,"The race classification of a superhero, referring to the group of people the superhero belongs to based on physical characteristics.",
formula_1,main,races,year,"the season the race belongs to, already the calendar year of the date column, so read it directly instead of extracting a year from date",,,,,
formula_1,main,races,round,round,Round,"round — one of: 1, 2, 3, 4, 5, 6, 7, 8, 9, 10, 11, 12, 13, 14, 15, 16, 17, 18, 19, 20, 21",Race,"The race classification of a superhero, referring to the group of people the superhero belongs to based on physical characteristics.",
formula_1,main,races,circuitId,circuit Id,,,,,
formula_1,main,races,name,name of the race,Race Name,"name of the race — samples: British Grand Prix, Italian Grand Prix, Monaco Grand Prix, German Grand Prix, Belgian Grand Prix",Race,"The race classification of a superhero, referring to the group of people the superhero belongs to based on physical characteristics.",
formula_1,main,races,date,"the date the race was held, the calendar year of this date is also stored in the year column",Race Date,"the date the race was held, the calendar year of this date is also stored in the year column",Race,"The race classification of a superhero, referring to the group of people the superhero belongs to based on physical characteristics.",
formula_1,main,races,time,"the scheduled start time of the race, a clock time written hh:mm:ss, e.g. 06:00:00, and absent for 731 of the 976 races",Race Time,"the scheduled start time of the race, a clock time written hh:mm:ss, e.g. 06:00:00, and absent for 731 of the 976 races — one of: 12:00:00, 14:00:00, 06:00:00, 07:00:00, 16:00:00, 09:00:00, 05:00:00, 11:00:00, 04:30:00, 11:30:00, 17:00:00, 03:00:00, 14:30:00, 15:00:00, 13:00:00, 08:00:00, 09:30:00, 18:00:00, 19:00:00, 20:00:00",Race,"The race classification of a superhero, referring to the group of people the superhero belongs to based on physical characteristics.",
formula_1,main,races,url,introduction of races,Race URL,"introduction of races — samples: http://en.wikipedia.org/wiki/2009_Australian_Grand_Prix, http://en.wikipedia.org/wiki/1971_United_States_Grand_Prix, http://en.wikipedia.org/wiki/1970_Spanish_Grand_Prix, http://en.wikipedia.org/wiki/1970_Monaco_Grand_Prix, http://en.wikipedia.org/wiki/1970_Belgian_Grand_Prix",Race,"The race classification of a superhero, referring to the group of people the superhero belongs to based on physical characteristics.",
formula_1,main,results,resultId,the unique identification number identifying race result,Result ID,"the unique identification number identifying race result — samples: 1, 672, 659, 660, 661",Race Result,"The outcome of a driver's entry in a specific race, including finishing position, timing, laps completed, points earned, and fastest lap statistics.",
formula_1,main,results,raceId,the identification number identifying the race,,,,,
formula_1,main,results,driverId,the identification number identifying the driver,,,,,
formula_1,main,results,constructorId,the identification number identifying which constructors,,,,,
formula_1,main,results,number,"the car number the driver ran in this race, belongs to the entry rather than the driver, so it changes between seasons; the driver's own permanent number is drivers.number",Car Number,"the car number the driver ran in this race, belongs to the entry rather than the driver, so it changes between seasons; the driver's own permanent number is drivers.number — samples: 22, 12, 21, 15, 20",Race Result,"The outcome of a driver's entry in a specific race, including finishing position, timing, laps completed, points earned, and fastest lap statistics.",
formula_1,main,results,grid,the number identifying the area where cars are set into a grid formation in order to start the race.,Grid Position,"the number identifying the area where cars are set into a grid formation in order to start the race. — samples: 1, 19, 16, 12, 6",Race Result,"The outcome of a driver's entry in a specific race, including finishing position, timing, laps completed, points earned, and fastest lap statistics.",
formula_1,main,results,position,"the driver's finishing place in the race, NULL for an entry that was not classified as a finisher, which is 10,528 of the 23,657 rows; positionText gives the reason and positionOrder is filled in for every row",Finishing Position,"the driver's finishing place in the race, NULL for an entry that was not classified as a finisher, which is 10,528 of the 23,657 rows; positionText gives the reason and positionOrder is filled in for every row — samples: 1, 2, 3, 4, 5",Race Result,"The outcome of a driver's entry in a specific race, including finishing position, timing, laps completed, points earned, and fastest lap statistics.",
formula_1,main,results,positionText,"the finishing place as text, a number for a classified finisher, otherwise a letter code: R retired, F failed to qualify, W withdrew, N not classified, D disqualified, E excluded",Position Text,"the finishing place as text, a number for a classified finisher, otherwise a letter code: R retired, F failed to qualify, W withdrew, N not classified, D disqualified, E excluded — samples: R, 1, 3, 4, 5",Race Result,"The outcome of a driver's entry in a specific race, including finishing position, timing, laps completed, points earned, and fastest lap statistics.",
formula_1,main,results,positionOrder,"the finishing order of every entry, filled in for every row, unlike position, and it ranks the entries that did not finish after those that did",Position Order,"the finishing order of every entry, filled in for every row, unlike position, and it ranks the entries that did not finish after those that did — samples: 1, 10, 16, 15, 14",Race Result,"The outcome of a driver's entry in a specific race, including finishing position, timing, laps completed, points earned, and fastest lap statistics.",
formula_1,main,results,points,points,Points,"points — samples: 0.0, 10.0, 8.0, 6.0, 5.0",Race Result,"The outcome of a driver's entry in a specific race, including finishing position, timing, laps completed, points earned, and fastest lap statistics.",
formula_1,main,results,laps,lap number,Laps,"lap number — samples: 70, 56, 57, 67, 58",Race Result,"The outcome of a driver's entry in a specific race, including finishing position, timing, laps completed, points earned, and fastest lap statistics.",
formula_1,main,results,time,"finish time, commonsense evidence: 1. if the value exists, it means the driver finished the race. 2. Only the time of the champion shows in the format of ""minutes: seconds.millionsecond"", the time of the other drivers shows as ""seconds.millionsecond"" , which means their actual time is the time of the champion adding the value in this cell.",Finish Time,"finish time, commonsense evidence: 1. if the value exists, it means the driver finished the race. 2. Only the time of the champion shows in the format of ""minutes: seconds.millionsecond"", the time of the other drivers shows as ""seconds.millionsecond"" , which means their actual time is the time of the champion adding the value in this cell. — samples: +54.120, +24.8, +8.155, 1:34:50.616, +56.707",Race Result,"The outcome of a driver's entry in a specific race, including finishing position, timing, laps completed, points earned, and fastest lap statistics.",
formula_1,main,results,milliseconds,"the actual finishing time of drivers in milliseconds, the actual finishing time of drivers",Finish Time Milliseconds,"the actual finishing time of drivers in milliseconds, the actual finishing time of drivers — samples: 5690616, 5258868, 4779974, 4784557, 4783616",Race Result,"The outcome of a driver's entry in a specific race, including finishing position, timing, laps completed, points earned, and fastest lap statistics.",
formula_1,main,results,fastestLap,fastest lap number,Fastest Lap,"fastest lap number — samples: 19, 56, 40, 53, 20",Race Result,"The outcome of a driver's entry in a specific race, including finishing position, timing, laps completed, points earned, and fastest lap statistics.",
formula_1,main,results,rank,"the driver's rank by fastest lap within the race, 1 set the quickest lap; absent on 18,246 of the 23,657 rows and 0 on 143 more where no fastest lap was recorded, so 0 is not the quickest",Rank,"the driver's rank by fastest lap within the race, 1 set the quickest lap; absent on 18,246 of the 23,657 rows and 0 on 143 more where no fastest lap was recorded, so 0 is not the quickest — one of: 0, 1, 2, 3, 4, 5, 6, 7, 8, 9, 10, 11, 12, 13, 14, 15, 16, 17, 18, 19, 20, 21, 22, 23, 24",Race Result,"The outcome of a driver's entry in a specific race, including finishing position, timing, laps completed, points earned, and fastest lap statistics.",
formula_1,main,results,fastestLapTime,"fastest Lap Time, faster (smaller in the value) ""fastestLapTime"" leads to higher rank (smaller is higher rank)",Fastest Lap Time,"fastest Lap Time, faster (smaller in the value) ""fastestLapTime"" leads to higher rank (smaller is higher rank) — samples: 1:28.303, 1:16.495, 1:28.603, 1:18.462, 1:25.207",Race Result,"The outcome of a driver's entry in a specific race, including finishing position, timing, laps completed, points earned, and fastest lap statistics.",
formula_1,main,results,fastestLapSpeed,"fastest Lap Speed, (km / h)",Fastest Lap Speed,"fastest Lap Speed, (km / h) — samples: 206.564, 213.935, 202.695, 202.262, 204.721",Race Result,"The outcome of a driver's entry in a specific race, including finishing position, timing, laps completed, points earned, and fastest lap statistics.",
formula_1,main,results,statusId,"status ID, its category description appear in the table status",,,,,
formula_1,main,seasons,year,"the season's calendar year, one row per season from 1950 to 2017, and the value races.year refers to",Year,"the season's calendar year, one row per season from 1950 to 2017, and the value races.year refers to — samples: 1950, 1993, 1999, 1998, 1997",Season,"A Formula One racing season identified by year, with a reference link to season details.",
formula_1,main,seasons,url,website link of season race introduction,Wikipedia URL,"website link of season race introduction — samples: http://en.wikipedia.org/wiki/1950_Formula_One_season, http://en.wikipedia.org/wiki/1993_Formula_One_season, http://en.wikipedia.org/wiki/1999_Formula_One_season, http://en.wikipedia.org/wiki/1998_Formula_One_season, http://en.wikipedia.org/wiki/1997_Formula_One_season",Season,"A Formula One racing season identified by year, with a reference link to season details.",
formula_1,main,status,statusId,the unique identification number identifying status,Status Id,"the unique identification number identifying status — samples: 1, 87, 101, 100, 99",Status,Reference list of race or event statuses identified by a unique code.,
formula_1,main,status,status,full name of status,Status Name,"full name of status — samples: Finished, Crankshaft, Turbo, Driver unwell, Distributor",Status,Reference list of race or event statuses identified by a unique code.,
student_club,main,attendance,link_to_event,"The unique identifier of the event which was attended, References the Event table",,,,,
student_club,main,attendance,link_to_member,"The unique identifier of the member who attended the event, References the Member table",,,,,
student_club,main,budget,budget_id,A unique identifier for the budget entry,Budget Id,"A unique identifier for the budget entry — samples: rec0QmEc3cSQFQ6V2, rec1bG6HSft7XIvTP, recca5tkvdQgoLKZz, recdGqhxapehMT00E, recexNBMuCY9emh6y",Budget,"A budget entry allocating an amount to a category for an event, tracking spending and remaining funds.",
student_club,main,budget,category,"The area for which the amount is budgeted, such as, advertisement, food, parking",Category,"The area for which the amount is budgeted, such as, advertisement, food, parking — one of: Food, Advertisement, Speaker Gifts, Parking, Club T-Shirts",Budget,"A budget entry allocating an amount to a category for an event, tracking spending and remaining funds.",
student_club,main,budget,spent,"The total amount spent in the budgeted category for an event., the unit is dollar. This is summarized from the Expense table",Spent,"The total amount spent in the budgeted category for an event., the unit is dollar. This is summarized from the Expense table — one of: 0.0, 6.0, 13.45, 16.28, 20.2, 54.25, 67.81, 74.59, 101.94, 121.14, 122.06, 122.33, 154.34, 173.06, 174.25, 295.12, 327.07",Budget,"A budget entry allocating an amount to a category for an event, tracking spending and remaining funds.",
student_club,main,budget,remaining,"A value calculated as the amount budgeted minus the amount spent, the unit is dollar commonsense evidence: If the remaining < 0, it means that the cost has exceeded the budget.",Remaining,"A value calculated as the amount budgeted minus the amount spent, the unit is dollar commonsense evidence: If the remaining < 0, it means that the cost has exceeded the budget. — one of: -24.25, -23.06, -0.199999999999999, 0.409999999999997, 0.659999999999997, 0.75, 4.0, 4.88, 7.19, 8.72, 10.0, 11.55, 20.0, 22.9299999999999, 25.0, 27.67, 27.94, 28.86, 48.06, 55.0, 75.0, 150.0",Budget,"A budget entry allocating an amount to a category for an event, tracking spending and remaining funds.",
student_club,main,budget,amount,"The amount budgeted for the specified category and event, the unit is dollar commonsense evidence:some computation like: amount = spent + remaining",Amount,"The amount budgeted for the specified category and event, the unit is dollar commonsense evidence:some computation like: amount = spent + remaining — one of: 10, 20, 25, 55, 75, 150, 155, 300, 350",Budget,"A budget entry allocating an amount to a category for an event, tracking spending and remaining funds.",
student_club,main,budget,event_status,"the status of the event, Closed / Open/ Planning commonsense evidence: • Closed: It means that the event is closed. The spent and the remaining won't change anymore.• Open: It means that the event is already opened. The spent and the remaining will change with new expenses.• Planning: The event is not started yet but is planning. The spent and the remaining won't change at this stage.",Event Status,"the status of the event, Closed / Open/ Planning commonsense evidence: • Closed: It means that the event is closed. The spent and the remaining won't change anymore.• Open: It means that the event is already opened. The spent and the remaining will change with new expenses.• Planning: The event is not started yet but is planning. The spent and the remaining won't change at this stage. — one of: Open, Closed, Planning",Budget,"A budget entry allocating an amount to a category for an event, tracking spending and remaining funds.",
student_club,main,budget,link_to_event,"The unique identifier of the event to which the budget line applies., References the Event table",,,,,
student_club,main,event,event_id,A unique identifier for the event,Event ID,"A unique identifier for the event — samples: rec0Si5cQ4rJRVzd6, recoVo6dFSzG1ypX7, recc8dizaKrSz3GmH, receBpqENOUMQYsIP, recerGvehRmgO0obW",Event,"An event that took place or is scheduled, including its schedule, type, location, and status.",
student_club,main,event,event_name,event name,Event Name,"event name — samples: Community Theater, Laugh Out Loud, Football game, March Meeting, February Meeting",Event,"An event that took place or is scheduled, including its schedule, type, location, and status.",
student_club,main,event,event_date,"The date the event took place or is scheduled to take place, e.g. 2020-03-10T12:00:00",Event Date,"The date the event took place or is scheduled to take place, e.g. 2020-03-10T12:00:00 — samples: 2020-03-10T12:00:00, 2020-02-11T09:30:00, 2019-10-08T09:30:00, 2020-02-11T12:00:00, 2019-10-08T12:00:00",Event,"An event that took place or is scheduled, including its schedule, type, location, and status.",
student_club,main,event,type,"The kind of event, such as game, social, election",Event Type,"The kind of event, such as game, social, election — one of: Meeting, Guest Speaker, Game, Social, Community Service, Election, Registration, Budget",Event,"An event that took place or is scheduled, including its schedule, type, location, and status.",
student_club,main,event,notes,A free text field for any notes about the event,Notes,"A free text field for any notes about the event — samples: Semester social event. Optional attendance., Attend school football game as a group., Officers and Budget Committee only, Attend Women's soccer game as a group., Monthly officers meeting, Attend school Woman's Lacrosse game as a group., Volunteer opportunity to help paint new home., Attend school teams Lacrosse game as a group., Volunteer opportunity to remove graffiti in town., Volunteer opportunity to sort donations for distribution., Attend school teams baseball game as a group.",Event,"An event that took place or is scheduled, including its schedule, type, location, and status.",
student_club,main,event,location,Address where the event was held or is to be held or the name of such a location,Location,"Address where the event was held or is to be held or the name of such a location — one of: MU 215, Campus Soccer/Lacrosse stadium, 900 E. Washington St., Campus Football stadium, Conference Room BA 452, Campus Common, 258 S. Maple St., Various locations, 45 N. Smith St., 100 W. Main Street, 1308 106th Ave., Campus Baseball Stadium",Event,"An event that took place or is scheduled, including its schedule, type, location, and status.",
student_club,main,event,status,"One of three values indicating if the event is in planning, is opened, or is closed, Open/ Closed/ Planning",Status,"One of three values indicating if the event is in planning, is opened, or is closed, Open/ Closed/ Planning — one of: Closed, Open, Planning",Event,"An event that took place or is scheduled, including its schedule, type, location, and status.",
student_club,main,expense,expense_id,unique id of the expense record,Expense Id,"unique id of the expense record — samples: rec017x6R3hQqkLAo, rec1nIjoZKTYayqZ6, recpalswlVDIbuLLu, recoi6IqHyFHYxGzO, recoMvesC2XeccvpV",Expense,"An individual expense record capturing what money was spent on, when, how much, and whether it was approved.",
student_club,main,expense,expense_description,A textual description of what the money was spend for,Expense Description,"A textual description of what the money was spend for — one of: Pizza, Posters, Water, chips, cookies, Water, Cookies, Parking, Post Cards, Posters, Club shirts, Travel Mug, Alumni Glass, Water, Veggie tray, supplies, Water, cookies, chips, Bakery - Donuts, muffins",Expense,"An individual expense record capturing what money was spent on, when, how much, and whether it was approved.",
student_club,main,expense,expense_date,"The date the expense was incurred, e.g. YYYY-MM-DD",Expense Date,"The date the expense was incurred, e.g. YYYY-MM-DD — one of: 2019-09-03, 2019-09-10, 2019-11-19, 2019-10-22, 2019-10-08, 2019-08-20, 2019-10-10, 2019-09-01, 2019-10-01, 2019-11-05, 2019-11-04, 2019-09-24, 2019-09-18, 2019-09-15, 2019-11-14, 2019-09-04, 2019-10-15",Expense,"An individual expense record capturing what money was spent on, when, how much, and whether it was approved.",
student_club,main,expense,cost,"The dollar amount of the expense, the unit is dollar",Cost,"The dollar amount of the expense, the unit is dollar — one of: 6.0, 13.45, 16.28, 20.2, 28.15, 50.13, 51.81, 54.25, 59.73, 61.52, 62.6, 67.81, 69.33, 74.59, 92.82, 103.62, 113.33, 122.06, 124.12, 195.3, 295.12",Expense,"An individual expense record capturing what money was spent on, when, how much, and whether it was approved.",
student_club,main,expense,approved,"A true or false value indicating if the expense was approved, true/ false",Approved,"A true or false value indicating if the expense was approved, true/ false — one of: true",Expense,"An individual expense record capturing what money was spent on, when, how much, and whether it was approved.",
student_club,main,expense,link_to_member,The member who incurred the expense,,,,,
student_club,main,expense,link_to_budget,"The unique identifier of the record in the Budget table that indicates the expected total expenditure for a given category and event., References the Budget table",,,,,
student_club,main,income,income_id,A unique identifier for each record of income,Income Id,"A unique identifier for each record of income — samples: rec0s9ZrO15zhzUeE, rec7f5XMQZexgtQJo, rechQXnBZCeVcoQuo, reciGUKgh5pDSQODm, recihQPJWBjlTlS5i",Income,"A record of funds received, including the amount, source, date received, and any related notes.",
student_club,main,income,date_received,the date that the fund received,Date Received,"the date that the fund received — samples: 2019-09-25, 2019-10-31, 2019-09-18, 2019-09-09, 2019-10-17",Income,"A record of funds received, including the amount, source, date received, and any related notes.",
student_club,main,income,amount,"amount of funds, the unit is dollar",Amount,"amount of funds, the unit is dollar — one of: 50, 200, 1000, 3000",Income,"A record of funds received, including the amount, source, date received, and any related notes.",
student_club,main,income,source,"A value indicating where the funds come from such as dues, or the annual university allocation",Source,"A value indicating where the funds come from such as dues, or the annual university allocation — one of: Dues, Fundraising, School Appropration, Sponsorship",Income,"A record of funds received, including the amount, source, date received, and any related notes.",
student_club,main,income,notes,A free-text value giving any needed details about the receipt of funds,Notes,"A free-text value giving any needed details about the receipt of funds — samples: Secured donations to help pay for speaker gifts., Annual funding from Student Government.",Income,"A record of funds received, including the amount, source, date received, and any related notes.",
student_club,main,income,link_to_member,link to member,,,,,
student_club,main,major,major_id,A unique identifier for each major,Major ID,"A unique identifier for each major — samples: rec06DF6vZ1CyPKpc, recRh1Wiy5jfwIYBR, recibyDMerbnhPsja, recgszEfeJ5j1n90X, recgbn2VvmEBWmuUi",Major,An academic major offered by a department within a college.,
student_club,main,major,major_name,major name,Major Name,"major name — samples: Outdoor Product Design and Development, Geography, Social Work, Management, Soils and Sustainable Land Systems",Major,An academic major offered by a department within a college.,
student_club,main,major,department,The name of the department that offers the major,Department,"The name of the department that offers the major — samples: School of Applied Sciences, Technology and Education, Languages, Philosophy and Communication Studies Department, Plants, Soils, and Climate Department, Sociology, Social Work and Anthropology Department, Wildland Resources Department",Major,An academic major offered by a department within a college.,
student_club,main,major,college,The name college that houses the department that offers the major,College,"The name college that houses the department that offers the major — one of: College of Agriculture and Applied Sciences, College of Humanities and Social Sciences, College of Education & Human Services, College of Science, College of Natural Resources, School of Business, College of Engineering, College of the Arts",Major,An academic major offered by a department within a college.,
student_club,main,member,member_id,unique id of member,Member Id,"unique id of member — samples: rec1x5zBFIqoOuPW8, recTjHY5xXhvkCdVT, recuSfhAZIlKba4s2, recttfySfQnYb68u3, recsTO4OZIF9rbubk",Member,"A member of the club, including their contact information, club position, and t-shirt preference.",
student_club,main,member,first_name,member's first name,First Name,"member's first name — samples: Angela, Edwardo, Kevin, Annabella, Madelyn",Member,"A member of the club, including their contact information, club position, and t-shirt preference.",
student_club,main,member,last_name,"member's last name, commonsense evidence: full name is first_name + last_name. e.g. A member's first name is Angela and last name is Sanders. Thus, his/her full name is Angela Sanders.",Last Name,"member's last name, commonsense evidence: full name is first_name + last_name. e.g. A member's first name is Angela and last name is Sanders. Thus, his/her full name is Angela Sanders. — samples: Sanders, Ing, Pierce, Warren, Nicholson",Member,"A member of the club, including their contact information, club position, and t-shirt preference.",
student_club,main,member,email,member's email,Email,"member's email — samples: angela.sanders@lpu.edu, edwardo.ing@lpu.edu, kevin.pierce@lpu.edu, annabella.warren@lpu.edu, madelyn.nicholson@lpu.edu",Member,"A member of the club, including their contact information, club position, and t-shirt preference.",
student_club,main,member,position,The position the member holds in the club,Position,"The position the member holds in the club — one of: Member, Inactive, President, Vice President, Treasurer, Secretary",Member,"A member of the club, including their contact information, club position, and t-shirt preference.",
student_club,main,member,t_shirt_size,"The size of tee shirt that member wants when shirts are ordered, commonsense evidence: usually the student ordered t-shirt with lager size has bigger body shape",T Shirt Size,"The size of tee shirt that member wants when shirts are ordered, commonsense evidence: usually the student ordered t-shirt with lager size has bigger body shape — one of: Large, Medium, X-Large, Small",Member,"A member of the club, including their contact information, club position, and t-shirt preference.",
student_club,main,member,phone,The best telephone at which to contact the member,Phone,"The best telephone at which to contact the member — samples: (651) 928-4507, 109-555-7016, 933-555-4147, 727-555-2732, 466-555-3483",Member,"A member of the club, including their contact information, club position, and t-shirt preference.",
student_club,main,member,zip,the zip code of the member's hometown,,,,,
student_club,main,member,link_to_major,The unique identifier of the major of the member. References the Major table,,,,,
student_club,main,zip_code,zip_code,The ZIP code itself. A five-digit number identifying a US post office.,Zip Code,"The ZIP code itself. A five-digit number identifying a US post office. — samples: 501, 2228, 2201, 2203, 2204",Zip Code,"A US ZIP code with its type and associated geographic location details including city, county, and state.",
student_club,main,zip_code,type,"The kind of ZIP code, commonsense evidence: ""Standard"" is the ordinary code most people are familiar with, ""PO Box"" is a code assigned to post office boxes, and ""Unique"" is a code assigned to an individual organization.",Type,"The kind of ZIP code, commonsense evidence: ""Standard"" is the ordinary code most people are familiar with, ""PO Box"" is a code assigned to post office boxes, and ""Unique"" is a code assigned to an individual organization. — one of: Standard, PO Box, Unique",Zip Code,"A US ZIP code with its type and associated geographic location details including city, county, and state.",
student_club,main,zip_code,city,The city to which the ZIP pertains,City,"The city to which the ZIP pertains — samples: Boston, San Juan, Springfield, Worcester, Providence",Zip Code,"A US ZIP code with its type and associated geographic location details including city, county, and state.",
student_club,main,zip_code,county,The county to which the ZIP pertains,County,"The county to which the ZIP pertains — samples: Middlesex County, Worcester County, Plymouth County, Suffolk County, Barnstable County",Zip Code,"A US ZIP code with its type and associated geographic location details including city, county, and state.",
student_club,main,zip_code,state,The name of the state to which the ZIP pertains,State,"The name of the state to which the ZIP pertains — samples: Massachusetts, Puerto Rico, Rhode Island, New Hampshire, New York",Zip Code,"A US ZIP code with its type and associated geographic location details including city, county, and state.",
student_club,main,zip_code,short_state,The abbreviation of the state to which the ZIP pertains,State Abbreviation,"The abbreviation of the state to which the ZIP pertains — samples: MA, PR, RI, NH, NY",Zip Code,"A US ZIP code with its type and associated geographic location details including city, county, and state.",
superhero,main,alignment,id,the unique identifier of the alignment,Alignment ID,"the unique identifier of the alignment — unique per row — one of: 1, 2, 3, 4",Alignment,"A character's moral and ethical stance (Good, Bad, Neutral) used to describe a superhero's overall attitude or behavior.",
superhero,main,alignment,alignment,"the alignment of the superhero, commonsense evidence:Alignment refers to a character's moral and ethical stance and can be used to describe the overall attitude or behavior of a superhero. Some common alignments for superheroes include:Good: These superheroes are typically kind, selfless, and dedicated to protecting others and upholding justice. Examples of good alignments include Superman, Wonder Woman, and Spider-Man.Neutral: These superheroes may not always prioritize the greater good, but they are not necessarily evil either. They may act in their own self-interest or make decisions based on their own moral code. Examples of neutral alignments include the Hulk and Deadpool. Bad: These superheroes are typically selfish, manipulative, and willing to harm others in pursuit of their own goals. Examples of evil alignments include Lex Luthor and the Joker.",Alignment,"the alignment of the superhero, commonsense evidence:Alignment refers to a character's moral and ethical stance and can be used to describe the overall attitude or behavior of a superhero. Some common alignments for superheroes include:Good: These superheroes are typically kind, selfless, and dedicated to protecting others and upholding justice. Examples of good alignments include Superman, Wonder Woman, and Spider-Man.Neutral: These superheroes may not always prioritize the greater good, but they are not necessarily evil either. They may act in their own self-interest or make decisions based on their own moral code. Examples of neutral alignments include the Hulk and Deadpool. Bad: These superheroes are typically selfish, manipulative, and willing to harm others in pursuit of their own goals. Examples of evil alignments include Lex Luthor and the Joker. — unique per row — one of: Good, Bad, Neutral, N/A",Alignment,"A character's moral and ethical stance (Good, Bad, Neutral) used to describe a superhero's overall attitude or behavior.",
superhero,main,attribute,id,the unique identifier of the attribute,Attribute ID,"the unique identifier of the attribute — unique per row — one of: 1, 2, 3, 4, 5, 6",Attribute,"A characteristic or quality that defines a superhero and what they are capable of, such as a physical or personal trait.",
superhero,main,attribute,attribute_name,"the attribute, The table holds exactly six attributes: Intelligence, Strength, Speed, Durability, Power and Combat. Each is a numeric rating stored in hero_attribute.attribute_value. Named abilities such as flight or telepathy are not attributes; they are rows of superpower, reached through hero_power.",Attribute Name,"the attribute, The table holds exactly six attributes: Intelligence, Strength, Speed, Durability, Power and Combat. Each is a numeric rating stored in hero_attribute.attribute_value. Named abilities such as flight or telepathy are not attributes; they are rows of superpower, reached through hero_power. — one of: Intelligence, Strength, Speed, Durability, Power, Combat",Attribute,"A characteristic or quality that defines a superhero and what they are capable of, such as a physical or personal trait.",
superhero,main,colour,id,the unique identifier of the color,Colour ID,"the unique identifier of the color — unique per row — samples: 1, 27, 21, 22, 23",Colour,"A color used to describe attributes of a superhero such as skin, eye, or hair color.",
superhero,main,colour,colour,"the color of the superhero's skin/eye/hair/etc, Row id 1 is 'No Colour', a placeholder for an unrecorded colour rather than a colour itself: 681 of the 750 heroes carry it as skin colour, 246 as hair and 169 as eyes. A question about having no eye or skin colour selects colour = 'No Colour'; a question about actual colours excludes it.",Colour Name,"the color of the superhero's skin/eye/hair/etc, Row id 1 is 'No Colour', a placeholder for an unrecorded colour rather than a colour itself: 681 of the 750 heroes carry it as skin colour, 246 as hair and 169 as eyes. A question about having no eye or skin colour selects colour = 'No Colour'; a question about actual colours excludes it. — samples: No Colour, Red/White, Pink, Purple, Red",Colour,"A color used to describe attributes of a superhero such as skin, eye, or hair color.",
superhero,main,gender,id,the unique identifier of the gender,Gender ID,"the unique identifier of the gender — unique per row — one of: 1, 2, 3",Gender,Reference list of gender categories used to classify superheroes.,
superhero,main,gender,gender,"the gender of the superhero, Three values: Male, Female, and 'N/A' for the 28 heroes whose gender is unrecorded.",Gender,"the gender of the superhero, Three values: Male, Female, and 'N/A' for the 28 heroes whose gender is unrecorded. — one of: Male, Female, N/A",Gender,Reference list of gender categories used to classify superheroes.,
superhero,main,hero_attribute,hero_id,the id of the heroMaps to superhero(id),,,,,
superhero,main,hero_attribute,attribute_id,the id of the attributeMaps to attribute(id),,,,,
superhero,main,hero_attribute,attribute_value,"the attribute value, commonsense evidence:If a superhero has a higher attribute value on a particular attribute, it means that they are more skilled or powerful in that area compared to other superheroes. For example, if a superhero has a higher attribute value for strength, they may be able to lift heavier objects or deliver more powerful punches than other superheroes.Values run from 5 to 100 and are never 0. Only 623 of the 750 heroes have attribute rows, and each of those has all six, so a count taken from superhero covers more heroes than this table does.",Attribute Value,"the attribute value, commonsense evidence:If a superhero has a higher attribute value on a particular attribute, it means that they are more skilled or powerful in that area compared to other superheroes. For example, if a superhero has a higher attribute value for strength, they may be able to lift heavier objects or deliver more powerful punches than other superheroes.Values run from 5 to 100 and are never 0. Only 623 of the 750 heroes have attribute rows, and each of those has all six, so a count taken from superhero covers more heroes than this table does. — one of: 5, 10, 15, 20, 25, 30, 35, 40, 45, 50, 55, 60, 65, 70, 75, 80, 85, 90, 95, 100",Hero Attribute,"The value a superhero has for a particular attribute, indicating their skill or power level in that area.",
superhero,main,hero_power,hero_id,the id of the heroMaps to superhero(id),,,,,
superhero,main,hero_power,power_id,"the id of the powerMaps to superpower(id), Powers are named abilities such as Agility or Flight, distinct from the six numeric ratings in hero_attribute. 652 of the 750 heroes have at least one power.",,,,,
superhero,main,publisher,id,the unique identifier of the publisher,Publisher ID,"the unique identifier of the publisher — unique per row — one of: 1, 2, 3, 4, 5, 6, 7, 8, 9, 10, 11, 12, 13, 14, 15, 16, 17, 18, 19, 20, 21, 22, 23, 24, 25",Publisher,A publisher entity identified by a unique ID and name.,
superhero,main,publisher,publisher_name,"the name of the publisher, Row id 1 has an empty name and stands for an unrecorded publisher; 17 heroes point at it. Three further heroes have no publisher_id at all.",Publisher Name,"the name of the publisher, Row id 1 has an empty name and stands for an unrecorded publisher; 17 heroes point at it. Three further heroes have no publisher_id at all. — one of: , Microsoft, Universal Studios, Titan Books, Team Epic TV, ABC Studios, Dark Horse Comics, DC Comics, George Lucas, Hanna-Barbera, HarperCollins, Icon Comics, IDW Publishing, Image Comics, J. K. Rowling, J. R. R. Tolkien, Marvel Comics, NBC - Heroes, Rebellion, Shueisha, Sony Pictures, South Park, Star Trek, SyFy, Wildstorm",Publisher,A publisher entity identified by a unique ID and name.,
superhero,main,race,id,the unique identifier of the race,Race Id,"the unique identifier of the race — unique per row — samples: 1, 32, 34, 35, 36",Race,"The race classification of a superhero, referring to the group of people the superhero belongs to based on physical characteristics.",
superhero,main,race,race,"the race of the superhero, commonsense evidence:In the context of superheroes, a superhero's race would refer to the particular group of people that the superhero belongs to base on these physical characteristicsRow id 1 is '-', which marks an unknown race and covers 295 of the 750 heroes; it is not a race name. Four heroes have no race_id at all.",Race Name,"the race of the superhero, commonsense evidence:In the context of superheroes, a superhero's race would refer to the particular group of people that the superhero belongs to base on these physical characteristicsRow id 1 is '-', which marks an unknown race and covers 295 of the 750 heroes; it is not a race name. Four heroes have no race_id at all. — samples: -, Human-Vuldarian, Inhuman, Kakarantharaian, Korugaran",Race,"The race classification of a superhero, referring to the group of people the superhero belongs to based on physical characteristics.",
superhero,main,superhero,id,the unique identifier of the superhero,Superhero Id,"the unique identifier of the superhero — unique per row — samples: 1, 505, 496, 497, 498",Superhero,A superhero character including identity and physical attributes.,
superhero,main,superhero,superhero_name,"the name of the superhero, Names repeat: Atlas appears four times, and Angel, Ares, Captain Marvel and Chameleon twice each. Group and join on superhero.id, since grouping by name merges distinct heroes.",Superhero Name,"the name of the superhero, Names repeat: Atlas appears four times, and Angel, Ares, Captain Marvel and Chameleon twice each. Group and join on superhero.id, since grouping by name merges distinct heroes. — samples: Atlas, Captain Marvel, Chameleon, Angel, Ares",Superhero,A superhero character including identity and physical attributes.,
superhero,main,superhero,full_name,"the full name of the superhero, commonsense evidence:The full name of a person typically consists of their given name, also known as their first name or personal name, and their surname, also known as their last name or family name. For example, if someone's given name is ""John"" and their surname is ""Smith,"" their full name would be ""John Smith.""",Full Name,"the full name of the superhero, commonsense evidence:The full name of a person typically consists of their given name, also known as their first name or personal name, and their surname, also known as their last name or family name. For example, if someone's given name is ""John"" and their surname is ""Smith,"" their full name would be ""John Smith."" — 483 distinct values — samples: -, Richard John Grayson, Bartholomew Allen II, Erik Stephan Josten, Benjamin Reilly",Superhero,A superhero character including identity and physical attributes.,
superhero,main,superhero,gender_id,the id of the superhero's gender,,,,,
superhero,main,superhero,eye_colour_id,the id of the superhero's eye color,,,,,
superhero,main,superhero,hair_colour_id,the id of the superhero's hair color,,,,,
superhero,main,superhero,skin_colour_id,the id of the superhero's skin color,,,,,
superhero,main,superhero,race_id,the id of the superhero's race,,,,,
superhero,main,superhero,publisher_id,the id of the publisher,,,,,
superhero,main,superhero,alignment_id,the id of the superhero's alignment,,,,,
superhero,main,superhero,height_cm,"the height of the superhero, commonsense evidence:The unit of height is centimeter. If the height_cm is NULL or 0, it means the height of the superhero is missing.",Height Cm,"the height of the superhero, commonsense evidence:The unit of height is centimeter. If the height_cm is NULL or 0, it means the height of the superhero is missing. — 55 distinct values — samples: 0, 183, 188, 178, 180",Superhero,A superhero character including identity and physical attributes.,
superhero,main,superhero,weight_kg,"the weight of the superhero, commonsense evidence:The unit of weight is kilogram. If the weight_kg is NULL or 0, it means the weight of the superhero is missing.",Weight Kg,"the weight of the superhero, commonsense evidence:The unit of weight is kilogram. If the weight_kg is NULL or 0, it means the weight of the superhero is missing. — 140 distinct values — samples: 0, 79, 54, 90, 81",Superhero,A superhero character including identity and physical attributes.,
superhero,main,superpower,id,the unique identifier of the superpower,Superpower Id,"the unique identifier of the superpower — unique per row — samples: 1, 106, 108, 109, 110",Superpower,A superpower with its unique identifier and name.,
superhero,main,superpower,power_name,the superpower name,Power Name,"the superpower name — unique per row — samples: Agility, Time Travel, Illusions, Thirstokinesis, Hair Manipulation",Superpower,A superpower with its unique identifier and name.,
thrombosis_prediction,main,Examination,ID,identification of the patient,,,,,
thrombosis_prediction,main,Examination,Examination Date,Examination Date,Examination Date,Examination Date,Examination,"Laboratory test measurements recorded for a patient on a given date, including liver, kidney, lipid, blood count, coagulation, immunology, and autoantibody panels.",
thrombosis_prediction,main,Examination,aCL IgG,anti-Cardiolipin antibody (IgG) concentration,Anti Cardiolipin Antibody IgG,"anti-Cardiolipin antibody (IgG) concentration — samples: 0.0, 0.8, 1.0, 0.9, 1.1",Examination,"Laboratory test measurements recorded for a patient on a given date, including liver, kidney, lipid, blood count, coagulation, immunology, and autoantibody panels.",
thrombosis_prediction,main,Examination,aCL IgM,anti-Cardiolipin antibody (IgM) concentration,Anti Cardiolipin Antibody IgM,"anti-Cardiolipin antibody (IgM) concentration — samples: 0.0, 1.8, 1.7, 2.0, 2.1",Examination,"Laboratory test measurements recorded for a patient on a given date, including liver, kidney, lipid, blood count, coagulation, immunology, and autoantibody panels.",
thrombosis_prediction,main,Examination,ANA,anti-nucleus antibody concentration,Anti Nucleus Antibody,"anti-nucleus antibody concentration — one of: 0, 4, 16, 64, 256, 1024, 4094, 4096",Examination,"Laboratory test measurements recorded for a patient on a given date, including liver, kidney, lipid, blood count, coagulation, immunology, and autoantibody panels.",
thrombosis_prediction,main,Examination,ANA Pattern,pattern observed in the sheet of ANA examination,ANA Pattern,"pattern observed in the sheet of ANA examination — one of: S, P, P,S, S,P, D,P,S, P.S, S,D, D,P, P,D, p, S,N, D,S, D, N, P.D",Examination,"Laboratory test measurements recorded for a patient on a given date, including liver, kidney, lipid, blood count, coagulation, immunology, and autoantibody panels.",
thrombosis_prediction,main,Examination,aCL IgA,anti-Cardiolipin antibody (IgA) concentration,Anti Cardiolipin Antibody IgA,"anti-Cardiolipin antibody (IgA) concentration — samples: 0, 3, 2, 5, 7",Examination,"Laboratory test measurements recorded for a patient on a given date, including liver, kidney, lipid, blood count, coagulation, immunology, and autoantibody panels.",
thrombosis_prediction,main,Examination,Diagnosis,disease names,Diagnosis,"disease names — samples: SLE, SjS, RA, SLE, SjS, MCTD",Examination,"Laboratory test measurements recorded for a patient on a given date, including liver, kidney, lipid, blood count, coagulation, immunology, and autoantibody panels.",
thrombosis_prediction,main,Examination,KCT,"measure of degree of coagulation, +: positive; -: negative",KCT Coagulation Result,"measure of degree of coagulation, +: positive; -: negative — one of: -, +",Examination,"Laboratory test measurements recorded for a patient on a given date, including liver, kidney, lipid, blood count, coagulation, immunology, and autoantibody panels.",
thrombosis_prediction,main,Examination,RVVT,"measure of degree of coagulation, +: positive; -: negative",RVVT Coagulation Result,"measure of degree of coagulation, +: positive; -: negative — one of: -, +",Examination,"Laboratory test measurements recorded for a patient on a given date, including liver, kidney, lipid, blood count, coagulation, immunology, and autoantibody panels.",
thrombosis_prediction,main,Examination,LAC,"measure of degree of coagulation, +: positive; -: negative",LAC Coagulation Result,"measure of degree of coagulation, +: positive; -: negative — one of: -, +",Examination,"Laboratory test measurements recorded for a patient on a given date, including liver, kidney, lipid, blood count, coagulation, immunology, and autoantibody panels.",
thrombosis_prediction,main,Examination,Symptoms,other symptoms observed,Symptoms,"other symptoms observed — samples: CNS lupus, brain infarction, AMI, PH, thrombocytopenia",Examination,"Laboratory test measurements recorded for a patient on a given date, including liver, kidney, lipid, blood count, coagulation, immunology, and autoantibody panels.",
thrombosis_prediction,main,Examination,Thrombosis,"degree of thrombosis, 0: negative (no thrombosis); 1: positive (the most serious); 2: positive (severe); 3: positive (mild)",Thrombosis Degree,"degree of thrombosis, 0: negative (no thrombosis); 1: positive (the most serious); 2: positive (severe); 3: positive (mild) — one of: 0, 1, 2, 3",Examination,"Laboratory test measurements recorded for a patient on a given date, including liver, kidney, lipid, blood count, coagulation, immunology, and autoantibody panels.",
thrombosis_prediction,main,Laboratory,ID,identification of the patient,,,,,
thrombosis_prediction,main,Laboratory,Date,"Date of the laboratory tests, stored as YYYY-MM-DD",Test Date,"Date of the laboratory tests, stored as YYYY-MM-DD",Examination,"Laboratory test measurements recorded for a patient on a given date, including liver, kidney, lipid, blood count, coagulation, immunology, and autoantibody panels.",
thrombosis_prediction,main,Laboratory,GOT,"AST glutamic oxaloacetic transaminase, Commonsense evidence:Normal range: N < 60",AST GOT,"AST glutamic oxaloacetic transaminase, Commonsense evidence:Normal range: N < 60 — samples: 22, 17, 16, 23, 21",Examination,"Laboratory test measurements recorded for a patient on a given date, including liver, kidney, lipid, blood count, coagulation, immunology, and autoantibody panels.",
thrombosis_prediction,main,Laboratory,GPT,"ALT glutamic pyruvic transaminase, Commonsense evidence:Normal range: N < 60",ALT GPT,"ALT glutamic pyruvic transaminase, Commonsense evidence:Normal range: N < 60 — samples: 16, 15, 18, 19, 13",Examination,"Laboratory test measurements recorded for a patient on a given date, including liver, kidney, lipid, blood count, coagulation, immunology, and autoantibody panels.",
thrombosis_prediction,main,Laboratory,LDH,"lactate dehydrogenase, Commonsense evidence:Normal range: N < 500",Lactate Dehydrogenase,"lactate dehydrogenase, Commonsense evidence:Normal range: N < 500 — samples: 124, 142, 129, 133, 125",Examination,"Laboratory test measurements recorded for a patient on a given date, including liver, kidney, lipid, blood count, coagulation, immunology, and autoantibody panels.",
thrombosis_prediction,main,Laboratory,ALP,"alkaliphophatase, Commonsense evidence:Normal range: N < 300",Alkaline Phosphatase,"alkaliphophatase, Commonsense evidence:Normal range: N < 300 — samples: 63, 76, 67, 66, 40",Examination,"Laboratory test measurements recorded for a patient on a given date, including liver, kidney, lipid, blood count, coagulation, immunology, and autoantibody panels.",
thrombosis_prediction,main,Laboratory,TP,"total protein, Commonsense evidence:Normal range: 6.0 < N < 8.5",Total Protein,"total protein, Commonsense evidence:Normal range: 6.0 < N < 8.5 — samples: 7.2, 7.3, 7.6, 7.4, 7.5",Examination,"Laboratory test measurements recorded for a patient on a given date, including liver, kidney, lipid, blood count, coagulation, immunology, and autoantibody panels.",
thrombosis_prediction,main,Laboratory,ALB,"albumin, Commonsense evidence:Normal range: 3.5 < N < 5.5",Albumin,"albumin, Commonsense evidence:Normal range: 3.5 < N < 5.5 — samples: 4.3, 4.1, 4.5, 4.4, 4.2",Examination,"Laboratory test measurements recorded for a patient on a given date, including liver, kidney, lipid, blood count, coagulation, immunology, and autoantibody panels.",
thrombosis_prediction,main,Laboratory,UA,"uric acid, Commonsense evidence:The sex-specific threshold is 8.0 for SEX = 'M' and 6.5 for SEX = 'F'. Whether normal means above or below the threshold varies between questions, so follow the direction the question's own evidence states.",Uric Acid,"uric acid, Commonsense evidence:The sex-specific threshold is 8.0 for SEX = 'M' and 6.5 for SEX = 'F'. Whether normal means above or below the threshold varies between questions, so follow the direction the question's own evidence states. — samples: 4.2, 3.9, 4.3, 4.1, 4.4",Examination,"Laboratory test measurements recorded for a patient on a given date, including liver, kidney, lipid, blood count, coagulation, immunology, and autoantibody panels.",
thrombosis_prediction,main,Laboratory,UN,"urea nitrogen, Commonsense evidence:Normal range: N < 30",Urea Nitrogen,"urea nitrogen, Commonsense evidence:Normal range: N < 30 — samples: 14, 13, 12, 15, 16",Examination,"Laboratory test measurements recorded for a patient on a given date, including liver, kidney, lipid, blood count, coagulation, immunology, and autoantibody panels.",
thrombosis_prediction,main,Laboratory,CRE,"creatinine, Commonsense evidence:Normal range: N < 1.5",Creatinine,"creatinine, Commonsense evidence:Normal range: N < 1.5 — samples: 0.9, 0.8, 0.7, 1.0, 0.6",Examination,"Laboratory test measurements recorded for a patient on a given date, including liver, kidney, lipid, blood count, coagulation, immunology, and autoantibody panels.",
thrombosis_prediction,main,Laboratory,T-BIL,"total bilirubin, Commonsense evidence:Normal range: N < 2.0",Total Bilirubin,"total bilirubin, Commonsense evidence:Normal range: N < 2.0 — samples: 0.4, 0.5, 0.6, 0.3, 0.7",Examination,"Laboratory test measurements recorded for a patient on a given date, including liver, kidney, lipid, blood count, coagulation, immunology, and autoantibody panels.",
thrombosis_prediction,main,Laboratory,T-CHO,"total cholesterol, Commonsense evidence:Normal range: N < 250",Total Cholesterol,"total cholesterol, Commonsense evidence:Normal range: N < 250 — samples: 150, 172, 165, 159, 154",Examination,"Laboratory test measurements recorded for a patient on a given date, including liver, kidney, lipid, blood count, coagulation, immunology, and autoantibody panels.",
thrombosis_prediction,main,Laboratory,TG,"triglyceride, Commonsense evidence:Normal range: N < 200",Triglyceride,"triglyceride, Commonsense evidence:Normal range: N < 200 — samples: 111, 70, 59, 75, 62",Examination,"Laboratory test measurements recorded for a patient on a given date, including liver, kidney, lipid, blood count, coagulation, immunology, and autoantibody panels.",
thrombosis_prediction,main,Laboratory,CPK,"creatinine phosphokinase, Commonsense evidence:Normal range: N < 250",Creatinine Phosphokinase,"creatinine phosphokinase, Commonsense evidence:Normal range: N < 250 — samples: 21, 26, 18, 17, 14",Examination,"Laboratory test measurements recorded for a patient on a given date, including liver, kidney, lipid, blood count, coagulation, immunology, and autoantibody panels.",
thrombosis_prediction,main,Laboratory,GLU,"blood glucose, Commonsense evidence:Normal range: N < 180",Blood Glucose,"blood glucose, Commonsense evidence:Normal range: N < 180 — samples: 169, 84, 160, 158, 101",Examination,"Laboratory test measurements recorded for a patient on a given date, including liver, kidney, lipid, blood count, coagulation, immunology, and autoantibody panels.",
thrombosis_prediction,main,Laboratory,WBC,"White blood cell, Commonsense evidence:Normal range: 3.5 < N < 9.0",White Blood Cell Count,"White blood cell, Commonsense evidence:Normal range: 3.5 < N < 9.0 — samples: 5.3, 5.2, 3.6, 5.1, 3.7",Examination,"Laboratory test measurements recorded for a patient on a given date, including liver, kidney, lipid, blood count, coagulation, immunology, and autoantibody panels.",
thrombosis_prediction,main,Laboratory,RBC,"Red blood cell, Commonsense evidence:Normal range: 3.5 < N < 6.0",Red Blood Cell Count,"Red blood cell, Commonsense evidence:Normal range: 3.5 < N < 6.0 — samples: 4.4, 4.5, 4.6, 4.3, 4.7",Examination,"Laboratory test measurements recorded for a patient on a given date, including liver, kidney, lipid, blood count, coagulation, immunology, and autoantibody panels.",
thrombosis_prediction,main,Laboratory,HGB,"Hemoglobin, Commonsense evidence:Normal range: 10 < N < 17",Hemoglobin,"Hemoglobin, Commonsense evidence:Normal range: 10 < N < 17 — samples: 11.8, 12.5, 12.4, 13.0, 12.2",Examination,"Laboratory test measurements recorded for a patient on a given date, including liver, kidney, lipid, blood count, coagulation, immunology, and autoantibody panels.",
thrombosis_prediction,main,Laboratory,HCT,"Hematoclit, Commonsense evidence:Normal range: 29 < N < 52",Hematocrit,"Hematoclit, Commonsense evidence:Normal range: 29 < N < 52 — samples: 36.2, 40.4, 38.2, 40.0, 37.2",Examination,"Laboratory test measurements recorded for a patient on a given date, including liver, kidney, lipid, blood count, coagulation, immunology, and autoantibody panels.",
thrombosis_prediction,main,Laboratory,PLT,"platelet, Commonsense evidence:Normal range: 100 < N < 400",Platelet Count,"platelet, Commonsense evidence:Normal range: 100 < N < 400 — samples: 272, 249, 289, 283, 212",Examination,"Laboratory test measurements recorded for a patient on a given date, including liver, kidney, lipid, blood count, coagulation, immunology, and autoantibody panels.",
thrombosis_prediction,main,Laboratory,PT,"prothrombin time, Commonsense evidence:Normal range: N < 14",Prothrombin Time,"prothrombin time, Commonsense evidence:Normal range: N < 14 — samples: 11.3, 12.0, 11.8, 12.6, 12.2",Examination,"Laboratory test measurements recorded for a patient on a given date, including liver, kidney, lipid, blood count, coagulation, immunology, and autoantibody panels.",
thrombosis_prediction,main,Laboratory,APTT,"activated partial prothrombin time, Commonsense evidence:Normal range: N < 45",Activated Partial Thromboplastin Time,"activated partial prothrombin time, Commonsense evidence:Normal range: N < 45",Examination,"Laboratory test measurements recorded for a patient on a given date, including liver, kidney, lipid, blood count, coagulation, immunology, and autoantibody panels.",
thrombosis_prediction,main,Laboratory,FG,"fibrinogen, Commonsense evidence:Normal range: 150 < N < 450",Fibrinogen,"fibrinogen, Commonsense evidence:Normal range: 150 < N < 450 — samples: 27.0",Examination,"Laboratory test measurements recorded for a patient on a given date, including liver, kidney, lipid, blood count, coagulation, immunology, and autoantibody panels.",
thrombosis_prediction,main,Laboratory,PIC,The patient's plasmin-plasmin inhibitor complex (PIC) laboratory measurement.,Plasmin Plasmin Inhibitor Complex,The patient's plasmin-plasmin inhibitor complex (PIC) laboratory measurement.,Examination,"Laboratory test measurements recorded for a patient on a given date, including liver, kidney, lipid, blood count, coagulation, immunology, and autoantibody panels.",
thrombosis_prediction,main,Laboratory,TAT,The patient's thrombin-antithrombin complex (TAT) laboratory measurement.,Thrombin Antithrombin Complex,The patient's thrombin-antithrombin complex (TAT) laboratory measurement.,Examination,"Laboratory test measurements recorded for a patient on a given date, including liver, kidney, lipid, blood count, coagulation, immunology, and autoantibody panels.",
thrombosis_prediction,main,Laboratory,TAT2,A secondary or repeated measurement of the patient's thrombin-antithrombin complex (TAT).,Thrombin Antithrombin Complex Secondary,A secondary or repeated measurement of the patient's thrombin-antithrombin complex (TAT).,Examination,"Laboratory test measurements recorded for a patient on a given date, including liver, kidney, lipid, blood count, coagulation, immunology, and autoantibody panels.",
thrombosis_prediction,main,Laboratory,U-PRO,"proteinuria, Commonsense evidence:Normal range: 0 < N < 30. Recorded as text: besides ordinary readings this column holds dipstick grades such as +1(30) and +2(100), a bare - where nothing was detected, and values capped at the end of the scale such as >=300 and >=1000. A range test compares the value as stored; casting the column to a number turns every one of those readings into zero and moves rows across the threshold.",Proteinuria,"proteinuria, Commonsense evidence:Normal range: 0 < N < 30. Recorded as text: besides ordinary readings this column holds dipstick grades such as +1(30) and +2(100), a bare - where nothing was detected, and values capped at the end of the scale such as >=300 and >=1000. A range test compares the value as stored; casting the column to a number turns every one of those readings into zero and moves rows across the threshold. — one of: 0, -, TR, 1, 2, 30, 100, 300, >=300, 3, %%, -15, 4, >=1000, +1(30), +2(100)",Examination,"Laboratory test measurements recorded for a patient on a given date, including liver, kidney, lipid, blood count, coagulation, immunology, and autoantibody panels.",
thrombosis_prediction,main,Laboratory,IGG,"Ig G, Commonsense evidence:Normal range: 900 < N < 2000",Immunoglobulin G,"Ig G, Commonsense evidence:Normal range: 900 < N < 2000 — samples: 2323, 1640, 1600, 1248, 1360",Examination,"Laboratory test measurements recorded for a patient on a given date, including liver, kidney, lipid, blood count, coagulation, immunology, and autoantibody panels.",
thrombosis_prediction,main,Laboratory,IGA,"Ig A, Commonsense evidence:Normal range: 80 < N < 500",Immunoglobulin A,"Ig A, Commonsense evidence:Normal range: 80 < N < 500 — samples: 300, 481, 399, 456, 292",Examination,"Laboratory test measurements recorded for a patient on a given date, including liver, kidney, lipid, blood count, coagulation, immunology, and autoantibody panels.",
thrombosis_prediction,main,Laboratory,IGM,"Ig M, Commonsense evidence:Normal range: 40 < N < 400",Immunoglobulin M,"Ig M, Commonsense evidence:Normal range: 40 < N < 400 — samples: 187, 68, 109, 239, 168",Examination,"Laboratory test measurements recorded for a patient on a given date, including liver, kidney, lipid, blood count, coagulation, immunology, and autoantibody panels.",
thrombosis_prediction,main,Laboratory,CRP,"C-reactive protein, Commonsense evidence:Normal range: N= -, +-, or N < 1.0, though the grade +- never occurs in this column and belongs to RA; the grades actually recorded are -, +, 2+ and 3+. Recorded as text: this column mixes those grades with numeric readings, and results under the detection limit are written as <0.3 or <0.002. A comparison reads the value as stored; casting the column to a number turns every grade and below-limit reading into zero.",C Reactive Protein,"C-reactive protein, Commonsense evidence:Normal range: N= -, +-, or N < 1.0, though the grade +- never occurs in this column and belongs to RA; the grades actually recorded are -, +, 2+ and 3+. Recorded as text: this column mixes those grades with numeric readings, and results under the detection limit are written as <0.3 or <0.002. A comparison reads the value as stored; casting the column to a number turns every grade and below-limit reading into zero. — samples: -, +, 2+, <0.002, 3+",Examination,"Laboratory test measurements recorded for a patient on a given date, including liver, kidney, lipid, blood count, coagulation, immunology, and autoantibody panels.",
thrombosis_prediction,main,Laboratory,RA,"Rhuematoid Factor, Commonsense evidence:Normal range: N= -, +-. The recorded grades are -, +, +- and 2+. This is not the RF/RAHA column, which holds a numeric titre judged against N < 20.",Rheumatoid Factor,"Rhuematoid Factor, Commonsense evidence:Normal range: N= -, +-. The recorded grades are -, +, +- and 2+. This is not the RF/RAHA column, which holds a numeric titre judged against N < 20. — one of: +, -, 2+, +-, 7-",Examination,"Laboratory test measurements recorded for a patient on a given date, including liver, kidney, lipid, blood count, coagulation, immunology, and autoantibody panels.",
thrombosis_prediction,main,Laboratory,RF,"RAHA, the rheumatoid factor titre measured by haemagglutination, Commonsense evidence:Normal range: N < 20. This is not the RA column: a question naming RF or RAHA uses this column and the N < 20 threshold, while a question spelling out Rhuematoid Factor uses RA and its grades. Recorded as text: readings under the assay limit are written as <10 or <40, and a few carry a trailing sign such as 40>. A threshold compares the value as stored; casting the column to a number turns those readings into zero and moves rows across the threshold.",RAHA,"RAHA, the rheumatoid factor titre measured by haemagglutination, Commonsense evidence:Normal range: N < 20. This is not the RA column: a question naming RF or RAHA uses this column and the N < 20 threshold, while a question spelling out Rhuematoid Factor uses RA and its grades. Recorded as text: readings under the assay limit are written as <10 or <40, and a few carry a trailing sign such as 40>. A threshold compares the value as stored; casting the column to a number turns those readings into zero and moves rows across the threshold. — samples: <40, 40, 160, 80, 320",Examination,"Laboratory test measurements recorded for a patient on a given date, including liver, kidney, lipid, blood count, coagulation, immunology, and autoantibody panels.",
thrombosis_prediction,main,Laboratory,C3,"complement 3, Commonsense evidence:Normal range: N > 35",c3,"complement 3, Commonsense evidence:Normal range: N > 35 — samples: 53, 93, 87, 82, 52",Examination,"Laboratory test measurements recorded for a patient on a given date, including liver, kidney, lipid, blood count, coagulation, immunology, and autoantibody panels.",
thrombosis_prediction,main,Laboratory,C4,"complement 4, Commonsense evidence:Normal range: N > 10",c4,"complement 4, Commonsense evidence:Normal range: N > 10 — samples: 17, 16, 18, 14, 15",Examination,"Laboratory test measurements recorded for a patient on a given date, including liver, kidney, lipid, blood count, coagulation, immunology, and autoantibody panels.",
thrombosis_prediction,main,Laboratory,RNP,"anti-ribonuclear protein, Commonsense evidence:Recorded as 'negative' or '0' when normal, otherwise a titer: '1', '4', '15', '16', '64' or '256'. Normal is RNP IN ('negative', '0') and abnormal is RNP NOT IN ('negative', '0').",Anti Ribonuclear Protein,"anti-ribonuclear protein, Commonsense evidence:Recorded as 'negative' or '0' when normal, otherwise a titer: '1', '4', '15', '16', '64' or '256'. Normal is RNP IN ('negative', '0') and abnormal is RNP NOT IN ('negative', '0'). — one of: 0, 1, 256, negative, 16, 64, 4, 15",Examination,"Laboratory test measurements recorded for a patient on a given date, including liver, kidney, lipid, blood count, coagulation, immunology, and autoantibody panels.",
thrombosis_prediction,main,Laboratory,SM,"anti-SM, Commonsense evidence:Recorded as 'negative' or '0' when normal, otherwise a titer: '1', '2' or '8'. Normal is SM IN ('negative', '0') and abnormal is SM NOT IN ('negative', '0').",Anti SM,"anti-SM, Commonsense evidence:Recorded as 'negative' or '0' when normal, otherwise a titer: '1', '2' or '8'. Normal is SM IN ('negative', '0') and abnormal is SM NOT IN ('negative', '0'). — one of: 0, 1, negative, 2, 8",Examination,"Laboratory test measurements recorded for a patient on a given date, including liver, kidney, lipid, blood count, coagulation, immunology, and autoantibody panels.",
thrombosis_prediction,main,Laboratory,SC170,"anti-scl70, Commonsense evidence:Recorded as 'negative' or '0' when normal, otherwise a titer: '1', '4' or '16'. Normal is SC170 IN ('negative', '0') and abnormal is SC170 NOT IN ('negative', '0').",Anti Scl70,"anti-scl70, Commonsense evidence:Recorded as 'negative' or '0' when normal, otherwise a titer: '1', '4' or '16'. Normal is SC170 IN ('negative', '0') and abnormal is SC170 NOT IN ('negative', '0'). — one of: 16, 1, 0, negative, 4",Examination,"Laboratory test measurements recorded for a patient on a given date, including liver, kidney, lipid, blood count, coagulation, immunology, and autoantibody panels.",
thrombosis_prediction,main,Laboratory,SSA,"anti-SSA, Commonsense evidence:Recorded as 'negative' or '0' when normal, otherwise a titer: '1', '4', '16', '64' or '256'. Normal is SSA IN ('negative', '0') and abnormal is SSA NOT IN ('negative', '0').",Anti SSA,"anti-SSA, Commonsense evidence:Recorded as 'negative' or '0' when normal, otherwise a titer: '1', '4', '16', '64' or '256'. Normal is SSA IN ('negative', '0') and abnormal is SSA NOT IN ('negative', '0'). — one of: 0, negative, 16, 4, 256, 1, 64",Examination,"Laboratory test measurements recorded for a patient on a given date, including liver, kidney, lipid, blood count, coagulation, immunology, and autoantibody panels.",
thrombosis_prediction,main,Laboratory,SSB,"anti-SSB, Commonsense evidence:Recorded as 'negative' or '0' when normal, otherwise a titer: '1', '2', '8' or '32'. Normal is SSB IN ('negative', '0') and abnormal is SSB NOT IN ('negative', '0').",Anti SSB,"anti-SSB, Commonsense evidence:Recorded as 'negative' or '0' when normal, otherwise a titer: '1', '2', '8' or '32'. Normal is SSB IN ('negative', '0') and abnormal is SSB NOT IN ('negative', '0'). — one of: 0, negative, 1, 32, 8, 2",Examination,"Laboratory test measurements recorded for a patient on a given date, including liver, kidney, lipid, blood count, coagulation, immunology, and autoantibody panels.",
thrombosis_prediction,main,Laboratory,CENTROMEA,"anti-centromere, Commonsense evidence:The only recorded values are 'negative' and '0', both meaning a normal result. Normal is CENTROMEA IN ('negative', '0') and abnormal is CENTROMEA NOT IN ('negative', '0').",centromea,"anti-centromere, Commonsense evidence:The only recorded values are 'negative' and '0', both meaning a normal result. Normal is CENTROMEA IN ('negative', '0') and abnormal is CENTROMEA NOT IN ('negative', '0'). — one of: 0, negative",Examination,"Laboratory test measurements recorded for a patient on a given date, including liver, kidney, lipid, blood count, coagulation, immunology, and autoantibody panels.",
thrombosis_prediction,main,Laboratory,DNA,"anti-DNA, Commonsense evidence:Normal range: N < 8. Recorded as text: every value reads as a number but the column stores strings, so a comparison is made against the value as stored rather than by casting it.",dna,"anti-DNA, Commonsense evidence:Normal range: N < 8. Recorded as text: every value reads as a number but the column stores strings, so a comparison is made against the value as stored rather than by casting it. — samples: 41.9, 18",Examination,"Laboratory test measurements recorded for a patient on a given date, including liver, kidney, lipid, blood count, coagulation, immunology, and autoantibody panels.",
thrombosis_prediction,main,Laboratory,DNA-II,"anti-DNA (second assay column), Commonsense evidence:Normal range: N < 8. No rows are recorded in this column in this database; anti-DNA questions read the DNA column.",dna-ii,"anti-DNA (second assay column), Commonsense evidence:Normal range: N < 8. No rows are recorded in this column in this database; anti-DNA questions read the DNA column.",Examination,"Laboratory test measurements recorded for a patient on a given date, including liver, kidney, lipid, blood count, coagulation, immunology, and autoantibody panels.",
thrombosis_prediction,main,Patient,ID,identification of the patient,Patient ID,"identification of the patient — samples: 2110, 4734550, 4652830, 4677912, 4679093",Patient,"A patient of the hospital, including demographic details, first contact and admission information, and diagnosis.",
thrombosis_prediction,main,Patient,SEX,"Sex, F: female; M: male",Sex,"Sex, F: female; M: male — one of: F, M, ",Patient,"A patient of the hospital, including demographic details, first contact and admission information, and diagnosis.",
thrombosis_prediction,main,Patient,Birthday,Birthday,Birthday,Birthday,Patient,"A patient of the hospital, including demographic details, first contact and admission information, and diagnosis.",
thrombosis_prediction,main,Patient,Description,"the first date when a patient data was recorded, null or empty: not recorded",First Record Date,"the first date when a patient data was recorded, null or empty: not recorded",Patient,"A patient of the hospital, including demographic details, first contact and admission information, and diagnosis.",
thrombosis_prediction,main,Patient,First Date,the date when a patient came to the hospital,First Visit Date,the date when a patient came to the hospital,Patient,"A patient of the hospital, including demographic details, first contact and admission information, and diagnosis.",
thrombosis_prediction,main,Patient,Admission,patient was admitted to the hospital (+) or followed at the outpatient clinic (-),Admission Status,"patient was admitted to the hospital (+) or followed at the outpatient clinic (-) — one of: -, +, , +(",Patient,"A patient of the hospital, including demographic details, first contact and admission information, and diagnosis.",
thrombosis_prediction,main,Patient,Diagnosis,"disease names — the patient's own diagnosis, and the Diagnosis nearly every question means. Read it from Patient even when the query already joins Laboratory or Examination",Diagnosis,"disease names — the patient's own diagnosis, and the Diagnosis nearly every question means. Read it from Patient even when the query already joins Laboratory or Examination — samples: SLE, SJS, RA, BEHCET, PSS",Patient,"A patient of the hospital, including demographic details, first contact and admission information, and diagnosis.",
toxicology,main,atom,atom_id,the unique id of atoms,Atom Id,"the unique id of atoms — unique per row — samples: TR000_1, TR025_8, TR025_11, TR025_12, TR025_13",Atom,"An atom belonging to a molecule in the toxicology dataset, identified by its unique id and chemical element.",
toxicology,main,atom,molecule_id,"identifying the molecule to which the atom belongs, commonsense evidence:TRXXX_i represents ith atom of molecule TRXXX",,,,,
toxicology,main,atom,element,"the element of the toxicology,  cl: chlorine c: carbon h: hydrogen o: oxygen s: sulfur n: nitrogen p: phosphorus na: sodium br: bromine f: fluorine i: iodine sn: Tin pb: lead te: tellurium ca: Calcium",Element,"the element of the toxicology,  cl: chlorine c: carbon h: hydrogen o: oxygen s: sulfur n: nitrogen p: phosphorus na: sodium br: bromine f: fluorine i: iodine sn: Tin pb: lead te: tellurium ca: Calcium — one of: h, c, cl, o, n, s, p, na, br, f, i, sn, pb, te, ca, zn, si, b, k, cu, y",Atom,"An atom belonging to a molecule in the toxicology dataset, identified by its unique id and chemical element.",
toxicology,main,bond,bond_id,"unique id representing bonds, TRxxx_A1_A2:TRXXX refers to which moleculeA1 and A2 refers to which atom",Bond Id,"unique id representing bonds, TRxxx_A1_A2:TRXXX refers to which moleculeA1 and A2 refers to which atom — unique per row — samples: TR000_1_2, TR025_3_4, TR024_5_9, TR024_6_12, TR024_6_13",Bond,"Represents a chemical bond between two atoms within a molecule, including its unique identifier and bond type.",
toxicology,main,bond,molecule_id,identifying the molecule in which the bond appears,,,,,
toxicology,main,bond,bond_type,"type of the bond, commonsense evidence:-: single bond'=': double bond'#': triple bond",Bond Type,"type of the bond, commonsense evidence:-: single bond'=': double bond'#': triple bond — one of: -, =, #",Bond,"Represents a chemical bond between two atoms within a molecule, including its unique identifier and bond type.",
toxicology,main,connected,atom_id,id of the first atom,,,,,
toxicology,main,connected,atom_id2,id of the second atom,,,,,
toxicology,main,connected,bond_id,bond id representing bond between two atoms,,,,,
toxicology,main,molecule,molecule_id,"unique id of molecule, ""+"" --> this molecule / compound is carcinogenic'-' this molecule is not / compound carcinogenic",Molecule Id,"unique id of molecule, ""+"" --> this molecule / compound is carcinogenic'-' this molecule is not / compound carcinogenic — unique per row — samples: TR000, TR322, TR334, TR333, TR332",Molecule,A chemical molecule or compound and whether it is classified as carcinogenic.,
toxicology,main,molecule,label,whether this molecule is carcinogenic or not,Carcinogenic Label,"whether this molecule is carcinogenic or not — one of: -, +",Molecule,A chemical molecule or compound and whether it is classified as carcinogenic.,
