StateProvinceID,StateProvinceCode,StateProvinceName,CountryID,SalesTerritory,Border,LatestRecordedPopulation,LastEditedBy,ValidFrom,ValidTo
1,AL,Alabama,230,Southeast,\N,4833722,1,2013-01-01 00:00:00,2013-01-01 00:01:00
4,AR,Arkansas,230,Southeast,\N,2959373,1,2013-01-01 00:00:00,2013-01-01 00:01:00
5,CA,California,230,Far West,\N,38332521,1,2013-01-01 00:00:00,2013-01-01 00:01:00
7,CT,Connecticut,230,New England,\N,3596080,1,2013-01-01 00:00:00,2013-01-01 00:01:00
10,FL,Florida,230,Southeast,\N,19552860,1,2013-01-01 00:00:00,2013-01-01 00:01:00
12,HI,Hawaii,230,Far West,\N,1404054,1,2013-01-01 00:00:00,2013-01-01 00:01:00
13,ID,Idaho,230,Rocky Mountain,\N,1612136,1,2013-01-01 00:00:00,2013-01-01 00:01:00
23,MI,Michigan,230,Great Lakes,\N,9895622,1,2013-01-01 00:00:00,2013-01-01 00:01:00
28,NE,Nebraska,230,Plains,\N,1868516,1,2013-01-01 00:00:00,2013-01-01 00:01:00
37,OK,Oklahoma,230,Southwest,\N,3850568,1,2013-01-01 00:00:00,2013-01-01 00:01:00
39,PA,Pennsylvania,230,Mideast,\N,12773801,1,2013-01-01 00:00:00,2013-01-01 00:01:00
50,WA,Washington,230,Far West,\N,6971406,1,2013-01-01 00:00:00,2013-01-01 00:01:00
52,WI,Wisconsin,230,Great Lakes,\N,5742713,1,2013-01-01 00:00:00,2013-01-01 00:01:00
53,WY,Wyoming,230,Rocky Mountain,\N,582658,1,2013-01-01 00:00:00,2013-01-01 00:01:00
11,GA,Georgia,230,Southeast,\N,9992167,1,2013-01-01 00:00:00,2013-01-01 00:02:00
15,IN,Indiana,230,Great Lakes,\N,6570902,1,2013-01-01 00:00:00,2013-01-01 00:02:00
20,ME,Maine,230,New England,\N,1328302,1,2013-01-01 00:00:00,2013-01-01 00:02:00
24,MN,Minnesota,230,Plains,\N,5420380,1,2013-01-01 00:00:00,2013-01-01 00:02:00
27,MT,Montana,230,Rocky Mountain,\N,1015165,1,2013-01-01 00:00:00,2013-01-01 00:02:00
31,NJ,New Jersey,230,Mideast,\N,8899339,1,2013-01-01 00:00:00,2013-01-01 00:02:00
33,NY,New York,230,Mideast,\N,19651127,1,2013-01-01 00:00:00,2013-01-01 00:02:00
35,ND,North Dakota,230,Plains,\N,723393,1,2013-01-01 00:00:00,2013-01-01 00:02:00
40,PR,Puerto Rico (US Territory),230,External,\N,3474182,1,2013-01-01 00:00:00,2013-01-01 00:02:00
45,TX,Texas,230,Southwest,\N,26448193,1,2013-01-01 00:00:00,2013-01-01 00:02:00
51,WV,West Virginia,230,Southeast,\N,1854304,1,2013-01-01 00:00:00,2013-01-01 00:02:00
8,DE,Delaware,230,Mideast,\N,925749,1,2013-01-01 00:00:00,2013-01-01 00:03:00
9,DC,District of Columbia,230,Mideast,\N,658893,1,2013-01-01 00:00:00,2013-01-01 00:03:00
16,IA,Iowa,230,Plains,\N,3090416,1,2013-01-01 00:00:00,2013-01-01 00:03:00
19,LA,Louisiana,230,Southeast,\N,4625470,1,2013-01-01 00:00:00,2013-01-01 00:03:00
22,MA,Massachusetts[E],230,New England,\N,6692824,1,2013-01-01 00:00:00,2013-01-01 00:03:00
26,MO,Missouri,230,Plains,\N,6021988,1,2013-01-01 00:00:00,2013-01-01 00:03:00
29,NV,Nevada,230,Far West,\N,2790136,1,2013-01-01 00:00:00,2013-01-01 00:03:00
32,NM,New Mexico,230,Southwest,\N,2085287,1,2013-01-01 00:00:00,2013-01-01 00:03:00
38,OR,Oregon,230,Far West,\N,3930065,1,2013-01-01 00:00:00,2013-01-01 00:03:00
42,SC,South Carolina,230,Southeast,\N,4774839,1,2013-01-01 00:00:00,2013-01-01 00:03:00
46,UT,Utah,230,Rocky Mountain,\N,2900872,1,2013-01-01 00:00:00,2013-01-01 00:03:00
47,VT,Vermont,230,New England,\N,626630,1,2013-01-01 00:00:00,2013-01-01 00:03:00
49,VA,Virginia,230,Southeast,\N,8260405,1,2013-01-01 00:00:00,2013-01-01 00:03:00
17,KS,Kansas,230,Plains,\N,2893957,1,2013-01-01 00:00:00,2013-01-01 00:04:00
21,MD,Maryland,230,Mideast,\N,5928814,1,2013-01-01 00:00:00,2013-01-01 00:04:00
25,MS,Mississippi,230,Southeast,\N,2991207,1,2013-01-01 00:00:00,2013-01-01 00:04:00
34,NC,North Carolina,230,Southeast,\N,9848060,1,2013-01-01 00:00:00,2013-01-01 00:04:00
36,OH,Ohio,230,Great Lakes,\N,11570808,1,2013-01-01 00:00:00,2013-01-01 00:04:00
41,RI,Rhode Island,230,New England,\N,1051511,1,2013-01-01 00:00:00,2013-01-01 00:04:00
43,SD,South Dakota,230,Plains,\N,844877,1,2013-01-01 00:00:00,2013-01-01 00:04:00
2,AK,Alaska,230,Far West,\N,735132,1,2013-01-01 00:00:00,2013-01-01 00:05:00
3,AZ,Arizona,230,Southwest,\N,6626624,1,2013-01-01 00:00:00,2013-01-01 00:05:00
6,CO,Colorado,230,Rocky Mountain,\N,5268367,1,2013-01-01 00:00:00,2013-01-01 00:05:00
14,IL,Illinois,230,Great Lakes,\N,12882135,1,2013-01-01 00:00:00,2013-01-01 00:05:00
18,KY,Kentucky,230,Southeast,\N,4395295,1,2013-01-01 00:00:00,2013-01-01 00:05:00
30,NH,New Hampshire,230,New England,\N,1323459,1,2013-01-01 00:00:00,2013-01-01 00:05:00
44,TN,Tennessee,230,Southeast,\N,6495978,1,2013-01-01 00:00:00,2013-01-01 00:05:00
50,WA,Washington,230,Far West,"MULTIPOLYGON (((-123.23714799999999 48.683465999999996, -123.20268 48.590213999999996, -123.141478 48.505291, -123.03915599999999 48.460003, -122.928004 48.439966, -122.874135 48.418195999999995, -122.803521 48.428748, -122.817912 48.483888, -122.779124 48.508911, -122.771206 48.562425999999995, -122.79901 48.604682999999994, -122.743049 48.661991, -122.81843599999999 48.744628999999996, -122.937925 48.790315, -122.979519 48.781701999999996, -123.019699 48.721312, -123.070427 48.699971, -123.23714799999999 48.683465999999996)), ((-124.72583900000001 48.386012, -124.669265 48.296352999999996, -124.690389 48.219744999999996, -124.72172499999999 48.153185, -124.687101 48.098656999999996, -124.685393 48.049237999999995, -124.672427 47.964414, -124.625512 47.887963, -124.613108656052 47.8805724417486, -124.539927 47.836967, -124.471687 47.766906999999996, -124.412106 47.691199, -124.355955 47.545697999999994, -124.353629637196 47.5336096863989, -124.319379 47.355559, -124.236349 47.287287, -124.195893 47.174, -124.18854400000001 47.157858999999995, -124.169113 46.994507999999996, -124.180111 46.926356999999996, -124.138225 46.905533999999996, -124.101232 46.810655999999994, -124.09679666790501 46.794084999999995, -124.080983 46.735003, -123.975157 46.713971, -123.923269 46.672708, -123.960642 46.636364, -124.069583 46.630651, -124.057024 46.493338, -124.064624 46.326899, -124.080671 46.267238999999996, -123.969427 46.291398, -123.954353 46.277001, -123.909306 46.245491, -123.875525 46.239787, -123.806139 46.283587999999995, -123.75956 46.275073, -123.727889051554 46.2913431714029, -123.70076399999999 46.305278, -123.669501 46.266832, -123.547659 46.259108999999995, -123.47964400000001 46.269130999999994, -123.427629 46.229347999999995, -123.430847 46.181827, -123.371433 46.146372, -123.363638047213 46.146241410818696, -123.280166 46.144842999999995, -123.212493591209 46.1710964584003, -123.166414 46.188973, -123.115904 46.185268, -123.004233 46.133823, -122.962681 46.104817, -122.904119 46.083734, -122.856158 46.014469, -122.813998 45.960983999999996, -122.81151 45.912724999999995, -122.785026 45.867698999999995, -122.78808636259501 45.851007454356093, -122.795605 45.81, -122.761451 45.759163, -122.76650788218501 45.7286799902809, -122.774511 45.680437, -122.756443903971 45.662421025087596, -122.738109 45.644138, -122.643907 45.609739, -122.492259 45.583281, -122.43867399999999 45.563584999999996, -122.380302 45.575941, -122.331502 45.548241, -122.262625 45.544321, -122.248892726563 45.550127596046494, -122.183695 45.577695999999996, -122.101675 45.583515999999996, -122.00369 45.61593, -121.951838 45.644951, -121.92396049232201 45.6542788643778, -121.900858 45.662009, -121.867167 45.693276999999995, -121.811304 45.706761, -121.735104 45.694039, -121.668362 45.705082, -121.533106 45.726541, -121.522752643548 45.723463657323393, -121.440520260447 45.6990216106234, -121.423592 45.69399, -121.33777 45.704949, -121.215779 45.671237999999995, -121.183841 45.606441, -121.1222 45.616067, -121.084933 45.647892999999996, -120.943977 45.656445, -120.91399665993 45.6480830605978, -120.895575 45.642945, -120.855674 45.671544999999995, -120.68937 45.715847, -120.652516760194 45.736169730674895, -120.634968 45.745847, -120.591166 45.746547, -120.505863 45.700047999999995, -120.48809818301599 45.6999087098047, -120.40396 45.699248999999995, -120.282156 45.72125, -120.210754 45.725950999999995, -120.141352 45.773151999999996, -120.07015 45.785152, -119.999512898198 45.8116820142995, -119.965744 45.824365, -119.86810375199501 45.8382337241017, -119.802655 45.84753, -119.669877 45.856867, -119.600549 45.919581, -119.571584 45.925456, -119.487829 45.906307, -119.432075703986 45.913216934316004, -119.364396 45.921605, -119.25715 45.939926, -119.12612 45.932859, -119.061462 45.958527, -118.987129 45.999855, -118.67787 46.000935, -118.606789154189 46.000863249791195, -118.36779 46.000622, -117.99691169372701 46.000190598851695, -117.977759532429 46.0001683212899, -117.717852 45.999866, -117.60316425009601 45.9987576454633, -117.48014336037501 45.9975687585827, -117.353928 45.996348999999995, -116.915989 45.995413, -116.942656 46.061, -116.981962 46.084914999999995, -116.935473 46.142447999999995, -116.923958 46.170919999999995, -116.962966 46.19968, -116.96437900000001 46.253282, -116.99726 46.303151, -117.062748 46.353623999999996, -117.035545 46.410011999999995, -117.036614505377 46.4256438359201, -117.039771 46.471779, -117.039777662795 46.5417849920374, -117.039833385647 47.127264990541, -117.039836 47.154734, -117.04015975198601 47.2592720398279, -117.04049059627701 47.3661001523546, -117.041634 47.7353, -117.041306536584 47.9773892920571, -117.041214325944 48.045559375514, -117.041107 48.124904, -117.035289 48.422731999999996, -117.033671 48.656901999999995, -117.03293959476301 48.8465609189364, -117.032351 48.999188, -117.268247 48.999818, -117.42951279956901 49.0003054937906, -117.60732300000001 49.000842999999996, -118.002046 49.000437, -118.196824017009 49.0004068367577, -118.83689846669601 49.0003077150958, -119.132102 49.000262, -119.4577 49.000260999999995, -120.001199 48.999418, -120.376216 49.000704999999996, -120.716604 49.000187999999994, -120.85120232117501 49.0005901822914, -121.12624 49.001411999999995, -121.395543 48.999851, -121.751252 48.997398999999994, -122.098357 49.002145999999996, -122.251063 49.002494, -122.75802 49.002356999999996, -122.821631 48.941368999999995, -122.794018 48.88313, -122.732506 48.838097, -122.720045 48.789195, -122.710177 48.722237, -122.66845474263201 48.639571613539005, -122.642597 48.588339, -122.650307 48.530156, -122.689121 48.476848999999994, -122.66533799999999 48.416453, -122.66698252821601 48.412466992044294, -122.707077 48.315286, -122.752563 48.260061, -122.711508 48.193573, -122.633167 48.163281, -122.59830099999999 48.110616, -122.607342 48.030992, -122.542924 47.996404, -122.546824 47.967214999999996, -122.573745864315 47.9510041672091, -122.616701 47.925138999999994, -122.63410286528 47.9230352997388, -122.651063 47.920984999999995, -122.70129399999999 47.972978999999995, -122.70184 48.016106, -122.698465 48.103102, -122.760448 48.14324, -122.833173 48.134406, -122.910686755725 48.1097997439328, -122.946119 48.098552, -123.004128 48.090516, -123.06621 48.120469, -123.144783 48.175943, -123.23912899999999 48.118217, -123.314578 48.113724999999995, -123.44197199999999 48.124258999999995, -123.551131 48.151382, -123.672445 48.162715, -123.728736 48.162800000000004, -123.880068 48.160621, -124.050734 48.177747, -124.101773 48.216882999999996, -124.25088199999999 48.264773, -124.380874 48.284698999999996, -124.54625899999999 48.353594, -124.653243 48.390691, -124.72583900000001 48.386012)))",6971406,1,2013-01-01 00:01:00,2013-07-01 16:00:00
53,WY,Wyoming,230,Rocky Mountain,"POLYGON ((-111.056888 44.866658, -111.055511 44.725342999999995, -111.05533272919101 44.666262994782294, -111.055208 44.624927, -111.048974 44.474072, -111.049148 44.374925, -111.048452 44.114830999999995, -111.04721938442 43.9834527607018, -111.046515 43.908376, -111.04611 43.687847999999995, -111.045360898267 43.501135521976, -111.044617 43.31572, -111.044143 43.072364, -111.04405380511702 43.0200521708384, -111.043959 42.96445, -111.043564 42.722623999999996, -111.045537886008 42.5131068914245, -111.04708 42.349419999999995, -111.046689 42.001567, -111.045818464842 41.5798449482258, -111.045789 41.565571, -111.04660000000001 41.360692, -111.046636983126 41.2516269562514, -111.046723 40.997959, -110.539819 40.996345999999996, -110.121639 40.997101, -110.048476061713 40.997297311455895, -110.000716736441 40.9974254597082, -109.715409 40.998191, -109.25073499999999 41.001008999999996, -109.050076 41.000659, -108.250649 41.000113999999996, -107.918418289849 41.0012270706441, -107.367443 41.003073, -107.31779575979 41.0028424812322, -106.860377948665 41.0007186292371, -106.321169215914 40.998215011068005, -106.217573 40.997734, -106.190554078709 40.997746612574396, -105.277138 40.998173, -105.27685999403501 40.998172917625894, -104.943371 40.9980741037298, -104.855273 40.998048, -104.497058 41.001805, -104.053249 41.001405999999996, -104.053142 41.114457, -104.052453 41.278202, -104.052287134121 41.3932140001934, -104.052287 41.393307, -104.05263457163299 41.5642757795737, -104.052735 41.613676, -104.052825235239 41.697953853064007, -104.053026 41.885464, -104.052762137092 42.0017182658666, -104.052729 42.016318, -104.052793 42.249962, -104.053107 42.499964, -104.052662191568 42.6117663005415, -104.052586 42.630917, -104.053127 43.000585, -104.053876 43.289801, -104.054684568427 43.477815541711, -104.05479428434701 43.503327530406004, -104.055032 43.558603, -104.055487998451 43.853475998456, -104.055488 43.853477, -104.055416190705 44.1410812067834, -104.055406377826 44.180382874095692, -104.055389 44.249983, -104.055695199261 44.570990377142195, -104.05581 44.691342999999996, -104.057698 44.997431, -105.025266 45.00029, -105.038405006868 45.0002916926792, -105.076606613127 45.0002966141366, -105.848065 45.000395999999995, -106.024877693777 44.9975841606935, -106.263586 44.993787999999995, -106.888773 44.995885, -107.351441 45.001407, -107.91175194152201 45.001544060665793, -107.997353 45.001565, -108.248527738096 45.000629817912795, -108.500679 44.999691, -108.62149349473 44.9996763710215, -109.062262 44.999623, -109.103445 45.005904, -109.574321 45.002631, -109.798687 45.0029205705739, -109.99504999999999 45.003174, -110.32444100000001 44.999156, -110.705272 44.992323999999996, -110.785008 45.002952, -111.044275 45.001345, -111.056888 44.866658))",582658,1,2013-01-01 00:01:00,2013-07-01 16:00:00
10,FL,Florida,230,Southeast,"MULTIPOLYGON (((-81.811692999999991 24.568745, -81.812536 24.545469, -81.685243 24.558676, -81.595334 24.593107, -81.517404 24.621239, -81.44391499999999 24.642677, -81.401889 24.623544, -81.342192 24.637774, -81.243231999999992 24.673997999999997, -81.305054 24.755184999999997, -81.44351 24.813364, -81.571151 24.756353999999998, -81.584599 24.736696, -81.672338 24.699514, -81.751266 24.653516999999997, -81.811692999999991 24.568745)), ((-82.01491 24.543070999999998, -82.028090999999989 24.498715999999998, -81.918855 24.498130999999997, -81.86871099999999 24.58412, -81.983908 24.580682, -82.01491 24.543070999999998)), ((-82.188031 24.574699, -82.179453999999993 24.52947, -82.100757 24.533288, -82.086643 24.590071, -82.144099 24.622481, -82.188031 24.574699)), ((-87.592064 30.951459999999997, -87.634942999999993 30.865857, -87.542267999999993 30.767481, -87.523620999999991 30.738284999999998, -87.442291 30.692660999999998, -87.400189 30.657200999999997, -87.401189 30.604383, -87.43145 30.550251999999997, -87.444722 30.507483999999998, -87.414684999999992 30.457289, -87.366601 30.436643, -87.431784 30.403192999999998, -87.452282 30.344096999999998, -87.518323999999993 30.280434999999997, -87.419859 30.297127999999997, -87.319518 30.317814, -87.267827 30.315479999999997, -87.2297658113648 30.319632929801003, -87.155391999999992 30.327748, -86.9192047498008 30.3689914721225, -86.850625 30.380967, -86.800351351965887 30.3845080873776, -86.632953 30.396299, -86.412076 30.380346, -86.3973796065024 30.3774952804191, -86.222561 30.343584999999997, -86.089963 30.303569, -85.999937 30.27078, -85.996102593976 30.2689013812091, -85.811219 30.17832, -85.69681 30.09689, -85.60117799999999 30.056341999999997, -85.571907 30.026439999999997, -85.487764 29.961226999999997, -85.425956 29.949887999999998, -85.389240033232 29.924114862603698, -85.38472999999999 29.920949, -85.416547999999992 29.842627999999998, -85.40283 29.758782, -85.352615 29.659786999999998, -85.25971899999999 29.681296, -85.2284251330731 29.669559997762004, -85.15731 29.642889999999998, -85.045074 29.586990999999998, -84.876730999999992 29.655758, -84.776953999999989 29.692190999999998, -84.692619 29.763039, -84.604002999999992 29.786020999999998, -84.564976 29.81018, -84.57744 29.887828, -84.535873 29.910092, -84.470323 29.924523999999998, -84.423834 29.902995999999998, -84.349066 29.896811999999997, -84.333745999999991 29.923720999999997, -84.341148833181592 29.9607563361054, -84.341439 29.962208, -84.366115 30.008661999999998, -84.289727 30.057197, -84.20801 30.084775999999998, -84.179149 30.073186999999997, -84.124889 30.090601, -84.0761320719114 30.099089883730098, -84.06299 30.101378, -84.000716 30.096208999999998, -83.992310340478 30.0892687377287, -83.93151 30.039068, -83.788728999999989 29.976982, -83.679218999999989 29.918512999999997, -83.625025999999991 29.856892, -83.583045 29.787307, -83.537645 29.72306, -83.483567 29.698542, -83.414701 29.670536, -83.4141265131585 29.6660652244827, -83.405068 29.59557, -83.401552 29.523291, -83.307828 29.468861, -83.294747 29.437922999999998, -83.240509 29.433177999999998, -83.202446 29.394422, -83.175518 29.34469, -83.169575999999992 29.290354999999998, -83.1659218115864 29.2890918426466, -83.107477 29.268888999999998, -83.074733999999992 29.247975, -83.078986 29.196944, -83.053207 29.130838999999998, -83.01624799999999 29.125370999999998, -82.996144 29.178074, -82.927106999999992 29.168906999999997, -82.827073 29.158424999999998, -82.798875999999993 29.114504, -82.823658999999992 29.098902, -82.759704 29.054191999999997, -82.759378 29.006618999999997, -82.7555738086957 29.0009301182604, -82.723861 28.953505999999997, -82.688864 28.905609, -82.730245 28.850154999999997, -82.713121 28.800283, -82.712373 28.720920999999997, -82.668722 28.695657999999998, -82.668711402144808 28.694303268585198, -82.668149 28.622411, -82.656694 28.544814, -82.665055 28.484434, -82.690795013376089 28.433341925762697, -82.69743299999999 28.420166, -82.73146 28.325075, -82.764102999999992 28.244345, -82.859624 28.174135, -82.859384956033011 28.1721750746045, -82.850881 28.102451, -82.8483940764977 28.0934393779542, -82.828162999999989 28.020129999999998, -82.840882 27.937161999999997, -82.846526 27.854301, -82.790224 27.791603, -82.746223 27.731306, -82.738467 27.678504, -82.733076 27.612972, -82.705017 27.62531, -82.6773573082859 27.6648252754397, -82.652521 27.700307, -82.625019999999992 27.732706, -82.622723 27.779868, -82.6148309802089 27.787897569909596, -82.586519 27.816703, -82.5663804246361 27.836338311914197, -82.553946 27.848461999999998, -82.489848999999992 27.822606999999998, -82.448786 27.810036, -82.43198 27.768092, -82.477638 27.723004, -82.514265 27.705588, -82.552887207063591 27.645447596365496, -82.584628999999993 27.596021, -82.650719999999993 27.523114999999997, -82.719852 27.528933, -82.743017 27.531086, -82.69182099999999 27.437217999999998, -82.648170616859488 27.38972, -82.610581 27.348817, -82.539718999999991 27.254326, -82.45267299999999 27.079359, -82.369201392169089 26.9460810256335, -82.31427699999999 26.858383999999997, -82.2805412776288 26.7893085864431, -82.264682 26.756836, -82.264350999999991 26.698496, -82.245395 26.601094, -82.180717 26.476257, -82.126671 26.436279, -82.075015 26.422058999999997, -82.013913 26.452057999999997, -81.956611 26.452358, -81.923611 26.436657999999998, -81.8464852479618 26.330372048502802, -81.844555 26.327711999999998, -81.808832999999993 26.152245999999998, -81.757463 26.000373999999997, -81.727086 25.907207, -81.67263299999999 25.856654, -81.6402369580568 25.8775375792851, -81.614735 25.893977, -81.472239 25.81693, -81.441864771799189 25.803129028431, -81.38381 25.776750999999997, -81.355986 25.703526, -81.289901 25.673554, -81.240518999999992 25.599041, -81.208201 25.504936999999998, -81.146765 25.407577, -81.148102999999992 25.332793, -81.170907 25.245856999999997, -81.14227799999999 25.183, -81.079859 25.118796999999997, -81.009598 25.125403, -80.91592399999999 25.141301, -80.87545999999999 25.174321, -80.8581700400306 25.177520326526096, -80.812133 25.186038999999997, -80.747745999999992 25.147441, -80.710607 25.15253, -80.650532 25.189097, -80.542391 25.206379, -80.49539399999999 25.199807999999997, -80.500513 25.156674, -80.516571 25.095457, -80.610869 25.006995, -80.847471 24.851753, -81.038907999999992 24.772596, -81.148718 24.710476999999997, -81.103372999999991 24.669463, -80.966245 24.707852, -80.651189 24.866131, -80.496760999999992 24.999323999999998, -80.358183 25.153228, -80.238554999999991 25.326819999999998, -80.232390558930291 25.3370694594127, -80.163156 25.452184, -80.176024 25.521154, -80.234849 25.42196, -80.31036 25.389706999999998, -80.337049 25.465621, -80.313918 25.539164, -80.301464 25.613298999999998, -80.265879 25.658372999999997, -80.229107 25.732509, -80.176915999999991 25.685062, -80.154972 25.66549, -80.129126084386 25.746161665699198, -80.1256942042499 25.756873435063298, -80.123806 25.762767, -80.10995299999999 25.81826, -80.117904 25.915772, -80.1152014262862 25.9713251562163, -80.1150179645 25.975096332267896, -80.109566 26.087165, -80.108708003078888 26.0929595982638, -80.085565 26.249259, -80.0758735733341 26.3209191740488, -80.05036299999999 26.509549, -80.038862999999992 26.569347, -80.03536299999999 26.612346, -80.0355784523748 26.6466551747971, -80.035763 26.676043, -80.032119999999992 26.77153, -80.032362372844688 26.7730330783754, -80.046263 26.859237999999998, -80.083077629755309 26.970533999999997, -80.116772 27.072397, -80.138605 27.111517, -80.153375 27.169307999999997, -80.1980213526587 27.2630088036725, -80.253665 27.37979, -80.316686611620383 27.5573400246076, -80.330956 27.597541, -80.383695 27.740045, -80.4476769492176 27.860513513361003, -80.547675 28.048795, -80.589975 28.177989999999998, -80.604214 28.257732999999998, -80.606873999999991 28.336484, -80.587813 28.410856, -80.525094 28.459453999999997, -80.583884 28.597704999999998, -80.647288 28.677875, -80.7275056700738 28.7911928713227, -80.787021 28.875266, -80.907275 29.064262, -80.96617599999999 29.147959999999998, -81.046678 29.307855999999997, -81.102967351745392 29.426996650452, -81.163581 29.55529, -81.2104095965538 29.6706408057043, -81.256711 29.784692999999997, -81.270442 29.883105999999998, -81.288955 29.91518, -81.3743761280233 30.252931, -81.396407 30.34004, -81.410809 30.482039, -81.426009999999991 30.496738999999998, -81.4289547376433 30.5061830741652, -81.434063999999992 30.522568999999997, -81.443098999999989 30.600938, -81.42742 30.69802, -81.444124 30.709713999999998, -81.507218 30.722935999999997, -81.528280999999993 30.723359, -81.561709999999991 30.715597, -81.633273 30.729602999999997, -81.668283 30.744643999999997, -81.732238 30.749634999999998, -81.763384 30.773820999999998, -81.808543 30.790015999999998, -81.868624 30.792755999999997, -81.902354 30.820819999999998, -81.9059784394064 30.821407341502, -81.943187 30.827437, -81.994992 30.786074, -82.032666999999989 30.750674, -82.041834 30.692373999999997, -82.049528999999993 30.655544, -82.015728 30.601698, -82.018380999999991 30.531176, -82.028232 30.447384999999997, -82.042011 30.403253, -82.040765999999991 30.370144, -82.050982981680889 30.3683677759449, -82.094709 30.360765999999998, -82.143306 30.363377999999997, -82.180043 30.36861, -82.210318 30.424577, -82.200965 30.474427, -82.229427 30.520813999999998, -82.218606999999992 30.564394999999998, -82.418984112178492 30.580916669731497, -82.459581 30.584263999999997, -82.459792435413689 30.584276528306198, -82.584005186419489 30.5916365790876, -82.68952979847279 30.5978892906418, -82.877310999999992 30.609015999999997, -83.131430999999992 30.623575, -83.1366188582036 30.623885944893097, -83.3093471215958 30.6342387666716, -83.3577163136281 30.6371378731342, -83.4489324860331 30.6426051010081, -83.499951 30.645663, -83.6117040588264 30.6515600937086, -83.743729 30.6585269137505, -83.820973 30.662602999999997, -84.007454 30.6720699684692, -84.083753082299992 30.675943397968002, -84.124992999999989 30.678037, -84.285514509039487 30.684809171948004, -84.3807541835525 30.6888271970459, -84.474519 30.692783, -84.812997 30.70965, -84.8634638443825 30.711497014654398, -84.864693 30.711541999999998, -84.91815 30.772081999999997, -84.934283 30.834032999999998, -84.935698 30.878702999999998, -84.983757 30.936984, -85.006062 30.977038999999998, -85.002499 31.000681999999998, -85.031285 31.000646999999997, -85.145958999999991 31.000693, -85.333319 30.999554999999997, -85.4882982889391 30.9979646232873, -85.4980015850895 30.997865049361497, -85.579497576338284 30.9970287484109, -85.749715 30.995282, -85.893632 30.993454999999997, -86.0350381049506 30.9937496073023, -86.1872480489813 30.9940667234622, -86.364973999999989 30.994436999999998, -86.3886446620004 30.9945282152752, -86.563493999999992 30.995202, -86.688240964246091 30.996201890001498, -86.7856919760059 30.9969829935168, -86.83197899999999 30.997353999999998, -86.92785099999999 30.997677999999997, -87.162644 30.999025999999997, -87.16308069276559 30.999024183877598, -87.312205999999989 30.998403999999997, -87.42579099999999 30.998058, -87.519533 30.997552, -87.5988289462621 30.9974221769053, -87.598936999999992 30.997422, -87.592064 30.951459999999997)))",19552860,1,2013-01-01 00:01:00,2013-07-01 16:00:00
7,CT,Connecticut,230,New England,"POLYGON ((-73.695935802169586 41.115255456904094, -73.727775 41.100696, -73.659533 41.017857, -73.659362 41.004034, -73.657374009261389 40.9855248838592, -73.657336 40.985171, -73.595699 41.015995, -73.561968 41.016797, -73.516903 41.038737999999995, -73.468239 41.051347, -73.422164999999993 41.047562, -73.387227 41.058247, -73.354231 41.085639, -73.372295999999992 41.10402, -73.33066 41.109995999999995, -73.297214389349008 41.113668543701195, -73.2698175797685 41.1166768900433, -73.262357999999992 41.117495999999996, -73.20265599999999 41.158096, -73.1728353651274 41.1534422791124, -73.130253 41.146797, -73.108352 41.153718, -73.101173821644508 41.1637262711643, -73.07945 41.194015, -73.020449 41.206396999999996, -72.986246999999992 41.233497, -72.9848408127547 41.234191742814005, -72.9705054154992 41.241274308996296, -72.935645999999991 41.258497, -72.9039337600629 41.2491941344625, -72.881445 41.242596999999996, -72.786142 41.264796, -72.760341 41.241234999999996, -72.690439 41.246697, -72.6543540201512 41.2656263083002, -72.653838 41.265896999999995, -72.598036 41.268698, -72.547235 41.250499, -72.53456489716811 41.2538242743911, -72.472539 41.270103, -72.40593 41.278397999999996, -72.386629 41.261798, -72.348643 41.277446, -72.340012908701908 41.2778492622384, -72.293044 41.280044, -72.235531 41.300413, -72.201422 41.315697, -72.134221 41.299398, -72.094443 41.314164, -72.021898 41.316838, -71.956746999999993 41.329871, -71.886302 41.33641, -71.860513 41.320248, -71.835951 41.353935, -71.839649 41.412119, -71.797682999999992 41.416709, -71.7917190617472 41.545772004335006, -71.7893586727423 41.5968521603427, -71.789356 41.59691, -71.789464590839 41.6400171907069, -71.789677581832009 41.7245680002953, -71.789678 41.724734, -71.792767 41.807001, -71.799241999999992 42.008064999999995, -71.80064999999999 42.023568999999995, -71.8851290556391 42.0250673723308, -71.987326 42.02688, -72.1021584743591 42.0286302254204, -72.135731827659 42.0291419355156, -72.1988410554834 42.030103818253195, -72.317148 42.031907, -72.3974762605243 42.0328161911961, -72.5091808472089 42.034080513691293, -72.528131 42.034295, -72.607933 42.030795, -72.735496 42.036398999999996, -72.766739 42.002995, -72.7747567123884 42.002129385282, -72.81007799999999 41.998315999999996, -72.847141999999991 42.036894, -72.999549 42.038653, -73.00874367105969 42.0389028968511, -73.0534085331407 42.0401168182972, -73.127247107406191 42.0421236358417, -73.231056 42.044945, -73.487314 42.049638, -73.505008 41.823772999999996, -73.517918790638191 41.66672053071, -73.520017 41.641197, -73.529677714301286 41.5271610211283, -73.536969 41.441094, -73.543147346265485 41.376770668297404, -73.5431832079963 41.3763973085168, -73.5433065806917 41.3751128640277, -73.5441511864006 41.366319596244395, -73.550961 41.295421999999995, -73.482709 41.212759999999996, -73.695935802169586 41.115255456904094))",3596080,1,2013-01-01 00:01:00,2013-07-01 16:00:00
1,AL,Alabama,230,Southeast,"POLYGON ((-88.4686624840513 31.893855711615597, -88.468668999999991 31.790722, -88.4636253046849 31.697942371350198, -88.45947799999999 31.621651999999997, -88.4494460690171 31.435836861277597, -88.44865999999999 31.421277, -88.432007 31.114297999999998, -88.4260209637871 30.998281357430297, -88.41246743135919 30.7355974592153, -88.412269999999992 30.731771, -88.403931 30.543359, -88.395023 30.369425, -88.364021999999991 30.388005999999997, -88.311607999999993 30.368907999999998, -88.257764 30.318932999999998, -88.195664 30.321241999999998, -88.136173 30.320729, -88.105699 30.401864999999997, -88.103768 30.500902999999997, -88.081617 30.546317, -88.064898 30.588292, -88.061998 30.644890999999998, -88.008395999999991 30.684956, -87.931069999999991 30.652694, -87.914955999999989 30.585893, -87.901710999999992 30.550879, -87.933354999999992 30.487357, -87.914136 30.446144, -87.865017 30.38345, -87.796717 30.324198, -87.806466 30.279798, -87.893200999999991 30.239237, -87.818867 30.228313999999997, -87.656888 30.249709, -87.518323999999993 30.280434999999997, -87.452282 30.344096999999998, -87.431784 30.403192999999998, -87.366601 30.436643, -87.414684999999992 30.457289, -87.444722 30.507483999999998, -87.43145 30.550251999999997, -87.401189 30.604383, -87.400189 30.657200999999997, -87.442291 30.692660999999998, -87.523620999999991 30.738284999999998, -87.542267999999993 30.767481, -87.634942999999993 30.865857, -87.592064 30.951459999999997, -87.598936999999992 30.997422, -87.5988289462621 30.9974221769053, -87.519533 30.997552, -87.42579099999999 30.998058, -87.312205999999989 30.998403999999997, -87.16308069276559 30.999024183877598, -87.162644 30.999025999999997, -86.92785099999999 30.997677999999997, -86.83197899999999 30.997353999999998, -86.7856919760059 30.9969829935168, -86.688240964246091 30.996201890001498, -86.563493999999992 30.995202, -86.3886446620004 30.9945282152752, -86.364973999999989 30.994436999999998, -86.1872480489813 30.9940667234622, -86.0350381049506 30.9937496073023, -85.893632 30.993454999999997, -85.749715 30.995282, -85.579497576338284 30.9970287484109, -85.4980015850895 30.997865049361497, -85.4882982889391 30.9979646232873, -85.333319 30.999554999999997, -85.145958999999991 31.000693, -85.031285 31.000646999999997, -85.002499 31.000681999999998, -85.011392 31.053545999999997, -85.0211075623628 31.0754638723064, -85.035614999999993 31.108192, -85.10751599999999 31.186450999999998, -85.108192 31.258591, -85.089773999999991 31.295026, -85.088829963530486 31.308647755496597, -85.087929 31.321648, -85.092486999999991 31.362880999999998, -85.06600499999999 31.431362999999997, -85.071621 31.468383999999997, -85.0516814295062 31.519540329141698, -85.041880999999989 31.544684, -85.05796 31.570839999999997, -85.058168999999992 31.620227, -85.12553 31.694965, -85.118929999999992 31.732664, -85.1254405773425 31.7629687034183, -85.1291593155832 31.7802782680766, -85.141831 31.839260999999997, -85.114031 31.893359999999998, -85.067829 31.967357999999997, -85.063590542984684 31.991857, -85.0514111279128 32.062256083622, -85.047063 32.087389, -85.058748999999992 32.136018, -84.997765 32.185445, -84.930127 32.219051, -84.9199421479259 32.2308482009333, -84.891841 32.263397999999995, -84.955704 32.30591, -85.008096 32.336677, -84.983465999999993 32.363186, -84.9811502941337 32.3790400766818, -84.971831 32.442842999999996, -84.9997867563102 32.507066968783704, -85.001130839123689 32.5101547883978, -85.007100000000008 32.523868, -85.069848 32.583146, -85.0760723726048 32.6080674751571, -85.088533 32.657958, -85.11425 32.730447, -85.1245332227506 32.7516296067514, -85.160963 32.826671999999995, -85.184400000000011 32.861317, -85.18611740178919 32.8701382699716, -85.232441 33.108075, -85.232441405187288 33.1080770939336, -85.23659537125279 33.1295440282507, -85.294346864345385 33.4279931463646, -85.3049438332249 33.482756336845505, -85.314048 33.529804999999996, -85.3381162999059 33.653114391601392, -85.360531999999992 33.767956999999996, -85.38667057377279 33.9017014940033, -85.398871 33.964127999999995, -85.398871244842013 33.9641292867795, -85.4210731752288 34.0808126526072, -85.429498999999993 34.125095, -85.463140824775792 34.286190988505496, -85.4751472811043 34.343684657876196, -85.502471 34.474526, -85.513044229273291 34.5239464713237, -85.526894818161011 34.5886856927335, -85.5344052578154 34.623790338435796, -85.561424 34.750079, -85.582812333785284 34.8604354744776, -85.595165 34.924171, -85.605165 34.984677999999995, -85.8639461118069 34.9870308587481, -86.311274 34.991098, -86.3187607654651 34.9910785804428, -86.467798 34.990691999999996, -86.7836280114403 34.9919249219696, -86.783648 34.991925, -86.836286315949508 34.992803004217, -87.2107585799823 34.9990491809997, -87.216682999999989 34.999148, -87.2240536418757 34.9992307419721, -87.60609786765329 35.0035195262043, -87.625025 35.003732, -87.851886 35.005656, -87.9849160436989 35.0059101243258, -88.00003199999999 35.005939, -88.202958999999993 35.008027999999996, -88.200064 34.995633999999995, -88.154617 34.922391999999995, -88.097888 34.892202, -88.13426299999999 34.622659999999996, -88.139559441247386 34.5816967458839, -88.154902184008691 34.46303430044, -88.1732617345949 34.3210395343343, -88.203583495219391 34.086527731468095, -88.207229 34.058333, -88.248387473909489 33.744907594881695, -88.25444499999999 33.698779, -88.2745164707837 33.534001477785196, -88.304442813510391 33.28832, -88.317135 33.184123, -88.3400849921393 32.991264337875, -88.347490247835012 32.9290347868805, -88.37333799999999 32.711825, -88.3892485641243 32.5781223959586, -88.4213122213943 32.308679123011295, -88.428277999999992 32.250143, -88.4311453634628 32.227636234688894, -88.453387763109291 32.053049205419704, -88.46866 31.933173, -88.4686624840513 31.893855711615597))",4833722,1,2013-01-01 00:01:00,2013-07-01 16:00:00
27,MT,Montana,230,Rocky Mountain,"POLYGON ((-116.049193 49.000912, -116.04915652178401 48.5020580011318, -116.049155 48.481246999999996, -116.048948 48.309847, -116.048929189907 48.215838728824295, -116.048911 48.12493, -116.049153 47.999922999999995, -116.03838363298301 47.9843711491626, -116.030751 47.973349, -115.959946 47.898142, -115.900934 47.843064, -115.845474 47.814966999999996, -115.835365 47.760957, -115.72377 47.696670999999995, -115.73627 47.654762, -115.694284 47.623459999999994, -115.72120699999999 47.576322999999995, -115.717024 47.532692999999995, -115.634684 47.48176, -115.69293 47.457237, -115.71034 47.417784, -115.578619 47.367007, -115.531971 47.314121, -115.470959 47.284873, -115.371825 47.265212999999996, -115.326903 47.255911999999995, -115.29211 47.209861, -115.255786 47.174724999999995, -115.189451 47.131032, -115.12091699999999 47.061237, -115.071254 47.022082999999995, -115.031651 46.971548, -114.96142290606801 46.9328938759708, -114.927432 46.914184999999996, -114.943281 46.867971, -114.880588 46.811791, -114.79004 46.778729, -114.76718 46.738828, -114.69900799999999 46.740223, -114.676886766313 46.731861269722, -114.626695 46.712889, -114.621483 46.658142999999995, -114.591208519374 46.6525675185353, -114.547321 46.644484999999996, -114.453239 46.649266, -114.360709 46.669059, -114.335868720224 46.6553523068141, -114.320665 46.646963, -114.331338 46.577780999999995, -114.351655 46.508119, -114.403019 46.498675, -114.384756 46.411784, -114.422458 46.387097, -114.431708 46.310744, -114.441326 46.2738, -114.449819 46.237119, -114.445928 46.173933, -114.514706 46.167725999999995, -114.52130000000001 46.125287, -114.460049 46.097103999999995, -114.480241 46.030325, -114.441185 45.988453, -114.402261 45.961489, -114.413168 45.911479, -114.388243 45.88234, -114.422963 45.855381, -114.517143 45.835992999999995, -114.562509 45.779927, -114.504869 45.722176, -114.499637 45.669035, -114.53577 45.650613, -114.538132 45.606834, -114.523689696904 45.5852016641551, -114.50634099999999 45.559216, -114.45676399999999 45.543983, -114.36852 45.492716, -114.279217 45.480616, -114.251836 45.537811999999995, -114.18647 45.545539, -114.08314899999999 45.603995999999995, -114.014973 45.654008, -114.015633 45.696127, -113.971565 45.700635999999996, -113.948250388839 45.682522123419496, -113.898883 45.644166999999996, -113.861404 45.62366, -113.806729 45.602146, -113.802849 45.523159, -113.759986 45.480734999999996, -113.763368 45.427732, -113.73239 45.385058, -113.735601 45.325264999999995, -113.650064 45.23471, -113.57467 45.128411, -113.510819 45.099902, -113.45197 45.059247, -113.437726 45.006966999999996, -113.448958 44.953544, -113.47457299999999 44.910846, -113.422376 44.842594999999996, -113.37715299999999 44.834858, -113.301508 44.798984999999995, -113.24716599999999 44.82295, -113.131387 44.764738, -113.101154 44.708577999999996, -113.049349 44.62938, -113.061071 44.577329, -113.006828 44.518439, -113.006846 44.471714999999996, -112.951146 44.416699, -112.881769 44.380314999999996, -112.826686496231 44.4052660227435, -112.821896 44.407436, -112.828191 44.442471999999995, -112.735084 44.499159, -112.707815 44.503023, -112.601863 44.491015, -112.473207 44.480027, -112.387389 44.448057999999996, -112.358917 44.528847, -112.286187 44.568472, -112.221698 44.543518999999996, -112.125101 44.528527, -112.034133 44.537715999999996, -111.870504 44.564032999999995, -111.807914 44.511716, -111.704218 44.560204999999996, -111.61712059851601 44.557127727661104, -111.562814 44.555209, -111.519126 44.582916, -111.468833 44.679334999999995, -111.456028784244 44.6969007302102, -111.438793 44.720546, -111.385005 44.755128, -111.37779230117701 44.751523296894, -111.323669 44.724474, -111.26875 44.668279, -111.224161 44.623402, -111.201459 44.575696, -111.143557 44.535731999999996, -111.122654 44.493659, -111.048974 44.474072, -111.055208 44.624927, -111.05533272919101 44.666262994782294, -111.055511 44.725342999999995, -111.056888 44.866658, -111.044275 45.001345, -110.785008 45.002952, -110.705272 44.992323999999996, -110.32444100000001 44.999156, -109.99504999999999 45.003174, -109.798687 45.0029205705739, -109.574321 45.002631, -109.103445 45.005904, -109.062262 44.999623, -108.62149349473 44.9996763710215, -108.500679 44.999691, -108.248527738096 45.000629817912795, -107.997353 45.001565, -107.91175194152201 45.001544060665793, -107.351441 45.001407, -106.888773 44.995885, -106.263586 44.993787999999995, -106.024877693777 44.9975841606935, -105.848065 45.000395999999995, -105.076606613127 45.0002966141366, -105.038405006868 45.0002916926792, -105.025266 45.00029, -104.057698 44.997431, -104.039138 44.99852, -104.039977 45.124987999999995, -104.040135756343 45.212890678963696, -104.040358 45.335946, -104.041764 45.490789, -104.041937 45.557915, -104.042597 45.749998, -104.043776 45.864706999999996, -104.044133130082 45.881975, -104.045443 45.94531, -104.045465958929 46.280188052794195, -104.045469 46.324545, -104.045045 46.509788, -104.045125410809 46.5409289550426, -104.04538495445901 46.641443266584595, -104.04557199999999 46.713881, -104.045542 46.933887, -104.044788 47.12743, -104.04530830986901 47.330127858806, -104.045313 47.331955, -104.044974695468 47.3974605129623, -104.043912 47.603229, -104.042384 47.803256, -104.043933 47.971515, -104.04409321534801 47.9960983555646, -104.04409327282102 47.996107174187095, -104.045692 48.241414999999996, -104.046783107507 48.3894290337239, -104.047555 48.494139999999994, -104.048087568832 48.6340123733986, -104.0489 48.847387, -104.048736 48.999877, -104.543636 48.999541, -104.875527 48.998991, -105.05751393374601 48.999228720476005, -105.265192 48.999500000000005, -105.355888 48.999356999999996, -105.775808 48.999637, -106.050543 48.999207, -106.112107732136 48.99927949069, -106.233987 48.999423, -106.617539 48.999583, -107.179864215574 48.999911632255795, -107.363582 49.000018999999995, -107.441017 48.999362999999995, -107.704696 48.999871999999996, -108.236496519363 48.9995580561897, -108.543194 48.999376999999996, -109.000708 48.999234, -109.250722 49.000011, -109.489690021878 49.000421044522795, -109.500737 49.00044, -110.171595 48.999261999999995, -110.438151 48.999188, -110.531615 48.99839, -110.743205180788 48.998007857205, -111.003916 48.997537, -111.270700774614 48.9972288178842, -111.500812 48.996963, -111.854088 48.998067, -112.14376899999999 48.998917, -112.19358802699 48.99889369344, -113.116356 48.998461999999996, -113.375925 48.998562, -113.692982 48.997631999999996, -113.907487 48.998858, -114.068151640439 48.9993557985845, -114.180211 48.999703, -114.375977 49.00139, -114.678217 49.000724999999996, -114.728211976294 49.0005837064641, -115.207912 48.999227999999995, -115.50101599999999 49.000693999999996, -116.049193 49.000912))",1015165,1,2013-01-01 00:02:00,2013-07-01 16:00:00
45,TX,Texas,230,Southwest,"POLYGON ((-106.623445 31.914033999999997, -106.63588 31.871513999999998, -106.581344 31.813906, -106.528242 31.783147999999997, -106.484642 31.747809, -106.467642 31.759608, -106.41794 31.752008999999997, -106.370139 31.71071, -106.35261099849801 31.6869464165036, -106.303536 31.620413, -106.280811 31.562061999999997, -106.236804 31.513375999999997, -106.175675 31.456279, -106.080258 31.398702, -106.004926 31.392457999999998, -105.996429378287 31.387840129512597, -105.953943 31.364749, -105.938452 31.318735, -105.869353 31.288634, -105.794386 31.20224, -105.773257 31.166897, -105.709491 31.136374999999997, -105.627349 31.098544999999998, -105.579542 31.035396, -105.55743 30.990229, -105.488027 30.943278, -105.399609 30.888941, -105.394242 30.852978999999998, -105.314863 30.816961, -105.21866 30.801567, -105.160153 30.757058999999998, -105.098282 30.718913999999998, -105.06233399999999 30.686303, -105.00124 30.672583, -104.980753891325 30.6288120187883, -104.972071 30.61026, -104.924796 30.604832, -104.889376 30.535144, -104.869872 30.458644999999997, -104.859521 30.390413, -104.824314 30.370465999999997, -104.761634 30.301147999999998, -104.740448 30.259453999999998, -104.702788 30.211736, -104.692094 30.107304, -104.703998 30.02421, -104.685479 29.989943, -104.672327 29.911112, -104.619039 29.844445, -104.565688 29.770462, -104.539761 29.676074, -104.452301 29.603659999999998, -104.371175 29.543063, -104.308813 29.524337, -104.229081 29.48105, -104.181273 29.426264999999997, -104.143692 29.383277999999997, -104.055596 29.33091, -103.975235 29.296017, -103.856893 29.281851999999997, -103.793873010934 29.2592383933486, -103.789034 29.257502, -103.724743 29.19147, -103.660203 29.170934, -103.59236 29.15026, -103.524613 29.120998, -103.463196 29.066822, -103.361998 29.018914, -103.28119 28.982138, -103.227801 28.991532, -103.126748 28.982124, -103.100368 29.026877, -103.076355 29.085721999999997, -103.035683 29.103029, -102.995688 29.161219, -102.917805 29.190697, -102.871347 29.241625, -102.891022 29.287112999999998, -102.871857 29.352093, -102.824564 29.399558, -102.83097 29.444267, -102.808692 29.522319, -102.777531 29.556497, -102.738428 29.621928999999998, -102.693466 29.676506999999997, -102.677192 29.738260999999998, -102.612879 29.748182, -102.551081 29.752357999999997, -102.512687 29.780303, -102.468946 29.779816999999998, -102.392906 29.765569, -102.369522 29.820394999999998, -102.349861 29.862316999999997, -102.31868395458801 29.8721929465015, -102.301381 29.877674, -102.227553 29.843534, -102.161674 29.819487, -102.115682 29.792389999999997, -102.073646 29.786925999999998, -102.021919 29.802491, -101.966167 29.807343, -101.8754 29.794023, -101.809441 29.790160999999998, -101.761619209528 29.778860096722198, -101.714224 29.76766, -101.654578 29.765162999999998, -101.561569 29.794658, -101.503223 29.764581999999997, -101.453499 29.759670999999997, -101.400636 29.738079, -101.367198 29.664040999999997, -101.307332 29.640715999999998, -101.305533 29.577924999999997, -101.254895 29.520342, -101.19272 29.520284999999998, -101.137503 29.473542, -101.060151 29.458661, -100.995607 29.363402999999998, -100.886842 29.307848, -100.848664 29.271421, -100.801867546029 29.232831568098, -100.795681 29.227729999999998, -100.772649 29.168491999999997, -100.727462 29.129123, -100.674656 29.099777, -100.671215189194 29.0835160253445, -100.660208 29.031496999999998, -100.646993 28.957079, -100.627206 28.903734, -100.576846 28.836167999999997, -100.53583 28.805888, -100.533017 28.763279999999998, -100.506701 28.716745, -100.500354 28.661959999999997, -100.448648 28.616774, -100.39727 28.575637, -100.38886 28.515748, -100.368288 28.477196, -100.337059 28.427151, -100.320393 28.362116999999998, -100.287554 28.301092999999998, -100.267604 28.250269, -100.197510055501 28.197000731139898, -100.174413 28.179447999999997, -100.075474 28.124882, -100.028725 28.073117999999997, -99.984923 27.990728999999998, -99.932161 27.96771, -99.917460999999989 27.917973, -99.904384999999991 27.875283999999997, -99.877839999999992 27.824375999999997, -99.844737 27.778809, -99.801650999999993 27.741771, -99.758534 27.717070999999997, -99.704601 27.654954, -99.624515 27.634515, -99.556812 27.614335999999998, -99.530138 27.580206999999998, -99.52832 27.498896, -99.497519 27.500496, -99.495104 27.451518, -99.487521 27.412395999999998, -99.529654 27.306051, -99.487937 27.294940999999998, -99.463309 27.268437, -99.4608257991343 27.2622401970428, -99.445237999999989 27.223340999999998, -99.42998399999999 27.159149, -99.442123 27.106838999999997, -99.44697 27.026025999999998, -99.387367 26.982398999999997, -99.361144 26.928921, -99.3289 26.879761, -99.268613 26.843213, -99.242443999999992 26.788262, -99.208907 26.724760999999997, -99.200521999999992 26.656443, -99.1768160923811 26.5696605553736, -99.171404 26.549847999999997, -99.105031 26.500335, -99.091635 26.476976999999998, -99.110855 26.426278, -99.082001999999989 26.39651, -99.032316 26.412081999999998, -98.958325 26.394056, -98.890965 26.357568999999998, -98.80734799999999 26.369421, -98.779912 26.326542, -98.698855999999992 26.265618999999997, -98.654220999999993 26.23596, -98.613464999999991 26.252028, -98.5933002182792 26.2429363486766, -98.576188 26.235221, -98.503492 26.214798, -98.44253599999999 26.199151, -98.386693999999991 26.157871999999998, -98.3082001170459 26.1130325510287, -98.302979 26.110049999999998, -98.248806 26.073100999999998, -98.204953955592387 26.0587423360004, -98.197046 26.056153, -98.149463 26.055813, -98.091038 26.059168999999997, -98.039239 26.041275, -98.010971 26.063862999999998, -97.944345 26.059621, -97.871186999999992 26.058083, -97.8622815631063 26.057746828440198, -97.795290999999992 26.055218, -97.758838 26.032131, -97.697069 26.023455, -97.644010999999992 26.006614, -97.582565 25.937856999999997, -97.542957 25.920035, -97.496861 25.880058, -97.454726999999991 25.879337, -97.422636 25.840377999999998, -97.372863999999993 25.840117, -97.360081999999991 25.868873999999998, -97.365975999999989 25.902447, -97.338346 25.923125, -97.277163 25.935437999999998, -97.20694499999999 25.960898999999998, -97.156607999999991 25.949022, -97.145567 25.971131999999997, -97.151922 26.017653, -97.15879799999999 26.082659999999997, -97.196935 26.305864999999997, -97.2273802265218 26.4114960053025, -97.253801 26.503163999999998, -97.287541116685787 26.6003398814733, -97.32275 26.701746, -97.366872 26.885581, -97.378697 27.060043999999998, -97.358469 27.234796, -97.346850876955685 27.2779588322095, -97.336121999999989 27.317818, -97.29605699999999 27.427175, -97.257325 27.510644, -97.2229914075318 27.5766073164796, -97.212679 27.59642, -97.14085399999999 27.716687999999998, -97.090735 27.785888, -97.044845999999993 27.834466, -97.0436840836865 27.8365323534718, -97.00332499999999 27.908306999999997, -96.886459 28.030734, -96.8520706227301 28.0598208616046, -96.792158 28.110497, -96.719627 28.164593999999997, -96.63201 28.222821, -96.442849 28.317666, -96.390375999999989 28.381815, -96.378533159286789 28.3898650304879, -96.328817 28.423658999999997, -96.194412 28.502223999999998, -96.000682 28.588237999999997, -95.81250399999999 28.664942, -95.684089 28.734040999999998, -95.588800999999989 28.783168999999997, -95.507037396917 28.8247355121921, -95.439594 28.859022, -95.38239 28.866348, -95.297147 28.934072999999998, -95.191391 29.02309, -95.125134 29.067321, -95.11505050559829 29.0755520224787, -95.026219 29.148063999999998, -94.803694999999991 29.279237, -94.722529999999992 29.331446, -94.73104699999999 29.369141, -94.670389 29.43078, -94.594853 29.467903, -94.500807 29.505367, -94.370815999999991 29.555645988295, -94.3541225449137 29.5621028201748, -94.161549 29.636588, -94.056506 29.671163, -93.961867 29.682212999999997, -93.861291 29.679007, -93.837971 29.690618999999998, -93.863204 29.724058999999997, -93.890821 29.761673, -93.929208 29.802951999999998, -93.872446 29.85165, -93.8523098709223 29.872091004391898, -93.830373999999992 29.894358999999998, -93.807814999999991 29.954549, -93.741078 30.021570999999998, -93.706335762470189 30.0521802415309, -93.703939999999989 30.054291, -93.702435999999992 30.112720999999997, -93.703763999999993 30.173935999999998, -93.713359 30.225261, -93.711062171301 30.243970715640298, -93.70719 30.275513, -93.760328 30.329924, -93.745333 30.397022, -93.738540238226008 30.4022636724808, -93.702665 30.429947, -93.710117 30.506400000000003, -93.72919499999999 30.544842, -93.684328999999991 30.592585999999997, -93.685121 30.625200999999997, -93.629904 30.67994, -93.617688 30.738478999999998, -93.569302999999991 30.802968999999997, -93.558617 30.869424, -93.5545758543455 30.877469501861096, -93.530936 30.924533999999998, -93.549841 30.967118, -93.539526 31.008498, -93.531219 31.051678, -93.540278 31.128867999999997, -93.535097 31.185613999999998, -93.5524973075023 31.184820023446797, -93.6006030873629 31.182624955268796, -93.602443 31.182540999999997, -93.613942 31.259375, -93.67544 31.301039999999997, -93.668146 31.375103, -93.697603 31.428409, -93.749476 31.46869, -93.725924999999989 31.504092, -93.787686999999991 31.527344, -93.834923214477783 31.586210021078003, -93.834924 31.586211, -93.81683799999999 31.622508999999997, -93.803418999999991 31.700685999999997, -93.85338999999999 31.805467, -93.8782518953866 31.844276557245596, -93.909556999999992 31.893144, -93.977460999999991 31.926419, -94.029428406596011 31.979686964168, -94.041833 31.992402, -94.042681 32.137955999999996, -94.0426959237401 32.1960049748249, -94.042739 32.363558999999995, -94.042788232805307 32.3922831932812, -94.043083 32.564261, -94.043051527617592 32.6930299766656, -94.043026 32.797475999999996, -94.0430026215633 32.881088978924, -94.042964 33.019219, -94.042718999999991 33.160291, -94.042945847176 33.2712420841398, -94.043067 33.330498, -94.042988 33.435824, -94.043427999999992 33.551425, -94.043833747801088 33.5517137355856, -94.07267 33.572234, -94.143024 33.577725, -94.18339499999999 33.592211999999996, -94.213605 33.570622, -94.238868 33.576722, -94.303742 33.564485999999995, -94.338422 33.567082, -94.354165 33.556452, -94.388052 33.565511, -94.419057 33.577217, -94.485875 33.637867, -94.528928 33.62184, -94.57287199999999 33.669886, -94.630586 33.673401, -94.714864999999989 33.707260999999995, -94.7319329019959 33.7208305162803, -94.766145999999992 33.748031, -94.841634 33.739430999999996, -94.902276 33.776289, -94.93956 33.810503, -94.98165 33.852284, -95.046568 33.862565, -95.095002 33.904816, -95.149462 33.936336, -95.1559076171075 33.9384823885698, -95.226393 33.961954, -95.25362299999999 33.92971, -95.283445 33.877746, -95.310449795449088 33.8738430381855, -95.352337999999989 33.867789, -95.447369999999992 33.86885, -95.525322 33.885487, -95.556914999999989 33.92702, -95.603657 33.927195, -95.669978 33.905844, -95.737507999999991 33.895967, -95.78963931775229 33.872437384672295, -95.820596 33.858464999999995, -95.844878534070688 33.860421904719, -95.887491 33.863856, -95.935324999999992 33.875099, -96.063924 33.841522999999995, -96.15163 33.831945999999995, -96.173025 33.80056, -96.229023 33.748021, -96.27726899999999 33.769735, -96.307389 33.735005, -96.363135 33.694215, -96.3796608259521 33.715530908566, -96.403506999999991 33.746289, -96.436455 33.780049999999996, -96.502286 33.77346, -96.523862999999992 33.818114, -96.572937 33.819098, -96.592925999999991 33.830916, -96.590111999999991 33.880665, -96.5946743073771 33.8830186573983, -96.659895999999989 33.916666, -96.682103 33.876644999999996, -96.712421999999989 33.831633, -96.776766 33.841975999999995, -96.794276 33.868885999999996, -96.850592999999989 33.847211, -96.897194 33.902954, -96.905253 33.947219, -96.934343303133 33.9455889292528, -96.94461688837049 33.945013250454004, -96.95231299999999 33.944582, -96.988745 33.918468, -96.985566999999989 33.886522, -97.055838 33.855741, -97.078589999999991 33.812756, -97.087852 33.774099, -97.091072 33.735115, -97.149394 33.721967, -97.205652 33.809824, -97.166629 33.847311, -97.206141 33.91428, -97.24618 33.900344, -97.318243 33.865120999999995, -97.372941 33.819454, -97.444193 33.823772999999996, -97.451468999999989 33.87093, -97.4841434385876 33.9138891088909, -97.486505 33.916993999999995, -97.55827 33.897099, -97.561243150221088 33.899061506733, -97.596155 33.922106, -97.609090999999992 33.968092999999996, -97.67177199999999 33.991369999999996, -97.759834 33.92521, -97.803473 33.88019, -97.865765 33.849393, -97.951214999999991 33.878423999999995, -97.951905950855192 33.8912258148573, -97.953695 33.924372999999996, -97.947572 33.991053, -98.005667 33.995964, -98.082838999999993 34.002412, -98.099095999999989 34.048639, -98.099328 34.104295, -98.123376999999991 34.15454, -98.1384860257464 34.1412060197111, -98.169119999999992 34.114171, -98.225281999999993 34.127244999999995, -98.31875 34.146421, -98.364022999999989 34.157109, -98.398440999999991 34.128456, -98.414425999999992 34.085074, -98.423532999999992 34.0819494760059, -98.475066 34.064268999999996, -98.5282 34.094961, -98.577136 34.148962, -98.6103517816447 34.1562099394967, -98.648073 34.164441, -98.690072 34.133154999999995, -98.737231999999992 34.130992, -98.80681 34.155901, -98.87222899999999 34.160446, -98.94022 34.203686, -98.952324887528192 34.2046698986035, -99.002916 34.208782, -99.0588 34.201256, -99.131553 34.209351999999996, -99.189511 34.214312, -99.2116 34.31397, -99.2216079008455 34.3253735743726, -99.27534 34.386599, -99.35040699999999 34.437083, -99.394956 34.442099, -99.420431999999991 34.380463999999996, -99.470969 34.396471, -99.4750221370384 34.3968709897905, -99.58448 34.407672999999996, -99.600026 34.374688, -99.696462 34.381036, -99.764882 34.435266, -99.818186 34.48784, -99.8420638841464 34.5069327688814, -99.929334 34.576713999999996, -99.997629328163 34.5611366245601, -100.000381 34.560508999999996, -100.00038219481601 34.7463605525616, -100.00038402077301 35.030384999999896, -100.000385 35.182702, -100.000388844143 35.4223639883094, -100.000392 35.619115, -100.00039619832901 35.8809479999968, -100.000399 36.055676999999996, -100.000406 36.499702, -100.00376199336802 36.4997018487376, -100.311018 36.499688, -100.54614512609702 36.4995051393038, -100.592614 36.499469, -100.884174 36.499682, -100.95415215769302 36.499529496626195, -101.085156 36.499244, -101.623915 36.499528, -101.826565 36.499654, -102.032339018963 36.5000656730101, -102.162463 36.500326, -103.002434 36.500397, -103.041924 36.500439, -103.040824 36.055231, -103.04135699103901 35.739273912265595, -103.041554 35.622487, -103.042617950565 35.183157259008404, -103.042711 35.144735, -103.042738824614 34.9541008904342, -103.04276899999999 34.747361, -103.043072 34.619782, -103.043946 34.379554999999996, -103.043850301172 34.3127498735079, -103.043835787484 34.302618205455595, -103.04356392051801 34.1128341992324, -103.043516 34.079381999999995, -103.047346 33.824675, -103.05261 33.570599, -103.05649506433801 33.388414214620596, -103.060103 33.219225, -103.063468920895 32.9591038763421, -103.064889 32.849359, -103.064761 32.587983, -103.064696 32.522193, -103.064422 32.145005999999995, -103.064422401106 32.087050999999995, -103.064423 32.000518, -103.326501 32.00037, -103.72285297915501 32.000165583633006, -103.98021347738101 32.0000328513626, -104.024521 32.000009999999996, -104.643526 32.000443, -104.84775700586 32.000464604634, -104.918298182739 32.000472066852105, -105.153994 32.000496999999996, -105.750527 32.002206, -105.997971151664 32.001974590699, -106.200699 32.001785, -106.377166937561 32.0012401203377, -106.618486 32.000495, -106.630114 31.971258, -106.623445 31.914033999999997))",26448193,1,2013-01-01 00:02:00,2013-07-01 16:00:00
40,PR,Puerto Rico (US Territory),230,External,"MULTIPOLYGON (((-65.342068 18.34529, -65.337451 18.308308, -65.28326899999999 18.280214, -65.24125699999999 18.301078, -65.221567999999991 18.320959, -65.255933 18.342117, -65.342068 18.34529)), ((-65.57686 18.103224, -65.542087 18.081177, -65.45138 18.086095999999998, -65.374419 18.108041, -65.291235 18.103469, -65.287962 18.148097, -65.398166 18.161723, -65.50592 18.152604999999998, -65.57686 18.103224)), ((-67.2391283574046 18.373827545192, -67.27135 18.362329, -67.235137 18.299934999999998, -67.2252402484797 18.297984662974002, -67.209963 18.294974, -67.1912212777205 18.2667488840118, -67.158001 18.216718999999998, -67.180754718857 18.1681984717822, -67.180821999999992 18.168055, -67.199314 18.091134999999998, -67.209887 18.035439, -67.211973 17.992993, -67.18345699999999 17.931134999999998, -67.133732999999992 17.951919, -67.1078094342763 17.9516231929024, -67.089827 17.951418, -67.05445499999999 17.973164999999998, -67.014744 17.968467999999998, -66.982205999999991 17.961192, -66.97870064243881 17.9572909420809, -66.955576999999991 17.931556999999998, -66.927261 17.926875, -66.88344 17.952526, -66.858320862140388 17.9510728128512, -66.8579139400858 17.951049271681, -66.838584 17.949931, -66.784953 17.978326, -66.7753589020879 17.9844314338257, -66.758467 17.995181, -66.746248 17.990349, -66.716957 17.990344, -66.6970344469585 17.9819737685972, -66.664391 17.968259, -66.645651 17.980259999999998, -66.583232999999993 17.961229, -66.5405373162362 17.9754758878275, -66.510143 17.985618, -66.4532967534793 17.9801331134818, -66.445481 17.979378999999998, -66.385059 17.939004, -66.33839 17.976458, -66.338139425689093 17.976351457755296, -66.297679 17.959148, -66.243235 17.913769, -66.22053069398 17.9178103809448, -66.15538699999999 17.929406, -66.098627999999991 17.957935, -66.068103401526088 17.945604829644598, -66.041704 17.934941, -66.024 17.975896, -66.0179548341394 17.9749022636095, -65.98455 17.969411, -65.911758521722888 17.9833754940909, -65.884937 17.988521, -65.8509185557852 18.011966436878797, -65.833142 18.024217999999998, -65.809174 18.056818, -65.8029066863755 18.071186, -65.77758399999999 18.129239, -65.758727999999991 18.156601, -65.7333570957557 18.165770472215698, -65.695855999999992 18.179323999999998, -65.6599257449176 18.1915732067306, -65.635280999999992 18.199975, -65.599065 18.212961, -65.588317 18.254257, -65.613949666955 18.293815342204198, -65.624871 18.310669999999998, -65.564931 18.325042, -65.565949 18.358333, -65.586232 18.393383, -65.624022 18.387169999999998, -65.6613516940984 18.389038931363398, -65.718617999999992 18.391906, -65.7417964652894 18.3981817451377, -65.771695 18.406277, -65.827737477559012 18.4255624895091, -65.831476 18.426849, -65.904988 18.450926, -65.99079 18.460418999999998, -65.9928037546563 18.4601715544638, -66.03432184747949 18.455069906798897, -66.03944 18.454441, -66.129260345438709 18.472174589857097, -66.137959 18.473892, -66.186722 18.469732, -66.1958822114694 18.4706537645082, -66.258015 18.476906, -66.3150242736902 18.4747411913405, -66.315477 18.474724, -66.3495033226913 18.4792143103093, -66.420920999999993 18.488639, -66.438950007398887 18.4814929092627, -66.470292 18.46907, -66.5342564453186 18.4794853710095, -66.586254775676792 18.4879522919662, -66.624618 18.494199, -66.733986 18.473457, -66.7655707778363 18.4827960078403, -66.79932 18.492774999999998, -66.836591129039007 18.4911296443528, -66.901566758551709 18.488261257434896, -66.924089 18.487267, -66.956315951859992 18.4939004288703, -67.042276 18.511594, -67.0973034258565 18.5116679163542, -67.125655 18.511706, -67.169011 18.466352, -67.159607999999992 18.415915, -67.1601698778747 18.4155997471433, -67.226744 18.378246999999998, -67.2391283574046 18.373827545192)), ((-67.941222 18.126927, -67.955811 18.074232, -67.885547 18.036472, -67.850633 18.046267999999998, -67.820915 18.084711, -67.846218999999991 18.127575999999998, -67.896293 18.136802, -67.941222 18.126927)))",3474182,1,2013-01-01 00:02:00,2013-07-01 16:00:00
51,WV,West Virginia,230,Southeast,"POLYGON ((-82.598863999999992 38.201007, -82.626182 38.134834999999995, -82.549407 38.063063, -82.464987 37.976859, -82.479420123223 37.9385625246981, -82.487556 37.916975, -82.41869 37.872375, -82.3984648162589 37.8430541504629, -82.369973 37.801749, -82.327356 37.762232999999995, -82.3206749571778 37.745965843459395, -82.296117999999993 37.686174, -82.226111 37.653092, -82.141555 37.595166, -82.064417999999989 37.544516, -81.968296999999993 37.537797999999995, -81.932279 37.511961, -81.98489099999999 37.454315, -81.93695 37.41992, -81.933601 37.389216999999995, -81.896001 37.331967, -81.849949 37.285227, -81.774746999999991 37.274847, -81.744002999999992 37.242528, -81.739055030485488 37.2394971038728, -81.678603 37.202467, -81.560625 37.206663, -81.53307 37.223414, -81.483559 37.250603999999996, -81.427945999999991 37.271015, -81.362156 37.337686999999995, -81.225104 37.234874, -81.112596 37.278497, -80.996012999999991 37.299544999999995, -80.9808452568928 37.3008528161905, -80.919259 37.306163, -80.835478999999992 37.334824, -80.883248 37.383933, -80.865147999999991 37.419927, -80.8581481168198 37.4210069067215, -80.857358570189788 37.421128713999, -80.836446 37.424355, -80.770082 37.372363, -80.664971 37.414215, -80.544835999999989 37.474695, -80.4712829493864 37.4300654988959, -80.46482 37.426144, -80.39988 37.462314, -80.291643999999991 37.536505, -80.28244 37.585481, -80.223385999999991 37.623185, -80.2243032443768 37.623991371170895, -80.29225799999999 37.683732, -80.290033810255011 37.686136458971006, -80.25814299999999 37.720611999999996, -80.218616 37.783291, -80.199632999999992 37.827507, -80.131931 37.889500000000005, -80.055811594589684 37.9518782200979, -80.036236 37.96792, -79.971231 38.044326, -79.9619822726354 38.0636070994933, -79.938952 38.111619, -79.916174 38.184385999999996, -79.850324 38.233329, -79.797013536806887 38.2672681211392, -79.787542 38.273298, -79.804093 38.313922, -79.7346 38.356728, -79.689675 38.431439, -79.691088 38.463744, -79.669128 38.510883, -79.649075 38.591515, -79.54257 38.553217, -79.476638 38.457228, -79.370302 38.427244, -79.3112960655144 38.418454601455, -79.297758 38.416438, -79.231619999999992 38.474041, -79.228255881381884 38.4800395510852, -79.201459 38.527820999999996, -79.15435699999999 38.606518, -79.092955 38.659517, -79.088055 38.690115, -79.057253 38.761413, -79.02305299999999 38.798612999999996, -78.999014 38.840074, -78.869276 38.762991, -78.821167 38.830982, -78.772793 38.893741999999996, -78.681617 38.92584, -78.620453 38.982600999999995, -78.561711 39.009007, -78.5321470036962 39.052941640021196, -78.508132 39.088629999999995, -78.413943 39.158415, -78.428697 39.187217, -78.40498 39.238006, -78.40181299999999 39.276754, -78.34048 39.353491999999996, -78.337133 39.409169, -78.347087 39.466012, -78.2291295342185 39.3906638872041, -78.18737 39.363989, -78.0331852353666 39.2646248420052, -78.0331834609342 39.2646236984747, -78.032840999999991 39.264403, -77.82830183326729 39.1324224548325, -77.82815699999999 39.132329, -77.809125 39.168566999999996, -77.77806799999999 39.229305, -77.719518999999991 39.321314, -77.74593 39.353221, -77.740012 39.401694, -77.798200999999992 39.475719, -77.810943896262188 39.5007391665665, -77.823762 39.525907, -77.829814 39.587288, -77.92598799999999 39.607642, -78.006734 39.601337, -78.027629100173186 39.6206559623441, -78.082259999999991 39.671166, -78.22507499999999 39.658878, -78.31303299999999 39.631001, -78.3327880214991 39.6285275964988, -78.382959 39.622246, -78.438178999999991 39.563524, -78.460951 39.525987, -78.4682695950029 39.5262242704717, -78.590654 39.530192, -78.6550361715467 39.544382241083696, -78.707098 39.555856999999996, -78.739049999999992 39.609697, -78.77114 39.638387, -78.851016 39.554044, -78.942618 39.479614, -78.956751 39.440264, -79.035623 39.473344, -79.0678255734734 39.4728023382159, -79.091329 39.472407, -79.166496999999993 39.400887999999995, -79.262392117176091 39.3262438284674, -79.283723 39.30964, -79.353749999999991 39.278039, -79.424413 39.228170999999996, -79.486873 39.205960999999995, -79.484372 39.344300000000004, -79.482366 39.531689, -79.47666199999999 39.721078, -79.763774 39.720776, -79.9160173560378 39.7210559335188, -80.0417020128105 39.721287032918795, -80.075947 39.72135, -80.421388 39.721188999999995, -80.519342 39.721402999999995, -80.5191607943145 39.962200052521894, -80.51912 40.01641, -80.5190843704566 40.159671995118096, -80.519038999999992 40.342101, -80.5190296911941 40.3996410563407, -80.519017117347389 40.477363146237096, -80.518991 40.638801, -80.583632999999992 40.61552, -80.62717099999999 40.619935999999996, -80.667957 40.582496, -80.622194999999991 40.520497, -80.604895 40.446667, -80.6273626299369 40.3951709330172, -80.631596 40.385467999999996, -80.606596 40.303869, -80.644598 40.25127, -80.684173210708 40.1870179733507, -80.702667728503386 40.156991342310796, -80.70599399999999 40.151590999999996, -80.736803999999992 40.080072, -80.7382184399836 40.0335432260784, -80.740125999999989 39.970793, -80.764479 39.95025, -80.803394 39.918762, -80.8234381047859 39.8500320873964, -80.824276 39.847159, -80.824969 39.801092, -80.869933 39.763555, -80.8355216930075 39.7192518022001, -80.829764 39.711839, -80.865574999999993 39.662751, -80.943782 39.606926, -81.037365041987087 39.5380557124726, -81.075949999999992 39.50966, -81.1212738561078 39.4576974138893, -81.12853299999999 39.449374999999996, -81.185946 39.430731, -81.249088 39.389992, -81.347567 39.34577, -81.3703898088263 39.3487006724034, -81.393794 39.351706, -81.412706 39.394618, -81.456143 39.409273999999996, -81.503188999999992 39.373242, -81.559647 39.330774, -81.565247 39.276174999999995, -81.613896 39.275338999999995, -81.678331 39.273755, -81.71162799999999 39.219228, -81.7214681391725 39.2109608092037, -81.752754 39.184675999999996, -81.7522970367401 39.181034747405896, -81.742953 39.106578, -81.7502668434263 39.1040311930998, -81.807854999999989 39.083977999999995, -81.793303999999992 39.040352999999996, -81.775734 38.980737, -81.827354 38.945898, -81.89847 38.929603, -81.941829 38.993294999999996, -82.007061999999991 39.029578, -82.041563 39.017877999999996, -82.089064999999991 38.975978, -82.0988666505543 38.960879284493295, -82.134766 38.905578999999996, -82.16157 38.824632, -82.20929 38.802672, -82.201537 38.760372, -82.185566999999992 38.659583, -82.175167 38.608484, -82.218966999999992 38.591682999999996, -82.27427 38.593683, -82.2821333440281 38.579860796403494, -82.29327099999999 38.560283, -82.304223 38.496308, -82.323999 38.449267999999996, -82.381773 38.434782999999996, -82.447076 38.426981999999995, -82.5089669497313 38.4146439126517, -82.560664 38.404337999999996, -82.593673 38.421808999999996, -82.5959642645 38.380889761715494, -82.597979 38.344909, -82.571877 38.315781, -82.581796 38.248591999999995, -82.5846938141256 38.2405129933697, -82.598863999999992 38.201007))",1854304,1,2013-01-01 00:02:00,2013-07-01 16:00:00
33,NY,New York,230,Mideast,"MULTIPOLYGON (((-72.018926 41.274114, -72.034753999999992 41.234818, -71.917281 41.251332999999995, -71.926802 41.290122, -72.018926 41.274114)), ((-79.761951 42.26986, -79.762121999999991 42.131246, -79.761313 41.998808, -79.6108357749867 41.998519904108392, -79.472472 41.998255, -79.0612644031599 41.998838109911006, -78.983065 41.998948999999996, -78.9188573636152 41.9991031986894, -78.59665 41.999877, -78.3081289604466 41.9990711347414, -78.271204 41.998968, -78.2066030378582 41.9990883057576, -78.031177 41.999415, -77.83203 41.998523999999996, -77.749930925127288 41.998755440329, -77.610020114476 41.9991498540796, -77.007635 42.000848, -76.9657287594267 42.000783395046895, -76.9268463629543 42.0007234518172, -76.558118 42.000155, -76.557624143569385 42.0001487163417, -76.473030885808 41.999072381007004, -76.462155 41.998934, -76.1455189947821 41.998866463308005, -76.10584 41.998858, -75.870677 41.998827999999996, -75.5531125390951 41.9992952284735, -75.4831492709589 41.9993981645227, -75.477144 41.999407, -75.3598599291505 41.9936858889046, -75.341124999999991 41.992771999999995, -75.291761999999991 41.947092, -75.263004999999993 41.885109, -75.190203 41.862454, -75.1466648992859 41.8501259301463, -75.113368999999992 41.840697999999996, -75.074412 41.802191, -75.053431 41.752538, -75.049281 41.641861999999996, -75.046198605911684 41.6037640199027, -75.04387899999999 41.575094, -74.982463 41.496466999999996, -74.890357999999992 41.455324, -74.799545999999992 41.43129, -74.7562718347252 41.4276274285434, -74.734893 41.425818, -74.694914 41.357423, -74.457584 41.248225, -74.3664799009369 41.2039400580613, -74.301994 41.172594, -74.234473 41.142883, -74.2134073388581 41.1337567141884, -74.041054 41.059087999999996, -73.8939818600359 40.9971982035389, -73.893979 40.997197, -73.90728 40.951498, -73.9204715293794 40.918606332041008, -73.9220222512257 40.914739772933295, -73.934892580960692 40.8826489819421, -73.938081 40.874699, -73.9474845690832 40.8577734532874, -73.9658345170463 40.8247452595586, -73.968082 40.8207, -73.9712080182824 40.816315626320893, -73.984716329084591 40.7973696455299, -74.013784 40.756600999999996, -74.0234915337321 40.737453165487295, -74.0254645573852 40.733561432381805, -74.030927085683786 40.7227867504936, -74.0411562443035 40.7026100257088, -74.046966591833012 40.6911492802686, -74.047313 40.690466, -74.067720330319 40.6703805942446, -74.0709435377153 40.667208232775593, -74.086806 40.651596, -74.1601467831532 40.6460765164448, -74.170611 40.645289, -74.2001229019911 40.631868901945694, -74.202247 40.630902999999996, -74.203688 40.592690999999995, -74.216839 40.558617999999996, -74.249211 40.545063999999996, -74.260611 40.502435999999996, -74.199923 40.511728999999995, -74.112585 40.547602999999995, -74.057316 40.597546, -74.0379705239158 40.589570866339493, -74.036557654454 40.5889884137416, -73.991346 40.57035, -73.973791770244588 40.5608547025179, -73.940591 40.542896, -73.825494001131091 40.5761495789939, -73.774928 40.590759, -73.7506217216563 40.5893197671277, -73.640902 40.582823, -73.507325 40.593410999999996, -73.484868394347089 40.5987548537602, -73.4239766175572 40.6132448775595, -73.35146499999999 40.630500000000005, -73.306395999999992 40.620756, -73.20844 40.630883999999995, -73.146080869210792 40.646407968101293, -73.012545 40.679651, -72.923214 40.713282, -72.757176 40.764371, -72.39585 40.866659999999996, -72.298727 40.903151, -72.097369 40.95888, -71.936977 41.006136999999995, -71.856214 41.070598, -71.919384999999991 41.080517, -71.959595 41.071236999999996, -72.051928 41.020506, -72.095711 41.05402, -72.084206999999992 41.101524, -72.126704 41.115139, -72.162898 41.053187, -72.217475999999991 41.040611, -72.283093 41.067873999999996, -72.254704 41.110852, -72.18203299999999 41.178345, -72.189163 41.193549, -72.291108999999992 41.155874, -72.354123 41.139952, -72.389809 41.108304, -72.445242 41.086116, -72.504305 41.043329, -72.585326999999992 40.997586999999996, -72.708069 40.977851, -72.859831 40.966088, -73.040444999999991 40.964498, -73.110368 40.971938, -73.144673 40.955842, -73.148994 40.928898, -73.22928499999999 40.905121, -73.235826122872609 40.9066894596956, -73.33136 40.929597, -73.392862 40.955297, -73.436664 40.934897, -73.485365 40.946397, -73.497351038626292 40.923182273294394, -73.499940999999993 40.918166, -73.617571 40.897898, -73.654372 40.878198999999995, -73.713674 40.870098999999996, -73.7411972449486 40.8758545928374, -73.766275999999991 40.881099, -73.756776 40.912599, -73.697974 40.939598, -73.657336 40.985171, -73.657374009261389 40.9855248838592, -73.659362 41.004034, -73.659533 41.017857, -73.727775 41.100696, -73.695935802169586 41.115255456904094, -73.482709 41.212759999999996, -73.550961 41.295421999999995, -73.5441511864006 41.366319596244395, -73.5433065806917 41.3751128640277, -73.5431832079963 41.3763973085168, -73.543147346265485 41.376770668297404, -73.536969 41.441094, -73.529677714301286 41.5271610211283, -73.520017 41.641197, -73.517918790638191 41.66672053071, -73.505008 41.823772999999996, -73.487314 42.049638, -73.4896678833378 42.0537765084476, -73.508141999999992 42.086256999999996, -73.410647401743 42.351738146023294, -73.3835563469972 42.4255080203494, -73.352527 42.510002, -73.30700407618059 42.6326534514115, -73.264957 42.74594, -73.290944 42.801919999999996, -73.278673 42.83341, -73.273832807021009 42.943631747526496, -73.270008731163585 43.0307142926875, -73.26978 43.035923, -73.2553558380576 43.3147123986, -73.252832 43.363493, -73.242042 43.534925, -73.292113 43.584509, -73.327702 43.625913, -73.395766999999992 43.568087, -73.424977 43.598774999999996, -73.414546 43.658209, -73.393723 43.699200000000005, -73.3611071516843 43.7532334572839, -73.350707 43.770463, -73.3825261495399 43.8081589885495, -73.390301999999991 43.817371, -73.374051 43.875563, -73.407742 43.929887, -73.411248 43.975595999999996, -73.405977 44.011485, -73.43688 44.042578, -73.416319 44.099422, -73.3998685693645 44.1524856476917, -73.395399 44.166903, -73.34988899999999 44.230356, -73.316617999999991 44.257768999999996, -73.3174559746651 44.263522189876795, -73.324229 44.310023, -73.334637 44.356877, -73.320954 44.382669, -73.293613 44.440559, -73.312871 44.507245999999995, -73.3479832324265 44.546162853597004, -73.3626828127438 44.5624552216867, -73.367274999999992 44.567544999999996, -73.389966 44.61962, -73.36556 44.700297, -73.357671 44.751017999999995, -73.33443 44.802188, -73.34201248395 44.808075538661, -73.365678 44.826451, -73.37982199999999 44.857037, -73.338979 44.917680999999995, -73.34474 44.970468, -73.343124 45.010839999999995, -73.639718 45.003464, -73.874597 45.001222999999996, -74.02743141336849 44.997365359239694, -74.234135999999992 44.992148, -74.436934 44.996176999999996, -74.611048 44.999203, -74.6447393198257 44.9970275604167, -74.725813431619 44.9917926265259, -74.74463999999999 44.990576999999995, -74.834668999999991 45.014683, -74.907956 44.983359, -74.992756 44.977449, -75.005155 44.958402, -75.066245 44.930174, -75.142958 44.900237, -75.255517 44.857651, -75.333744 44.806377999999995, -75.423943 44.756329, -75.567413 44.658708999999995, -75.76623 44.515851, -75.807778 44.471644, -75.834126 44.422433, -75.8612711928347 44.4051920135031, -75.94954 44.349129, -76.000998 44.347533999999996, -76.097351 44.299547, -76.161833 44.280777, -76.164265 44.239602999999995, -76.206777 44.214543, -76.286547 44.203773, -76.334583999999992 44.164944999999996, -76.355679 44.133258, -76.370706 44.100499, -76.361836 44.072721, -76.37556 44.031535999999996, -76.307673999999992 44.025276999999996, -76.279314 43.972462, -76.412138 43.925675999999996, -76.441848 43.882864, -76.361037 43.872585, -76.296758 43.857079, -76.22926799999999 43.804134999999995, -76.213205 43.753513, -76.2014825473857 43.6802859602237, -76.196596 43.649761, -76.203473 43.574978, -76.235834 43.529256, -76.319701 43.512274999999995, -76.368849 43.525822, -76.370942837669 43.5256270615303, -76.417581 43.521285, -76.515881999999991 43.471136, -76.6172137325776 43.4201755544656, -76.630774 43.413356, -76.684856 43.352691, -76.7220025657128 43.337580195981396, -76.769025 43.318452, -76.841675 43.305399, -76.952174 43.270692, -76.999691 43.271456, -77.130428999999992 43.285635, -77.264176999999989 43.277363, -77.341092 43.280660999999995, -77.376051995953389 43.274033763487, -77.50092 43.250363, -77.551022 43.235763, -77.660359 43.282998, -77.76023099999999 43.341161, -77.808263409607193 43.3432076368983, -77.816532999999993 43.34356, -77.994838 43.365258999999995, -77.9955897949384 43.3653102556776, -78.145195 43.37551, -78.329374 43.373149, -78.465551187596091 43.3708954221664, -78.547395 43.369541, -78.834060999999991 43.317555, -79.070469 43.262454, -79.052867999999989 43.222054, -79.044567 43.153255, -79.0552524409396 43.133812266617, -79.060206 43.124798999999996, -79.074467 43.077855, -79.0195778848943 43.0662964678904, -79.018245999999991 43.066016, -79.00545 43.057231, -79.019964 42.994755999999995, -78.961761 42.957755999999996, -78.927956999999992 42.952922, -78.909159 42.933257, -78.912458 42.886556999999996, -78.882556999999991 42.867258, -78.865656 42.826758, -78.85688499234989 42.8052919998773, -78.851355 42.791758, -78.904843 42.746120999999995, -78.972377999999992 42.715990999999995, -79.048859999999991 42.689158, -79.06376 42.644757999999996, -79.111361 42.613358, -79.1359444040216 42.5691787099736, -79.13856899999999 42.564462, -79.193232 42.545881, -79.283363999999992 42.511227999999996, -79.381942999999993 42.466491, -79.453533 42.411156999999996, -79.627484 42.324686, -79.761951 42.26986)))",19651127,1,2013-01-01 00:02:00,2013-07-01 16:00:00
38,OR,Oregon,230,Far West,"POLYGON ((-124.552441 42.840568, -124.510017 42.734746, -124.448418 42.689909, -124.45074 42.675798, -124.413119 42.657934, -124.40091799999999 42.597518, -124.39906500000001 42.539927999999996, -124.435105 42.440163, -124.425554 42.351873999999995, -124.410556 42.307431, -124.410982 42.250547, -124.383633 42.22716, -124.361009 42.180752, -124.351535 42.129796, -124.314289 42.067864, -124.270464 42.045553, -124.21160499999999 41.99846, -124.001188 41.996145999999996, -123.82144300823501 41.995619073893195, -123.656998 41.995137, -123.51911283680401 41.9991725180329, -123.43477 42.001641, -123.347562 41.999108, -123.23073045581602 42.004983681544793, -123.145959 42.009246999999995, -123.045254 42.003049, -122.80008 42.004070999999996, -122.501135 42.00846, -122.28953301638 42.007764019788496, -122.28952699999999 42.007763999999995, -122.101922 42.005766, -121.846712 42.00307, -121.675348 42.000350999999995, -121.447540292921 41.9971900373641, -121.43961 41.99708, -121.251099 41.997569999999996, -121.035195 41.993323, -120.879480693164 41.9934837193058, -120.692219 41.993677, -120.501069 41.993784999999995, -120.181563 41.994588, -119.999168 41.99454, -119.72573 41.996296, -119.36018093064601 41.9940926034451, -119.324182851599 41.9938756201452, -119.20828 41.993176999999996, -119.001022 41.993793, -118.775869 41.992692, -118.501002 41.995446, -118.197189 41.996995, -117.873467 41.998335, -117.62373099999999 41.998467, -117.403613 41.999289999999995, -117.197798 42.00038, -117.026197 41.99989, -117.026551 42.378557, -117.026253 42.807446999999996, -117.026652 43.025127999999995, -117.026889 43.596033, -117.025662156147 43.680407407973092, -117.023577 43.823811, -116.98554503849 43.881184852813796, -116.976024 43.895548, -116.95987099999999 43.982924999999994, -116.937342 44.029376, -116.977351 44.085364, -116.897908995399 44.1526204089799, -116.895931 44.154295, -116.90275199999999 44.179466999999995, -116.965498 44.194126, -116.971958 44.235676999999995, -117.059352 44.237244, -117.121037 44.277584999999995, -117.170342 44.25889, -117.216974 44.288357, -117.212011088541 44.296425763197696, -117.192203 44.32863, -117.216911 44.360163, -117.243027 44.390974, -117.21507199999999 44.427161999999996, -117.225932 44.479389, -117.167187 44.523430999999995, -117.14293 44.557235999999996, -117.094968 44.652010999999995, -117.062273 44.727143, -117.013802 44.756841, -116.93180000000001 44.787181, -116.889302026563 44.840521193616794, -116.865338 44.870599, -116.833632 44.928976, -116.858313 44.978761, -116.841314 45.030907, -116.78371 45.076972, -116.782787410113 45.078146384209596, -116.754643 45.113972, -116.696047 45.254678999999996, -116.690831152241 45.269221414357396, -116.67464799999999 45.314341999999996, -116.588195 45.44292, -116.502756 45.566607999999995, -116.463504 45.615784999999995, -116.528272 45.681473, -116.535698 45.734231, -116.59300400000001 45.778541, -116.665344 45.781997999999994, -116.736268 45.826178999999996, -116.78752 45.840204, -116.799204532501 45.8510454354829, -116.85979499999999 45.907264, -116.886843 45.958617, -116.915989 45.995413, -117.353928 45.996348999999995, -117.48014336037501 45.9975687585827, -117.60316425009601 45.9987576454633, -117.717852 45.999866, -117.977759532429 46.0001683212899, -117.99691169372701 46.000190598851695, -118.36779 46.000622, -118.606789154189 46.000863249791195, -118.67787 46.000935, -118.987129 45.999855, -119.061462 45.958527, -119.12612 45.932859, -119.25715 45.939926, -119.364396 45.921605, -119.432075703986 45.913216934316004, -119.487829 45.906307, -119.571584 45.925456, -119.600549 45.919581, -119.669877 45.856867, -119.802655 45.84753, -119.86810375199501 45.8382337241017, -119.965744 45.824365, -119.999512898198 45.8116820142995, -120.07015 45.785152, -120.141352 45.773151999999996, -120.210754 45.725950999999995, -120.282156 45.72125, -120.40396 45.699248999999995, -120.48809818301599 45.6999087098047, -120.505863 45.700047999999995, -120.591166 45.746547, -120.634968 45.745847, -120.652516760194 45.736169730674895, -120.68937 45.715847, -120.855674 45.671544999999995, -120.895575 45.642945, -120.91399665993 45.6480830605978, -120.943977 45.656445, -121.084933 45.647892999999996, -121.1222 45.616067, -121.183841 45.606441, -121.215779 45.671237999999995, -121.33777 45.704949, -121.423592 45.69399, -121.440520260447 45.6990216106234, -121.522752643548 45.723463657323393, -121.533106 45.726541, -121.668362 45.705082, -121.735104 45.694039, -121.811304 45.706761, -121.867167 45.693276999999995, -121.900858 45.662009, -121.92396049232201 45.6542788643778, -121.951838 45.644951, -122.00369 45.61593, -122.101675 45.583515999999996, -122.183695 45.577695999999996, -122.248892726563 45.550127596046494, -122.262625 45.544321, -122.331502 45.548241, -122.380302 45.575941, -122.43867399999999 45.563584999999996, -122.492259 45.583281, -122.643907 45.609739, -122.738109 45.644138, -122.756443903971 45.662421025087596, -122.774511 45.680437, -122.76650788218501 45.7286799902809, -122.761451 45.759163, -122.795605 45.81, -122.78808636259501 45.851007454356093, -122.785026 45.867698999999995, -122.81151 45.912724999999995, -122.813998 45.960983999999996, -122.856158 46.014469, -122.904119 46.083734, -122.962681 46.104817, -123.004233 46.133823, -123.115904 46.185268, -123.166414 46.188973, -123.212493591209 46.1710964584003, -123.280166 46.144842999999995, -123.363638047213 46.146241410818696, -123.371433 46.146372, -123.430847 46.181827, -123.427629 46.229347999999995, -123.47964400000001 46.269130999999994, -123.547659 46.259108999999995, -123.586205 46.228654, -123.660868 46.216296, -123.718149 46.188989, -123.757589 46.213001, -123.838801 46.192211, -123.912405 46.179449999999996, -123.998052 46.235327, -124.041128 46.197672, -123.95919 46.141675, -123.92933 46.041978, -123.937471 45.977306, -123.993703 45.946431, -123.96763 45.907807, -123.961544 45.837101, -123.966265591843 45.7832308592446, -123.968563 45.757019, -123.939448 45.708794999999995, -123.939005 45.661922999999994, -123.94755599999999 45.564878, -123.976544 45.489733, -123.960557 45.430778, -123.979715 45.347724, -123.962887 45.280218, -123.97291899999999 45.216784, -123.975425 45.145475999999995, -124.00977 45.047266, -124.010112216468 45.0448949878482, -124.023834 44.949825, -124.063155 44.835333, -124.074066 44.798106999999995, -124.063406 44.703177, -124.065008 44.632504, -124.083601 44.501123, -124.084401 44.415611, -124.1152 44.286486, -124.114378329366 44.276296372486392, -124.111054 44.235071, -124.122406 44.104442, -124.150267 43.910849999999996, -124.160253361247 43.8635021890173, -124.193455 43.706084999999995, -124.219221792497 43.6103218178744, -124.23353399999999 43.55713, -124.286896 43.436296, -124.353332 43.342667, -124.400404 43.302121, -124.38246 43.270167, -124.395607 43.223908, -124.41139 43.159853, -124.43619799999999 43.071312, -124.479640370978 42.954970145652794, -124.480938 42.951495, -124.552441 42.840568))",3930065,1,2013-01-01 00:03:00,2013-07-01 16:00:00
32,NM,New Mexico,230,Southwest,"POLYGON ((-109.049195 31.796550999999997, -109.050044 31.332501999999998, -108.861028 31.332314999999998, -108.707657 31.333191, -108.208573 31.333395, -108.208572 31.499741999999998, -108.208394 31.783599, -107.422246 31.783599, -107.296824990412 31.78362533039, -106.993544 31.783689, -106.531731 31.78391, -106.528242 31.783147999999997, -106.581344 31.813906, -106.63588 31.871513999999998, -106.623445 31.914033999999997, -106.630114 31.971258, -106.618486 32.000495, -106.377166937561 32.0012401203377, -106.200699 32.001785, -105.997971151664 32.001974590699, -105.750527 32.002206, -105.153994 32.000496999999996, -104.918298182739 32.000472066852105, -104.84775700586 32.000464604634, -104.643526 32.000443, -104.024521 32.000009999999996, -103.98021347738101 32.0000328513626, -103.72285297915501 32.000165583633006, -103.326501 32.00037, -103.064423 32.000518, -103.064422401106 32.087050999999995, -103.064422 32.145005999999995, -103.064696 32.522193, -103.064761 32.587983, -103.064889 32.849359, -103.063468920895 32.9591038763421, -103.060103 33.219225, -103.05649506433801 33.388414214620596, -103.05261 33.570599, -103.047346 33.824675, -103.043516 34.079381999999995, -103.04356392051801 34.1128341992324, -103.043835787484 34.302618205455595, -103.043850301172 34.3127498735079, -103.043946 34.379554999999996, -103.043072 34.619782, -103.04276899999999 34.747361, -103.042738824614 34.9541008904342, -103.042711 35.144735, -103.042617950565 35.183157259008404, -103.041554 35.622487, -103.04135699103901 35.739273912265595, -103.040824 36.055231, -103.041924 36.500439, -103.002434 36.500397, -103.002188 36.602716, -103.002518 36.675186, -103.001964 36.909573, -103.002199 37.000104, -103.086104858531 36.999864350301692, -103.733247 36.998016, -104.007854849944 36.9959840544537, -104.338833 36.993535, -104.732031 36.993446999999996, -105.1208 36.995428, -105.155042748048 36.995474445610604, -105.220612465075 36.9955633819758, -105.251296 36.995605, -105.41931 36.995855999999996, -105.533922 36.995875, -105.716471 36.995849, -105.718469683991 36.995845927301005, -105.997472 36.995416999999996, -106.006634146072 36.9953855377332, -106.343139 36.99423, -106.47623909537701 36.9937740816849, -106.869796 36.992426, -106.877292 37.000139, -107.420913 37.000005, -107.42091500003501 37.000004999986196, -107.481736999997 37.0000045803143, -108.000623 37.000001, -108.37925730447002 36.9995647389042, -108.62030899999999 36.999286999999995, -109.045223 36.999083999999996, -109.045433 36.874589, -109.045729 36.117028, -109.045871619849 36.0023384351079, -109.046024 35.8798, -109.046296 35.614250999999996, -109.046796 35.363606, -109.046353967524 35.1746836584714, -109.045851 34.959717999999995, -109.04613893530201 34.5792910941463, -109.046182 34.522393, -109.046426 33.875052, -109.04660745785901 33.7782323711321, -109.047298 33.409783, -109.047237 33.208965, -109.047117 32.77757, -109.047117001409 32.777569000002, -109.047612 32.426376999999995, -109.048296 32.084092999999996, -109.049195 31.796550999999997))",2085287,1,2013-01-01 00:03:00,2013-07-01 16:00:00
16,IA,Iowa,230,Plains,"POLYGON ((-96.621874999999989 42.779255, -96.624704 42.725497, -96.591602 42.688081, -96.526766 42.641183999999996, -96.480022817364087 42.5613253546748, -96.476952 42.556079, -96.49297 42.517282, -96.477454 42.509589, -96.44550799999999 42.490629999999996, -96.381306999999993 42.461694, -96.411808 42.410894, -96.407997999999992 42.337407999999996, -96.351957192496 42.280894704543293, -96.336002999999991 42.264806, -96.336323 42.218922, -96.3372160947059 42.214849506895604, -96.347752 42.166806, -96.2689 42.113589999999995, -96.272877 42.047238, -96.223610999999991 42.022652, -96.132537 41.974624999999996, -96.159098 41.910056999999995, -96.1268212534654 41.8660952477016, -96.107911 41.840339, -96.064537 41.793002, -96.087600000000009 41.72218, -96.107937871746486 41.6765089897621, -96.111482999999993 41.668548, -96.118105 41.613495, -96.09182 41.561085999999996, -96.08049299999999 41.528199, -96.005079 41.544004, -95.9940203930119 41.5068906409415, -95.982962 41.469778, -95.922529 41.455766, -95.9273362423201 41.3899879374596, -95.928789999999992 41.370096, -95.925689999999989 41.322196999999996, -95.890152 41.278307999999996, -95.911391 41.237998, -95.9099084912548 41.1912828508279, -95.90969 41.184398, -95.856788 41.187098, -95.8618980682094 41.1603023482127, -95.868687999999992 41.124697999999995, -95.863839 41.083507, -95.8647847640853 41.0528455046135, -95.865878 41.017403, -95.828329 40.972378, -95.837774 40.924712, -95.8187272785699 40.8979480664065, -95.810708999999989 40.886680999999996, -95.841309 40.845604, -95.8342438167144 40.7837843870431, -95.834156 40.783015999999996, -95.888697 40.736292, -95.846033999999989 40.682604999999995, -95.781909 40.653272, -95.748626 40.603355, -95.765644999999992 40.585208, -95.533182 40.582249, -95.3739250533987 40.580332377941495, -95.335588 40.579871, -95.202266000830292 40.578375628996, -95.068920999999989 40.576879999999996, -94.9148978673616 40.5749211691113, -94.819977999999992 40.573713999999995, -94.6320259176948 40.5717595874, -94.533878 40.570738999999996, -94.471207727123186 40.570959458357, -94.310724 40.571524, -94.232240710208288 40.572014612126594, -94.091084999999993 40.572897, -94.015492 40.574073707009596, -93.84093 40.576791, -93.7743442040303 40.5775304533911, -93.597352 40.579496, -93.5568966742717 40.579659485060496, -93.3743862587638 40.5803970326092, -93.345441999999991 40.580514, -93.135802 40.582854, -93.0972912037498 40.5838234773251, -92.941594999999992 40.587742999999996, -92.714597263045007 40.5895828338363, -92.686692999999991 40.589808999999995, -92.637903293599493 40.590956547097896, -92.453745 40.595288, -92.350804186726393 40.597257276376, -92.17978 40.600529, -91.9431174596857 40.606060586354005, -91.939292 40.60615, -91.729115 40.61364, -91.716654987681892 40.603740139296, -91.685380999999992 40.578891999999996, -91.670993 40.550937, -91.618999 40.539083999999995, -91.608347 40.50004, -91.563843999999989 40.460988, -91.519134 40.432822, -91.498093 40.401925999999996, -91.419422 40.378264, -91.372920999999991 40.399108, -91.379907 40.45211, -91.367876 40.510479, -91.394475 40.534543, -91.374252 40.582589999999996, -91.339719 40.613488, -91.247851 40.63839, -91.186979999999991 40.637297, -91.18546060870429 40.638111812623492, -91.12082 40.672776999999996, -91.118222938397508 40.6995346508191, -91.115735 40.725168, -91.091703 40.779708, -91.092992999999993 40.821079, -91.044653 40.868356, -90.985462 40.912141, -90.952232999999993 40.954046999999996, -90.945324 41.019279, -90.9518941426813 41.0698727358664, -90.952265416482192 41.072731749670005, -90.957246 41.111084999999996, -90.997906 41.162563999999996, -91.041536 41.166138, -91.081445 41.214428999999996, -91.114185999999989 41.250029, -91.0744154980196 41.3336315690407, -91.074087623674089 41.3343208019205, -91.071552 41.339650999999996, -91.065058 41.369101, -91.027786999999989 41.423603, -90.966662 41.430051, -90.924343 41.42286, -90.867281999999989 41.448215, -90.786282 41.452888, -90.70115899999999 41.454743, -90.618536999999989 41.485032, -90.571136 41.516332, -90.513134 41.519532999999996, -90.461432 41.523533, -90.41583 41.562933, -90.364128 41.579633, -90.339528 41.598633, -90.336728999999991 41.664532, -90.314686999999992 41.694829999999996, -90.311856850416191 41.7285328921536, -90.310707999999991 41.742214, -90.248630999999989 41.779804999999996, -90.2423682473972 41.782768725984596, -90.180642999999989 41.811979, -90.181401 41.844646999999995, -90.165065 41.883776999999995, -90.1581530337095 41.9298432273761, -90.156902 41.938181, -90.140613 41.995999, -90.159682451122691 42.0330872575859, -90.163446 42.040406999999995, -90.161159 42.106372, -90.207421 42.149108999999996, -90.26908 42.1745, -90.315696514271508 42.193946432251394, -90.338169 42.203320999999995, -90.400652999999991 42.239292999999996, -90.430883999999992 42.27823, -90.417125 42.319942999999995, -90.44632 42.357040999999995, -90.484345672716287 42.381597778191896, -90.517516 42.403019, -90.565248 42.438742, -90.590415999999991 42.447493, -90.646727 42.471903999999995, -90.642843 42.508480999999996, -90.672727 42.576598999999995, -90.700856 42.626445, -90.743676999999991 42.645559999999996, -90.852497 42.664822, -90.896962027158409 42.6743180564343, -90.941566999999992 42.683844, -91.017238999999989 42.719566, -91.07071599999999 42.775501999999996, -91.098819999999989 42.864421, -91.138 42.903772, -91.155519 42.975774, -91.159084305947488 42.987477791322796, -91.174692 43.038713, -91.174934913911187 43.0802603718452, -91.175253 43.134665, -91.13417299999999 43.174405, -91.087455999999989 43.221891, -91.057909999999993 43.253968, -91.107237 43.313645, -91.154806 43.334826, -91.207366999999991 43.373658999999996, -91.199407999999991 43.403031999999996, -91.2106633577727 43.4194417829033, -91.232276 43.450952, -91.217705999999993 43.50055, -91.491042 43.50069, -91.610835000554388 43.5006878467793, -91.7302169978377 43.5006857009461, -91.824848 43.500684, -92.079801993128285 43.500704885176596, -92.178862999999993 43.500713, -92.448947951437788 43.500414988562696, -92.5531280905188 43.5003000363123, -92.553161 43.5003, -92.870277 43.499548, -93.0243479005419 43.499556163630004, -93.049192007816487 43.4995574800246, -93.228861 43.499567, -93.4973513252204 43.4995307245117, -93.576728 43.49952, -93.6485330311736 43.4995354896751, -93.97076 43.499604999999995, -93.9707615585282 43.499605003207392, -94.2479674415552 43.5001754767076, -94.390597 43.500468999999995, -94.4428499897182 43.5004785076547, -94.85455506761069 43.5005534191522, -94.874235 43.500557, -94.9146134847136 43.500595872986096, -95.214937999999989 43.500885, -95.387787594021887 43.5004787289074, -95.4544322386606 43.500322085250005, -95.486803 43.500246, -95.834420999999992 43.499966, -95.8609462015723 43.4999928849056, -96.05316283451 43.5001877081575, -96.198484 43.500335, -96.45326 43.500389999999996, -96.598928 43.500457, -96.584603 43.469609999999996, -96.594253999999992 43.434152999999995, -96.521571999999992 43.385639999999995, -96.524289 43.347214, -96.530391999999992 43.300034, -96.578823 43.291095, -96.5590273427097 43.257555675618, -96.552962999999991 43.247281, -96.522083999999992 43.22096, -96.475571 43.221053999999995, -96.458854 43.143356, -96.439335 43.113915999999996, -96.4520975160537 43.0825529251945, -96.458201 43.067554, -96.511604999999989 43.039927, -96.492693 43.005089, -96.520246 42.977643, -96.50030799999999 42.959391, -96.541688999999991 42.922576, -96.540472329193292 42.908595697956, -96.537850999999989 42.878474999999995, -96.577936999999991 42.827645, -96.621874999999989 42.779255))",3090416,1,2013-01-01 00:03:00,2013-07-01 16:00:00
36,OH,Ohio,230,Great Lakes,"MULTIPOLYGON (((-82.863342 41.693692999999996, -82.84209899999999 41.628322999999995, -82.788876 41.643046999999996, -82.782719 41.694002999999995, -82.82571999999999 41.722809999999996, -82.863342 41.693692999999996)), ((-84.82015899999999 39.227225, -84.820157 39.10548, -84.750749 39.147358, -84.714047999999991 39.132659, -84.677247 39.098259999999996, -84.622283924630793 39.0784200416641, -84.607928 39.073237999999996, -84.550844 39.09936, -84.5065187374369 39.101766408188, -84.49918784070239 39.1021644008655, -84.493743 39.10246, -84.480943 39.11676, -84.462042 39.121759999999995, -84.445242 39.114461, -84.432941 39.083960999999995, -84.400939999999991 39.046361999999995, -84.326539 39.027463, -84.3212072268568 39.0205863526894, -84.297254999999993 38.989694, -84.288164 38.955788999999996, -84.232131999999993 38.880483, -84.232305045403493 38.8747078960317, -84.233265 38.842670999999996, -84.2261626339635 38.829777141242005, -84.212904 38.805707, -84.135088 38.789485, -84.0526461732196 38.7716146675358, -84.051642 38.771397, -83.978814 38.787104, -83.928454 38.774583, -83.9043750861048 38.7672838752678, -83.852085 38.751433, -83.834015 38.716007999999995, -83.78362 38.695640999999995, -83.77216 38.65815, -83.705861635585592 38.638037865066, -83.679484 38.630036, -83.6469114041267 38.6418519345458, -83.642994 38.643273, -83.626922 38.679387, -83.533339 38.702104999999996, -83.440404 38.669360999999995, -83.376302 38.661473, -83.320531 38.622713, -83.286514 38.599241, -83.2642989019587 38.6131124968875, -83.239515 38.628588, -83.172647 38.620252, -83.128973 38.640231, -83.112372 38.671685, -83.042338 38.708318999999996, -83.0303349312311 38.7168676766561, -83.011816 38.730056999999995, -82.943147 38.74328, -82.889192999999992 38.756076, -82.8822899936093 38.7416192232696, -82.871192 38.718377, -82.869592 38.678177, -82.851314 38.604334, -82.811542384650409 38.572369589561895, -82.800112 38.563182999999995, -82.724846 38.5576, -82.675724 38.515504, -82.664116907515691 38.507715590257, -82.618473999999992 38.477089, -82.593673 38.421808999999996, -82.560664 38.404337999999996, -82.5089669497313 38.4146439126517, -82.447076 38.426981999999995, -82.381773 38.434782999999996, -82.323999 38.449267999999996, -82.304223 38.496308, -82.29327099999999 38.560283, -82.2821333440281 38.579860796403494, -82.27427 38.593683, -82.218966999999992 38.591682999999996, -82.175167 38.608484, -82.185566999999992 38.659583, -82.201537 38.760372, -82.20929 38.802672, -82.16157 38.824632, -82.134766 38.905578999999996, -82.0988666505543 38.960879284493295, -82.089064999999991 38.975978, -82.041563 39.017877999999996, -82.007061999999991 39.029578, -81.941829 38.993294999999996, -81.89847 38.929603, -81.827354 38.945898, -81.775734 38.980737, -81.793303999999992 39.040352999999996, -81.807854999999989 39.083977999999995, -81.7502668434263 39.1040311930998, -81.742953 39.106578, -81.7522970367401 39.181034747405896, -81.752754 39.184675999999996, -81.7214681391725 39.2109608092037, -81.71162799999999 39.219228, -81.678331 39.273755, -81.613896 39.275338999999995, -81.565247 39.276174999999995, -81.559647 39.330774, -81.503188999999992 39.373242, -81.456143 39.409273999999996, -81.412706 39.394618, -81.393794 39.351706, -81.3703898088263 39.3487006724034, -81.347567 39.34577, -81.249088 39.389992, -81.185946 39.430731, -81.12853299999999 39.449374999999996, -81.1212738561078 39.4576974138893, -81.075949999999992 39.50966, -81.037365041987087 39.5380557124726, -80.943782 39.606926, -80.865574999999993 39.662751, -80.829764 39.711839, -80.8355216930075 39.7192518022001, -80.869933 39.763555, -80.824969 39.801092, -80.824276 39.847159, -80.8234381047859 39.8500320873964, -80.803394 39.918762, -80.764479 39.95025, -80.740125999999989 39.970793, -80.7382184399836 40.0335432260784, -80.736803999999992 40.080072, -80.70599399999999 40.151590999999996, -80.702667728503386 40.156991342310796, -80.684173210708 40.1870179733507, -80.644598 40.25127, -80.606596 40.303869, -80.631596 40.385467999999996, -80.6273626299369 40.3951709330172, -80.604895 40.446667, -80.622194999999991 40.520497, -80.667957 40.582496, -80.62717099999999 40.619935999999996, -80.583632999999992 40.61552, -80.518991 40.638801, -80.5197051125992 40.851336778685393, -80.5198697076862 40.9003239342489, -80.5198768467404 40.9024486754197, -80.519891 40.906661, -80.5196437725473 40.9873926540058, -80.5192220860809 41.1250935667958, -80.519196690325 41.1333865025489, -80.518892999999991 41.232555999999995, -80.5190001313643 41.333502144193595, -80.5191651698956 41.4890121901546, -80.5191767503534 41.499924051206, -80.519357 41.669767, -80.5193967266905 41.8495629905593, -80.519425 41.977523, -80.581882 41.957609999999995, -80.800794 41.909635, -80.900342 41.868911999999995, -81.0022694065175 41.849172466437594, -81.05192 41.839557, -81.184367999999992 41.786671, -81.286925 41.760242999999996, -81.388632 41.707144, -81.466038 41.649148, -81.488682733409007 41.634463927820896, -81.633652 41.540458, -81.738755 41.48855, -81.7685751416216 41.4914896464763, -81.810757999999993 41.495647999999996, -81.8225035796994 41.4952594192894, -81.937862 41.491443, -81.9603249700039 41.500553292597793, -81.968480702529 41.5038610079018, -81.994565 41.51444, -82.07115045287361 41.496911986784696, -82.181598 41.471634, -82.268479 41.430842, -82.3480192068912 41.427263308734496, -82.361784 41.426643999999996, -82.460599 41.386316, -82.533208 41.391157, -82.616952 41.428425, -82.687921 41.492323999999996, -82.6905671606649 41.496705795438196, -82.717878 41.54193, -82.83410099999999 41.587587, -82.85953099999999 41.576370999999995, -82.93436899999999 41.514353, -83.028072 41.555656, -83.066593 41.59534, -83.1638214175228 41.624130312973996, -83.231659999999991 41.644217999999995, -83.326825 41.701561999999996, -83.409531 41.691247, -83.453831999999991 41.732647, -83.5855418421088 41.7287720285128, -83.763038 41.723549999999996, -83.7631499920621 41.7235467977626, -83.880390245257587 41.7201944966129, -84.134417 41.712931, -84.3604190413973 41.7069558826335, -84.3995487854742 41.705921357405593, -84.43806699999999 41.704903, -84.806081999999989 41.696089, -84.804958156239593 41.530137813388194, -84.8042532576115 41.4260497115499, -84.804133 41.408291999999996, -84.8037035726169 41.271258330570596, -84.803644982255491 41.2525616835482, -84.803233999999989 41.121414, -84.8028596219513 40.9893740520086, -84.8026702061534 40.922568713921, -84.80211899999999 40.728162999999995, -84.802119032263789 40.7281459368726, -84.8024138785794 40.5722128806467, -84.80254699999999 40.50181, -84.8029313665713 40.465386621719794, -84.804119 40.352844, -84.8041205270149 40.352762230297095, -84.8049173025784 40.3100959150341, -84.808706 40.107216, -84.810161238474493 40.0050675438482, -84.811417106380389 39.9169136295798, -84.8141281379328 39.7266165116193, -84.814129 39.726555999999995, -84.8157059432555 39.567721664027395, -84.8161601949108 39.5219681089929, -84.817453 39.391753, -84.8188770978104 39.3051661690523, -84.8188774692751 39.3051435835594, -84.82015899999999 39.227225)))",11570808,1,2013-01-01 00:04:00,2013-07-01 16:00:00
14,IL,Illinois,230,Great Lakes,"POLYGON ((-91.506167908622288 40.2006435127951, -91.511956 40.170441, -91.497663 40.078257, -91.484063999999989 40.019332, -91.43709 39.946417, -91.436843268599091 39.945243463678494, -91.428956 39.907728999999996, -91.436050999999992 39.84551, -91.397853 39.821121999999995, -91.361571 39.787548, -91.3646166033233 39.758718226322294, -91.367753 39.729029, -91.305760334965186 39.6862154700779, -91.27614 39.665759, -91.182875500819691 39.5982331157954, -91.174231999999989 39.591975, -91.148275 39.545798, -91.100307 39.538695, -91.06430499999999 39.494642999999996, -91.03827 39.448436, -90.937418999999991 39.400802999999996, -90.9353499463686 39.3995195289071, -90.840105999999992 39.340438, -90.729959999999991 39.255894, -90.7232836234127 39.224102970057594, -90.70790199999999 39.15086, -90.681086 39.10059, -90.713629 39.053976999999996, -90.676397 38.984096, -90.6615829068768 38.934703307753196, -90.657254 38.920269999999995, -90.595354 38.87505, -90.555692999999991 38.870785, -90.500116999999989 38.910408, -90.467784 38.961808999999995, -90.4509699408919 38.9613950033245, -90.395816 38.960037, -90.298711 38.923395, -90.2765837220256 38.919338467211595, -90.230336 38.91086, -90.207282301185586 38.8987323228399, -90.113327 38.849306, -90.117707 38.805748, -90.166409 38.772649, -90.166594640015589 38.7724501393051, -90.20991 38.72605, -90.19521 38.68755, -90.181524381531389 38.660372885310494, -90.18110999999999 38.659549999999996, -90.184509999999989 38.611551, -90.248913 38.544751999999995, -90.2552948876694 38.530877711821, -90.260976059287 38.5185267874078, -90.27131399999999 38.496052, -90.288815 38.438452999999996, -90.3402442817043 38.3870946226363, -90.3429152667372 38.3844273200276, -90.349742999999989 38.377609, -90.372519 38.323353999999995, -90.363925999999992 38.236354999999996, -90.3511641450603 38.2195444570945, -90.322352999999993 38.181593, -90.2527463239758 38.1277738262294, -90.252484 38.127570999999996, -90.218707999999992 38.094364999999996, -90.2057286258827 38.088233183108592, -90.12600599999999 38.05057, -90.080958999999993 38.015428, -90.008353 37.970179, -89.95491 37.966647, -89.974221 37.919216999999996, -89.933095790915 37.8800990582524, -89.923184999999989 37.870672, -89.851047999999992 37.90398, -89.782035 37.855092, -89.696559 37.814336999999995, -89.687221380853089 37.7964067184393, -89.667993 37.759484, -89.591288999999989 37.723599, -89.521948 37.696475, -89.506563 37.62505, -89.494051 37.580116, -89.4977459260392 37.569985913928193, -89.5017910494998 37.558895719323196, -89.5124 37.52981, -89.471201 37.466473, -89.42594 37.407471, -89.428185 37.356158, -89.4736794345412 37.334853902194595, -89.49516 37.324795, -89.517032 37.28192, -89.482889284644 37.2609507184141, -89.470525 37.253357, -89.456105 37.18812, -89.384175 37.103266999999995, -89.359456 37.042606, -89.307436691173 37.0287594496279, -89.257607999999991 37.015496, -89.195039 36.989768, -89.132915 36.982057, -89.12889899999999 37.017908, -89.1666202120197 37.072110343799892, -89.168087 37.074217999999995, -89.099047 37.140966999999996, -89.058036 37.188767, -89.000968 37.224401, -88.9335172147478 37.2275112799146, -88.931744999999992 37.227593, -88.9280048294943 37.2263897662531, -88.835050999999993 37.196486, -88.753068 37.154700999999996, -88.693983 37.141155, -88.61144 37.112745, -88.5610439294726 37.083999980958396, -88.531576 37.067192, -88.4903994463247 37.0679576229479, -88.48380327698 37.068080269895496, -88.476126999999991 37.068222999999996, -88.444605 37.098600999999995, -88.424776 37.149901, -88.471752999999993 37.220155, -88.51466099999999 37.290948, -88.486947 37.339596, -88.46586099999999 37.400546999999996, -88.418594 37.421987, -88.4159021787757 37.421220637718896, -88.358436 37.40486, -88.281667 37.452596, -88.157061 37.466937, -88.062294 37.487837, -88.0662503200971 37.504138327348194, -88.072242 37.528825999999995, -88.131622 37.572967999999996, -88.132163438272485 37.57451700083, -88.160062 37.654332, -88.132341 37.697142, -88.059587999999991 37.742608, -88.02803 37.799223999999995, -88.067364 37.856051, -88.0594694927008 37.866689804010804, -88.040860999999992 37.891767, -88.016311 37.961574, -88.030884 38.030713, -87.98877 38.055591, -87.96221 38.100054, -87.92746799999999 38.151945999999995, -87.975819 38.197834, -87.9702008408039 38.230271058385796, -87.96896799999999 38.237389, -87.908542 38.268581, -87.831972 38.307241, -87.779996 38.370841999999996, -87.7511059451205 38.4188492084548, -87.74104 38.435576, -87.714047 38.47988, -87.654165999999989 38.511911, -87.660732 38.541092, -87.648356763074489 38.5666287160576, -87.637751999999992 38.588512, -87.62012 38.639489, -87.545538 38.677613, -87.498948 38.757774, -87.521681 38.826575999999996, -87.5352570508085 38.8524914649674, -87.54737 38.875614, -87.5287176636979 38.9059437862892, -87.527644999999993 38.907688, -87.529496 38.971925, -87.579117 39.001607, -87.572588 39.057286, -87.625379 39.101805999999996, -87.6382934137441 39.157492547202494, -87.640435 39.166727, -87.577029 39.211123, -87.593486 39.247451999999996, -87.59474584540601 39.259383616483007, -87.600397 39.312903999999996, -87.578330999999991 39.340343, -87.531646 39.347888, -87.531624 39.469378, -87.5316666819743 39.477110992742894, -87.532385282791012 39.6073049442215, -87.532703 39.664868, -87.5324544938843 39.8829991187823, -87.532308 40.011587, -87.531021612428 40.1480353967457, -87.530053999999993 40.250671, -87.5270652633992 40.4768822924615, -87.526875773253792 40.491224409690396, -87.526292 40.535409, -87.5261364904237 40.7368850814229, -87.526013999999989 40.895582, -87.526463305991186 41.0103548179645, -87.526519999999991 41.024837, -87.5266481580824 41.1660899445116, -87.526767886227489 41.2980516024792, -87.52676799999999 41.298176999999995, -87.5254093533475 41.4702806660617, -87.52494 41.529734999999995, -87.524043999999989 41.708335, -87.524141 41.72399, -87.530745 41.748235, -87.560645999999991 41.766034, -87.5816026607332 41.8000424127, -87.5883759425147 41.8110340761664, -87.60945 41.845233, -87.616293 41.870929, -87.613556 41.884479999999996, -87.612291 41.893335, -87.624051999999992 41.904232, -87.624982113481011 41.906817810703593, -87.634367533887016 41.9329102403255, -87.668982 42.029142, -87.682358999999991 42.075728999999995, -87.689275620328289 42.0818519403908, -87.741355233404292 42.1279554347716, -87.741661999999991 42.128226999999995, -87.741689929189789 42.1282651594678, -87.7593265652386 42.1523619789799, -87.7985894512385 42.2060066011656, -87.800066 42.208023999999995, -87.833377771567015 42.2977737051545, -87.834769 42.301522, -87.820858 42.361584, -87.80337 42.420621, -87.800477 42.49192, -87.8977017973003 42.4928546046294, -88.1995290014485 42.4957560156903, -88.21690000000001 42.495923, -88.304692 42.495608172751496, -88.506912 42.494883, -88.70737771540179 42.493587014769595, -88.70738 42.493587, -88.7764957607352 42.4941366004674, -88.940384860378 42.495439827471195, -88.9925602268173 42.4958547198992, -89.042898 42.496255, -89.365798607663493 42.500025966951604, -89.40141681104059 42.500441931073695, -89.49321599999999 42.501514, -89.83759488632559 42.5049103527915, -89.926484 42.505787, -89.927006876764011 42.5057904857746, -90.22319 42.507765, -90.426376960736093 42.5071777352237, -90.437011 42.507146999999996, -90.642843 42.508480999999996, -90.646727 42.471903999999995, -90.590415999999991 42.447493, -90.565248 42.438742, -90.517516 42.403019, -90.484345672716287 42.381597778191896, -90.44632 42.357040999999995, -90.417125 42.319942999999995, -90.430883999999992 42.27823, -90.400652999999991 42.239292999999996, -90.338169 42.203320999999995, -90.315696514271508 42.193946432251394, -90.26908 42.1745, -90.207421 42.149108999999996, -90.161159 42.106372, -90.163446 42.040406999999995, -90.159682451122691 42.0330872575859, -90.140613 41.995999, -90.156902 41.938181, -90.1581530337095 41.9298432273761, -90.165065 41.883776999999995, -90.181401 41.844646999999995, -90.180642999999989 41.811979, -90.2423682473972 41.782768725984596, -90.248630999999989 41.779804999999996, -90.310707999999991 41.742214, -90.311856850416191 41.7285328921536, -90.314686999999992 41.694829999999996, -90.336728999999991 41.664532, -90.339528 41.598633, -90.364128 41.579633, -90.41583 41.562933, -90.461432 41.523533, -90.513134 41.519532999999996, -90.571136 41.516332, -90.618536999999989 41.485032, -90.70115899999999 41.454743, -90.786282 41.452888, -90.867281999999989 41.448215, -90.924343 41.42286, -90.966662 41.430051, -91.027786999999989 41.423603, -91.065058 41.369101, -91.071552 41.339650999999996, -91.074087623674089 41.3343208019205, -91.0744154980196 41.3336315690407, -91.114185999999989 41.250029, -91.081445 41.214428999999996, -91.041536 41.166138, -90.997906 41.162563999999996, -90.957246 41.111084999999996, -90.952265416482192 41.072731749670005, -90.9518941426813 41.0698727358664, -90.945324 41.019279, -90.952232999999993 40.954046999999996, -90.985462 40.912141, -91.044653 40.868356, -91.092992999999993 40.821079, -91.091703 40.779708, -91.115735 40.725168, -91.118222938397508 40.6995346508191, -91.12082 40.672776999999996, -91.18546060870429 40.638111812623492, -91.186979999999991 40.637297, -91.247851 40.63839, -91.339719 40.613488, -91.374252 40.582589999999996, -91.394475 40.534543, -91.367876 40.510479, -91.379907 40.45211, -91.372920999999991 40.399108, -91.419422 40.378264, -91.469656 40.322409, -91.492891 40.269923, -91.4969574903395 40.2487038763728, -91.506167908622288 40.2006435127951))",12882135,1,2013-01-01 00:05:00,2013-07-01 16:00:00
6,CO,Colorado,230,Rocky Mountain,"POLYGON ((-109.059962 38.499987, -109.060062 38.275489, -109.041762 38.16469, -109.041796647279 38.153021384957896, -109.04260384697301 37.881170241989494, -109.043781119457 37.4846848703511, -109.045223 36.999083999999996, -108.62030899999999 36.999286999999995, -108.37925730447002 36.9995647389042, -108.000623 37.000001, -107.481736999997 37.0000045803143, -107.42091500003501 37.000004999986196, -107.420913 37.000005, -106.877292 37.000139, -106.869796 36.992426, -106.47623909537701 36.9937740816849, -106.343139 36.99423, -106.006634146072 36.9953855377332, -105.997472 36.995416999999996, -105.718469683991 36.995845927301005, -105.716471 36.995849, -105.533922 36.995875, -105.41931 36.995855999999996, -105.251296 36.995605, -105.220612465075 36.9955633819758, -105.155042748048 36.995474445610604, -105.1208 36.995428, -104.732031 36.993446999999996, -104.338833 36.993535, -104.007854849944 36.9959840544537, -103.733247 36.998016, -103.086104858531 36.999864350301692, -103.002199 37.000104, -102.841989 36.999598, -102.698142 36.995149, -102.355288 36.994506, -102.04224 36.993083, -102.04192 37.035083, -102.041983 37.106550999999996, -102.041963 37.258164, -102.04193852287399 37.3891900553938, -102.04189086966501 37.6442776852918, -102.041876 37.723875, -102.041965658628 37.7385405736382, -102.04425499999999 38.113011, -102.044634270291 38.2624115677495, -102.044650359147 38.2687492225031, -102.044944 38.384419, -102.04551057457 38.6151645901775, -102.04571290308701 38.6975657700785, -102.046571 39.047038, -102.047200721701 39.133146709511195, -102.04896 39.373712, -102.04996185782801 39.568178980673096, -102.049992135644 39.574056097421007, -102.051254 39.818992, -102.051744 40.003077999999995, -102.051309 40.338381, -102.05130855184402 40.3492213568722, -102.05130479859702 40.440007993377, -102.05129415157901 40.697546832389008, -102.05129200020701 40.7495859948737, -102.051292 40.749590999999995, -102.051614 41.002376999999996, -102.051717516378 41.002376967623896, -102.556789 41.002219, -102.621033024452 41.0022232026156, -102.65346413726901 41.002225324143595, -103.076536 41.002252999999996, -103.38249165189 41.001926146621, -103.57377400619501 41.001721799084095, -103.574522 41.001720999999996, -104.053249 41.001405999999996, -104.497058 41.001805, -104.855273 40.998048, -104.943371 40.9980741037298, -105.27685999403501 40.998172917625894, -105.277138 40.998173, -106.190554078709 40.997746612574396, -106.217573 40.997734, -106.321169215914 40.998215011068005, -106.860377948665 41.0007186292371, -107.31779575979 41.0028424812322, -107.367443 41.003073, -107.918418289849 41.0012270706441, -108.250649 41.000113999999996, -109.050076 41.000659, -109.048455 40.826080999999995, -109.048259750048 40.662601817228, -109.048249 40.653600999999995, -109.050732112077 40.222655258257596, -109.050973 40.180848999999995, -109.050615 39.87497, -109.05087192526202 39.6604717771594, -109.051066846273 39.4977388093662, -109.05122383101701 39.366677549586292, -109.051512 39.126095, -109.059961972589 38.499989031020796, -109.059962 38.499987))",5268367,1,2013-01-01 00:05:00,2013-07-01 16:00:00
18,KY,Kentucky,230,Southeast,"POLYGON ((-89.544434 36.57451, -89.571480999999991 36.538087, -89.539232 36.497934, -89.417293 36.499033, -89.345194319538791 36.5013432086369, -89.211408999999989 36.50563, -88.964470999999989 36.502190999999996, -88.8345890228743 36.501980342259294, -88.827178036340484 36.5019683222569, -88.816764157348089 36.5019514318132, -88.5163580599794 36.5014641981633, -88.511919999999989 36.501456999999995, -88.4890767387132 36.5012837190757, -88.127378 36.49854, -88.053350800775888 36.4999962506816, -88.050466 36.500053, -88.033802 36.551733, -88.055737999999991 36.630475, -88.070532 36.678118, -88.011792 36.677025, -87.849567 36.663700999999996, -87.853203999999991 36.633247, -87.6941859078643 36.6368382439437, -87.64115 36.638036, -87.64114589700209 36.6380360476101, -87.347796 36.641439999999996, -87.3359790500808 36.6415771604931, -87.1150035566884 36.6441420446512, -87.0608263443929 36.6447708848516, -86.813037 36.647647, -86.763290964108492 36.648720674501796, -86.606394 36.652107, -86.5620274954681 36.640736382291, -86.551291999999989 36.637985, -86.507770999999991 36.652445, -86.4114961989664 36.648240422848204, -86.205565269856 36.6392468703288, -86.081944 36.633848, -85.975713174144 36.628637718681695, -85.873857 36.623642, -85.7885565436139 36.6217118590347, -85.731861999999992 36.620429, -85.488352999999989 36.614993999999996, -85.4364042728859 36.618003845027005, -85.2958124857275 36.6261495593675, -85.290627 36.62645, -85.2762879474994 36.6261575408034, -85.096128 36.622482999999995, -84.974868435837408 36.614583359317194, -84.943947999999992 36.612569, -84.7853999785503 36.6033754199356, -84.785341 36.603372, -84.778455864350491 36.603210512215895, -84.499938 36.596678, -84.2613212015047 36.592741697267, -84.22733199999999 36.592181, -84.2271939619983 36.5921795123551, -83.987842 36.589600000000004, -83.9876109506828 36.589592286072495, -83.9307607839439 36.5876942581124, -83.894421 36.586481, -83.690714 36.582581, -83.675412999999992 36.600814, -83.614513 36.633983, -83.527112 36.665985, -83.460954647463808 36.6661310362733, -83.436507999999989 36.666185, -83.386099 36.686589, -83.236398999999992 36.726887, -83.136395 36.743088, -83.114693 36.796088, -83.075589999999991 36.850589, -83.012587 36.847288999999996, -82.895445 36.882145, -82.88361015487979 36.8973147889158, -82.865192 36.920922999999995, -82.869182999999992 36.974182, -82.815748 37.007196, -82.750715 37.024107, -82.722253999999992 37.057947999999996, -82.726294 37.111852, -82.56527570279701 37.1959011068831, -82.558178 37.199605999999996, -82.553633826274591 37.2014526984459, -82.449164 37.243908, -82.355342999999991 37.26522, -82.3147812713346 37.2959945601175, -82.309415 37.300066, -82.201745 37.375108, -81.968296999999993 37.537797999999995, -82.064417999999989 37.544516, -82.141555 37.595166, -82.226111 37.653092, -82.296117999999993 37.686174, -82.3206749571778 37.745965843459395, -82.327356 37.762232999999995, -82.369973 37.801749, -82.3984648162589 37.8430541504629, -82.41869 37.872375, -82.487556 37.916975, -82.479420123223 37.9385625246981, -82.464987 37.976859, -82.549407 38.063063, -82.626182 38.134834999999995, -82.598863999999992 38.201007, -82.5846938141256 38.2405129933697, -82.581796 38.248591999999995, -82.571877 38.315781, -82.597979 38.344909, -82.5959642645 38.380889761715494, -82.593673 38.421808999999996, -82.618473999999992 38.477089, -82.664116907515691 38.507715590257, -82.675724 38.515504, -82.724846 38.5576, -82.800112 38.563182999999995, -82.811542384650409 38.572369589561895, -82.851314 38.604334, -82.869592 38.678177, -82.871192 38.718377, -82.8822899936093 38.7416192232696, -82.889192999999992 38.756076, -82.943147 38.74328, -83.011816 38.730056999999995, -83.0303349312311 38.7168676766561, -83.042338 38.708318999999996, -83.112372 38.671685, -83.128973 38.640231, -83.172647 38.620252, -83.239515 38.628588, -83.2642989019587 38.6131124968875, -83.286514 38.599241, -83.320531 38.622713, -83.376302 38.661473, -83.440404 38.669360999999995, -83.533339 38.702104999999996, -83.626922 38.679387, -83.642994 38.643273, -83.6469114041267 38.6418519345458, -83.679484 38.630036, -83.705861635585592 38.638037865066, -83.77216 38.65815, -83.78362 38.695640999999995, -83.834015 38.716007999999995, -83.852085 38.751433, -83.9043750861048 38.7672838752678, -83.928454 38.774583, -83.978814 38.787104, -84.051642 38.771397, -84.0526461732196 38.7716146675358, -84.135088 38.789485, -84.212904 38.805707, -84.2261626339635 38.829777141242005, -84.233265 38.842670999999996, -84.232305045403493 38.8747078960317, -84.232131999999993 38.880483, -84.288164 38.955788999999996, -84.297254999999993 38.989694, -84.3212072268568 39.0205863526894, -84.326539 39.027463, -84.400939999999991 39.046361999999995, -84.432941 39.083960999999995, -84.445242 39.114461, -84.462042 39.121759999999995, -84.480943 39.11676, -84.493743 39.10246, -84.49918784070239 39.1021644008655, -84.5065187374369 39.101766408188, -84.550844 39.09936, -84.607928 39.073237999999996, -84.622283924630793 39.0784200416641, -84.677247 39.098259999999996, -84.714047999999991 39.132659, -84.750749 39.147358, -84.820157 39.10548, -84.860689 39.07814, -84.897171 39.052406999999995, -84.877570231124793 39.031262844094, -84.849445 39.000923, -84.832617 38.961459999999995, -84.87776199999999 38.920356999999996, -84.864428518991687 38.9138436410494, -84.830472 38.897256, -84.786406 38.88222, -84.7986998229523 38.8592273902067, -84.803247 38.850722999999995, -84.812877 38.786086999999995, -84.856904 38.790223999999995, -84.962535 38.778034999999996, -85.0210521416742 38.7585273247139, -85.071928 38.741566999999996, -85.146861 38.695426999999995, -85.187277999999992 38.687608999999995, -85.201760622548591 38.6974407918463, -85.238665 38.722494, -85.275454 38.741172, -85.3326407337514 38.7348167543477, -85.340953 38.733892999999995, -85.400481 38.73598, -85.448861999999991 38.713367999999996, -85.438741999999991 38.659318999999996, -85.43616999999999 38.598292, -85.431416070752192 38.5862856131089, -85.4156 38.546341, -85.432972269426088 38.524123396987896, -85.43313599999999 38.523914, -85.474353999999991 38.504073999999996, -85.498865999999992 38.468242, -85.587758 38.450495, -85.621625 38.417089, -85.634444144977309 38.3783994475748, -85.646200999999991 38.342915999999995, -85.683561 38.295469, -85.750962 38.267869999999995, -85.7945109067701 38.2779547357953, -85.816164 38.282969, -85.839664 38.23977, -85.894764 38.188469, -85.8959117877356 38.1799269208704, -85.905164 38.11107, -85.922395 38.028679, -85.9517296459155 38.0149401270906, -85.976028 38.00356, -85.9973516597543 37.9912256022991, -86.033386 37.970382, -86.095766 38.00893, -86.206439 38.021876, -86.278656 38.098509, -86.321274 38.147418, -86.356407267971008 38.135277836765795, -86.387216 38.124632, -86.433574364088088 38.087144387579492, -86.434046 38.086763, -86.471903 38.046217999999996, -86.4880524671283 38.0436653088997, -86.521824999999993 38.038326999999995, -86.525173999999993 37.968227999999996, -86.509368 37.902887, -86.599848 37.906754, -86.615214999999992 37.852857, -86.6467030578591 37.8649089758978, -86.658374 37.869375999999995, -86.722247 37.892648, -86.77999299999999 37.956522, -86.810913 37.99715, -86.8136599412853 37.9960344951416, -86.875874 37.97077, -86.927747 37.934956, -86.9777414251102 37.9256992083727, -87.010314999999991 37.919668, -87.043049 37.875049, -87.057836 37.827456999999995, -87.105614 37.767631, -87.137502 37.807263999999996, -87.18006299999999 37.841375, -87.25524999999999 37.867326, -87.270387407739008 37.87542282659, -87.304057452442 37.893432549122295, -87.33176499999999 37.908252999999995, -87.418585 37.944763, -87.4486358576095 37.933877868214893, -87.486347 37.920218, -87.551277 37.925418, -87.608479 37.898793999999995, -87.625851 37.851918999999995, -87.681632999999991 37.855917, -87.713210785290286 37.8830883903665, -87.723635 37.892058, -87.808013 37.875191, -87.87254 37.920998999999995, -87.92174399999999 37.907885, -87.9253933783054 37.8995914848741, -87.938127999999992 37.870650999999995, -87.903804 37.817761999999995, -87.935861 37.789702999999996, -87.970261999999991 37.781856, -88.02803 37.799223999999995, -88.059587999999991 37.742608, -88.132341 37.697142, -88.160062 37.654332, -88.132163438272485 37.57451700083, -88.131622 37.572967999999996, -88.072242 37.528825999999995, -88.0662503200971 37.504138327348194, -88.062294 37.487837, -88.157061 37.466937, -88.281667 37.452596, -88.358436 37.40486, -88.4159021787757 37.421220637718896, -88.418594 37.421987, -88.46586099999999 37.400546999999996, -88.486947 37.339596, -88.51466099999999 37.290948, -88.471752999999993 37.220155, -88.424776 37.149901, -88.444605 37.098600999999995, -88.476126999999991 37.068222999999996, -88.48380327698 37.068080269895496, -88.4903994463247 37.0679576229479, -88.531576 37.067192, -88.5610439294726 37.083999980958396, -88.61144 37.112745, -88.693983 37.141155, -88.753068 37.154700999999996, -88.835050999999993 37.196486, -88.9280048294943 37.2263897662531, -88.931744999999992 37.227593, -88.9335172147478 37.2275112799146, -89.000968 37.224401, -89.058036 37.188767, -89.099047 37.140966999999996, -89.168087 37.074217999999995, -89.1666202120197 37.072110343799892, -89.12889899999999 37.017908, -89.132915 36.982057, -89.098843 36.95785, -89.1031354483266 36.944760900322294, -89.120471999999992 36.891895999999996, -89.147674 36.847148, -89.155891 36.789125999999996, -89.155984909070384 36.7862926633714, -89.15699 36.755967999999996, -89.202511 36.716618, -89.165488 36.662425999999996, -89.175649772346887 36.6513192625535, -89.199136 36.625648999999996, -89.227319 36.569375, -89.27893499999999 36.577698999999996, -89.324658 36.624032, -89.327319777009009 36.6239462887705, -89.378694 36.622292, -89.407906 36.562345, -89.479345999999993 36.566252999999996, -89.544434 36.57451))",4395295,1,2013-01-01 00:05:00,2013-07-01 16:00:00
27,MT,Montana,230,Rocky Mountain,"POLYGON ((-116.049193 49.000912, -116.04915652178401 48.5020580011318, -116.049155 48.481246999999996, -116.048948 48.309847, -116.048929189907 48.215838728824295, -116.048911 48.12493, -116.049153 47.999922999999995, -116.03838363298301 47.9843711491626, -116.030751 47.973349, -115.959946 47.898142, -115.900934 47.843064, -115.845474 47.814966999999996, -115.835365 47.760957, -115.72377 47.696670999999995, -115.73627 47.654762, -115.694284 47.623459999999994, -115.72120699999999 47.576322999999995, -115.717024 47.532692999999995, -115.634684 47.48176, -115.69293 47.457237, -115.71034 47.417784, -115.578619 47.367007, -115.531971 47.314121, -115.470959 47.284873, -115.371825 47.265212999999996, -115.326903 47.255911999999995, -115.29211 47.209861, -115.255786 47.174724999999995, -115.189451 47.131032, -115.12091699999999 47.061237, -115.071254 47.022082999999995, -115.031651 46.971548, -114.96142290606801 46.9328938759708, -114.927432 46.914184999999996, -114.943281 46.867971, -114.880588 46.811791, -114.79004 46.778729, -114.76718 46.738828, -114.69900799999999 46.740223, -114.676886766313 46.731861269722, -114.626695 46.712889, -114.621483 46.658142999999995, -114.591208519374 46.6525675185353, -114.547321 46.644484999999996, -114.453239 46.649266, -114.360709 46.669059, -114.335868720224 46.6553523068141, -114.320665 46.646963, -114.331338 46.577780999999995, -114.351655 46.508119, -114.403019 46.498675, -114.384756 46.411784, -114.422458 46.387097, -114.431708 46.310744, -114.441326 46.2738, -114.449819 46.237119, -114.445928 46.173933, -114.514706 46.167725999999995, -114.52130000000001 46.125287, -114.460049 46.097103999999995, -114.480241 46.030325, -114.441185 45.988453, -114.402261 45.961489, -114.413168 45.911479, -114.388243 45.88234, -114.422963 45.855381, -114.517143 45.835992999999995, -114.562509 45.779927, -114.504869 45.722176, -114.499637 45.669035, -114.53577 45.650613, -114.538132 45.606834, -114.523689696904 45.5852016641551, -114.50634099999999 45.559216, -114.45676399999999 45.543983, -114.36852 45.492716, -114.279217 45.480616, -114.251836 45.537811999999995, -114.18647 45.545539, -114.08314899999999 45.603995999999995, -114.014973 45.654008, -114.015633 45.696127, -113.971565 45.700635999999996, -113.948250388839 45.682522123419496, -113.898883 45.644166999999996, -113.861404 45.62366, -113.806729 45.602146, -113.802849 45.523159, -113.759986 45.480734999999996, -113.763368 45.427732, -113.73239 45.385058, -113.735601 45.325264999999995, -113.650064 45.23471, -113.57467 45.128411, -113.510819 45.099902, -113.45197 45.059247, -113.437726 45.006966999999996, -113.448958 44.953544, -113.47457299999999 44.910846, -113.422376 44.842594999999996, -113.37715299999999 44.834858, -113.301508 44.798984999999995, -113.24716599999999 44.82295, -113.131387 44.764738, -113.101154 44.708577999999996, -113.049349 44.62938, -113.061071 44.577329, -113.006828 44.518439, -113.006846 44.471714999999996, -112.951146 44.416699, -112.881769 44.380314999999996, -112.826686496231 44.4052660227435, -112.821896 44.407436, -112.828191 44.442471999999995, -112.735084 44.499159, -112.707815 44.503023, -112.601863 44.491015, -112.473207 44.480027, -112.387389 44.448057999999996, -112.358917 44.528847, -112.286187 44.568472, -112.221698 44.543518999999996, -112.125101 44.528527, -112.034133 44.537715999999996, -111.870504 44.564032999999995, -111.807914 44.511716, -111.704218 44.560204999999996, -111.61712059851601 44.557127727661104, -111.562814 44.555209, -111.519126 44.582916, -111.468833 44.679334999999995, -111.456028784244 44.6969007302102, -111.438793 44.720546, -111.385005 44.755128, -111.37779230117701 44.751523296894, -111.323669 44.724474, -111.26875 44.668279, -111.224161 44.623402, -111.201459 44.575696, -111.143557 44.535731999999996, -111.122654 44.493659, -111.048974 44.474072, -111.055208 44.624927, -111.05533272919101 44.666262994782294, -111.055511 44.725342999999995, -111.056888 44.866658, -111.044275 45.001345, -110.785008 45.002952, -110.705272 44.992323999999996, -110.32444100000001 44.999156, -109.99504999999999 45.003174, -109.798687 45.0029205705739, -109.574321 45.002631, -109.103445 45.005904, -109.062262 44.999623, -108.62149349473 44.9996763710215, -108.500679 44.999691, -108.248527738096 45.000629817912795, -107.997353 45.001565, -107.91175194152201 45.001544060665793, -107.351441 45.001407, -106.888773 44.995885, -106.263586 44.993787999999995, -106.024877693777 44.9975841606935, -105.848065 45.000395999999995, -105.076606613127 45.0002966141366, -105.038405006868 45.0002916926792, -105.025266 45.00029, -104.057698 44.997431, -104.039138 44.99852, -104.039977 45.124987999999995, -104.040135756343 45.212890678963696, -104.040358 45.335946, -104.041764 45.490789, -104.041937 45.557915, -104.042597 45.749998, -104.043776 45.864706999999996, -104.044133130082 45.881975, -104.045443 45.94531, -104.045465958929 46.280188052794195, -104.045469 46.324545, -104.045045 46.509788, -104.045125410809 46.5409289550426, -104.04538495445901 46.641443266584595, -104.04557199999999 46.713881, -104.045542 46.933887, -104.044788 47.12743, -104.04530830986901 47.330127858806, -104.045313 47.331955, -104.044974695468 47.3974605129623, -104.043912 47.603229, -104.042384 47.803256, -104.043933 47.971515, -104.04409321534801 47.9960983555646, -104.04409327282102 47.996107174187095, -104.045692 48.241414999999996, -104.046783107507 48.3894290337239, -104.047555 48.494139999999994, -104.048087568832 48.6340123733986, -104.0489 48.847387, -104.048736 48.999877, -104.543636 48.999541, -104.875527 48.998991, -105.05751393374601 48.999228720476005, -105.265192 48.999500000000005, -105.355888 48.999356999999996, -105.775808 48.999637, -106.050543 48.999207, -106.112107732136 48.99927949069, -106.233987 48.999423, -106.617539 48.999583, -107.179864215574 48.999911632255795, -107.363582 49.000018999999995, -107.441017 48.999362999999995, -107.704696 48.999871999999996, -108.236496519363 48.9995580561897, -108.543194 48.999376999999996, -109.000708 48.999234, -109.250722 49.000011, -109.489690021878 49.000421044522795, -109.500737 49.00044, -110.171595 48.999261999999995, -110.438151 48.999188, -110.531615 48.99839, -110.743205180788 48.998007857205, -111.003916 48.997537, -111.270700774614 48.9972288178842, -111.500812 48.996963, -111.854088 48.998067, -112.14376899999999 48.998917, -112.19358802699 48.99889369344, -113.116356 48.998461999999996, -113.375925 48.998562, -113.692982 48.997631999999996, -113.907487 48.998858, -114.068151640439 48.9993557985845, -114.180211 48.999703, -114.375977 49.00139, -114.678217 49.000724999999996, -114.728211976294 49.0005837064641, -115.207912 48.999227999999995, -115.50101599999999 49.000693999999996, -116.049193 49.000912))",1055771,20,2013-07-01 16:00:00,2013-07-01 16:00:00
1,AL,Alabama,230,Southeast,"POLYGON ((-88.4686624840513 31.893855711615597, -88.468668999999991 31.790722, -88.4636253046849 31.697942371350198, -88.45947799999999 31.621651999999997, -88.4494460690171 31.435836861277597, -88.44865999999999 31.421277, -88.432007 31.114297999999998, -88.4260209637871 30.998281357430297, -88.41246743135919 30.7355974592153, -88.412269999999992 30.731771, -88.403931 30.543359, -88.395023 30.369425, -88.364021999999991 30.388005999999997, -88.311607999999993 30.368907999999998, -88.257764 30.318932999999998, -88.195664 30.321241999999998, -88.136173 30.320729, -88.105699 30.401864999999997, -88.103768 30.500902999999997, -88.081617 30.546317, -88.064898 30.588292, -88.061998 30.644890999999998, -88.008395999999991 30.684956, -87.931069999999991 30.652694, -87.914955999999989 30.585893, -87.901710999999992 30.550879, -87.933354999999992 30.487357, -87.914136 30.446144, -87.865017 30.38345, -87.796717 30.324198, -87.806466 30.279798, -87.893200999999991 30.239237, -87.818867 30.228313999999997, -87.656888 30.249709, -87.518323999999993 30.280434999999997, -87.452282 30.344096999999998, -87.431784 30.403192999999998, -87.366601 30.436643, -87.414684999999992 30.457289, -87.444722 30.507483999999998, -87.43145 30.550251999999997, -87.401189 30.604383, -87.400189 30.657200999999997, -87.442291 30.692660999999998, -87.523620999999991 30.738284999999998, -87.542267999999993 30.767481, -87.634942999999993 30.865857, -87.592064 30.951459999999997, -87.598936999999992 30.997422, -87.5988289462621 30.9974221769053, -87.519533 30.997552, -87.42579099999999 30.998058, -87.312205999999989 30.998403999999997, -87.16308069276559 30.999024183877598, -87.162644 30.999025999999997, -86.92785099999999 30.997677999999997, -86.83197899999999 30.997353999999998, -86.7856919760059 30.9969829935168, -86.688240964246091 30.996201890001498, -86.563493999999992 30.995202, -86.3886446620004 30.9945282152752, -86.364973999999989 30.994436999999998, -86.1872480489813 30.9940667234622, -86.0350381049506 30.9937496073023, -85.893632 30.993454999999997, -85.749715 30.995282, -85.579497576338284 30.9970287484109, -85.4980015850895 30.997865049361497, -85.4882982889391 30.9979646232873, -85.333319 30.999554999999997, -85.145958999999991 31.000693, -85.031285 31.000646999999997, -85.002499 31.000681999999998, -85.011392 31.053545999999997, -85.0211075623628 31.0754638723064, -85.035614999999993 31.108192, -85.10751599999999 31.186450999999998, -85.108192 31.258591, -85.089773999999991 31.295026, -85.088829963530486 31.308647755496597, -85.087929 31.321648, -85.092486999999991 31.362880999999998, -85.06600499999999 31.431362999999997, -85.071621 31.468383999999997, -85.0516814295062 31.519540329141698, -85.041880999999989 31.544684, -85.05796 31.570839999999997, -85.058168999999992 31.620227, -85.12553 31.694965, -85.118929999999992 31.732664, -85.1254405773425 31.7629687034183, -85.1291593155832 31.7802782680766, -85.141831 31.839260999999997, -85.114031 31.893359999999998, -85.067829 31.967357999999997, -85.063590542984684 31.991857, -85.0514111279128 32.062256083622, -85.047063 32.087389, -85.058748999999992 32.136018, -84.997765 32.185445, -84.930127 32.219051, -84.9199421479259 32.2308482009333, -84.891841 32.263397999999995, -84.955704 32.30591, -85.008096 32.336677, -84.983465999999993 32.363186, -84.9811502941337 32.3790400766818, -84.971831 32.442842999999996, -84.9997867563102 32.507066968783704, -85.001130839123689 32.5101547883978, -85.007100000000008 32.523868, -85.069848 32.583146, -85.0760723726048 32.6080674751571, -85.088533 32.657958, -85.11425 32.730447, -85.1245332227506 32.7516296067514, -85.160963 32.826671999999995, -85.184400000000011 32.861317, -85.18611740178919 32.8701382699716, -85.232441 33.108075, -85.232441405187288 33.1080770939336, -85.23659537125279 33.1295440282507, -85.294346864345385 33.4279931463646, -85.3049438332249 33.482756336845505, -85.314048 33.529804999999996, -85.3381162999059 33.653114391601392, -85.360531999999992 33.767956999999996, -85.38667057377279 33.9017014940033, -85.398871 33.964127999999995, -85.398871244842013 33.9641292867795, -85.4210731752288 34.0808126526072, -85.429498999999993 34.125095, -85.463140824775792 34.286190988505496, -85.4751472811043 34.343684657876196, -85.502471 34.474526, -85.513044229273291 34.5239464713237, -85.526894818161011 34.5886856927335, -85.5344052578154 34.623790338435796, -85.561424 34.750079, -85.582812333785284 34.8604354744776, -85.595165 34.924171, -85.605165 34.984677999999995, -85.8639461118069 34.9870308587481, -86.311274 34.991098, -86.3187607654651 34.9910785804428, -86.467798 34.990691999999996, -86.7836280114403 34.9919249219696, -86.783648 34.991925, -86.836286315949508 34.992803004217, -87.2107585799823 34.9990491809997, -87.216682999999989 34.999148, -87.2240536418757 34.9992307419721, -87.60609786765329 35.0035195262043, -87.625025 35.003732, -87.851886 35.005656, -87.9849160436989 35.0059101243258, -88.00003199999999 35.005939, -88.202958999999993 35.008027999999996, -88.200064 34.995633999999995, -88.154617 34.922391999999995, -88.097888 34.892202, -88.13426299999999 34.622659999999996, -88.139559441247386 34.5816967458839, -88.154902184008691 34.46303430044, -88.1732617345949 34.3210395343343, -88.203583495219391 34.086527731468095, -88.207229 34.058333, -88.248387473909489 33.744907594881695, -88.25444499999999 33.698779, -88.2745164707837 33.534001477785196, -88.304442813510391 33.28832, -88.317135 33.184123, -88.3400849921393 32.991264337875, -88.347490247835012 32.9290347868805, -88.37333799999999 32.711825, -88.3892485641243 32.5781223959586, -88.4213122213943 32.308679123011295, -88.428277999999992 32.250143, -88.4311453634628 32.227636234688894, -88.453387763109291 32.053049205419704, -88.46866 31.933173, -88.4686624840513 31.893855711615597))",5027070,20,2013-07-01 16:00:00,2013-07-01 16:00:00
36,OH,Ohio,230,Great Lakes,"MULTIPOLYGON (((-82.863342 41.693692999999996, -82.84209899999999 41.628322999999995, -82.788876 41.643046999999996, -82.782719 41.694002999999995, -82.82571999999999 41.722809999999996, -82.863342 41.693692999999996)), ((-84.82015899999999 39.227225, -84.820157 39.10548, -84.750749 39.147358, -84.714047999999991 39.132659, -84.677247 39.098259999999996, -84.622283924630793 39.0784200416641, -84.607928 39.073237999999996, -84.550844 39.09936, -84.5065187374369 39.101766408188, -84.49918784070239 39.1021644008655, -84.493743 39.10246, -84.480943 39.11676, -84.462042 39.121759999999995, -84.445242 39.114461, -84.432941 39.083960999999995, -84.400939999999991 39.046361999999995, -84.326539 39.027463, -84.3212072268568 39.0205863526894, -84.297254999999993 38.989694, -84.288164 38.955788999999996, -84.232131999999993 38.880483, -84.232305045403493 38.8747078960317, -84.233265 38.842670999999996, -84.2261626339635 38.829777141242005, -84.212904 38.805707, -84.135088 38.789485, -84.0526461732196 38.7716146675358, -84.051642 38.771397, -83.978814 38.787104, -83.928454 38.774583, -83.9043750861048 38.7672838752678, -83.852085 38.751433, -83.834015 38.716007999999995, -83.78362 38.695640999999995, -83.77216 38.65815, -83.705861635585592 38.638037865066, -83.679484 38.630036, -83.6469114041267 38.6418519345458, -83.642994 38.643273, -83.626922 38.679387, -83.533339 38.702104999999996, -83.440404 38.669360999999995, -83.376302 38.661473, -83.320531 38.622713, -83.286514 38.599241, -83.2642989019587 38.6131124968875, -83.239515 38.628588, -83.172647 38.620252, -83.128973 38.640231, -83.112372 38.671685, -83.042338 38.708318999999996, -83.0303349312311 38.7168676766561, -83.011816 38.730056999999995, -82.943147 38.74328, -82.889192999999992 38.756076, -82.8822899936093 38.7416192232696, -82.871192 38.718377, -82.869592 38.678177, -82.851314 38.604334, -82.811542384650409 38.572369589561895, -82.800112 38.563182999999995, -82.724846 38.5576, -82.675724 38.515504, -82.664116907515691 38.507715590257, -82.618473999999992 38.477089, -82.593673 38.421808999999996, -82.560664 38.404337999999996, -82.5089669497313 38.4146439126517, -82.447076 38.426981999999995, -82.381773 38.434782999999996, -82.323999 38.449267999999996, -82.304223 38.496308, -82.29327099999999 38.560283, -82.2821333440281 38.579860796403494, -82.27427 38.593683, -82.218966999999992 38.591682999999996, -82.175167 38.608484, -82.185566999999992 38.659583, -82.201537 38.760372, -82.20929 38.802672, -82.16157 38.824632, -82.134766 38.905578999999996, -82.0988666505543 38.960879284493295, -82.089064999999991 38.975978, -82.041563 39.017877999999996, -82.007061999999991 39.029578, -81.941829 38.993294999999996, -81.89847 38.929603, -81.827354 38.945898, -81.775734 38.980737, -81.793303999999992 39.040352999999996, -81.807854999999989 39.083977999999995, -81.7502668434263 39.1040311930998, -81.742953 39.106578, -81.7522970367401 39.181034747405896, -81.752754 39.184675999999996, -81.7214681391725 39.2109608092037, -81.71162799999999 39.219228, -81.678331 39.273755, -81.613896 39.275338999999995, -81.565247 39.276174999999995, -81.559647 39.330774, -81.503188999999992 39.373242, -81.456143 39.409273999999996, -81.412706 39.394618, -81.393794 39.351706, -81.3703898088263 39.3487006724034, -81.347567 39.34577, -81.249088 39.389992, -81.185946 39.430731, -81.12853299999999 39.449374999999996, -81.1212738561078 39.4576974138893, -81.075949999999992 39.50966, -81.037365041987087 39.5380557124726, -80.943782 39.606926, -80.865574999999993 39.662751, -80.829764 39.711839, -80.8355216930075 39.7192518022001, -80.869933 39.763555, -80.824969 39.801092, -80.824276 39.847159, -80.8234381047859 39.8500320873964, -80.803394 39.918762, -80.764479 39.95025, -80.740125999999989 39.970793, -80.7382184399836 40.0335432260784, -80.736803999999992 40.080072, -80.70599399999999 40.151590999999996, -80.702667728503386 40.156991342310796, -80.684173210708 40.1870179733507, -80.644598 40.25127, -80.606596 40.303869, -80.631596 40.385467999999996, -80.6273626299369 40.3951709330172, -80.604895 40.446667, -80.622194999999991 40.520497, -80.667957 40.582496, -80.62717099999999 40.619935999999996, -80.583632999999992 40.61552, -80.518991 40.638801, -80.5197051125992 40.851336778685393, -80.5198697076862 40.9003239342489, -80.5198768467404 40.9024486754197, -80.519891 40.906661, -80.5196437725473 40.9873926540058, -80.5192220860809 41.1250935667958, -80.519196690325 41.1333865025489, -80.518892999999991 41.232555999999995, -80.5190001313643 41.333502144193595, -80.5191651698956 41.4890121901546, -80.5191767503534 41.499924051206, -80.519357 41.669767, -80.5193967266905 41.8495629905593, -80.519425 41.977523, -80.581882 41.957609999999995, -80.800794 41.909635, -80.900342 41.868911999999995, -81.0022694065175 41.849172466437594, -81.05192 41.839557, -81.184367999999992 41.786671, -81.286925 41.760242999999996, -81.388632 41.707144, -81.466038 41.649148, -81.488682733409007 41.634463927820896, -81.633652 41.540458, -81.738755 41.48855, -81.7685751416216 41.4914896464763, -81.810757999999993 41.495647999999996, -81.8225035796994 41.4952594192894, -81.937862 41.491443, -81.9603249700039 41.500553292597793, -81.968480702529 41.5038610079018, -81.994565 41.51444, -82.07115045287361 41.496911986784696, -82.181598 41.471634, -82.268479 41.430842, -82.3480192068912 41.427263308734496, -82.361784 41.426643999999996, -82.460599 41.386316, -82.533208 41.391157, -82.616952 41.428425, -82.687921 41.492323999999996, -82.6905671606649 41.496705795438196, -82.717878 41.54193, -82.83410099999999 41.587587, -82.85953099999999 41.576370999999995, -82.93436899999999 41.514353, -83.028072 41.555656, -83.066593 41.59534, -83.1638214175228 41.624130312973996, -83.231659999999991 41.644217999999995, -83.326825 41.701561999999996, -83.409531 41.691247, -83.453831999999991 41.732647, -83.5855418421088 41.7287720285128, -83.763038 41.723549999999996, -83.7631499920621 41.7235467977626, -83.880390245257587 41.7201944966129, -84.134417 41.712931, -84.3604190413973 41.7069558826335, -84.3995487854742 41.705921357405593, -84.43806699999999 41.704903, -84.806081999999989 41.696089, -84.804958156239593 41.530137813388194, -84.8042532576115 41.4260497115499, -84.804133 41.408291999999996, -84.8037035726169 41.271258330570596, -84.803644982255491 41.2525616835482, -84.803233999999989 41.121414, -84.8028596219513 40.9893740520086, -84.8026702061534 40.922568713921, -84.80211899999999 40.728162999999995, -84.802119032263789 40.7281459368726, -84.8024138785794 40.5722128806467, -84.80254699999999 40.50181, -84.8029313665713 40.465386621719794, -84.804119 40.352844, -84.8041205270149 40.352762230297095, -84.8049173025784 40.3100959150341, -84.808706 40.107216, -84.810161238474493 40.0050675438482, -84.811417106380389 39.9169136295798, -84.8141281379328 39.7266165116193, -84.814129 39.726555999999995, -84.8157059432555 39.567721664027395, -84.8161601949108 39.5219681089929, -84.817453 39.391753, -84.8188770978104 39.3051661690523, -84.8188774692751 39.3051435835594, -84.82015899999999 39.227225)))",12033640,20,2013-07-01 16:00:00,2013-07-01 16:00:00
4,AR,Arkansas,230,Southeast,"POLYGON ((-94.617919 36.499414, -94.5862 36.299969, -94.562268002492488 36.1619730409753, -94.551906310868 36.102225768630596, -94.532071 35.987852, -94.494548999999992 35.768302999999996, -94.493040072427007 35.7591664743273, -94.4731193906467 35.6385471525294, -94.449695999999989 35.496719, -94.4348892875967 35.393185215587494, -94.4339134438324 35.3863617698987, -94.43151499999999 35.369591, -94.435316 35.275892999999996, -94.442925861690014 35.062506209572696, -94.447509535784292 34.9339762121572, -94.449058 34.890556, -94.454395034137889 34.7289586731794, -94.45750000000001 34.634945, -94.4611686861559 34.5074566515725, -94.465425 34.359548, -94.4701526781621 34.1898642921261, -94.474894999999989 34.019655, -94.4772667415298 33.940910927934794, -94.481842 33.789007999999995, -94.485875 33.637867, -94.419057 33.577217, -94.388052 33.565511, -94.354165 33.556452, -94.338422 33.567082, -94.303742 33.564485999999995, -94.238868 33.576722, -94.213605 33.570622, -94.18339499999999 33.592211999999996, -94.143024 33.577725, -94.07267 33.572234, -94.043833747801088 33.5517137355856, -94.043427999999992 33.551425, -94.042988 33.435824, -94.043067 33.330498, -94.042945847176 33.2712420841398, -94.042718999999991 33.160291, -94.042964 33.019219, -93.8145530134338 33.0193890448708, -93.8049077746304 33.0193962254509, -93.723272999999992 33.019456999999996, -93.520993553771589 33.018742293588005, -93.4905124001204 33.0186345956663, -93.377134 33.018234, -93.238606962399388 33.0180158799566, -93.197402 33.017951, -92.988707610715011 33.017250940152195, -92.971137 33.017192, -92.724743173179291 33.0143417676748, -92.723553 33.014328, -92.50138299999999 33.01216, -92.222825 33.00908, -92.069146592481289 33.0084824302569, -92.0691037585613 33.0084822636996, -91.875127999999989 33.007728, -91.489176 33.006181999999995, -91.460391771831908 33.0059970557015, -91.4359310803318 33.005839890972105, -91.2645640502205 33.0047388242704, -91.166073 33.004106, -91.1596060980129 33.011242321306796, -91.120379 33.05453, -91.180836 33.098364, -91.153015 33.135093, -91.104317 33.131598, -91.084366 33.180856, -91.068708 33.232935999999995, -91.086137 33.273652, -91.125538999999989 33.280255, -91.142219 33.348988999999996, -91.113763999999989 33.393124, -91.147663 33.427172, -91.171799 33.462342, -91.189375 33.493005, -91.215671 33.529423, -91.2056449859479 33.5469783709329, -91.188942 33.576225, -91.130901999999992 33.610918999999996, -91.178311 33.651109, -91.100979999999993 33.660551, -91.075389 33.714403, -91.143287 33.747141, -91.111494 33.774567999999995, -91.08551 33.77641, -91.026782 33.763642, -91.025173 33.805952999999995, -91.052819 33.824180999999996, -91.061247 33.877505, -91.026382 33.90798, -91.035961 33.943757999999995, -91.088696 33.961334, -91.048367 33.985078, -91.004981 33.977011, -90.979945 34.000105999999995, -90.942662 34.018049999999995, -90.89242 34.02686, -90.874541 34.072041, -90.90113 34.094667, -90.946322999999992 34.109373999999995, -90.9447955243095 34.1166572053142, -90.9440807601939 34.1200652947774, -90.938064 34.148754, -90.894385 34.160953, -90.882701 34.184363999999995, -90.89456 34.22438, -90.839981 34.236114, -90.812829 34.279438, -90.752681 34.289266, -90.765174 34.342818, -90.729131 34.364205999999996, -90.660404 34.33576, -90.641398 34.383869, -90.575336 34.415152, -90.583717 34.458829, -90.569347 34.524867, -90.549244 34.568101, -90.587223999999992 34.615732, -90.5732884126183 34.633670506468, -90.550158 34.663444999999996, -90.546053 34.702076, -90.505494 34.764568, -90.47352699999999 34.788835, -90.46379499999999 34.834922999999996, -90.407982753794286 34.8352659792807, -90.40163299999999 34.835305, -90.313476 34.871697999999995, -90.3114242503452 34.8728511441, -90.250095 34.90732, -90.244475999999992 34.937596, -90.309297 34.995694, -90.300697 35.028793, -90.265295999999992 35.040293, -90.197145999999989 35.050731, -90.181387 35.091401, -90.160057999999992 35.12883, -90.09061 35.118286999999995, -90.099776999999989 35.164474, -90.093285 35.203282, -90.097946999999991 35.249983, -90.166593999999989 35.274588, -90.121864 35.304535, -90.087903 35.36327, -90.112504 35.410153, -90.070549 35.423291, -90.045306 35.415434999999995, -90.022064 35.457375, -90.045805 35.496533, -90.037615 35.550329, -89.958497999999992 35.541703, -89.944753999999989 35.560308, -89.9325 35.607865, -89.876548 35.626653, -89.898916 35.650904, -89.956589 35.695485999999995, -89.915491 35.754917, -89.863874 35.747592, -89.797052999999991 35.782648, -89.723425999999989 35.809382, -89.729517 35.847632, -89.722634 35.873718, -89.647269999999992 35.89492, -89.6489049703452 35.9035834823126, -89.652279 35.921462, -89.686923999999991 35.947716, -89.733094999999992 36.000608, -89.901182999999989 35.999365, -89.9593752951737 35.999014110156892, -90.103842 35.998143, -90.2889479152728 35.9965140042114, -90.368718 35.995812, -90.339343 36.047112, -90.294491999999991 36.112949, -90.235585 36.139474, -90.220424999999992 36.184764, -90.1891279822169 36.1989866086674, -90.155928 36.214074, -90.114921999999993 36.265595, -90.06398 36.303038, -90.063526 36.356911, -90.066136 36.386272, -90.13103799999999 36.415068999999995, -90.141398999999993 36.459874, -90.153871 36.495343999999996, -90.2207490539154 36.4959375921945, -90.494575 36.498368, -90.5761790655673 36.498405927798004, -90.765672 36.498494, -90.7842441551312 36.4984622001291, -91.017974 36.498062, -91.1265388745647 36.4977977010194, -91.404915 36.497119999999995, -91.407137443517485 36.4971407119486, -91.4500049181374 36.4975402131847, -91.64259 36.499334999999995, -91.6723424564437 36.499256633798893, -91.985801999999993 36.498431, -92.120429104388108 36.4981931239996, -92.1503062495012 36.4981403333242, -92.350276999999991 36.497786999999995, -92.529136581043687 36.4981656829853, -92.564237999999989 36.498239999999996, -92.772333893372092 36.4980831540795, -92.838876 36.498033, -92.854049114984889 36.498023381141593, -93.125969 36.497851, -93.293447355634 36.4982593752343, -93.3153271065291 36.4983127262979, -93.426988999999992 36.498585, -93.584281547355687 36.498901678628293, -93.700171 36.499134999999995, -93.866758211671083 36.4988661646849, -93.959189999999992 36.498717, -94.077088266893483 36.498975957222, -94.361202999999989 36.4996, -94.617919 36.499414))",2959373,1,2013-01-01 00:01:00,2014-07-01 16:00:00
52,WI,Wisconsin,230,Great Lakes,"MULTIPOLYGON (((-86.934276 45.421149, -86.956198 45.352005999999996, -86.899891 45.295185, -86.86774299999999 45.353065, -86.80586799999999 45.412903, -86.835748999999993 45.450188, -86.934276 45.421149)), ((-90.776921 47.024324, -90.767985 47.002327, -90.712032 46.98526, -90.679446 46.956032, -90.637124 46.906724, -90.549104 46.915461, -90.524056 46.935663999999996, -90.511623 46.961407, -90.54487499999999 47.017382999999995, -90.560936 47.037012999999995, -90.650421999999992 47.054677999999996, -90.74018 47.036105, -90.776921 47.024324)), ((-92.886697124409 45.644148, -92.887929 45.639005999999995, -92.881136 45.573409, -92.801503 45.562853999999994, -92.756906 45.557499, -92.728023 45.525652, -92.686793 45.472271, -92.646768 45.437929, -92.658486 45.396058, -92.698967 45.336374, -92.748267674685891 45.296059386509796, -92.761867999999993 45.284938, -92.766091408673688 45.2100217024227, -92.766932 45.195111, -92.743823479365588 45.123646262323007, -92.740508999999989 45.113395999999995, -92.802911 45.065402999999996, -92.761904 45.022467, -92.750802 44.941567, -92.767023265751888 44.8619767370977, -92.7671173343572 44.861515185875895, -92.768574 44.854368, -92.805286999999993 44.768361, -92.7923607996705 44.7589838136971, -92.7316238513032 44.7149227852596, -92.696491 44.689436, -92.618024999999989 44.61287, -92.54928 44.577704, -92.399281 44.558291999999994, -92.36151799999999 44.558935, -92.3169331334058 44.5392760122027, -92.314071 44.538014, -92.291005 44.485464, -92.2453646490054 44.4542511243518, -92.232472 44.445434, -92.111085 44.413948, -92.084528580492787 44.404614314801, -91.9636 44.362111999999996, -91.916191 44.318093999999995, -91.892698 44.231105, -91.854499975297685 44.1972265195522, -91.817302 44.164235, -91.719096999999991 44.128853, -91.64787299999999 44.064108999999995, -91.573282999999989 44.026900999999995, -91.5592155630397 44.0242093165812, -91.440536 44.001501, -91.4235686998173 43.9842968803226, -91.35742599999999 43.917231, -91.291001999999992 43.852733, -91.2876556273671 43.847065, -91.243955 43.773046, -91.257000156005688 43.725658737222396, -91.273252 43.666623, -91.252926 43.600363, -91.232812 43.564842, -91.217705999999993 43.50055, -91.232276 43.450952, -91.2106633577727 43.4194417829033, -91.199407999999991 43.403031999999996, -91.207366999999991 43.373658999999996, -91.154806 43.334826, -91.107237 43.313645, -91.057909999999993 43.253968, -91.087455999999989 43.221891, -91.13417299999999 43.174405, -91.175253 43.134665, -91.174934913911187 43.0802603718452, -91.174692 43.038713, -91.159084305947488 42.987477791322796, -91.155519 42.975774, -91.138 42.903772, -91.098819999999989 42.864421, -91.07071599999999 42.775501999999996, -91.017238999999989 42.719566, -90.941566999999992 42.683844, -90.896962027158409 42.6743180564343, -90.852497 42.664822, -90.743676999999991 42.645559999999996, -90.700856 42.626445, -90.672727 42.576598999999995, -90.642843 42.508480999999996, -90.437011 42.507146999999996, -90.426376960736093 42.5071777352237, -90.22319 42.507765, -89.927006876764011 42.5057904857746, -89.926484 42.505787, -89.83759488632559 42.5049103527915, -89.49321599999999 42.501514, -89.40141681104059 42.500441931073695, -89.365798607663493 42.500025966951604, -89.042898 42.496255, -88.9925602268173 42.4958547198992, -88.940384860378 42.495439827471195, -88.7764957607352 42.4941366004674, -88.70738 42.493587, -88.70737771540179 42.493587014769595, -88.506912 42.494883, -88.304692 42.495608172751496, -88.21690000000001 42.495923, -88.1995290014485 42.4957560156903, -87.8977017973003 42.4928546046294, -87.800477 42.49192, -87.813273 42.57922, -87.814674 42.64402, -87.802015055109592 42.668311061176695, -87.785074 42.700818999999996, -87.766674999999992 42.784895999999996, -87.821162938034 42.8422735467354, -87.8273880988724 42.848828840802796, -87.834879 42.856716999999996, -87.842681 42.944116, -87.895783999999992 43.015814, -87.870184 43.064412, -87.900484999999989 43.12591, -87.8965793338682 43.192134247975794, -87.896285999999989 43.197108, -87.889207 43.307652, -87.840955 43.420677, -87.793239 43.492782999999996, -87.791020155671589 43.5430150907866, -87.790134999999992 43.563054, -87.706204 43.679542, -87.708185 43.722895, -87.700251 43.76735, -87.726407 43.810445, -87.73601699999999 43.873720999999996, -87.728579542308893 43.892208887456796, -87.69892 43.965936, -87.655183 44.081894, -87.600882 44.131695, -87.53994 44.15969, -87.507419 44.210803, -87.521755 44.259957, -87.545381999999989 44.321385, -87.5433267854761 44.3275128561299, -87.498662 44.460685999999995, -87.446963 44.586273999999996, -87.401629 44.631191, -87.3754915502194 44.675512109805, -87.318981999999991 44.771335, -87.276029999999992 44.83318, -87.206285 44.885928, -87.188375 44.948077, -87.139383999999993 45.012564999999995, -87.06315699999999 45.079316, -87.045747999999989 45.134986999999995, -87.04417 45.186946, -86.978759 45.227332999999994, -86.97778 45.290684, -87.01703599999999 45.299254, -87.057627 45.292837999999996, -87.10874299999999 45.257003, -87.121608999999992 45.209782999999995, -87.175068 45.173049999999996, -87.238224 45.167259, -87.264877 45.081361, -87.336457 45.013529999999996, -87.393405 44.934393, -87.446477 44.886109, -87.515142 44.869596, -87.530999 44.857437, -87.581306 44.851791, -87.646300000000011 44.798739, -87.720889 44.724548, -87.71978 44.693245999999995, -87.737570860866285 44.6770118161559, -87.748409 44.667122, -87.7613076788851 44.6536977497349, -87.77516 44.639281, -87.866884 44.608433999999995, -87.898888 44.574135, -87.943801 44.529692999999995, -88.005518 44.539215999999996, -88.041202 44.572581, -87.998716 44.609288, -88.002085 44.664035, -87.9975734064425 44.6776639390448, -87.983494 44.720196, -87.941453 44.75608, -87.904484 44.818723, -87.854681 44.857771, -87.838359 44.873987, -87.84343299999999 44.924355, -87.812989 44.954012999999996, -87.7626384909711 44.962752171760293, -87.696491999999992 44.974233, -87.630298 44.976865, -87.625748 45.045156999999996, -87.59020799999999 45.095264, -87.648191 45.106367999999996, -87.695055 45.150521999999995, -87.741805 45.197050999999995, -87.71148 45.245224, -87.667423 45.316359999999996, -87.657349 45.368752, -87.706767 45.383827, -87.750928 45.355036999999996, -87.800463999999991 45.353608, -87.863489 45.35302, -87.85683 45.393105999999996, -87.847428999999991 45.444176999999996, -87.805773 45.473138999999996, -87.804203 45.524676, -87.787292 45.574906, -87.777671 45.609204, -87.824676 45.653211, -87.781007 45.673933999999996, -87.805076 45.703556, -87.8330494680353 45.7227525753469, -87.879812 45.754843, -87.966969999999989 45.764021, -87.995876 45.795435, -88.048514 45.782548999999996, -88.057010465949 45.7849770301437, -88.105517999999989 45.798839, -88.135066999999992 45.821694, -88.073944 45.875592999999995, -88.115346 45.922211, -88.1168565373761 45.922811242262696, -88.178007999999991 45.947111, -88.246307 45.962983, -88.309519999999992 45.959368999999995, -88.380183 45.991654, -88.409864 45.979687999999996, -88.526673 46.020821999999995, -88.593859999999992 46.015132, -88.613063 45.990626999999996, -88.65776 45.989287, -88.679132 46.013538, -88.68323220849939 46.0144656703203, -88.739994 46.027308, -88.811948 46.021609, -88.9327684510096 46.072107163775996, -88.991217028396008 46.096536354436, -89.09163 46.138504999999995, -89.638415999999992 46.243804, -89.9291256256648 46.299915728408095, -90.120488999999992 46.336852, -90.15824099999999 46.420485, -90.214866 46.499947, -90.285707 46.518845999999996, -90.331887 46.553278, -90.387228 46.533663, -90.41813599999999 46.566094, -90.437596 46.561492, -90.505909 46.589614, -90.548578555966088 46.586236258750496, -90.565559999999991 46.584891999999996, -90.66327299999999 46.645326, -90.737259999999992 46.692267, -90.755287 46.646288999999996, -90.794775 46.624941, -90.829031 46.616065999999996, -90.898308 46.58305, -90.9252293953426 46.5874880724456, -90.955649999999991 46.592503, -90.932626 46.617295999999996, -90.915151999999992 46.658409999999996, -90.852704 46.699582, -90.88084099999999 46.739957, -90.861046 46.765631, -90.798936 46.823142999999995, -90.745305 46.894254, -90.80628 46.938738, -90.85284 46.962558, -90.924128 47.001888, -90.989375 46.982274, -90.984617 46.925602, -91.034517999999991 46.903053, -91.087357 46.879470999999995, -91.13047499999999 46.870008, -91.167600999999991 46.84476, -91.211647 46.866824, -91.256705 46.836887, -91.314815 46.826825, -91.360804 46.798136, -91.411799 46.78964, -91.511077 46.757453, -91.551341535656391 46.7574752934595, -91.574291 46.757487999999995, -91.645502 46.734733, -91.820027 46.690176, -91.886963 46.690211, -91.961889 46.682539, -92.01529 46.706469, -92.05081899999999 46.710516999999996, -92.10025499999999 46.734446, -92.143338 46.731595999999996, -92.18309099999999 46.695240999999996, -92.205491999999992 46.664741, -92.292192 46.663242, -92.292371 46.495585, -92.2927598024283 46.41721950288, -92.293618999999993 46.244043, -92.2938306085787 46.157321306496, -92.294033 46.074377, -92.338239 46.052149, -92.35176 46.015685, -92.392681 46.01954, -92.44963 46.002252, -92.472760999999991 45.972952, -92.545682 45.970118, -92.580564999999993 45.94625, -92.656124999999989 45.924442, -92.721128 45.883804999999995, -92.759458 45.835341, -92.776496 45.790014, -92.826012999999989 45.73665, -92.8407421066255 45.7293967344697, -92.869689 45.715142, -92.886697124409 45.644148)))",5742713,1,2013-01-01 00:01:00,2014-07-01 16:00:00
39,PA,Pennsylvania,230,Mideast,"POLYGON ((-80.519891 40.906661, -80.5198768467404 40.9024486754197, -80.5198697076862 40.9003239342489, -80.5197051125992 40.851336778685393, -80.518991 40.638801, -80.519017117347389 40.477363146237096, -80.5190296911941 40.3996410563407, -80.519038999999992 40.342101, -80.5190843704566 40.159671995118096, -80.51912 40.01641, -80.5191607943145 39.962200052521894, -80.519342 39.721402999999995, -80.421388 39.721188999999995, -80.075947 39.72135, -80.0417020128105 39.721287032918795, -79.9160173560378 39.7210559335188, -79.763774 39.720776, -79.47666199999999 39.721078, -79.3924584050224 39.7214393586401, -79.045576 39.722927999999996, -78.9311751343098 39.7229969251733, -78.808299529621593 39.7230709562769, -78.723578 39.723122, -78.380477064564 39.72270413884, -78.3428335185744 39.722658292926496, -78.342593 39.722657999999996, -78.098970696166688 39.722466194428094, -78.075861 39.722448, -77.768644 39.721537999999995, -77.469274 39.720228999999996, -77.4691450036804 39.72022900225, -77.45943341952389 39.720229171644995, -77.23995 39.720233, -77.217023755237392 39.720217248385396, -76.9993180263332 39.7200676723526, -76.991062 39.720062, -76.7870971997576 39.721048146111293, -76.715770999999989 39.721393, -76.5694751172116 39.7214585591053, -76.418979999999991 39.721526, -76.2396837411146 39.7216419899246, -76.233485 39.721646, -76.233279347116593 39.7216462556279, -76.135697426990191 39.7217675506067, -75.8120799848468 39.7221698092499, -75.788596 39.722198999999996, -75.773786 39.7222, -75.753227999999993 39.757988999999995, -75.717058999999992 39.792325, -75.662846 39.821425, -75.5943169052201 39.8345949730914, -75.570433 39.839185, -75.481207 39.829191, -75.415061999999992 39.801919, -75.390315623251908 39.816829217830495, -75.3516482140689 39.840127153513393, -75.341765 39.846081999999996, -75.293376 39.848782, -75.258805818047691 39.8546739007844, -75.221025 39.861112999999996, -75.2111960614745 39.8665186316821, -75.183022999999991 39.882013, -75.1414355217473 39.8939183724813, -75.13342 39.896212999999996, -75.135719999999992 39.947112, -75.11922 39.965412, -75.0601299707226 39.9920110032626, -75.059017 39.992512, -74.989914 40.037310999999995, -74.9728547564456 40.0465053655363, -74.932211 40.068411, -74.863809 40.082209999999996, -74.825907 40.123909999999995, -74.769488 40.129145, -74.7262762802788 40.151403313151, -74.721604 40.15381, -74.7483554560178 40.184744178994, -74.760605 40.198909, -74.823906999999991 40.241507999999996, -74.856507999999991 40.277407, -74.903309999999991 40.315607, -74.928110569091388 40.3398284476893, -74.946006 40.357306, -74.969597 40.39977, -75.024774999999991 40.403455, -75.056102 40.416066, -75.070568 40.455165, -75.062227 40.481390999999995, -75.078503 40.548296, -75.136748 40.575731, -75.186737 40.569406, -75.1881977172614 40.5925790863097, -75.1892364013559 40.609056961122093, -75.191059 40.637971, -75.1918418717483 40.6772421254414, -75.192612 40.715874, -75.177477 40.764224999999996, -75.1107049831793 40.7902369660145, -75.108505 40.791094, -75.09096199999999 40.849187, -75.065438 40.885681999999996, -75.09772 40.926679, -75.123253944208486 40.9653055343877, -75.133085999999992 40.980179, -75.070532 41.01862, -75.015271 41.061215, -74.9923862190621 41.0930279357701, -74.982995726083 41.1060819890645, -74.979873 41.110423, -74.905256 41.155668, -74.867404999999991 41.22777, -74.815703 41.296150999999995, -74.760325 41.340325, -74.694914 41.357423, -74.734893 41.425818, -74.7562718347252 41.4276274285434, -74.799545999999992 41.43129, -74.890357999999992 41.455324, -74.982463 41.496466999999996, -75.04387899999999 41.575094, -75.046198605911684 41.6037640199027, -75.049281 41.641861999999996, -75.053431 41.752538, -75.074412 41.802191, -75.113368999999992 41.840697999999996, -75.1466648992859 41.8501259301463, -75.190203 41.862454, -75.263004999999993 41.885109, -75.291761999999991 41.947092, -75.341124999999991 41.992771999999995, -75.3598599291505 41.9936858889046, -75.477144 41.999407, -75.4831492709589 41.9993981645227, -75.5531125390951 41.9992952284735, -75.870677 41.998827999999996, -76.10584 41.998858, -76.1455189947821 41.998866463308005, -76.462155 41.998934, -76.473030885808 41.999072381007004, -76.557624143569385 42.0001487163417, -76.558118 42.000155, -76.9268463629543 42.0007234518172, -76.9657287594267 42.000783395046895, -77.007635 42.000848, -77.610020114476 41.9991498540796, -77.749930925127288 41.998755440329, -77.83203 41.998523999999996, -78.031177 41.999415, -78.2066030378582 41.9990883057576, -78.271204 41.998968, -78.3081289604466 41.9990711347414, -78.59665 41.999877, -78.9188573636152 41.9991031986894, -78.983065 41.998948999999996, -79.0612644031599 41.998838109911006, -79.472472 41.998255, -79.6108357749867 41.998519904108392, -79.761313 41.998808, -79.762121999999991 42.131246, -79.761951 42.26986, -79.844661 42.235486, -79.923924 42.207546, -80.020322999999991 42.163115999999995, -80.0211649256545 42.163240309016004, -80.088512 42.173184, -80.136213 42.149937, -80.154084 42.114757, -80.329976 42.036167999999996, -80.519425 41.977523, -80.5193967266905 41.8495629905593, -80.519357 41.669767, -80.5191767503534 41.499924051206, -80.5191651698956 41.4890121901546, -80.5190001313643 41.333502144193595, -80.518892999999991 41.232555999999995, -80.519196690325 41.1333865025489, -80.5192220860809 41.1250935667958, -80.5196437725473 40.9873926540058, -80.519891 40.906661))",12773801,1,2013-01-01 00:01:00,2014-07-01 16:00:00
28,NE,Nebraska,230,Plains,"POLYGON ((-104.053142 41.114457, -104.053249 41.001405999999996, -103.574522 41.001720999999996, -103.57377400619501 41.001721799084095, -103.38249165189 41.001926146621, -103.076536 41.002252999999996, -102.65346413726901 41.002225324143595, -102.621033024452 41.0022232026156, -102.556789 41.002219, -102.051717516378 41.002376967623896, -102.051614 41.002376999999996, -102.051292 40.749590999999995, -102.05129200020701 40.7495859948737, -102.05129415157901 40.697546832389008, -102.05130479859702 40.440007993377, -102.05130855184402 40.3492213568722, -102.051309 40.338381, -102.051744 40.003077999999995, -101.832161 40.002933, -101.542273 40.002609, -101.411028987802 40.002582569567593, -101.325514027519 40.0025653482305, -101.293991 40.002559, -101.060317 40.002306999999995, -100.75883 40.002302, -100.73882471319101 40.0022629565677, -100.477018 40.001751999999996, -100.193599056836 40.0015730057199, -100.19359 40.001573, -100.177797545879 40.0015658138516, -99.813401 40.001400000000004, -99.6282538492245 40.001771947268495, -99.6253267263996 40.001777827647, -99.501792 40.002026, -99.179133150861091 40.0021089526949, -99.085596999999993 40.002133, -99.067018349898092 40.0021435130522, -98.726372963939014 40.0023362731669, -98.613755 40.0024, -98.504454983636791 40.002379876736008, -98.274017059752907 40.0023374507299, -98.076033999999993 40.002300999999996, -97.931824926317191 40.0022363450196, -97.8215008122752 40.002186882088893, -97.777155 40.002167, -97.415832999999992 40.002001, -97.369199035315 40.0019393057605, -97.009165 40.001463, -96.916407005465786 40.0014540910439, -96.873812 40.00145, -96.805768 40.0013684550954, -96.469945 40.000966, -96.4637120767748 40.000958572554495, -96.2392078784111 40.0006910427544, -96.239172 40.000690999999996, -96.154365 40.000495, -96.02409 40.000719, -96.0106788179345 40.000704665772005, -95.7881109948917 40.0004667793653, -95.78457499999999 40.000462999999996, -95.339895970850293 40.0000288571054, -95.30829 39.999998, -95.348777 40.029297, -95.38295699999999 40.027111999999995, -95.414734 40.06982, -95.394216 40.108263, -95.432165 40.141025, -95.48102 40.188524, -95.472547999999989 40.236078, -95.547159999999991 40.259066, -95.547870316270291 40.2627834608198, -95.5481820011801 40.2644146728427, -95.553292 40.291157999999996, -95.598656999999989 40.309809, -95.653729 40.322582, -95.641027 40.366399, -95.649418 40.396149, -95.684362999999991 40.463366, -95.694725999999989 40.493601999999996, -95.712280371801086 40.5237544262074, -95.714290999999989 40.527208, -95.75711 40.52599, -95.765644999999992 40.585208, -95.748626 40.603355, -95.781909 40.653272, -95.846033999999989 40.682604999999995, -95.888697 40.736292, -95.834156 40.783015999999996, -95.8342438167144 40.7837843870431, -95.841309 40.845604, -95.810708999999989 40.886680999999996, -95.8187272785699 40.8979480664065, -95.837774 40.924712, -95.828329 40.972378, -95.865878 41.017403, -95.8647847640853 41.0528455046135, -95.863839 41.083507, -95.868687999999992 41.124697999999995, -95.8618980682094 41.1603023482127, -95.856788 41.187098, -95.90969 41.184398, -95.9099084912548 41.1912828508279, -95.911391 41.237998, -95.890152 41.278307999999996, -95.925689999999989 41.322196999999996, -95.928789999999992 41.370096, -95.9273362423201 41.3899879374596, -95.922529 41.455766, -95.982962 41.469778, -95.9940203930119 41.5068906409415, -96.005079 41.544004, -96.08049299999999 41.528199, -96.09182 41.561085999999996, -96.118105 41.613495, -96.111482999999993 41.668548, -96.107937871746486 41.6765089897621, -96.087600000000009 41.72218, -96.064537 41.793002, -96.107911 41.840339, -96.1268212534654 41.8660952477016, -96.159098 41.910056999999995, -96.132537 41.974624999999996, -96.223610999999991 42.022652, -96.272877 42.047238, -96.2689 42.113589999999995, -96.347752 42.166806, -96.3372160947059 42.214849506895604, -96.336323 42.218922, -96.336002999999991 42.264806, -96.351957192496 42.280894704543293, -96.407997999999992 42.337407999999996, -96.411808 42.410894, -96.381306999999993 42.461694, -96.44550799999999 42.490629999999996, -96.50132099999999 42.482749, -96.525142 42.510234, -96.611488999999992 42.506088, -96.6279454569017 42.5270961391418, -96.658754 42.566426, -96.7093 42.603753, -96.697639 42.659143, -96.778182 42.662993, -96.80165199999999 42.698774, -96.8073706000982 42.700678985373, -96.906797 42.7338, -96.965679 42.724531999999996, -97.0156311127472 42.7565254624882, -97.02485 42.762429999999995, -97.131330999999989 42.771929, -97.1650703923738 42.7916166414677, -97.213957 42.820142999999995, -97.237867999999992 42.853139, -97.302075 42.86566, -97.341180999999992 42.855882, -97.417065999999991 42.865918, -97.452176999999992 42.846047999999996, -97.484916876342012 42.850003214867904, -97.515948 42.853752, -97.59926 42.856229, -97.6354420904415 42.851809075185493, -97.701029999999989 42.843796999999995, -97.801344 42.858003, -97.857957 42.865092999999995, -97.876887 42.852663, -97.905001 42.798871999999996, -97.950147 42.769619, -98.035034 42.764205, -98.104700000000008 42.808475, -98.14806 42.840013, -98.1525866548382 42.8411533810637, -98.231922 42.86114, -98.280007 42.874995999999996, -98.3081868164513 42.8864892074256, -98.386445 42.918406999999995, -98.434502999999992 42.929227, -98.478918999999991 42.963539, -98.4985499961057 42.9985599930527, -98.847991999999991 42.998255, -99.2544550123166 42.998220926786693, -99.534055014809013 42.9981974883181, -99.850037 42.998171, -100.19841261156601 42.9979768846315, -100.19841379977501 42.9979768839694, -101.000429 42.99753, -101.228109393116 42.997868882528195, -102.082486319192 42.9991405485194, -102.08254804307201 42.999140640389996, -102.40864 42.999626, -102.792110939839 43.0000362357704, -103.000896516076 43.0002595937953, -103.476133 43.000768, -103.50509926163201 43.0007588130312, -104.053127 43.000585, -104.052586 42.630917, -104.052662191568 42.6117663005415, -104.053107 42.499964, -104.052793 42.249962, -104.052729 42.016318, -104.052762137092 42.0017182658666, -104.053026 41.885464, -104.052825235239 41.697953853064007, -104.052735 41.613676, -104.05263457163299 41.5642757795737, -104.052287 41.393307, -104.052287134121 41.3932140001934, -104.052453 41.278202, -104.053142 41.114457))",1868516,1,2013-01-01 00:01:00,2014-07-01 16:00:00
20,ME,Maine,230,New England,"MULTIPOLYGON (((-68.92401 43.885407, -68.944433 43.835325999999995, -68.888483 43.803781, -68.849009 43.849841, -68.874783999999991 43.904714999999996, -68.92401 43.885407)), ((-71.083924 45.305451, -71.057861 45.000049, -71.036705 44.736498, -71.022992 44.500057999999996, -71.019465009242 44.4404186985052, -71.0135782874948 44.3408777591631, -71.01127 44.301846, -71.010264396365187 44.2847733583381, -71.008736 44.258824999999995, -71.001367 44.092931, -70.989929 43.839239, -70.987258046746 43.792973592884195, -70.981946 43.700959999999995, -70.972715999999991 43.570254999999996, -70.9637943056613 43.5402264276568, -70.954754999999992 43.509802, -70.960788896047 43.474088733621592, -70.968358999999992 43.429283, -70.984335 43.376128, -70.923949 43.324768, -70.872585 43.270151999999996, -70.813119 43.217251999999995, -70.8247767120681 43.179763105182204, -70.824801 43.179685, -70.8281 43.129086, -70.819549285713009 43.1232309734312, -70.756396999999993 43.079988, -70.703818 43.059825, -70.665958 43.076234, -70.622509999999991 43.134572999999996, -70.596184999999991 43.163466, -70.575786999999991 43.221858999999995, -70.576986634166 43.2280191731452, -70.585184 43.270112999999995, -70.553854 43.321886, -70.5341490659506 43.3339572407458, -70.517695 43.344037, -70.465975 43.340246, -70.416311 43.361059, -70.383980999999991 43.41294, -70.327303 43.458521, -70.385615 43.487030999999995, -70.361214 43.52919, -70.3387374772484 43.5281092793689, -70.321116 43.527262, -70.245499 43.539635, -70.206122999999991 43.557627, -70.217086999999992 43.596717, -70.190704 43.645582, -70.168227 43.675135999999995, -70.09603899999999 43.672276, -70.071304 43.713772, -70.0627766602365 43.713359946512796, -70.001273 43.710387999999995, -69.983685 43.744395, -69.915593 43.775112, -69.887406124157692 43.7665933794518, -69.862155 43.758962, -69.855081 43.704746, -69.833471 43.701280999999994, -69.807358999999991 43.728080999999996, -69.754091 43.743866, -69.717074 43.792403, -69.6958154562599 43.7960549672913, -69.650818 43.803785, -69.578527 43.823316, -69.552606 43.841347, -69.503289999999993 43.837672999999995, -69.438065999999992 43.909538999999995, -69.422048 43.923047, -69.393288 43.95642, -69.3804897193431 43.943640233556494, -69.354576999999992 43.917764999999996, -69.321030999999991 43.856708, -69.279918 43.879579, -69.242812 43.918817999999995, -69.212938999999992 43.921403999999995, -69.174979999999991 43.976949, -69.131536 43.976088999999995, -69.077028 43.973653999999996, -69.043911999999992 44.006336, -69.068112 44.039767999999995, -69.031877999999992 44.079035999999995, -69.075667 44.129991, -69.054546 44.171541999999995, -69.040193 44.233672999999996, -69.0210745450046 44.2304353141229, -68.951889999999992 44.218719, -68.9349764317618 44.202907473937294, -68.88859699999999 44.159549999999996, -68.935327 44.130379999999995, -68.905098 44.077344, -68.874139 44.025358999999995, -68.77965 44.057753999999996, -68.669383 44.076359, -68.657031 44.003823, -68.617085 44.010096999999995, -68.584101 44.071588999999996, -68.5314142023518 44.0898523802565, -68.50294199999999 44.099722, -68.438518 44.11618, -68.331032 44.10758, -68.31478899999999 44.197157, -68.306519 44.234829, -68.17433 44.225908, -68.22949 44.266918, -68.191924 44.306675, -68.173608 44.328396999999995, -68.189155 44.373833, -68.125624 44.387127, -68.103757 44.364362, -68.049334 44.330729999999996, -68.013989999999993 44.390254999999996, -67.978876 44.387034, -67.943843957055208 44.407015790843005, -67.936531 44.411187, -67.899571 44.394078, -67.855108 44.419433999999995, -67.837938 44.46467, -67.793589 44.494779, -67.706679999999992 44.501974999999995, -67.653123 44.525822999999995, -67.634806 44.487054, -67.579726 44.429131, -67.503208 44.476918, -67.521168 44.50991, -67.491751 44.556123, -67.448512999999991 44.600322, -67.398986999999991 44.602630999999995, -67.368269 44.624672, -67.293403 44.599264999999995, -67.234275 44.637201, -67.169857 44.662105, -67.116745 44.706106, -67.073439 44.741957, -67.02615 44.768198999999996, -66.949895 44.817419, -66.99296 44.849181, -66.983558 44.903276999999996, -67.033474 44.939923, -67.082073999999992 45.029607999999996, -67.090786 45.068721, -67.112414 45.112322999999996, -67.161247 45.162879, -67.203932999999992 45.171406999999995, -67.271076 45.191081, -67.298209 45.146671999999995, -67.339869 45.125594, -67.390579 45.154114, -67.453473 45.241127, -67.480256 45.268184999999995, -67.460554 45.300379, -67.42724299999999 45.373689999999996, -67.484327999999991 45.451955, -67.476855 45.49724, -67.417417 45.501985, -67.423645999999991 45.572153, -67.455406 45.604665, -67.534919 45.595428, -67.631762 45.621409, -67.675417 45.630959, -67.710464 45.679372, -67.803313 45.677886, -67.8028942950771 45.678927885463196, -67.781892 45.731189, -67.803626 45.781624, -67.763955 45.829983, -67.803677999999991 45.869378999999995, -67.750422 45.917898, -67.779984 45.938162999999996, -67.780438 46.038452, -67.782113999999993 46.279381, -67.788406 46.601794999999996, -67.789799 46.794868, -67.789761 47.065743999999995, -67.889155 47.118772, -67.952269 47.196141999999995, -67.998171 47.217842, -68.082895999999991 47.271921, -68.153509 47.314038, -68.204263 47.339729999999996, -68.26971 47.353733, -68.361559 47.355605, -68.384281 47.326943, -68.375615 47.292268, -68.460064 47.286065, -68.507432 47.296636, -68.588725 47.281721, -68.604818999999992 47.249418, -68.675913 47.242626, -68.803536999999992 47.216032999999996, -68.900984999999991 47.178518999999994, -68.966433 47.212711999999996, -69.0402 47.2451, -69.053885 47.377877999999995, -69.039301 47.42217, -69.108215 47.435831, -69.156074 47.451035, -69.219996 47.457159, -69.43919799999999 47.250032999999995, -69.566383 47.125032, -69.818552 46.875029999999995, -69.997086 46.695229999999995, -70.023019787056185 46.573486472517295, -70.053748 46.429235999999996, -70.080292 46.410531, -70.118597 46.384232999999995, -70.161337 46.360983999999995, -70.207415 46.331316, -70.205719 46.299865, -70.232682 46.284428, -70.255492 46.246444, -70.290896 46.185838, -70.239566 46.142762, -70.266348999999991 46.100992999999995, -70.306733999999992 46.061344, -70.317629 46.019079999999995, -70.303034 45.998976, -70.312969999999993 45.961856, -70.26541 45.962692, -70.252526 45.933175999999996, -70.259117 45.890755, -70.329748 45.853795, -70.39662 45.808485999999995, -70.415684 45.786158, -70.383552 45.734868999999996, -70.446902999999992 45.704043999999996, -70.552793 45.667836, -70.55282390337851 45.6678060578851, -70.591275 45.630551, -70.649577999999991 45.598147, -70.688214 45.563981, -70.723396 45.510394, -70.674903 45.452399, -70.635498 45.427817, -70.634661 45.383607999999995, -70.677995 45.394362, -70.729972 45.399359, -70.755567 45.428360999999995, -70.781471 45.431159, -70.825611999999992 45.400304999999996, -70.806243999999992 45.376557999999996, -70.819471 45.341435, -70.808613 45.311606, -70.82979 45.286941, -70.8340195374401 45.2717944023968, -70.84443 45.234513, -70.892822 45.239171999999996, -70.912111 45.296197, -70.949365 45.331536, -71.012757 45.34476, -71.038209999999992 45.311921999999996, -71.083924 45.305451)))",1328302,1,2013-01-01 00:02:00,2014-07-01 16:00:00
24,MN,Minnesota,230,Plains,"POLYGON ((-97.229039 49.000687, -97.227854 48.945864, -97.187362 48.867598, -97.152588 48.772602, -97.121253 48.713592999999996, -97.100009 48.667925999999994, -97.142915 48.583732999999995, -97.1477235683009 48.543891683650592, -97.148103466133591 48.540744046186695, -97.149121999999991 48.532305, -97.139173 48.430527999999995, -97.137903999999992 48.344584999999995, -97.129533 48.257815, -97.1419103871983 48.1936276188745, -97.1458449594749 48.1732234829905, -97.146745 48.168555999999995, -97.105616 48.091362, -97.068986999999993 48.026267, -97.037354 47.933279, -96.996364 47.844398, -96.928506 47.744884, -96.893493301339888 47.6721269594437, -96.882376 47.649024999999995, -96.854073 47.57201, -96.8559593490532 47.499173229529006, -96.85748 47.440456999999995, -96.84022 47.276981, -96.836009594541892 47.2379818754871, -96.8265691272283 47.150538999999995, -96.81907799999999 47.081151999999996, -96.833503999999991 47.01011, -96.763972999999993 46.912507, -96.788803 46.777575, -96.786845 46.692805, -96.790523 46.63688, -96.789786513049791 46.6357466727167, -96.7857861825985 46.6295908492609, -96.744436 46.56596, -96.709094999999991 46.435294, -96.647296 46.358498999999995, -96.60104 46.319554, -96.59567 46.21985, -96.554507 46.083977999999995, -96.572697494194 46.021891671357693, -96.574264 46.016545, -96.563672 45.935244999999995, -96.571871 45.871846, -96.587093 45.816444999999995, -96.630512 45.781157, -96.672665 45.732336, -96.745086 45.701575999999996, -96.82616 45.654163999999994, -96.851621 45.619412, -96.843956999999989 45.594003, -96.835419161978209 45.5861286928808, -96.781036 45.535972, -96.742509 45.478722999999995, -96.710786 45.43693, -96.675446999999991 45.410216, -96.61772599999999 45.408091999999996, -96.562142 45.386089999999996, -96.521786999999989 45.375645, -96.482556 45.346273, -96.47007760304929 45.3267996493923, -96.457781 45.30761, -96.457553498485012 45.268897928718395, -96.4558401136336 44.97734524828, -96.4548305155538 44.805550204045794, -96.4538066996671 44.631335831948, -96.4532913135987 44.543636801818, -96.452213 44.360149, -96.4524358245955 44.196801586665, -96.452435854669588 44.1967795400951, -96.4529095716932 43.8495088526372, -96.452909574366387 43.8495068930184, -96.453314999999989 43.552299, -96.45326 43.500389999999996, -96.198484 43.500335, -96.05316283451 43.5001877081575, -95.8609462015723 43.4999928849056, -95.834420999999992 43.499966, -95.486803 43.500246, -95.4544322386606 43.500322085250005, -95.387787594021887 43.5004787289074, -95.214937999999989 43.500885, -94.9146134847136 43.500595872986096, -94.874235 43.500557, -94.85455506761069 43.5005534191522, -94.4428499897182 43.5004785076547, -94.390597 43.500468999999995, -94.2479674415552 43.5001754767076, -93.9707615585282 43.499605003207392, -93.97076 43.499604999999995, -93.6485330311736 43.4995354896751, -93.576728 43.49952, -93.4973513252204 43.4995307245117, -93.228861 43.499567, -93.049192007816487 43.4995574800246, -93.0243479005419 43.499556163630004, -92.870277 43.499548, -92.553161 43.5003, -92.5531280905188 43.5003000363123, -92.448947951437788 43.500414988562696, -92.178862999999993 43.500713, -92.079801993128285 43.500704885176596, -91.824848 43.500684, -91.7302169978377 43.5006857009461, -91.610835000554388 43.5006878467793, -91.491042 43.50069, -91.217705999999993 43.50055, -91.232812 43.564842, -91.252926 43.600363, -91.273252 43.666623, -91.257000156005688 43.725658737222396, -91.243955 43.773046, -91.2876556273671 43.847065, -91.291001999999992 43.852733, -91.35742599999999 43.917231, -91.4235686998173 43.9842968803226, -91.440536 44.001501, -91.5592155630397 44.0242093165812, -91.573282999999989 44.026900999999995, -91.64787299999999 44.064108999999995, -91.719096999999991 44.128853, -91.817302 44.164235, -91.854499975297685 44.1972265195522, -91.892698 44.231105, -91.916191 44.318093999999995, -91.9636 44.362111999999996, -92.084528580492787 44.404614314801, -92.111085 44.413948, -92.232472 44.445434, -92.2453646490054 44.4542511243518, -92.291005 44.485464, -92.314071 44.538014, -92.3169331334058 44.5392760122027, -92.36151799999999 44.558935, -92.399281 44.558291999999994, -92.54928 44.577704, -92.618024999999989 44.61287, -92.696491 44.689436, -92.7316238513032 44.7149227852596, -92.7923607996705 44.7589838136971, -92.805286999999993 44.768361, -92.768574 44.854368, -92.7671173343572 44.861515185875895, -92.767023265751888 44.8619767370977, -92.750802 44.941567, -92.761904 45.022467, -92.802911 45.065402999999996, -92.740508999999989 45.113395999999995, -92.743823479365588 45.123646262323007, -92.766932 45.195111, -92.766091408673688 45.2100217024227, -92.761867999999993 45.284938, -92.748267674685891 45.296059386509796, -92.698967 45.336374, -92.658486 45.396058, -92.646768 45.437929, -92.686793 45.472271, -92.728023 45.525652, -92.756906 45.557499, -92.801503 45.562853999999994, -92.881136 45.573409, -92.887929 45.639005999999995, -92.886697124409 45.644148, -92.869689 45.715142, -92.8407421066255 45.7293967344697, -92.826012999999989 45.73665, -92.776496 45.790014, -92.759458 45.835341, -92.721128 45.883804999999995, -92.656124999999989 45.924442, -92.580564999999993 45.94625, -92.545682 45.970118, -92.472760999999991 45.972952, -92.44963 46.002252, -92.392681 46.01954, -92.35176 46.015685, -92.338239 46.052149, -92.294033 46.074377, -92.2938306085787 46.157321306496, -92.293618999999993 46.244043, -92.2927598024283 46.41721950288, -92.292371 46.495585, -92.292192 46.663242, -92.205491999999992 46.664741, -92.18309099999999 46.695240999999996, -92.143338 46.731595999999996, -92.10025499999999 46.734446, -92.05081899999999 46.710516999999996, -92.01529 46.706469, -92.062088 46.804038, -92.013404999999992 46.833726999999996, -91.906483 46.891236, -91.806851 46.933727, -91.7939959120814 46.9427806471419, -91.737097999999989 46.982853, -91.644564 47.026491, -91.573816999999991 47.089917, -91.456965 47.139156, -91.38702099999999 47.187293, -91.262512 47.279289999999996, -91.146958 47.381464, -91.023124717702089 47.4649635160608, -91.023124 47.464963999999995, -90.86827 47.5569, -90.73592699999999 47.624342999999996, -90.647837 47.656175999999995, -90.537105 47.703055, -90.42139 47.73515, -90.32344599999999 47.753771, -90.187636 47.77813, -90.072025 47.811105, -89.974296 47.830514, -89.923649 47.862061999999995, -89.793539 47.891358, -89.737539 47.918183, -89.66061599999999 47.951215999999995, -89.555015 47.974849, -89.489226 48.014528, -89.625087 48.011517, -89.749314 48.023325, -89.868152999999992 47.989898, -89.973433 48.02035, -90.029626 48.087588, -90.136191 48.112136, -90.31723 48.103792999999996, -90.471019 48.106075999999995, -90.566113 48.12262, -90.703701999999993 48.096008999999995, -90.775961999999993 48.122229, -90.804206999999991 48.177833, -90.843623999999991 48.243576, -90.906829 48.237339, -91.0325394612651 48.1905788218987, -91.03555 48.189459, -91.156106999999992 48.140474999999995, -91.250112 48.084087, -91.336578 48.069627, -91.465499 48.06677, -91.542512 48.053267999999996, -91.559271999999993 48.108267999999995, -91.692365999999993 48.11933, -91.714930999999993 48.19913, -91.781182 48.200432, -91.7972835799087 48.205775915453593, -91.89347 48.237699, -91.980772 48.247800999999995, -92.000132999999991 48.321355, -92.055228 48.359213, -92.162161 48.363279, -92.26227999999999 48.354932999999996, -92.295412 48.323957, -92.295667999999992 48.278118, -92.314664999999991 48.240527, -92.369174 48.220268, -92.416285 48.295463, -92.469948 48.351836, -92.456324999999993 48.414204, -92.51491 48.448313, -92.575635999999989 48.440827, -92.657101 48.466915, -92.631116999999989 48.508252, -92.634931 48.542873, -92.728045999999992 48.53929, -92.89468699999999 48.594915, -92.954876 48.631493, -93.0884545352861 48.6268142184965, -93.14242 48.624924, -93.207398 48.642474, -93.347528 48.626619999999996, -93.371156 48.605084999999995, -93.464308 48.591792, -93.467503999999991 48.545663999999995, -93.562062 48.528897, -93.674568 48.516296999999994, -93.815177999999989 48.526508, -93.80527 48.570299, -93.844008 48.629394999999995, -93.927004 48.63122, -94.091243999999989 48.643668999999996, -94.250191 48.656323, -94.25116899999999 48.683513999999995, -94.281797 48.705255, -94.388848 48.711945, -94.4302012792341 48.698308785528496, -94.446604 48.6929, -94.508862 48.700362, -94.619009999999989 48.737373999999996, -94.694312 48.789352, -94.685681 48.840118999999994, -94.683068999999989 48.883928999999995, -94.718932 48.999990999999994, -94.75021799999999 48.999992, -94.750221 49.099762999999996, -94.774228 49.124994, -94.797243999999992 49.214284, -94.816222 49.320986999999995, -94.878453999999991 49.333192999999994, -94.952111 49.368679, -94.988908 49.368897, -95.058404 49.35317, -95.153314 49.384358, -95.15333 49.309287, -95.153309 49.18488, -95.153711 48.998903, -95.3198887834722 48.9987583440104, -95.34096199999999 48.99874, -95.97538999999999 48.999984, -96.405408 48.999984, -96.93096 48.999984, -97.229039 49.000687))",5420380,1,2013-01-01 00:02:00,2014-07-01 16:00:00
22,MA,Massachusetts[E],230,New England,"MULTIPOLYGON (((-70.275526 41.310463999999996, -70.211479 41.248765, -70.096966999999992 41.240849999999995, -70.015225 41.237964, -69.960180999999992 41.264545999999996, -69.984869 41.358818, -70.049053 41.391701999999995, -70.079133 41.319503999999995, -70.193711999999991 41.313787, -70.275526 41.310463999999996)), ((-70.833801999999991 41.353386, -70.833396999999991 41.316778, -70.821283999999991 41.251014, -70.768687 41.303702, -70.693635 41.342833, -70.577454 41.349163, -70.448262 41.353651, -70.463833 41.419145, -70.496197 41.424907999999995, -70.553277 41.452954999999996, -70.603555 41.482383999999996, -70.686881 41.441334, -70.757797 41.365702, -70.833801999999991 41.353386)), ((-73.508141999999992 42.086256999999996, -73.4896678833378 42.0537765084476, -73.487314 42.049638, -73.231056 42.044945, -73.127247107406191 42.0421236358417, -73.0534085331407 42.0401168182972, -73.00874367105969 42.0389028968511, -72.999549 42.038653, -72.847141999999991 42.036894, -72.81007799999999 41.998315999999996, -72.7747567123884 42.002129385282, -72.766739 42.002995, -72.735496 42.036398999999996, -72.607933 42.030795, -72.528131 42.034295, -72.5091808472089 42.034080513691293, -72.3974762605243 42.0328161911961, -72.317148 42.031907, -72.1988410554834 42.030103818253195, -72.135731827659 42.0291419355156, -72.1021584743591 42.0286302254204, -71.987326 42.02688, -71.8851290556391 42.0250673723308, -71.80064999999999 42.023568999999995, -71.799241999999992 42.008064999999995, -71.6062036517871 42.0131179047248, -71.591098615378 42.013513288909095, -71.559439 42.014342, -71.4982248646903 42.0158740897052, -71.4580809945561 42.0168788251287, -71.381401 42.018798, -71.381431424305887 41.984998117398895, -71.381461 41.952141, -71.381700000000009 41.893198999999996, -71.339298 41.893398999999995, -71.339597 41.832, -71.329396 41.7826, -71.3172840975385 41.7772035743091, -71.261392 41.752300999999996, -71.20860053289509 41.6903092436027, -71.2013271875249 41.6817683282027, -71.19564 41.67509, -71.132888 41.660101999999995, -71.137492 41.602561, -71.12057 41.497448, -71.085663 41.509291999999995, -71.035513999999992 41.499047, -71.02032123222439 41.502159475917, -70.981708 41.51007, -70.941785 41.540121, -70.910164999999992 41.577073, -70.9090917764468 41.577265805465494, -70.8573992578897 41.5865524075652, -70.853121 41.587320999999996, -70.82191 41.582840999999995, -70.8039626132079 41.601515541000296, -70.765463 41.641574999999996, -70.7617700797884 41.6395180722704, -70.7159798446688 41.6140132687642, -70.695392 41.602546, -70.698197 41.559002, -70.726088944807 41.5432369319176, -70.806861 41.497583, -70.934986 41.454699, -70.948431 41.409192999999995, -70.857528 41.425767, -70.790269999999992 41.446338999999995, -70.734306 41.486335, -70.6690583666006 41.5129296626746, -70.654104 41.519025, -70.559688999999992 41.54833, -70.476255999999992 41.558502, -70.445289 41.591815, -70.400581 41.606381999999996, -70.321587999999991 41.630508, -70.26968699999999 41.617774999999995, -70.158621 41.650438, -70.055523 41.664843, -70.007010999999991 41.671579, -70.011961 41.619797, -70.011229 41.543931, -69.99542288566019 41.546384609852396, -69.964981999999992 41.55111, -69.931129 41.622659, -69.928260999999992 41.691700000000004, -69.9282816541118 41.692016141379895, -69.935952 41.809422, -69.974781 41.925104999999995, -69.9802313615877 41.9459864602333, -69.994136 41.999258, -70.049382 42.064689, -70.138942 42.092907, -70.18930499999999 42.082336999999995, -70.245385 42.063733, -70.190834 42.020027999999996, -70.150759999999991 42.026568999999995, -70.083775 42.012040999999996, -70.0765739991367 41.95794245825, -70.074006 41.938649999999996, -70.069009999999992 41.884924, -70.00611099999999 41.852396, -70.003841999999992 41.80852, -70.024734 41.787364, -70.121978 41.758841, -70.216073 41.742981, -70.272289 41.721346, -70.323819 41.736058, -70.441718 41.752897999999995, -70.494047999999992 41.773883, -70.5364072541248 41.811634145746396, -70.541029999999992 41.815754, -70.525567 41.85873, -70.546386 41.916751, -70.583572 41.950007, -70.608166 41.940701, -70.662476 41.960592, -70.678798 42.00551, -70.644337 42.045895, -70.63848 42.081579, -70.6792377745025 42.1263494594225, -70.685315 42.133024999999996, -70.73056 42.21094, -70.781574545568489 42.2486369460239, -70.788724 42.25392, -70.835851775394389 42.264763264713395, -70.851092999999992 42.26827, -70.881242 42.300663, -70.91749 42.305686, -70.9484970435343 42.282354693782295, -70.967351 42.268167999999996, -70.9930596399482 42.3128922804124, -70.997838 42.321205, -70.9830935859472 42.3434671949331, -70.975892942126109 42.354339253721896, -70.974897 42.355843, -70.982548250846293 42.420244099040296, -70.982993999999991 42.423995999999995, -70.955211061463288 42.4254690903917, -70.913192 42.427696999999995, -70.905993 42.439156511592195, -70.8992339791018 42.449915655686496, -70.886493 42.470197, -70.835990999999993 42.490496, -70.848492 42.550194999999995, -70.804091 42.561595, -70.698574 42.577393, -70.654727 42.582234, -70.594014 42.63503, -70.602505999999991 42.677702, -70.645101 42.689423, -70.68159399999999 42.662341999999995, -70.72982 42.669602, -70.772267 42.711064, -70.805219999999991 42.781797999999995, -70.817296 42.87229, -70.86475 42.870258, -70.930799 42.884589, -70.9665 42.868989, -71.031201 42.859089, -71.048707953056791 42.831077875109, -71.064201 42.806289, -71.1167377180648 42.8119419415241, -71.149703 42.815489, -71.186104 42.790689, -71.181803 42.73759, -71.245405806659292 42.7365549742446, -71.2551146885821 42.7363969789709, -71.255605 42.736388999999996, -71.294204999999991 42.69699, -71.351874 42.698153999999995, -71.636214 42.704888, -71.745817 42.707287, -71.8054209456849 42.708915800038795, -71.8987147089764 42.7114652434275, -71.928820938356012 42.7122879578807, -72.081383528275992 42.716457043492795, -72.124526 42.717636, -72.203685844280386 42.719820525677896, -72.2829683212382 42.722008435574594, -72.412011286763786 42.7255695551587, -72.4512567564634 42.7266525883187, -72.458519 42.726853, -72.5167483288751 42.7284687005291, -72.809113 42.736581, -72.864291854845391 42.7377138851592, -72.930262612517993 42.7390683404576, -73.0186486133504 42.7408830063999, -73.022912140331 42.7409705414974, -73.1424883347124 42.743425577876593, -73.264957 42.74594, -73.30700407618059 42.6326534514115, -73.352527 42.510002, -73.3835563469972 42.4255080203494, -73.410647401743 42.351738146023294, -73.508141999999992 42.086256999999996)))",6692824,1,2013-01-01 00:03:00,2014-07-01 16:00:00
19,LA,Louisiana,230,Southeast,"POLYGON ((-94.043051527617592 32.6930299766656, -94.043083 32.564261, -94.042788232805307 32.3922831932812, -94.042739 32.363558999999995, -94.0426959237401 32.1960049748249, -94.042681 32.137955999999996, -94.041833 31.992402, -94.029428406596011 31.979686964168, -93.977460999999991 31.926419, -93.909556999999992 31.893144, -93.8782518953866 31.844276557245596, -93.85338999999999 31.805467, -93.803418999999991 31.700685999999997, -93.81683799999999 31.622508999999997, -93.834924 31.586211, -93.834923214477783 31.586210021078003, -93.787686999999991 31.527344, -93.725924999999989 31.504092, -93.749476 31.46869, -93.697603 31.428409, -93.668146 31.375103, -93.67544 31.301039999999997, -93.613942 31.259375, -93.602443 31.182540999999997, -93.6006030873629 31.182624955268796, -93.5524973075023 31.184820023446797, -93.535097 31.185613999999998, -93.540278 31.128867999999997, -93.531219 31.051678, -93.539526 31.008498, -93.549841 30.967118, -93.530936 30.924533999999998, -93.5545758543455 30.877469501861096, -93.558617 30.869424, -93.569302999999991 30.802968999999997, -93.617688 30.738478999999998, -93.629904 30.67994, -93.685121 30.625200999999997, -93.684328999999991 30.592585999999997, -93.72919499999999 30.544842, -93.710117 30.506400000000003, -93.702665 30.429947, -93.738540238226008 30.4022636724808, -93.745333 30.397022, -93.760328 30.329924, -93.70719 30.275513, -93.711062171301 30.243970715640298, -93.713359 30.225261, -93.703763999999993 30.173935999999998, -93.702435999999992 30.112720999999997, -93.703939999999989 30.054291, -93.706335762470189 30.0521802415309, -93.741078 30.021570999999998, -93.807814999999991 29.954549, -93.830373999999992 29.894358999999998, -93.8523098709223 29.872091004391898, -93.872446 29.85165, -93.929208 29.802951999999998, -93.890821 29.761673, -93.863204 29.724058999999997, -93.837971 29.690618999999998, -93.79925 29.715259999999997, -93.741948 29.736342999999998, -93.538462 29.763299, -93.411087 29.767356999999997, -93.29557299999999 29.775070999999997, -93.17693 29.770487, -93.088181999999989 29.749125, -92.993128 29.723845999999998, -92.879992 29.680284999999998, -92.684485999999993 29.605000999999998, -92.6172344374499 29.5890590161735, -92.568038 29.577396999999998, -92.473585 29.561080999999998, -92.40986 29.547476999999997, -92.323465 29.531496999999998, -92.25186 29.539354, -92.158623999999989 29.581616, -92.064512999999991 29.585665, -92.0428943038274 29.577480288972, -92.030186 29.572668999999998, -91.915320999999992 29.518513, -91.821579 29.473924999999998, -91.76826299999999 29.490361999999998, -91.711081 29.569328, -91.80373 29.595951999999997, -91.873266 29.627277, -91.8625569965226 29.6673954637599, -91.85307 29.702935999999998, -91.808141999999989 29.725096999999998, -91.737253 29.74937, -91.667127999999991 29.745822, -91.623829 29.69924, -91.643831999999989 29.630625, -91.600179 29.631155999999997, -91.541974 29.594352999999998, -91.537444999999991 29.565887999999998, -91.531021 29.531543, -91.48559 29.499115999999997, -91.460962999999992 29.469960999999998, -91.394307 29.497114999999997, -91.34751399999999 29.444437999999998, -91.363967 29.420664, -91.334051 29.391524999999998, -91.2663226707192 29.361363733346, -91.265452 29.360975999999997, -91.276647 29.329825, -91.334885 29.298775, -91.278792 29.247775999999998, -91.158148 29.2181, -91.094015 29.187711, -91.000096 29.169480999999998, -90.941876999999991 29.162373, -90.877583 29.104891, -90.867853 29.056064, -90.81255 29.042137999999998, -90.748376999999991 29.04006, -90.652115999999992 29.057720999999997, -90.488117 29.05876, -90.442734 29.056053, -90.4094709017198 29.058444385928198, -90.334935 29.063803, -90.223587 29.085075, -90.122753 29.144285999999997, -90.0898354481942 29.1644753566211, -90.058512 29.183687, -89.956459999999993 29.253743999999998, -89.9027063240243 29.293036606496003, -89.883462999999992 29.307102999999998, -89.842641 29.318823, -89.726162 29.304026, -89.639663 29.290530999999998, -89.606651 29.252022999999998, -89.564551 29.242527, -89.482844 29.215052999999997, -89.432932 29.149023, -89.390515 29.123576, -89.361098 29.071848, -89.403529999999989 29.016963999999998, -89.400966 28.933812, -89.322010999999989 29.010251, -89.259354 29.058358, -89.218673 29.022515, -89.142866 28.991622999999997, -89.148792 29.02967, -89.11653 29.074097, -89.066617 29.090714, -89.01428 29.166912999999997, -89.025973999999991 29.215152999999997, -89.116653 29.219531999999997, -89.134337 29.279339999999998, -89.200389 29.344417999999997, -89.257852 29.336872, -89.312085 29.388037999999998, -89.380001 29.391785, -89.482317999999992 29.406222, -89.53215 29.434566999999998, -89.569606999999991 29.494044, -89.564614999999989 29.543785999999997, -89.602109 29.610294999999997, -89.535202 29.648567, -89.504737999999989 29.631508, -89.5009667531337 29.6334554250588, -89.465561999999991 29.651737999999998, -89.403956 29.681808, -89.39916199999999 29.770591999999997, -89.271034 29.756355, -89.293251 29.803053, -89.236297999999991 29.877080999999997, -89.231178 29.925483999999997, -89.21567499999999 29.993523, -89.185799 30.063934, -89.183256 30.149344, -89.233167999999992 30.134957, -89.303026 30.091569999999997, -89.342163 30.059172, -89.444617999999991 30.060958999999997, -89.494064 30.040972, -89.574424999999991 29.983738, -89.598129 29.881408999999998, -89.647064 29.863602, -89.701725 29.874084999999997, -89.744272 29.917647, -89.795969 29.934002999999997, -89.852583 29.952721, -89.8452971195725 30.016381840570098, -89.845064999999991 30.01841, -89.782534 30.045372, -89.683712 30.076017999999998, -89.656985999999989 30.118381, -89.6050884565546 30.142814157559297, -89.524504 30.180753, -89.607655 30.217095999999998, -89.634208 30.308256, -89.678513999999993 30.414012, -89.699932082840789 30.454036880786, -89.712493 30.47751, -89.791664 30.551523999999997, -89.821868 30.644023999999998, -89.8261803591152 30.6688232701852, -89.836331 30.727197, -89.791744999999992 30.820387, -89.750073 30.91293, -89.7281756901606 31.002313887984098, -89.728146999999993 31.002430999999998, -89.835907824328189 31.0021014231176, -89.897516 31.001913, -90.2595549404913 31.0006617812291, -90.346007 31.000363, -90.3472410806621 31.000360667980797, -90.5475744252331 30.9999821017916, -90.567195400658491 30.9999450243999, -90.758775 30.999582999999998, -90.8258291412919 30.999525355340598, -91.0601274679966 30.999323935309096, -91.176140123966888 30.999224202318597, -91.224068 30.999183, -91.636941999999991 30.999416, -91.6282572982088 31.005097001895198, -91.56036499999999 31.049508, -91.594692999999992 31.091444, -91.621670999999992 31.13687, -91.590993893064493 31.1919985656988, -91.590051 31.193693, -91.644356 31.234413999999997, -91.621358 31.267811, -91.564191999999991 31.261633, -91.508857999999989 31.291643999999998, -91.536060999999989 31.338355, -91.532336 31.390275, -91.510356 31.438927999999997, -91.51714 31.498393999999998, -91.489618 31.534266, -91.437615999999991 31.546166, -91.457517 31.587566, -91.463816999999992 31.620365, -91.395715 31.644164999999997, -91.380915 31.732464, -91.38012452998349 31.73262695305, -91.318576 31.745314999999998, -91.3204587332816 31.7478006144822, -91.35951399999999 31.799362, -91.345714 31.842861, -91.290134999999992 31.833658, -91.2440151613247 31.8697324375039, -91.234899 31.876863, -91.18110999999999 31.920059, -91.17741 31.973257, -91.117409 31.987057, -91.08080799999999 32.023455999999996, -91.079107999999991 32.050255, -91.034707 32.101053, -91.039472318907 32.1079681426653, -91.108509 32.208149999999996, -90.991227 32.214662, -90.947834 32.283485999999996, -90.921169999999989 32.342073, -90.986672 32.35176, -90.965986 32.424806, -91.05290699999999 32.438442, -91.060515999999993 32.512361, -91.011275 32.516596, -91.0487604277637 32.5727970404214, -91.049312 32.573623999999995, -91.0552931049499 32.578983501077104, -91.079506 32.60068, -91.098762 32.685291, -91.05699899999999 32.72558, -91.113652 32.73997, -91.157614 32.776033, -91.161668999999989 32.812464999999996, -91.13789 32.848974999999996, -91.070602 32.888659, -91.072075 32.937832, -91.134413999999992 32.980533, -91.166073 33.004106, -91.2645640502205 33.0047388242704, -91.4359310803318 33.005839890972105, -91.460391771831908 33.0059970557015, -91.489176 33.006181999999995, -91.875127999999989 33.007728, -92.0691037585613 33.0084822636996, -92.069146592481289 33.0084824302569, -92.222825 33.00908, -92.50138299999999 33.01216, -92.723553 33.014328, -92.724743173179291 33.0143417676748, -92.971137 33.017192, -92.988707610715011 33.017250940152195, -93.197402 33.017951, -93.238606962399388 33.0180158799566, -93.377134 33.018234, -93.4905124001204 33.0186345956663, -93.520993553771589 33.018742293588005, -93.723272999999992 33.019456999999996, -93.8049077746304 33.0193962254509, -93.8145530134338 33.0193890448708, -94.042964 33.019219, -94.0430026215633 32.881088978924, -94.043026 32.797475999999996, -94.043051527617592 32.6930299766656))",4625470,1,2013-01-01 00:03:00,2014-07-01 16:00:00
26,MO,Missouri,230,Plains,"POLYGON ((-95.765644999999992 40.585208, -95.75711 40.52599, -95.714290999999989 40.527208, -95.712280371801086 40.5237544262074, -95.694725999999989 40.493601999999996, -95.684362999999991 40.463366, -95.649418 40.396149, -95.641027 40.366399, -95.653729 40.322582, -95.598656999999989 40.309809, -95.553292 40.291157999999996, -95.5481820011801 40.2644146728427, -95.547870316270291 40.2627834608198, -95.547159999999991 40.259066, -95.472547999999989 40.236078, -95.48102 40.188524, -95.432165 40.141025, -95.394216 40.108263, -95.414734 40.06982, -95.38295699999999 40.027111999999995, -95.348777 40.029297, -95.30829 39.999998, -95.231113999999991 39.943784, -95.142445 39.89542, -95.081533999999991 39.861717999999996, -95.018743 39.897372, -94.993374239714385 39.898565259992296, -94.95154 39.900532999999996, -94.928466 39.876343999999996, -94.878677 39.826522, -94.8778175298512 39.8204147760355, -94.871144 39.772994, -94.860371 39.74953, -94.899316 39.724042, -94.971077999999991 39.723146, -94.971317 39.686409999999995, -95.037464 39.652905, -95.0440507525704 39.6136682968209, -95.047164999999993 39.595116999999995, -95.07668799999999 39.576764, -95.113557 39.553940999999995, -95.091419402824 39.53325788521, -95.049844999999991 39.494415, -94.982143999999991 39.440552, -94.9657474186335 39.4216817446564, -94.946661999999989 39.399716999999995, -94.888972 39.392432, -94.908065 39.323662999999996, -94.857072 39.273824999999995, -94.825662999999992 39.241729, -94.799663 39.206018, -94.7919946737433 39.201260250240196, -94.74193799999999 39.170203, -94.680336 39.184303, -94.623933999999991 39.156603, -94.6019379819211 39.1555032334638, -94.591933 39.155003, -94.607354 39.113444, -94.607870353374 39.0440850964785, -94.608334 38.981806, -94.6089603437495 38.847211315445, -94.609456 38.740700000000004, -94.6094896723458 38.7381017094732, -94.6119580183223 38.547634434271693, -94.6128655959221 38.477602180235095, -94.612866 38.477571, -94.612772628992886 38.3887184827318, -94.612614 38.237766, -94.6139299610558 38.060052959896495, -94.6141002487055 38.0370565833813, -94.614465 37.987798999999995, -94.617885 37.682213999999995, -94.617872450898091 37.6731107003321, -94.617845524354308 37.6535777966344, -94.617511 37.410909, -94.617667611402013 37.3641683270611, -94.6177538916066 37.338418, -94.61835099999999 37.160211, -94.618102891102993 37.0567963908729, -94.617964 36.998905, -94.618307 36.76656, -94.617991778417192 36.6679212723442, -94.617815 36.612604, -94.617919 36.499414, -94.361202999999989 36.4996, -94.077088266893483 36.498975957222, -93.959189999999992 36.498717, -93.866758211671083 36.4988661646849, -93.700171 36.499134999999995, -93.584281547355687 36.498901678628293, -93.426988999999992 36.498585, -93.3153271065291 36.4983127262979, -93.293447355634 36.4982593752343, -93.125969 36.497851, -92.854049114984889 36.498023381141593, -92.838876 36.498033, -92.772333893372092 36.4980831540795, -92.564237999999989 36.498239999999996, -92.529136581043687 36.4981656829853, -92.350276999999991 36.497786999999995, -92.1503062495012 36.4981403333242, -92.120429104388108 36.4981931239996, -91.985801999999993 36.498431, -91.6723424564437 36.499256633798893, -91.64259 36.499334999999995, -91.4500049181374 36.4975402131847, -91.407137443517485 36.4971407119486, -91.404915 36.497119999999995, -91.1265388745647 36.4977977010194, -91.017974 36.498062, -90.7842441551312 36.4984622001291, -90.765672 36.498494, -90.5761790655673 36.498405927798004, -90.494575 36.498368, -90.2207490539154 36.4959375921945, -90.153871 36.495343999999996, -90.141398999999993 36.459874, -90.13103799999999 36.415068999999995, -90.066136 36.386272, -90.063526 36.356911, -90.06398 36.303038, -90.114921999999993 36.265595, -90.155928 36.214074, -90.1891279822169 36.1989866086674, -90.220424999999992 36.184764, -90.235585 36.139474, -90.294491999999991 36.112949, -90.339343 36.047112, -90.368718 35.995812, -90.2889479152728 35.9965140042114, -90.103842 35.998143, -89.9593752951737 35.999014110156892, -89.901182999999989 35.999365, -89.733094999999992 36.000608, -89.692437 36.020506999999995, -89.68002899999999 36.082494, -89.643019999999993 36.10362, -89.592102 36.135636999999996, -89.623803999999993 36.183127999999996, -89.6276414416754 36.185460316606004, -89.69263 36.224959, -89.678046 36.248284, -89.602374 36.238105999999995, -89.554289 36.277750999999995, -89.611819 36.309087999999996, -89.600544 36.342985, -89.545031333969092 36.344271398663004, -89.522695 36.344789, -89.51038 36.378356, -89.542336999999989 36.420103, -89.52102099999999 36.461934, -89.539232 36.497934, -89.571480999999991 36.538087, -89.544434 36.57451, -89.479345999999993 36.566252999999996, -89.407906 36.562345, -89.378694 36.622292, -89.327319777009009 36.6239462887705, -89.324658 36.624032, -89.27893499999999 36.577698999999996, -89.227319 36.569375, -89.199136 36.625648999999996, -89.175649772346887 36.6513192625535, -89.165488 36.662425999999996, -89.202511 36.716618, -89.15699 36.755967999999996, -89.155984909070384 36.7862926633714, -89.155891 36.789125999999996, -89.147674 36.847148, -89.120471999999992 36.891895999999996, -89.1031354483266 36.944760900322294, -89.098843 36.95785, -89.132915 36.982057, -89.195039 36.989768, -89.257607999999991 37.015496, -89.307436691173 37.0287594496279, -89.359456 37.042606, -89.384175 37.103266999999995, -89.456105 37.18812, -89.470525 37.253357, -89.482889284644 37.2609507184141, -89.517032 37.28192, -89.49516 37.324795, -89.4736794345412 37.334853902194595, -89.428185 37.356158, -89.42594 37.407471, -89.471201 37.466473, -89.5124 37.52981, -89.5017910494998 37.558895719323196, -89.4977459260392 37.569985913928193, -89.494051 37.580116, -89.506563 37.62505, -89.521948 37.696475, -89.591288999999989 37.723599, -89.667993 37.759484, -89.687221380853089 37.7964067184393, -89.696559 37.814336999999995, -89.782035 37.855092, -89.851047999999992 37.90398, -89.923184999999989 37.870672, -89.933095790915 37.8800990582524, -89.974221 37.919216999999996, -89.95491 37.966647, -90.008353 37.970179, -90.080958999999993 38.015428, -90.12600599999999 38.05057, -90.2057286258827 38.088233183108592, -90.218707999999992 38.094364999999996, -90.252484 38.127570999999996, -90.2527463239758 38.1277738262294, -90.322352999999993 38.181593, -90.3511641450603 38.2195444570945, -90.363925999999992 38.236354999999996, -90.372519 38.323353999999995, -90.349742999999989 38.377609, -90.3429152667372 38.3844273200276, -90.3402442817043 38.3870946226363, -90.288815 38.438452999999996, -90.27131399999999 38.496052, -90.260976059287 38.5185267874078, -90.2552948876694 38.530877711821, -90.248913 38.544751999999995, -90.184509999999989 38.611551, -90.18110999999999 38.659549999999996, -90.181524381531389 38.660372885310494, -90.19521 38.68755, -90.20991 38.72605, -90.166594640015589 38.7724501393051, -90.166409 38.772649, -90.117707 38.805748, -90.113327 38.849306, -90.207282301185586 38.8987323228399, -90.230336 38.91086, -90.2765837220256 38.919338467211595, -90.298711 38.923395, -90.395816 38.960037, -90.4509699408919 38.9613950033245, -90.467784 38.961808999999995, -90.500116999999989 38.910408, -90.555692999999991 38.870785, -90.595354 38.87505, -90.657254 38.920269999999995, -90.6615829068768 38.934703307753196, -90.676397 38.984096, -90.713629 39.053976999999996, -90.681086 39.10059, -90.70790199999999 39.15086, -90.7232836234127 39.224102970057594, -90.729959999999991 39.255894, -90.840105999999992 39.340438, -90.9353499463686 39.3995195289071, -90.937418999999991 39.400802999999996, -91.03827 39.448436, -91.06430499999999 39.494642999999996, -91.100307 39.538695, -91.148275 39.545798, -91.174231999999989 39.591975, -91.182875500819691 39.5982331157954, -91.27614 39.665759, -91.305760334965186 39.6862154700779, -91.367753 39.729029, -91.3646166033233 39.758718226322294, -91.361571 39.787548, -91.397853 39.821121999999995, -91.436050999999992 39.84551, -91.428956 39.907728999999996, -91.436843268599091 39.945243463678494, -91.43709 39.946417, -91.484063999999989 40.019332, -91.497663 40.078257, -91.511956 40.170441, -91.506167908622288 40.2006435127951, -91.4969574903395 40.2487038763728, -91.492891 40.269923, -91.469656 40.322409, -91.419422 40.378264, -91.498093 40.401925999999996, -91.519134 40.432822, -91.563843999999989 40.460988, -91.608347 40.50004, -91.618999 40.539083999999995, -91.670993 40.550937, -91.685380999999992 40.578891999999996, -91.716654987681892 40.603740139296, -91.729115 40.61364, -91.939292 40.60615, -91.9431174596857 40.606060586354005, -92.17978 40.600529, -92.350804186726393 40.597257276376, -92.453745 40.595288, -92.637903293599493 40.590956547097896, -92.686692999999991 40.589808999999995, -92.714597263045007 40.5895828338363, -92.941594999999992 40.587742999999996, -93.0972912037498 40.5838234773251, -93.135802 40.582854, -93.345441999999991 40.580514, -93.3743862587638 40.5803970326092, -93.5568966742717 40.579659485060496, -93.597352 40.579496, -93.7743442040303 40.5775304533911, -93.84093 40.576791, -94.015492 40.574073707009596, -94.091084999999993 40.572897, -94.232240710208288 40.572014612126594, -94.310724 40.571524, -94.471207727123186 40.570959458357, -94.533878 40.570738999999996, -94.6320259176948 40.5717595874, -94.819977999999992 40.573713999999995, -94.9148978673616 40.5749211691113, -95.068920999999989 40.576879999999996, -95.202266000830292 40.578375628996, -95.335588 40.579871, -95.3739250533987 40.580332377941495, -95.533182 40.582249, -95.765644999999992 40.585208))",6021988,1,2013-01-01 00:03:00,2014-07-01 16:00:00
46,UT,Utah,230,Rocky Mountain,"POLYGON ((-114.052472 37.604776, -114.052701 37.492014, -114.051974 37.284510999999995, -114.051749 37.088434, -114.0506 37.000395999999995, -113.965907 37.000025, -112.966471 37.000219, -112.89919089761601 37.0003012286284, -112.82950194437201 37.0003864013144, -112.545094 37.000734, -112.538571 37.000744128882005, -112.35769 37.001025, -111.412783987873 37.001477687156004, -111.405869 37.001481, -111.278286 37.000465, -111.066496 37.002389, -110.75068999999999 37.003197, -110.47019 36.997997, -110.000677 36.997968, -109.495338 36.999105, -109.045223 36.999083999999996, -109.043781119457 37.4846848703511, -109.04260384697301 37.881170241989494, -109.041796647279 38.153021384957896, -109.041762 38.16469, -109.060062 38.275489, -109.059962 38.499987, -109.059961972589 38.499989031020796, -109.051512 39.126095, -109.05122383101701 39.366677549586292, -109.051066846273 39.4977388093662, -109.05087192526202 39.6604717771594, -109.050615 39.87497, -109.050973 40.180848999999995, -109.050732112077 40.222655258257596, -109.048249 40.653600999999995, -109.048259750048 40.662601817228, -109.048455 40.826080999999995, -109.050076 41.000659, -109.25073499999999 41.001008999999996, -109.715409 40.998191, -110.000716736441 40.9974254597082, -110.048476061713 40.997297311455895, -110.121639 40.997101, -110.539819 40.996345999999996, -111.046723 40.997959, -111.046636983126 41.2516269562514, -111.04660000000001 41.360692, -111.045789 41.565571, -111.045818464842 41.5798449482258, -111.046689 42.001567, -111.374129 42.000893, -111.471381 41.999739, -111.50780619568701 41.9996856783643, -111.507845015449 41.9996856215374, -111.750778 41.99933, -112.109512054212 41.997598096294695, -112.109532 41.997597999999996, -112.164642515522 41.9988012507475, -112.264936 42.000991, -112.648019 42.000307, -113.00081953339901 41.998223008663196, -113.000821 41.998222999999996, -113.24915899999999 41.996203, -113.496548 41.993305, -113.817964 41.98858, -114.041723 41.993719999999996, -114.039901 41.753781, -114.040231 41.49169, -114.041447 41.207752, -114.042145 40.999925999999995, -114.043505 40.726292, -114.045577 40.495801, -114.046178 40.398313, -114.046372820877 40.116930772085894, -114.046386 40.097896, -114.047268429014 39.9060381196247, -114.047783 39.79416, -114.047181412926 39.5427436022297, -114.047079 39.499942999999995, -114.049104 39.005508999999996, -114.048054 38.878693, -114.04943670744001 38.6773622371191, -114.05015399999999 38.572919999999996, -114.05011999999999 38.404536, -114.050138 38.24996, -114.049903 38.148601, -114.049658 37.881367999999995, -114.051728 37.745996999999996, -114.052471996614 37.6047766427194, -114.052472 37.604776))",2900872,1,2013-01-01 00:03:00,2014-07-01 16:00:00
47,VT,Vermont,230,New England,"POLYGON ((-73.416319 44.099422, -73.43688 44.042578, -73.405977 44.011485, -73.411248 43.975595999999996, -73.407742 43.929887, -73.374051 43.875563, -73.390301999999991 43.817371, -73.3825261495399 43.8081589885495, -73.350707 43.770463, -73.3611071516843 43.7532334572839, -73.393723 43.699200000000005, -73.414546 43.658209, -73.424977 43.598774999999996, -73.395766999999992 43.568087, -73.327702 43.625913, -73.292113 43.584509, -73.242042 43.534925, -73.252832 43.363493, -73.2553558380576 43.3147123986, -73.26978 43.035923, -73.270008731163585 43.0307142926875, -73.273832807021009 42.943631747526496, -73.278673 42.83341, -73.290944 42.801919999999996, -73.264957 42.74594, -73.1424883347124 42.743425577876593, -73.022912140331 42.7409705414974, -73.0186486133504 42.7408830063999, -72.930262612517993 42.7390683404576, -72.864291854845391 42.7377138851592, -72.809113 42.736581, -72.5167483288751 42.7284687005291, -72.458519 42.726853, -72.477615 42.761244999999995, -72.539600000000007 42.804832, -72.55391810324609 42.858091320577394, -72.556112 42.866251999999996, -72.531469 42.89795, -72.532186 42.954944999999995, -72.492597 42.967648, -72.444977 43.004416, -72.4519646585752 43.020517837529596, -72.462248 43.044214, -72.435191 43.086622, -72.451802 43.153486, -72.450384844108 43.1612744940949, -72.440563 43.215253999999995, -72.4336566851651 43.2327883255672, -72.421583 43.263442, -72.402532 43.32038, -72.413377 43.362741, -72.3969230250359 43.4289221159986, -72.3969029203314 43.429002981065295, -72.380894 43.493393999999995, -72.37944 43.574069, -72.333413136127689 43.605717424927896, -72.329522 43.608393, -72.284804999999992 43.72036, -72.222068999999991 43.759831, -72.2115021223499 43.7730194104417, -72.18333299999999 43.808177, -72.16978 43.873425, -72.105875 43.949369999999995, -72.116706 43.991954, -72.0799442240026 44.0300000301807, -72.079553637538012 44.0304042615873, -72.075486 44.034614, -72.036883 44.103119, -72.0538268836147 44.1598170938034, -72.061337999999992 44.184951, -72.05399 44.246925999999995, -72.046302 44.291982999999995, -72.002314 44.324870999999995, -71.945163 44.337744, -71.875863 44.33737, -71.837656239233013 44.347801232939595, -71.818838 44.352939, -71.778612999999993 44.399798999999994, -71.762211462990493 44.403808065099795, -71.690919999999991 44.421234, -71.646551 44.468869, -71.579973999999993 44.501777999999995, -71.588076 44.54785, -71.544922 44.579277999999995, -71.551722 44.627598, -71.584574 44.665351, -71.626909 44.747223999999996, -71.570402 44.805276, -71.522393 44.880811, -71.494402999999991 44.911837, -71.531605 44.976023, -71.501088 45.013377, -71.609839999999991 45.012709, -71.691898 45.011419, -71.8977115118588 45.008072273836696, -71.915009 45.007791, -72.023292 45.006792, -72.348582999999991 45.005624999999995, -72.532502999999991 45.00786, -72.5542716162235 45.009467720653504, -72.582371 45.011542999999996, -72.93643999999999 45.014267, -73.048386 45.01479, -73.1699238166857 45.0131611826235, -73.1923104490669 45.0128611629521, -73.343124 45.010839999999995, -73.34474 44.970468, -73.338979 44.917680999999995, -73.37982199999999 44.857037, -73.365678 44.826451, -73.34201248395 44.808075538661, -73.33443 44.802188, -73.357671 44.751017999999995, -73.36556 44.700297, -73.389966 44.61962, -73.367274999999992 44.567544999999996, -73.3626828127438 44.5624552216867, -73.3479832324265 44.546162853597004, -73.312871 44.507245999999995, -73.293613 44.440559, -73.320954 44.382669, -73.334637 44.356877, -73.324229 44.310023, -73.3174559746651 44.263522189876795, -73.316617999999991 44.257768999999996, -73.34988899999999 44.230356, -73.395399 44.166903, -73.3998685693645 44.1524856476917, -73.416319 44.099422))",626630,1,2013-01-01 00:03:00,2014-07-01 16:00:00
8,DE,Delaware,230,Mideast,"POLYGON ((-75.773786 39.7222, -75.788596 39.722198999999996, -75.76690460670919 39.3776515935512, -75.766894999999991 39.377499, -75.7604414164505 39.296789621100096, -75.7564352155685 39.246687537125304, -75.7481548142541 39.143131730959695, -75.723102693332692 38.8298265565277, -75.707555026429 38.6353853550599, -75.707551 38.635335, -75.701777515245 38.5607669290786, -75.700381999999991 38.542743, -75.693721 38.460128, -75.479283 38.453697999999996, -75.3412873203482 38.4524365259555, -75.18545499999999 38.451012, -75.04893899999999 38.451263, -75.053973 38.536273, -75.071805 38.696497, -75.089473 38.797198, -75.113331 38.782998, -75.159022 38.790192999999995, -75.232029 38.844254, -75.30407799999999 38.91316, -75.302551999999991 38.939001999999995, -75.3066521095097 38.9476601633284, -75.34089 39.01996, -75.396277 39.057884, -75.407473 39.133706, -75.39479 39.188354, -75.40837599999999 39.264697999999996, -75.469324 39.330819999999996, -75.505643167352886 39.370394560079596, -75.521682 39.387871, -75.571829999999991 39.438897, -75.593068 39.479186, -75.528088 39.498114, -75.527676 39.535278, -75.512732 39.578, -75.543965 39.596000000000004, -75.559446 39.629812, -75.535144 39.647211999999996, -75.509742 39.686113, -75.47764 39.715013, -75.459439 39.765813, -75.441035650667 39.7807863269715, -75.415061999999992 39.801919, -75.481207 39.829191, -75.570433 39.839185, -75.5943169052201 39.8345949730914, -75.662846 39.821425, -75.717058999999992 39.792325, -75.753227999999993 39.757988999999995, -75.773786 39.7222))",925749,1,2013-01-01 00:03:00,2014-07-01 16:00:00
9,DC,District of Columbia,230,Mideast,"POLYGON ((-77.119759 38.934343, -77.09020000000001 38.904211, -77.039099 38.868111999999996, -77.0390663543397 38.841269895602593, -77.039006 38.791644999999995, -76.979497 38.837812, -76.909393 38.892852, -77.002546244247 38.9655317004459, -77.041018 38.995548, -77.119759 38.934343))",658893,1,2013-01-01 00:03:00,2014-07-01 16:00:00
34,NC,North Carolina,230,Southeast,"POLYGON ((-84.286599937704892 35.2057486116008, -84.321868999999992 34.988408, -84.129439036957891 34.9879469349652, -84.005509606531589 34.9876499982188, -83.936646 34.987485, -83.9364129962129 34.9874843429176, -83.619985 34.986592, -83.549180566410087 34.988803201756895, -83.4827047738968 34.9908792213187, -83.322768 34.995874, -83.108613996008387 35.000658821346, -83.108606 35.000659, -83.0084348037681 35.0269285115074, -82.897499 35.056021, -82.783283 35.0856, -82.7620595521136 35.0818744360041, -82.746431 35.079131, -82.686039999999991 35.124545, -82.577715544950891 35.146475267574196, -82.532559999999989 35.155617, -82.455609 35.177425, -82.411301 35.202483, -82.3530215230905 35.1987041604664, -82.295354 35.194964999999996, -82.2162487192291 35.1932585486532, -82.048391229647891 35.1896375433755, -82.039650999999992 35.189448999999996, -81.9693358477667 35.1869262792412, -81.8741125854033 35.1835099216987, -81.7680872349676 35.179706013949, -81.494265 35.169882, -81.3676085885969 35.1640923293282, -81.328090989291809 35.1622859155574, -81.04287 35.149248, -81.042265811763 35.1466085941458, -81.036758999999989 35.122552, -81.058028999999991 35.07319, -81.041489 35.044703, -80.93495 35.107409, -80.9062399540825 35.0751842697656, -80.8405659156532 35.001470414417895, -80.78204199999999 34.935781999999996, -80.79699699999999 34.823873999999996, -80.625779411782688 34.8192228822917, -80.5616733913504 34.8174814452703, -80.561657 34.817481, -80.3204163130383 34.8136141493366, -80.077222999999989 34.809716, -79.9276017932724 34.8078651111756, -79.924306407389608 34.807824345611493, -79.6929483422774 34.8049623311517, -79.675299 34.804744, -79.461965544401792 34.6301734827031, -79.4502774577262 34.620609135041704, -79.358317 34.545358, -79.071169 34.29924, -78.811709999999991 34.081005999999995, -78.6508874760912 33.9450694099644, -78.615932 33.915523, -78.54108699999999 33.851112, -78.383963999999992 33.901945999999995, -78.276147 33.912364, -78.136952 33.912178, -78.018689 33.888289, -78.006765 33.858703999999996, -77.960172 33.853314999999995, -77.9348271350857 33.9205485057973, -77.915536 33.971723, -77.8970895763632 34.0125135990031, -77.829208999999992 34.162618, -77.764022 34.245641, -77.7135131704588 34.2902471866868, -77.63503399999999 34.359555, -77.515216544584788 34.4373849694266, -77.462921999999992 34.471354, -77.322524 34.535574, -77.240991 34.587506999999995, -77.136843 34.632926, -77.1129640285117 34.6380929112758, -76.906257 34.68282, -76.726969 34.69669, -76.618719 34.67255, -76.553806 34.628251999999996, -76.535946 34.588577, -76.450454 34.71445, -76.386804 34.784579, -76.31021 34.852309, -76.233088 34.905477, -76.137269 34.987857999999996, -76.013145 35.061855, -75.912984999999992 35.1196, -75.757916 35.183079, -75.7495614239622 35.1856163621922, -75.635493 35.220259999999996, -75.533627 35.225825, -75.48677099999999 35.391652, -75.458659 35.596596999999996, -75.496085999999991 35.728515, -75.51901 35.769087, -75.569794 35.863301, -75.658537 36.02043, -75.71831 36.113673999999996, -75.7706514625597 36.232080307050794, -75.79641 36.290351, -75.838437 36.434897, -75.867043999999993 36.550754, -76.026749999999993 36.550553, -76.122354030597009 36.5505523325256, -76.3131963675089 36.5505510001301, -76.313215 36.550551, -76.491482429858692 36.550732993687696, -76.54159868438029 36.5507841575037, -76.738329 36.550985, -76.915731347952587 36.546089781877392, -76.9160634344061 36.5460806183255, -76.917318 36.546046, -77.1643542460263 36.546152833532005, -77.190175 36.546164, -77.298770188811787 36.5460390108545, -77.749706 36.545519999999996, -77.767103334224785 36.5454424121705, -77.8997718372889 36.5448507432942, -78.0461990157455 36.5441977141115, -78.132910999999993 36.543811, -78.3236363959432 36.5424219895737, -78.4574339815253 36.5414475716654, -78.509965 36.541064999999996, -78.7341228205225 36.541608734887895, -78.796299887068884 36.5417595564842, -78.942009 36.542113, -79.1379410859728 36.5416392247366, -79.2186375287107 36.541444096010196, -79.34268546353151 36.5411441408359, -79.4701512923311 36.5408359209938, -79.510646999999992 36.540738, -79.5109610388359 36.540739068027, -79.714856719158291 36.5414325048344, -79.891573399337 36.5420335075154, -80.02726899999999 36.542494999999995, -80.053454779677509 36.5426394266323, -80.295243 36.543973, -80.43160499999999 36.550219, -80.440102048717293 36.5505952976052, -80.6121949964426 36.55821655132, -80.704831 36.562318999999995, -80.840213077246 36.5619284516373, -80.901726 36.561751, -80.9018360537965 36.5617546210407, -81.061866 36.56702, -81.176712 36.571926, -81.3531310097106 36.5762360271499, -81.499831 36.57982, -81.677534999999992 36.588117, -81.699962 36.536829, -81.69531099999999 36.467912, -81.734312 36.413342, -81.725238569772088 36.3893841237975, -81.705965999999989 36.338496, -81.768976999999992 36.341042, -81.833202 36.347339, -81.908137 36.302012999999995, -81.9184514277618 36.2873480290221, -81.934369244492586 36.2647162043798, -81.960101 36.228131, -82.02874 36.124322, -82.080142999999993 36.10572, -82.0805175605682 36.105709616568696, -82.127146 36.104417, -82.140847 36.136216, -82.21125099999999 36.159012, -82.2202652123366 36.153813002242, -82.265689999999992 36.127614, -82.297654999999992 36.13351, -82.346857 36.115209, -82.409458 36.083408999999996, -82.4169496698632 36.0729531578193, -82.464558 36.006508, -82.5078704551576 35.9820905546693, -82.557874 35.953901, -82.610885 35.974441999999996, -82.595525 36.026012, -82.6057346140055 36.0372329378289, -82.628365 36.062104999999995, -82.725065 36.018204, -82.779397 35.992511, -82.787465 35.952163, -82.81613 35.923986, -82.86072399999999 35.94743, -82.8938663514314 35.9338100376003, -82.910608 35.92693, -82.899717999999993 35.874601999999996, -82.937437 35.82732, -82.9665503799255 35.795554394502496, -82.978414 35.78261, -83.04853 35.787706, -83.09719299999999 35.776067, -83.161537 35.763363, -83.198267 35.725494, -83.25535099999999 35.716229999999996, -83.256187764734491 35.715059414116794, -83.2646341347203 35.7032434268248, -83.297153999999992 35.65775, -83.347262 35.660474, -83.421576 35.611185999999996, -83.45243099999999 35.602917999999995, -83.498335 35.562981, -83.58782699999999 35.566963, -83.653159 35.568309, -83.66288719849301 35.567801082976693, -83.77173599999999 35.562118, -83.848502 35.519259, -83.916800999999992 35.473611999999996, -83.9531108542635 35.4600658542636, -83.9588826945474 35.4579125492934, -83.973171 35.452582, -84.021782 35.407418, -84.007585999999989 35.371660999999996, -84.038080999999991 35.348363, -84.02351 35.295783, -84.02911 35.292120122624894, -84.097507999999991 35.247382, -84.178516 35.240679, -84.223717999999991 35.269078, -84.28322 35.226577, -84.286599937704892 35.2057486116008))",9848060,1,2013-01-01 00:04:00,2014-07-01 16:00:00
30,NH,New Hampshire,230,New England,"POLYGON ((-72.556112 42.866251999999996, -72.55391810324609 42.858091320577394, -72.539600000000007 42.804832, -72.477615 42.761244999999995, -72.458519 42.726853, -72.4512567564634 42.7266525883187, -72.412011286763786 42.7255695551587, -72.2829683212382 42.722008435574594, -72.203685844280386 42.719820525677896, -72.124526 42.717636, -72.081383528275992 42.716457043492795, -71.928820938356012 42.7122879578807, -71.8987147089764 42.7114652434275, -71.8054209456849 42.708915800038795, -71.745817 42.707287, -71.636214 42.704888, -71.351874 42.698153999999995, -71.294204999999991 42.69699, -71.255605 42.736388999999996, -71.2551146885821 42.7363969789709, -71.245405806659292 42.7365549742446, -71.181803 42.73759, -71.186104 42.790689, -71.149703 42.815489, -71.1167377180648 42.8119419415241, -71.064201 42.806289, -71.048707953056791 42.831077875109, -71.031201 42.859089, -70.9665 42.868989, -70.930799 42.884589, -70.86475 42.870258, -70.817296 42.87229, -70.811437661061 42.888614861101296, -70.798636 42.924288, -70.765222 42.975349, -70.735477 43.012201, -70.703818 43.059825, -70.756396999999993 43.079988, -70.819549285713009 43.1232309734312, -70.8281 43.129086, -70.824801 43.179685, -70.8247767120681 43.179763105182204, -70.813119 43.217251999999995, -70.872585 43.270151999999996, -70.923949 43.324768, -70.984335 43.376128, -70.968358999999992 43.429283, -70.960788896047 43.474088733621592, -70.954754999999992 43.509802, -70.9637943056613 43.5402264276568, -70.972715999999991 43.570254999999996, -70.981946 43.700959999999995, -70.987258046746 43.792973592884195, -70.989929 43.839239, -71.001367 44.092931, -71.008736 44.258824999999995, -71.010264396365187 44.2847733583381, -71.01127 44.301846, -71.0135782874948 44.3408777591631, -71.019465009242 44.4404186985052, -71.022992 44.500057999999996, -71.036705 44.736498, -71.057861 45.000049, -71.083924 45.305451, -71.109349 45.282222, -71.13942999999999 45.242957999999994, -71.182587 45.241068999999996, -71.24449899999999 45.268139, -71.283684 45.301977, -71.360664 45.269835, -71.438546 45.239004, -71.405636 45.198139, -71.419057999999993 45.170488, -71.448678 45.109001, -71.498398999999992 45.069629, -71.501088 45.013377, -71.531605 44.976023, -71.494402999999991 44.911837, -71.522393 44.880811, -71.570402 44.805276, -71.626909 44.747223999999996, -71.584574 44.665351, -71.551722 44.627598, -71.544922 44.579277999999995, -71.588076 44.54785, -71.579973999999993 44.501777999999995, -71.646551 44.468869, -71.690919999999991 44.421234, -71.762211462990493 44.403808065099795, -71.778612999999993 44.399798999999994, -71.818838 44.352939, -71.837656239233013 44.347801232939595, -71.875863 44.33737, -71.945163 44.337744, -72.002314 44.324870999999995, -72.046302 44.291982999999995, -72.05399 44.246925999999995, -72.061337999999992 44.184951, -72.0538268836147 44.1598170938034, -72.036883 44.103119, -72.075486 44.034614, -72.079553637538012 44.0304042615873, -72.0799442240026 44.0300000301807, -72.116706 43.991954, -72.105875 43.949369999999995, -72.16978 43.873425, -72.18333299999999 43.808177, -72.2115021223499 43.7730194104417, -72.222068999999991 43.759831, -72.284804999999992 43.72036, -72.329522 43.608393, -72.333413136127689 43.605717424927896, -72.37944 43.574069, -72.380894 43.493393999999995, -72.3969029203314 43.429002981065295, -72.3969230250359 43.4289221159986, -72.413377 43.362741, -72.402532 43.32038, -72.421583 43.263442, -72.4336566851651 43.2327883255672, -72.440563 43.215253999999995, -72.450384844108 43.1612744940949, -72.451802 43.153486, -72.435191 43.086622, -72.462248 43.044214, -72.4519646585752 43.020517837529596, -72.444977 43.004416, -72.492597 42.967648, -72.532186 42.954944999999995, -72.531469 42.89795, -72.556112 42.866251999999996))",1323459,1,2013-01-01 00:05:00,2014-07-01 16:00:00
3,AZ,Arizona,230,Southwest,"POLYGON ((-114.799683 32.593621, -114.814185 32.564788, -114.795635 32.550956, -114.811536 32.522833999999996, -114.813613 32.494277, -113.750756 32.169005, -113.33376797301501 32.0402490800901, -112.365043 31.74113, -111.366969371164 31.424824287191598, -111.074825 31.332238999999998, -110.46017261044501 31.3331413789916, -109.829689 31.334066999999997, -109.050044 31.332501999999998, -109.049195 31.796550999999997, -109.048296 32.084092999999996, -109.047612 32.426376999999995, -109.047117001409 32.777569000002, -109.047117 32.77757, -109.047237 33.208965, -109.047298 33.409783, -109.04660745785901 33.7782323711321, -109.046426 33.875052, -109.046182 34.522393, -109.04613893530201 34.5792910941463, -109.045851 34.959717999999995, -109.046353967524 35.1746836584714, -109.046796 35.363606, -109.046296 35.614250999999996, -109.046024 35.8798, -109.045871619849 36.0023384351079, -109.045729 36.117028, -109.045433 36.874589, -109.045223 36.999083999999996, -109.495338 36.999105, -110.000677 36.997968, -110.47019 36.997997, -110.75068999999999 37.003197, -111.066496 37.002389, -111.278286 37.000465, -111.405869 37.001481, -111.412783987873 37.001477687156004, -112.35769 37.001025, -112.538571 37.000744128882005, -112.545094 37.000734, -112.82950194437201 37.0003864013144, -112.89919089761601 37.0003012286284, -112.966471 37.000219, -113.965907 37.000025, -114.0506 37.000395999999995, -114.050160776088 36.8431415396894, -114.049493 36.604059, -114.047584 36.325573, -114.048226 36.268874, -114.046838 36.194069, -114.09987 36.121654, -114.138203 36.053160999999996, -114.151725 36.024563, -114.21369 36.015613, -114.270645 36.03572, -114.316109 36.063109, -114.337273 36.108019999999996, -114.372106 36.143114, -114.41695 36.145761, -114.448654 36.12641, -114.487034 36.129396, -114.511721 36.150956, -114.572031 36.15161, -114.627855 36.141011999999996, -114.666538 36.117343, -114.736165 36.104366999999996, -114.743342 36.070535, -114.743299245886 36.065935173760096, -114.742779 36.009963, -114.731159 35.943916, -114.700271 35.901772, -114.669687 35.865083999999996, -114.70371 35.814585, -114.697309 35.733686, -114.689407 35.651412, -114.653406 35.610789, -114.663105 35.524491, -114.6645 35.449497, -114.627137 35.409504, -114.587129 35.262375999999996, -114.57274699999999 35.138725, -114.59912 35.12105, -114.619905 35.121632, -114.625069 35.068478, -114.633487 35.001857, -114.629769 34.943039999999996, -114.634382 34.87289, -114.576452 34.8153, -114.490971 34.724848, -114.465246 34.691202, -114.422382 34.580711, -114.378223 34.516521, -114.378852 34.450376, -114.335372 34.450038, -114.264317 34.401329, -114.172845 34.344978999999995, -114.14093 34.305918999999996, -114.14081715128 34.3031275138817, -114.139055 34.259538, -114.17805 34.239968999999995, -114.229715 34.186928, -114.292806 34.166725, -114.348052 34.134457999999995, -114.405941 34.11154, -114.428026 34.092787, -114.43009113852001 34.078931406279494, -114.435504 34.042615, -114.454807 34.010968, -114.509568 33.957263999999995, -114.534987 33.928498999999995, -114.508708 33.900639999999996, -114.505638 33.864276, -114.520465 33.827777999999995, -114.504863 33.760464999999996, -114.496565 33.719155, -114.504993 33.693022, -114.525201 33.661583, -114.529186 33.60665, -114.524599 33.552231, -114.597283 33.490653, -114.629146518189 33.433544999999995, -114.635183 33.422726, -114.673901 33.418299, -114.72528199999999 33.405048, -114.707348 33.376628, -114.707962 33.323420999999996, -114.723259 33.288078999999996, -114.674491 33.255597, -114.678097 33.2303, -114.679359 33.159518999999996, -114.706175 33.105335, -114.670803 33.037984, -114.628293 33.031051999999995, -114.575161 33.036542, -114.517066790281 33.0246287635685, -114.511343 33.023455, -114.481315 32.972063999999996, -114.47664 32.923628, -114.463127 32.901883999999995, -114.468971 32.845155, -114.531746 32.782503, -114.570675 32.747417, -114.617386523962 32.7410527731766, -114.667493 32.734226, -114.70571699999999 32.741581, -114.719633 32.718762999999996, -114.76495 32.649391, -114.809393 32.617118999999995, -114.799683 32.593621))",6626624,1,2013-01-01 00:05:00,2014-07-01 16:00:00
10,FL,Florida,230,Southeast,"MULTIPOLYGON (((-81.811692999999991 24.568745, -81.812536 24.545469, -81.685243 24.558676, -81.595334 24.593107, -81.517404 24.621239, -81.44391499999999 24.642677, -81.401889 24.623544, -81.342192 24.637774, -81.243231999999992 24.673997999999997, -81.305054 24.755184999999997, -81.44351 24.813364, -81.571151 24.756353999999998, -81.584599 24.736696, -81.672338 24.699514, -81.751266 24.653516999999997, -81.811692999999991 24.568745)), ((-82.01491 24.543070999999998, -82.028090999999989 24.498715999999998, -81.918855 24.498130999999997, -81.86871099999999 24.58412, -81.983908 24.580682, -82.01491 24.543070999999998)), ((-82.188031 24.574699, -82.179453999999993 24.52947, -82.100757 24.533288, -82.086643 24.590071, -82.144099 24.622481, -82.188031 24.574699)), ((-87.592064 30.951459999999997, -87.634942999999993 30.865857, -87.542267999999993 30.767481, -87.523620999999991 30.738284999999998, -87.442291 30.692660999999998, -87.400189 30.657200999999997, -87.401189 30.604383, -87.43145 30.550251999999997, -87.444722 30.507483999999998, -87.414684999999992 30.457289, -87.366601 30.436643, -87.431784 30.403192999999998, -87.452282 30.344096999999998, -87.518323999999993 30.280434999999997, -87.419859 30.297127999999997, -87.319518 30.317814, -87.267827 30.315479999999997, -87.2297658113648 30.319632929801003, -87.155391999999992 30.327748, -86.9192047498008 30.3689914721225, -86.850625 30.380967, -86.800351351965887 30.3845080873776, -86.632953 30.396299, -86.412076 30.380346, -86.3973796065024 30.3774952804191, -86.222561 30.343584999999997, -86.089963 30.303569, -85.999937 30.27078, -85.996102593976 30.2689013812091, -85.811219 30.17832, -85.69681 30.09689, -85.60117799999999 30.056341999999997, -85.571907 30.026439999999997, -85.487764 29.961226999999997, -85.425956 29.949887999999998, -85.389240033232 29.924114862603698, -85.38472999999999 29.920949, -85.416547999999992 29.842627999999998, -85.40283 29.758782, -85.352615 29.659786999999998, -85.25971899999999 29.681296, -85.2284251330731 29.669559997762004, -85.15731 29.642889999999998, -85.045074 29.586990999999998, -84.876730999999992 29.655758, -84.776953999999989 29.692190999999998, -84.692619 29.763039, -84.604002999999992 29.786020999999998, -84.564976 29.81018, -84.57744 29.887828, -84.535873 29.910092, -84.470323 29.924523999999998, -84.423834 29.902995999999998, -84.349066 29.896811999999997, -84.333745999999991 29.923720999999997, -84.341148833181592 29.9607563361054, -84.341439 29.962208, -84.366115 30.008661999999998, -84.289727 30.057197, -84.20801 30.084775999999998, -84.179149 30.073186999999997, -84.124889 30.090601, -84.0761320719114 30.099089883730098, -84.06299 30.101378, -84.000716 30.096208999999998, -83.992310340478 30.0892687377287, -83.93151 30.039068, -83.788728999999989 29.976982, -83.679218999999989 29.918512999999997, -83.625025999999991 29.856892, -83.583045 29.787307, -83.537645 29.72306, -83.483567 29.698542, -83.414701 29.670536, -83.4141265131585 29.6660652244827, -83.405068 29.59557, -83.401552 29.523291, -83.307828 29.468861, -83.294747 29.437922999999998, -83.240509 29.433177999999998, -83.202446 29.394422, -83.175518 29.34469, -83.169575999999992 29.290354999999998, -83.1659218115864 29.2890918426466, -83.107477 29.268888999999998, -83.074733999999992 29.247975, -83.078986 29.196944, -83.053207 29.130838999999998, -83.01624799999999 29.125370999999998, -82.996144 29.178074, -82.927106999999992 29.168906999999997, -82.827073 29.158424999999998, -82.798875999999993 29.114504, -82.823658999999992 29.098902, -82.759704 29.054191999999997, -82.759378 29.006618999999997, -82.7555738086957 29.0009301182604, -82.723861 28.953505999999997, -82.688864 28.905609, -82.730245 28.850154999999997, -82.713121 28.800283, -82.712373 28.720920999999997, -82.668722 28.695657999999998, -82.668711402144808 28.694303268585198, -82.668149 28.622411, -82.656694 28.544814, -82.665055 28.484434, -82.690795013376089 28.433341925762697, -82.69743299999999 28.420166, -82.73146 28.325075, -82.764102999999992 28.244345, -82.859624 28.174135, -82.859384956033011 28.1721750746045, -82.850881 28.102451, -82.8483940764977 28.0934393779542, -82.828162999999989 28.020129999999998, -82.840882 27.937161999999997, -82.846526 27.854301, -82.790224 27.791603, -82.746223 27.731306, -82.738467 27.678504, -82.733076 27.612972, -82.705017 27.62531, -82.6773573082859 27.6648252754397, -82.652521 27.700307, -82.625019999999992 27.732706, -82.622723 27.779868, -82.6148309802089 27.787897569909596, -82.586519 27.816703, -82.5663804246361 27.836338311914197, -82.553946 27.848461999999998, -82.489848999999992 27.822606999999998, -82.448786 27.810036, -82.43198 27.768092, -82.477638 27.723004, -82.514265 27.705588, -82.552887207063591 27.645447596365496, -82.584628999999993 27.596021, -82.650719999999993 27.523114999999997, -82.719852 27.528933, -82.743017 27.531086, -82.69182099999999 27.437217999999998, -82.648170616859488 27.38972, -82.610581 27.348817, -82.539718999999991 27.254326, -82.45267299999999 27.079359, -82.369201392169089 26.9460810256335, -82.31427699999999 26.858383999999997, -82.2805412776288 26.7893085864431, -82.264682 26.756836, -82.264350999999991 26.698496, -82.245395 26.601094, -82.180717 26.476257, -82.126671 26.436279, -82.075015 26.422058999999997, -82.013913 26.452057999999997, -81.956611 26.452358, -81.923611 26.436657999999998, -81.8464852479618 26.330372048502802, -81.844555 26.327711999999998, -81.808832999999993 26.152245999999998, -81.757463 26.000373999999997, -81.727086 25.907207, -81.67263299999999 25.856654, -81.6402369580568 25.8775375792851, -81.614735 25.893977, -81.472239 25.81693, -81.441864771799189 25.803129028431, -81.38381 25.776750999999997, -81.355986 25.703526, -81.289901 25.673554, -81.240518999999992 25.599041, -81.208201 25.504936999999998, -81.146765 25.407577, -81.148102999999992 25.332793, -81.170907 25.245856999999997, -81.14227799999999 25.183, -81.079859 25.118796999999997, -81.009598 25.125403, -80.91592399999999 25.141301, -80.87545999999999 25.174321, -80.8581700400306 25.177520326526096, -80.812133 25.186038999999997, -80.747745999999992 25.147441, -80.710607 25.15253, -80.650532 25.189097, -80.542391 25.206379, -80.49539399999999 25.199807999999997, -80.500513 25.156674, -80.516571 25.095457, -80.610869 25.006995, -80.847471 24.851753, -81.038907999999992 24.772596, -81.148718 24.710476999999997, -81.103372999999991 24.669463, -80.966245 24.707852, -80.651189 24.866131, -80.496760999999992 24.999323999999998, -80.358183 25.153228, -80.238554999999991 25.326819999999998, -80.232390558930291 25.3370694594127, -80.163156 25.452184, -80.176024 25.521154, -80.234849 25.42196, -80.31036 25.389706999999998, -80.337049 25.465621, -80.313918 25.539164, -80.301464 25.613298999999998, -80.265879 25.658372999999997, -80.229107 25.732509, -80.176915999999991 25.685062, -80.154972 25.66549, -80.129126084386 25.746161665699198, -80.1256942042499 25.756873435063298, -80.123806 25.762767, -80.10995299999999 25.81826, -80.117904 25.915772, -80.1152014262862 25.9713251562163, -80.1150179645 25.975096332267896, -80.109566 26.087165, -80.108708003078888 26.0929595982638, -80.085565 26.249259, -80.0758735733341 26.3209191740488, -80.05036299999999 26.509549, -80.038862999999992 26.569347, -80.03536299999999 26.612346, -80.0355784523748 26.6466551747971, -80.035763 26.676043, -80.032119999999992 26.77153, -80.032362372844688 26.7730330783754, -80.046263 26.859237999999998, -80.083077629755309 26.970533999999997, -80.116772 27.072397, -80.138605 27.111517, -80.153375 27.169307999999997, -80.1980213526587 27.2630088036725, -80.253665 27.37979, -80.316686611620383 27.5573400246076, -80.330956 27.597541, -80.383695 27.740045, -80.4476769492176 27.860513513361003, -80.547675 28.048795, -80.589975 28.177989999999998, -80.604214 28.257732999999998, -80.606873999999991 28.336484, -80.587813 28.410856, -80.525094 28.459453999999997, -80.583884 28.597704999999998, -80.647288 28.677875, -80.7275056700738 28.7911928713227, -80.787021 28.875266, -80.907275 29.064262, -80.96617599999999 29.147959999999998, -81.046678 29.307855999999997, -81.102967351745392 29.426996650452, -81.163581 29.55529, -81.2104095965538 29.6706408057043, -81.256711 29.784692999999997, -81.270442 29.883105999999998, -81.288955 29.91518, -81.3743761280233 30.252931, -81.396407 30.34004, -81.410809 30.482039, -81.426009999999991 30.496738999999998, -81.4289547376433 30.5061830741652, -81.434063999999992 30.522568999999997, -81.443098999999989 30.600938, -81.42742 30.69802, -81.444124 30.709713999999998, -81.507218 30.722935999999997, -81.528280999999993 30.723359, -81.561709999999991 30.715597, -81.633273 30.729602999999997, -81.668283 30.744643999999997, -81.732238 30.749634999999998, -81.763384 30.773820999999998, -81.808543 30.790015999999998, -81.868624 30.792755999999997, -81.902354 30.820819999999998, -81.9059784394064 30.821407341502, -81.943187 30.827437, -81.994992 30.786074, -82.032666999999989 30.750674, -82.041834 30.692373999999997, -82.049528999999993 30.655544, -82.015728 30.601698, -82.018380999999991 30.531176, -82.028232 30.447384999999997, -82.042011 30.403253, -82.040765999999991 30.370144, -82.050982981680889 30.3683677759449, -82.094709 30.360765999999998, -82.143306 30.363377999999997, -82.180043 30.36861, -82.210318 30.424577, -82.200965 30.474427, -82.229427 30.520813999999998, -82.218606999999992 30.564394999999998, -82.418984112178492 30.580916669731497, -82.459581 30.584263999999997, -82.459792435413689 30.584276528306198, -82.584005186419489 30.5916365790876, -82.68952979847279 30.5978892906418, -82.877310999999992 30.609015999999997, -83.131430999999992 30.623575, -83.1366188582036 30.623885944893097, -83.3093471215958 30.6342387666716, -83.3577163136281 30.6371378731342, -83.4489324860331 30.6426051010081, -83.499951 30.645663, -83.6117040588264 30.6515600937086, -83.743729 30.6585269137505, -83.820973 30.662602999999997, -84.007454 30.6720699684692, -84.083753082299992 30.675943397968002, -84.124992999999989 30.678037, -84.285514509039487 30.684809171948004, -84.3807541835525 30.6888271970459, -84.474519 30.692783, -84.812997 30.70965, -84.8634638443825 30.711497014654398, -84.864693 30.711541999999998, -84.91815 30.772081999999997, -84.934283 30.834032999999998, -84.935698 30.878702999999998, -84.983757 30.936984, -85.006062 30.977038999999998, -85.002499 31.000681999999998, -85.031285 31.000646999999997, -85.145958999999991 31.000693, -85.333319 30.999554999999997, -85.4882982889391 30.9979646232873, -85.4980015850895 30.997865049361497, -85.579497576338284 30.9970287484109, -85.749715 30.995282, -85.893632 30.993454999999997, -86.0350381049506 30.9937496073023, -86.1872480489813 30.9940667234622, -86.364973999999989 30.994436999999998, -86.3886446620004 30.9945282152752, -86.563493999999992 30.995202, -86.688240964246091 30.996201890001498, -86.7856919760059 30.9969829935168, -86.83197899999999 30.997353999999998, -86.92785099999999 30.997677999999997, -87.162644 30.999025999999997, -87.16308069276559 30.999024183877598, -87.312205999999989 30.998403999999997, -87.42579099999999 30.998058, -87.519533 30.997552, -87.5988289462621 30.9974221769053, -87.598936999999992 30.997422, -87.592064 30.951459999999997)))",20334974,20,2013-07-01 16:00:00,2014-07-01 16:00:00
27,MT,Montana,230,Rocky Mountain,"POLYGON ((-116.049193 49.000912, -116.04915652178401 48.5020580011318, -116.049155 48.481246999999996, -116.048948 48.309847, -116.048929189907 48.215838728824295, -116.048911 48.12493, -116.049153 47.999922999999995, -116.03838363298301 47.9843711491626, -116.030751 47.973349, -115.959946 47.898142, -115.900934 47.843064, -115.845474 47.814966999999996, -115.835365 47.760957, -115.72377 47.696670999999995, -115.73627 47.654762, -115.694284 47.623459999999994, -115.72120699999999 47.576322999999995, -115.717024 47.532692999999995, -115.634684 47.48176, -115.69293 47.457237, -115.71034 47.417784, -115.578619 47.367007, -115.531971 47.314121, -115.470959 47.284873, -115.371825 47.265212999999996, -115.326903 47.255911999999995, -115.29211 47.209861, -115.255786 47.174724999999995, -115.189451 47.131032, -115.12091699999999 47.061237, -115.071254 47.022082999999995, -115.031651 46.971548, -114.96142290606801 46.9328938759708, -114.927432 46.914184999999996, -114.943281 46.867971, -114.880588 46.811791, -114.79004 46.778729, -114.76718 46.738828, -114.69900799999999 46.740223, -114.676886766313 46.731861269722, -114.626695 46.712889, -114.621483 46.658142999999995, -114.591208519374 46.6525675185353, -114.547321 46.644484999999996, -114.453239 46.649266, -114.360709 46.669059, -114.335868720224 46.6553523068141, -114.320665 46.646963, -114.331338 46.577780999999995, -114.351655 46.508119, -114.403019 46.498675, -114.384756 46.411784, -114.422458 46.387097, -114.431708 46.310744, -114.441326 46.2738, -114.449819 46.237119, -114.445928 46.173933, -114.514706 46.167725999999995, -114.52130000000001 46.125287, -114.460049 46.097103999999995, -114.480241 46.030325, -114.441185 45.988453, -114.402261 45.961489, -114.413168 45.911479, -114.388243 45.88234, -114.422963 45.855381, -114.517143 45.835992999999995, -114.562509 45.779927, -114.504869 45.722176, -114.499637 45.669035, -114.53577 45.650613, -114.538132 45.606834, -114.523689696904 45.5852016641551, -114.50634099999999 45.559216, -114.45676399999999 45.543983, -114.36852 45.492716, -114.279217 45.480616, -114.251836 45.537811999999995, -114.18647 45.545539, -114.08314899999999 45.603995999999995, -114.014973 45.654008, -114.015633 45.696127, -113.971565 45.700635999999996, -113.948250388839 45.682522123419496, -113.898883 45.644166999999996, -113.861404 45.62366, -113.806729 45.602146, -113.802849 45.523159, -113.759986 45.480734999999996, -113.763368 45.427732, -113.73239 45.385058, -113.735601 45.325264999999995, -113.650064 45.23471, -113.57467 45.128411, -113.510819 45.099902, -113.45197 45.059247, -113.437726 45.006966999999996, -113.448958 44.953544, -113.47457299999999 44.910846, -113.422376 44.842594999999996, -113.37715299999999 44.834858, -113.301508 44.798984999999995, -113.24716599999999 44.82295, -113.131387 44.764738, -113.101154 44.708577999999996, -113.049349 44.62938, -113.061071 44.577329, -113.006828 44.518439, -113.006846 44.471714999999996, -112.951146 44.416699, -112.881769 44.380314999999996, -112.826686496231 44.4052660227435, -112.821896 44.407436, -112.828191 44.442471999999995, -112.735084 44.499159, -112.707815 44.503023, -112.601863 44.491015, -112.473207 44.480027, -112.387389 44.448057999999996, -112.358917 44.528847, -112.286187 44.568472, -112.221698 44.543518999999996, -112.125101 44.528527, -112.034133 44.537715999999996, -111.870504 44.564032999999995, -111.807914 44.511716, -111.704218 44.560204999999996, -111.61712059851601 44.557127727661104, -111.562814 44.555209, -111.519126 44.582916, -111.468833 44.679334999999995, -111.456028784244 44.6969007302102, -111.438793 44.720546, -111.385005 44.755128, -111.37779230117701 44.751523296894, -111.323669 44.724474, -111.26875 44.668279, -111.224161 44.623402, -111.201459 44.575696, -111.143557 44.535731999999996, -111.122654 44.493659, -111.048974 44.474072, -111.055208 44.624927, -111.05533272919101 44.666262994782294, -111.055511 44.725342999999995, -111.056888 44.866658, -111.044275 45.001345, -110.785008 45.002952, -110.705272 44.992323999999996, -110.32444100000001 44.999156, -109.99504999999999 45.003174, -109.798687 45.0029205705739, -109.574321 45.002631, -109.103445 45.005904, -109.062262 44.999623, -108.62149349473 44.9996763710215, -108.500679 44.999691, -108.248527738096 45.000629817912795, -107.997353 45.001565, -107.91175194152201 45.001544060665793, -107.351441 45.001407, -106.888773 44.995885, -106.263586 44.993787999999995, -106.024877693777 44.9975841606935, -105.848065 45.000395999999995, -105.076606613127 45.0002966141366, -105.038405006868 45.0002916926792, -105.025266 45.00029, -104.057698 44.997431, -104.039138 44.99852, -104.039977 45.124987999999995, -104.040135756343 45.212890678963696, -104.040358 45.335946, -104.041764 45.490789, -104.041937 45.557915, -104.042597 45.749998, -104.043776 45.864706999999996, -104.044133130082 45.881975, -104.045443 45.94531, -104.045465958929 46.280188052794195, -104.045469 46.324545, -104.045045 46.509788, -104.045125410809 46.5409289550426, -104.04538495445901 46.641443266584595, -104.04557199999999 46.713881, -104.045542 46.933887, -104.044788 47.12743, -104.04530830986901 47.330127858806, -104.045313 47.331955, -104.044974695468 47.3974605129623, -104.043912 47.603229, -104.042384 47.803256, -104.043933 47.971515, -104.04409321534801 47.9960983555646, -104.04409327282102 47.996107174187095, -104.045692 48.241414999999996, -104.046783107507 48.3894290337239, -104.047555 48.494139999999994, -104.048087568832 48.6340123733986, -104.0489 48.847387, -104.048736 48.999877, -104.543636 48.999541, -104.875527 48.998991, -105.05751393374601 48.999228720476005, -105.265192 48.999500000000005, -105.355888 48.999356999999996, -105.775808 48.999637, -106.050543 48.999207, -106.112107732136 48.99927949069, -106.233987 48.999423, -106.617539 48.999583, -107.179864215574 48.999911632255795, -107.363582 49.000018999999995, -107.441017 48.999362999999995, -107.704696 48.999871999999996, -108.236496519363 48.9995580561897, -108.543194 48.999376999999996, -109.000708 48.999234, -109.250722 49.000011, -109.489690021878 49.000421044522795, -109.500737 49.00044, -110.171595 48.999261999999995, -110.438151 48.999188, -110.531615 48.99839, -110.743205180788 48.998007857205, -111.003916 48.997537, -111.270700774614 48.9972288178842, -111.500812 48.996963, -111.854088 48.998067, -112.14376899999999 48.998917, -112.19358802699 48.99889369344, -113.116356 48.998461999999996, -113.375925 48.998562, -113.692982 48.997631999999996, -113.907487 48.998858, -114.068151640439 48.9993557985845, -114.180211 48.999703, -114.375977 49.00139, -114.678217 49.000724999999996, -114.728211976294 49.0005837064641, -115.207912 48.999227999999995, -115.50101599999999 49.000693999999996, -116.049193 49.000912))",1098001,20,2013-07-01 16:00:00,2014-07-01 16:00:00
27,MT,Montana,230,Rocky Mountain,"POLYGON ((-116.049193 49.000912, -116.04915652178401 48.5020580011318, -116.049155 48.481246999999996, -116.048948 48.309847, -116.048929189907 48.215838728824295, -116.048911 48.12493, -116.049153 47.999922999999995, -116.03838363298301 47.9843711491626, -116.030751 47.973349, -115.959946 47.898142, -115.900934 47.843064, -115.845474 47.814966999999996, -115.835365 47.760957, -115.72377 47.696670999999995, -115.73627 47.654762, -115.694284 47.623459999999994, -115.72120699999999 47.576322999999995, -115.717024 47.532692999999995, -115.634684 47.48176, -115.69293 47.457237, -115.71034 47.417784, -115.578619 47.367007, -115.531971 47.314121, -115.470959 47.284873, -115.371825 47.265212999999996, -115.326903 47.255911999999995, -115.29211 47.209861, -115.255786 47.174724999999995, -115.189451 47.131032, -115.12091699999999 47.061237, -115.071254 47.022082999999995, -115.031651 46.971548, -114.96142290606801 46.9328938759708, -114.927432 46.914184999999996, -114.943281 46.867971, -114.880588 46.811791, -114.79004 46.778729, -114.76718 46.738828, -114.69900799999999 46.740223, -114.676886766313 46.731861269722, -114.626695 46.712889, -114.621483 46.658142999999995, -114.591208519374 46.6525675185353, -114.547321 46.644484999999996, -114.453239 46.649266, -114.360709 46.669059, -114.335868720224 46.6553523068141, -114.320665 46.646963, -114.331338 46.577780999999995, -114.351655 46.508119, -114.403019 46.498675, -114.384756 46.411784, -114.422458 46.387097, -114.431708 46.310744, -114.441326 46.2738, -114.449819 46.237119, -114.445928 46.173933, -114.514706 46.167725999999995, -114.52130000000001 46.125287, -114.460049 46.097103999999995, -114.480241 46.030325, -114.441185 45.988453, -114.402261 45.961489, -114.413168 45.911479, -114.388243 45.88234, -114.422963 45.855381, -114.517143 45.835992999999995, -114.562509 45.779927, -114.504869 45.722176, -114.499637 45.669035, -114.53577 45.650613, -114.538132 45.606834, -114.523689696904 45.5852016641551, -114.50634099999999 45.559216, -114.45676399999999 45.543983, -114.36852 45.492716, -114.279217 45.480616, -114.251836 45.537811999999995, -114.18647 45.545539, -114.08314899999999 45.603995999999995, -114.014973 45.654008, -114.015633 45.696127, -113.971565 45.700635999999996, -113.948250388839 45.682522123419496, -113.898883 45.644166999999996, -113.861404 45.62366, -113.806729 45.602146, -113.802849 45.523159, -113.759986 45.480734999999996, -113.763368 45.427732, -113.73239 45.385058, -113.735601 45.325264999999995, -113.650064 45.23471, -113.57467 45.128411, -113.510819 45.099902, -113.45197 45.059247, -113.437726 45.006966999999996, -113.448958 44.953544, -113.47457299999999 44.910846, -113.422376 44.842594999999996, -113.37715299999999 44.834858, -113.301508 44.798984999999995, -113.24716599999999 44.82295, -113.131387 44.764738, -113.101154 44.708577999999996, -113.049349 44.62938, -113.061071 44.577329, -113.006828 44.518439, -113.006846 44.471714999999996, -112.951146 44.416699, -112.881769 44.380314999999996, -112.826686496231 44.4052660227435, -112.821896 44.407436, -112.828191 44.442471999999995, -112.735084 44.499159, -112.707815 44.503023, -112.601863 44.491015, -112.473207 44.480027, -112.387389 44.448057999999996, -112.358917 44.528847, -112.286187 44.568472, -112.221698 44.543518999999996, -112.125101 44.528527, -112.034133 44.537715999999996, -111.870504 44.564032999999995, -111.807914 44.511716, -111.704218 44.560204999999996, -111.61712059851601 44.557127727661104, -111.562814 44.555209, -111.519126 44.582916, -111.468833 44.679334999999995, -111.456028784244 44.6969007302102, -111.438793 44.720546, -111.385005 44.755128, -111.37779230117701 44.751523296894, -111.323669 44.724474, -111.26875 44.668279, -111.224161 44.623402, -111.201459 44.575696, -111.143557 44.535731999999996, -111.122654 44.493659, -111.048974 44.474072, -111.055208 44.624927, -111.05533272919101 44.666262994782294, -111.055511 44.725342999999995, -111.056888 44.866658, -111.044275 45.001345, -110.785008 45.002952, -110.705272 44.992323999999996, -110.32444100000001 44.999156, -109.99504999999999 45.003174, -109.798687 45.0029205705739, -109.574321 45.002631, -109.103445 45.005904, -109.062262 44.999623, -108.62149349473 44.9996763710215, -108.500679 44.999691, -108.248527738096 45.000629817912795, -107.997353 45.001565, -107.91175194152201 45.001544060665793, -107.351441 45.001407, -106.888773 44.995885, -106.263586 44.993787999999995, -106.024877693777 44.9975841606935, -105.848065 45.000395999999995, -105.076606613127 45.0002966141366, -105.038405006868 45.0002916926792, -105.025266 45.00029, -104.057698 44.997431, -104.039138 44.99852, -104.039977 45.124987999999995, -104.040135756343 45.212890678963696, -104.040358 45.335946, -104.041764 45.490789, -104.041937 45.557915, -104.042597 45.749998, -104.043776 45.864706999999996, -104.044133130082 45.881975, -104.045443 45.94531, -104.045465958929 46.280188052794195, -104.045469 46.324545, -104.045045 46.509788, -104.045125410809 46.5409289550426, -104.04538495445901 46.641443266584595, -104.04557199999999 46.713881, -104.045542 46.933887, -104.044788 47.12743, -104.04530830986901 47.330127858806, -104.045313 47.331955, -104.044974695468 47.3974605129623, -104.043912 47.603229, -104.042384 47.803256, -104.043933 47.971515, -104.04409321534801 47.9960983555646, -104.04409327282102 47.996107174187095, -104.045692 48.241414999999996, -104.046783107507 48.3894290337239, -104.047555 48.494139999999994, -104.048087568832 48.6340123733986, -104.0489 48.847387, -104.048736 48.999877, -104.543636 48.999541, -104.875527 48.998991, -105.05751393374601 48.999228720476005, -105.265192 48.999500000000005, -105.355888 48.999356999999996, -105.775808 48.999637, -106.050543 48.999207, -106.112107732136 48.99927949069, -106.233987 48.999423, -106.617539 48.999583, -107.179864215574 48.999911632255795, -107.363582 49.000018999999995, -107.441017 48.999362999999995, -107.704696 48.999871999999996, -108.236496519363 48.9995580561897, -108.543194 48.999376999999996, -109.000708 48.999234, -109.250722 49.000011, -109.489690021878 49.000421044522795, -109.500737 49.00044, -110.171595 48.999261999999995, -110.438151 48.999188, -110.531615 48.99839, -110.743205180788 48.998007857205, -111.003916 48.997537, -111.270700774614 48.9972288178842, -111.500812 48.996963, -111.854088 48.998067, -112.14376899999999 48.998917, -112.19358802699 48.99889369344, -113.116356 48.998461999999996, -113.375925 48.998562, -113.692982 48.997631999999996, -113.907487 48.998858, -114.068151640439 48.9993557985845, -114.180211 48.999703, -114.375977 49.00139, -114.678217 49.000724999999996, -114.728211976294 49.0005837064641, -115.207912 48.999227999999995, -115.50101599999999 49.000693999999996, -116.049193 49.000912))",1141921,8,2014-07-01 16:00:00,2014-07-01 16:00:00
5,CA,California,230,Far West,"MULTIPOLYGON (((-118.593969 33.467197999999996, -118.563442 33.434381, -118.482609 33.369914, -118.465368 33.326056, -118.374768 33.320065, -118.325244 33.299075, -118.286261 33.351462999999995, -118.370323 33.409285, -118.484785 33.487483, -118.593969 33.467197999999996)), ((-118.594033 33.035951, -118.641578 33.017129, -118.581513 32.931672, -118.487908 32.84459, -118.425634 32.800595, -118.353504 32.821962, -118.446771 32.895424, -118.540069 32.980933, -118.594033 33.035951)), ((-119.578942 33.278628, -119.545872 33.233405999999995, -119.464725 33.215432, -119.429559 33.228167, -119.427171 33.266023, -119.510489 33.307269, -119.578942 33.278628)), ((-119.91621599999999 34.058351, -119.876916 34.023527, -119.873358 33.980374999999995, -119.795938 33.962928999999995, -119.721206 33.959582999999995, -119.662825 33.985889, -119.554472 33.99782, -119.48771955738201 33.996515154389293, -119.391587 33.994636, -119.363065 34.000548, -119.364214 34.050793999999996, -119.442654 34.054156, -119.47073665694401 34.053996622104, -119.56670000000001 34.053452, -119.739472 34.049299, -119.857304 34.071298, -119.91621599999999 34.058351)), ((-120.368278 34.076465, -120.454134 34.028081, -120.36484 33.991780999999996, -120.200085 33.956904, -120.17904899999999 33.927994, -120.121817 33.895711999999996, -120.049682 33.914563, -119.973691 33.942481, -119.984316 33.983948, -120.05510699999999 34.037729, -120.135853 34.026087, -120.24248 34.057172, -120.368278 34.076465)), ((-124.387023 40.504954, -124.409591 40.438075999999995, -124.365357 40.374855, -124.353124 40.331424999999996, -124.363414 40.260974, -124.34307 40.243978999999996, -124.258405 40.184277, -124.187874 40.130542, -124.139952 40.11635, -124.087086 40.078441999999995, -124.068908 40.021307, -124.035904 40.013318999999996, -124.02520517453002 40.001299341669004, -123.95495199999999 39.922373, -123.907664 39.863028, -123.851714 39.832041, -123.829545 39.723071, -123.792659 39.684121999999995, -123.782322 39.621486, -123.766475 39.552803, -123.81469 39.446538, -123.825331 39.360814, -123.798991 39.271355, -123.765891 39.193657, -123.72150500000001 39.125327, -123.69074 39.021293, -123.73289199999999 38.954994, -123.71054 38.91323, -123.659846 38.872529, -123.638637 38.843865, -123.571987 38.798189, -123.54092201163401 38.767656216039292, -123.51478399999999 38.741966, -123.441774 38.699743999999995, -123.34961200000001 38.596804999999996, -123.33189899999999 38.565542, -123.249797 38.511044999999996, -123.166428 38.474947, -123.085572 38.390525, -123.068437 38.335209999999996, -123.053504 38.299385, -123.004122 38.297011999999995, -123.003146477056 38.2957052387145, -122.986319 38.273164, -122.987149 38.237538, -122.953629 38.17567, -122.960889 38.112961999999996, -123.011533 38.003437999999996, -122.97439 37.992429, -122.939711 38.031908, -122.856573 38.016717, -122.797405 37.976656999999996, -122.754606 37.935527, -122.70264 37.89382, -122.678474 37.906604, -122.60129 37.875126, -122.537285 37.830328, -122.483483 37.826727999999996, -122.41847 37.852720999999995, -122.448413 37.893409999999996, -122.486375 37.921881, -122.488665 37.966713999999996, -122.452995 37.996167, -122.499465 38.032165, -122.491283 38.108087, -122.48849963925902 38.1090944743082, -122.39758123062401 38.142003597253293, -122.393588 38.143449, -122.301804 38.105142, -122.269320054917 38.060374497531193, -122.262861 38.051473, -122.321706 38.01031, -122.34280385218801 38.0092538777817, -122.36889099999999 38.007948, -122.367582 37.978168, -122.425258 37.955672, -122.378709 37.905190999999995, -122.33453 37.908791, -122.32871428740701 37.8938323463208, -122.303931 37.830087, -122.333711 37.809796999999996, -122.312974 37.777243999999996, -122.252452 37.755129, -122.24981 37.726406, -122.213774 37.698695, -122.163049 37.667933, -122.162802519462 37.6672730133697, -122.152905 37.640771, -122.144396 37.581866, -122.111998 37.528850999999996, -122.12919970222401 37.5213219985908, -122.168449 37.504143, -122.244372 37.55814, -122.360219 37.592501, -122.39319 37.707530999999996, -122.389826876588 37.708331, -122.361749 37.71501, -122.356784 37.729504999999996, -122.376462 37.738558, -122.385323 37.790724, -122.398139 37.80563, -122.465396 37.800878999999995, -122.511983 37.77113, -122.505601251345 37.7355674652407, -122.50067801908301 37.7081325680179, -122.49678399999999 37.686433, -122.496786 37.612136, -122.518088 37.576138, -122.516689 37.521339999999995, -122.49378899999999 37.492340999999996, -122.445987 37.461541, -122.443687 37.435941, -122.409258 37.374804999999995, -122.40132299999999 37.337008999999995, -122.40559014390101 37.3149650377439, -122.418452 37.248521, -122.397065 37.187249, -122.344029 37.144099, -122.322971 37.11546, -122.29431019191301 37.105141386718095, -122.284882 37.101746999999996, -122.260481 37.072548, -122.20618 37.013949, -122.105976 36.955951, -122.06731672906 36.9535956897314, -122.027174 36.95115, -121.95167 36.97145, -121.906468 36.96895, -121.862266 36.931551999999996, -121.81273242676201 36.8500494437455, -121.791544 36.815186, -121.796826 36.777543, -121.81446199999999 36.682857999999996, -121.860604 36.611135999999995, -121.923866 36.634558999999996, -121.970427 36.582754, -121.94160000000001 36.485602, -121.903195 36.393603, -121.888491 36.30281, -121.826425 36.241859999999996, -121.77985100000001 36.227407, -121.680145 36.165818, -121.62200899999999 36.099695, -121.574602 36.025155999999996, -121.531876 36.014368, -121.48620000000001 35.970348, -121.462264 35.885618, -121.406823 35.844623, -121.347053956004 35.7951862038146, -121.332449 35.783106, -121.314632 35.71331, -121.272322 35.666711, -121.166712 35.635399, -121.11424 35.57172, -121.003359 35.46071, -120.955863 35.453742999999996, -120.88475700000001 35.430195999999995, -120.862133 35.360763, -120.87957 35.294184, -120.89679 35.247876999999995, -120.84667400000001 35.204429, -120.756086 35.160458999999996, -120.714185 35.175998, -120.675074 35.153061, -120.635787 35.123805, -120.629583 35.078362, -120.63356999999999 35.033085, -120.65030521184 34.975166302268704, -120.670835 34.904115, -120.610266 34.85818, -120.62631999999999 34.738071999999995, -120.614852 34.730709, -120.60197 34.692095, -120.64573899999999 34.581035, -120.622575 34.554017, -120.581293 34.556959, -120.550092 34.542794, -120.511421 34.522953, -120.451425 34.447094, -120.295051 34.470622999999996, -120.141165 34.473405, -120.050682 34.461650999999996, -119.971951 34.444641, -119.873971 34.408795, -119.835771 34.415796, -119.785871 34.415997, -119.709067 34.395396999999996, -119.68466599999999 34.408297, -119.616862 34.420995, -119.536957 34.395495, -119.47794670672401 34.378837558775594, -119.461036 34.374064, -119.37577999999999 34.321118, -119.313034 34.275689, -119.276614251859 34.2563404250143, -119.270144 34.252902999999996, -119.257043 34.213304, -119.227743 34.161728, -119.10978399999999 34.094566, -119.069959 34.090469999999996, -118.954722 34.048167, -118.94447951145901 34.046738953351, -118.854653 34.034214999999996, -118.805114 34.001239, -118.744952 34.032103, -118.679366 34.033255, -118.603572 34.039048, -118.519514 34.027509, -118.460611 33.969111, -118.412708 33.883913, -118.394307 33.804314999999995, -118.42840699999999 33.774715, -118.39660599999999 33.735917, -118.354705 33.732317, -118.333295892977 33.7211848352577, -118.317205 33.712818, -118.258687 33.703741, -118.23192618587301 33.715295467827495, -118.1837 33.736118, -118.132698 33.753217, -118.116099430913 33.7443496762102, -118.088896 33.729817, -118.000593 33.654319, -117.927091 33.605520999999996, -117.840289 33.573523, -117.814188 33.552223999999995, -117.73225829761401 33.4879550239786, -117.726486 33.483427, -117.715349 33.460556, -117.64558199999999 33.440728, -117.596188685737 33.3869649943199, -117.59588 33.386629, -117.547693 33.365491, -117.445583 33.268516999999996, -117.362572 33.168437, -117.315278 33.093503999999996, -117.28077 33.012343, -117.272139427178 32.9755245825488, -117.25447 32.900146, -117.25616053514901 32.8596735941017, -117.25617 32.859446999999996, -117.262905 32.849349, -117.27387 32.851447, -117.28217000000001 32.839546999999996, -117.280971 32.822247, -117.25497 32.786947999999995, -117.255169 32.700051, -117.246069 32.669351999999996, -117.196767 32.688851, -117.168866 32.671952, -117.136664 32.618753999999996, -117.13203895573801 32.585601187382096, -117.12486200000001 32.534155999999996, -116.857154 32.557459, -116.62705 32.576260999999995, -116.540643 32.583746999999995, -116.10617888905001 32.6185781426356, -116.04662 32.623353, -115.465164 32.667100000000005, -115.000802 32.699676, -114.719633 32.718762999999996, -114.70571699999999 32.741581, -114.667493 32.734226, -114.617386523962 32.7410527731766, -114.570675 32.747417, -114.531746 32.782503, -114.468971 32.845155, -114.463127 32.901883999999995, -114.47664 32.923628, -114.481315 32.972063999999996, -114.511343 33.023455, -114.517066790281 33.0246287635685, -114.575161 33.036542, -114.628293 33.031051999999995, -114.670803 33.037984, -114.706175 33.105335, -114.679359 33.159518999999996, -114.678097 33.2303, -114.674491 33.255597, -114.723259 33.288078999999996, -114.707962 33.323420999999996, -114.707348 33.376628, -114.72528199999999 33.405048, -114.673901 33.418299, -114.635183 33.422726, -114.629146518189 33.433544999999995, -114.597283 33.490653, -114.524599 33.552231, -114.529186 33.60665, -114.525201 33.661583, -114.504993 33.693022, -114.496565 33.719155, -114.504863 33.760464999999996, -114.520465 33.827777999999995, -114.505638 33.864276, -114.508708 33.900639999999996, -114.534987 33.928498999999995, -114.509568 33.957263999999995, -114.454807 34.010968, -114.435504 34.042615, -114.43009113852001 34.078931406279494, -114.428026 34.092787, -114.405941 34.11154, -114.348052 34.134457999999995, -114.292806 34.166725, -114.229715 34.186928, -114.17805 34.239968999999995, -114.139055 34.259538, -114.14081715128 34.3031275138817, -114.14093 34.305918999999996, -114.172845 34.344978999999995, -114.264317 34.401329, -114.335372 34.450038, -114.378852 34.450376, -114.378223 34.516521, -114.422382 34.580711, -114.465246 34.691202, -114.490971 34.724848, -114.576452 34.8153, -114.634382 34.87289, -114.629769 34.943039999999996, -114.633487 35.001857, -114.804249 35.139689, -115.043812 35.332012, -115.160068 35.424129, -115.303743 35.538207, -115.404537 35.617605, -115.647683 35.809357999999996, -115.648032019625 35.8096292126029, -115.846113922762 35.9635526731107, -115.892975 35.999967, -116.093601 36.155805, -116.37587500000001 36.372561999999995, -116.48823300000001 36.459097, -117.000895 36.847694, -117.16600056403101 36.9712075385906, -117.244917 37.030243999999996, -117.68061 37.353398999999996, -117.83350404414401 37.464938766244494, -118.022181 37.602582999999996, -118.42799532515701 37.8962242809099, -118.500958 37.949019, -118.949673 38.26894, -119.15722610087201 38.4143919717614, -119.279262 38.499914, -119.328704521076 38.5343519277973, -119.58540614483901 38.7131509006712, -119.587679 38.714734, -119.904315 38.933324, -120.001014 38.999573999999996, -120.001975250867 39.0674958744683, -120.002614842913 39.112689374095794, -120.003364028833 39.1656267640688, -120.005142 39.291258, -120.004795512304 39.316475011958495, -120.003028919657 39.4450457761605, -120.00174 39.538852, -119.99993544808501 39.7224069247242, -119.997634 39.956505, -119.997124 40.126363, -119.996155 40.32125, -119.997533 40.720991999999995, -119.999231 40.865899, -119.999866 41.183974, -119.99828 41.618764999999996, -119.999276 41.874891, -119.999168 41.99454, -120.181563 41.994588, -120.501069 41.993784999999995, -120.692219 41.993677, -120.879480693164 41.9934837193058, -121.035195 41.993323, -121.251099 41.997569999999996, -121.43961 41.99708, -121.447540292921 41.9971900373641, -121.675348 42.000350999999995, -121.846712 42.00307, -122.101922 42.005766, -122.28952699999999 42.007763999999995, -122.28953301638 42.007764019788496, -122.501135 42.00846, -122.80008 42.004070999999996, -123.045254 42.003049, -123.145959 42.009246999999995, -123.23073045581602 42.004983681544793, -123.347562 41.999108, -123.43477 42.001641, -123.51911283680401 41.9991725180329, -123.656998 41.995137, -123.82144300823501 41.995619073893195, -124.001188 41.996145999999996, -124.21160499999999 41.99846, -124.203402 41.940964, -124.219592 41.846432, -124.245027 41.792300000000004, -124.19104 41.736079, -124.154246 41.728801, -124.143479 41.709284, -124.116037 41.628848999999995, -124.081987 41.547761, -124.067473659422 41.464736188490896, -124.063076 41.439578999999995, -124.092284 41.287695, -124.122677 41.189726, -124.163988 41.138675, -124.154513 41.087159, -124.125448 41.048504, -124.118147 40.989263, -124.176715 40.843618, -124.301355 40.659642999999996, -124.387023 40.504954)))",38332521,1,2013-01-01 00:01:00,2015-07-01 16:00:00
1,AL,Alabama,230,Southeast,"POLYGON ((-88.4686624840513 31.893855711615597, -88.468668999999991 31.790722, -88.4636253046849 31.697942371350198, -88.45947799999999 31.621651999999997, -88.4494460690171 31.435836861277597, -88.44865999999999 31.421277, -88.432007 31.114297999999998, -88.4260209637871 30.998281357430297, -88.41246743135919 30.7355974592153, -88.412269999999992 30.731771, -88.403931 30.543359, -88.395023 30.369425, -88.364021999999991 30.388005999999997, -88.311607999999993 30.368907999999998, -88.257764 30.318932999999998, -88.195664 30.321241999999998, -88.136173 30.320729, -88.105699 30.401864999999997, -88.103768 30.500902999999997, -88.081617 30.546317, -88.064898 30.588292, -88.061998 30.644890999999998, -88.008395999999991 30.684956, -87.931069999999991 30.652694, -87.914955999999989 30.585893, -87.901710999999992 30.550879, -87.933354999999992 30.487357, -87.914136 30.446144, -87.865017 30.38345, -87.796717 30.324198, -87.806466 30.279798, -87.893200999999991 30.239237, -87.818867 30.228313999999997, -87.656888 30.249709, -87.518323999999993 30.280434999999997, -87.452282 30.344096999999998, -87.431784 30.403192999999998, -87.366601 30.436643, -87.414684999999992 30.457289, -87.444722 30.507483999999998, -87.43145 30.550251999999997, -87.401189 30.604383, -87.400189 30.657200999999997, -87.442291 30.692660999999998, -87.523620999999991 30.738284999999998, -87.542267999999993 30.767481, -87.634942999999993 30.865857, -87.592064 30.951459999999997, -87.598936999999992 30.997422, -87.5988289462621 30.9974221769053, -87.519533 30.997552, -87.42579099999999 30.998058, -87.312205999999989 30.998403999999997, -87.16308069276559 30.999024183877598, -87.162644 30.999025999999997, -86.92785099999999 30.997677999999997, -86.83197899999999 30.997353999999998, -86.7856919760059 30.9969829935168, -86.688240964246091 30.996201890001498, -86.563493999999992 30.995202, -86.3886446620004 30.9945282152752, -86.364973999999989 30.994436999999998, -86.1872480489813 30.9940667234622, -86.0350381049506 30.9937496073023, -85.893632 30.993454999999997, -85.749715 30.995282, -85.579497576338284 30.9970287484109, -85.4980015850895 30.997865049361497, -85.4882982889391 30.9979646232873, -85.333319 30.999554999999997, -85.145958999999991 31.000693, -85.031285 31.000646999999997, -85.002499 31.000681999999998, -85.011392 31.053545999999997, -85.0211075623628 31.0754638723064, -85.035614999999993 31.108192, -85.10751599999999 31.186450999999998, -85.108192 31.258591, -85.089773999999991 31.295026, -85.088829963530486 31.308647755496597, -85.087929 31.321648, -85.092486999999991 31.362880999999998, -85.06600499999999 31.431362999999997, -85.071621 31.468383999999997, -85.0516814295062 31.519540329141698, -85.041880999999989 31.544684, -85.05796 31.570839999999997, -85.058168999999992 31.620227, -85.12553 31.694965, -85.118929999999992 31.732664, -85.1254405773425 31.7629687034183, -85.1291593155832 31.7802782680766, -85.141831 31.839260999999997, -85.114031 31.893359999999998, -85.067829 31.967357999999997, -85.063590542984684 31.991857, -85.0514111279128 32.062256083622, -85.047063 32.087389, -85.058748999999992 32.136018, -84.997765 32.185445, -84.930127 32.219051, -84.9199421479259 32.2308482009333, -84.891841 32.263397999999995, -84.955704 32.30591, -85.008096 32.336677, -84.983465999999993 32.363186, -84.9811502941337 32.3790400766818, -84.971831 32.442842999999996, -84.9997867563102 32.507066968783704, -85.001130839123689 32.5101547883978, -85.007100000000008 32.523868, -85.069848 32.583146, -85.0760723726048 32.6080674751571, -85.088533 32.657958, -85.11425 32.730447, -85.1245332227506 32.7516296067514, -85.160963 32.826671999999995, -85.184400000000011 32.861317, -85.18611740178919 32.8701382699716, -85.232441 33.108075, -85.232441405187288 33.1080770939336, -85.23659537125279 33.1295440282507, -85.294346864345385 33.4279931463646, -85.3049438332249 33.482756336845505, -85.314048 33.529804999999996, -85.3381162999059 33.653114391601392, -85.360531999999992 33.767956999999996, -85.38667057377279 33.9017014940033, -85.398871 33.964127999999995, -85.398871244842013 33.9641292867795, -85.4210731752288 34.0808126526072, -85.429498999999993 34.125095, -85.463140824775792 34.286190988505496, -85.4751472811043 34.343684657876196, -85.502471 34.474526, -85.513044229273291 34.5239464713237, -85.526894818161011 34.5886856927335, -85.5344052578154 34.623790338435796, -85.561424 34.750079, -85.582812333785284 34.8604354744776, -85.595165 34.924171, -85.605165 34.984677999999995, -85.8639461118069 34.9870308587481, -86.311274 34.991098, -86.3187607654651 34.9910785804428, -86.467798 34.990691999999996, -86.7836280114403 34.9919249219696, -86.783648 34.991925, -86.836286315949508 34.992803004217, -87.2107585799823 34.9990491809997, -87.216682999999989 34.999148, -87.2240536418757 34.9992307419721, -87.60609786765329 35.0035195262043, -87.625025 35.003732, -87.851886 35.005656, -87.9849160436989 35.0059101243258, -88.00003199999999 35.005939, -88.202958999999993 35.008027999999996, -88.200064 34.995633999999995, -88.154617 34.922391999999995, -88.097888 34.892202, -88.13426299999999 34.622659999999996, -88.139559441247386 34.5816967458839, -88.154902184008691 34.46303430044, -88.1732617345949 34.3210395343343, -88.203583495219391 34.086527731468095, -88.207229 34.058333, -88.248387473909489 33.744907594881695, -88.25444499999999 33.698779, -88.2745164707837 33.534001477785196, -88.304442813510391 33.28832, -88.317135 33.184123, -88.3400849921393 32.991264337875, -88.347490247835012 32.9290347868805, -88.37333799999999 32.711825, -88.3892485641243 32.5781223959586, -88.4213122213943 32.308679123011295, -88.428277999999992 32.250143, -88.4311453634628 32.227636234688894, -88.453387763109291 32.053049205419704, -88.46866 31.933173, -88.4686624840513 31.893855711615597))",5228152,20,2013-07-01 16:00:00,2015-07-01 16:00:00
50,WA,Washington,230,Far West,"MULTIPOLYGON (((-123.23714799999999 48.683465999999996, -123.20268 48.590213999999996, -123.141478 48.505291, -123.03915599999999 48.460003, -122.928004 48.439966, -122.874135 48.418195999999995, -122.803521 48.428748, -122.817912 48.483888, -122.779124 48.508911, -122.771206 48.562425999999995, -122.79901 48.604682999999994, -122.743049 48.661991, -122.81843599999999 48.744628999999996, -122.937925 48.790315, -122.979519 48.781701999999996, -123.019699 48.721312, -123.070427 48.699971, -123.23714799999999 48.683465999999996)), ((-124.72583900000001 48.386012, -124.669265 48.296352999999996, -124.690389 48.219744999999996, -124.72172499999999 48.153185, -124.687101 48.098656999999996, -124.685393 48.049237999999995, -124.672427 47.964414, -124.625512 47.887963, -124.613108656052 47.8805724417486, -124.539927 47.836967, -124.471687 47.766906999999996, -124.412106 47.691199, -124.355955 47.545697999999994, -124.353629637196 47.5336096863989, -124.319379 47.355559, -124.236349 47.287287, -124.195893 47.174, -124.18854400000001 47.157858999999995, -124.169113 46.994507999999996, -124.180111 46.926356999999996, -124.138225 46.905533999999996, -124.101232 46.810655999999994, -124.09679666790501 46.794084999999995, -124.080983 46.735003, -123.975157 46.713971, -123.923269 46.672708, -123.960642 46.636364, -124.069583 46.630651, -124.057024 46.493338, -124.064624 46.326899, -124.080671 46.267238999999996, -123.969427 46.291398, -123.954353 46.277001, -123.909306 46.245491, -123.875525 46.239787, -123.806139 46.283587999999995, -123.75956 46.275073, -123.727889051554 46.2913431714029, -123.70076399999999 46.305278, -123.669501 46.266832, -123.547659 46.259108999999995, -123.47964400000001 46.269130999999994, -123.427629 46.229347999999995, -123.430847 46.181827, -123.371433 46.146372, -123.363638047213 46.146241410818696, -123.280166 46.144842999999995, -123.212493591209 46.1710964584003, -123.166414 46.188973, -123.115904 46.185268, -123.004233 46.133823, -122.962681 46.104817, -122.904119 46.083734, -122.856158 46.014469, -122.813998 45.960983999999996, -122.81151 45.912724999999995, -122.785026 45.867698999999995, -122.78808636259501 45.851007454356093, -122.795605 45.81, -122.761451 45.759163, -122.76650788218501 45.7286799902809, -122.774511 45.680437, -122.756443903971 45.662421025087596, -122.738109 45.644138, -122.643907 45.609739, -122.492259 45.583281, -122.43867399999999 45.563584999999996, -122.380302 45.575941, -122.331502 45.548241, -122.262625 45.544321, -122.248892726563 45.550127596046494, -122.183695 45.577695999999996, -122.101675 45.583515999999996, -122.00369 45.61593, -121.951838 45.644951, -121.92396049232201 45.6542788643778, -121.900858 45.662009, -121.867167 45.693276999999995, -121.811304 45.706761, -121.735104 45.694039, -121.668362 45.705082, -121.533106 45.726541, -121.522752643548 45.723463657323393, -121.440520260447 45.6990216106234, -121.423592 45.69399, -121.33777 45.704949, -121.215779 45.671237999999995, -121.183841 45.606441, -121.1222 45.616067, -121.084933 45.647892999999996, -120.943977 45.656445, -120.91399665993 45.6480830605978, -120.895575 45.642945, -120.855674 45.671544999999995, -120.68937 45.715847, -120.652516760194 45.736169730674895, -120.634968 45.745847, -120.591166 45.746547, -120.505863 45.700047999999995, -120.48809818301599 45.6999087098047, -120.40396 45.699248999999995, -120.282156 45.72125, -120.210754 45.725950999999995, -120.141352 45.773151999999996, -120.07015 45.785152, -119.999512898198 45.8116820142995, -119.965744 45.824365, -119.86810375199501 45.8382337241017, -119.802655 45.84753, -119.669877 45.856867, -119.600549 45.919581, -119.571584 45.925456, -119.487829 45.906307, -119.432075703986 45.913216934316004, -119.364396 45.921605, -119.25715 45.939926, -119.12612 45.932859, -119.061462 45.958527, -118.987129 45.999855, -118.67787 46.000935, -118.606789154189 46.000863249791195, -118.36779 46.000622, -117.99691169372701 46.000190598851695, -117.977759532429 46.0001683212899, -117.717852 45.999866, -117.60316425009601 45.9987576454633, -117.48014336037501 45.9975687585827, -117.353928 45.996348999999995, -116.915989 45.995413, -116.942656 46.061, -116.981962 46.084914999999995, -116.935473 46.142447999999995, -116.923958 46.170919999999995, -116.962966 46.19968, -116.96437900000001 46.253282, -116.99726 46.303151, -117.062748 46.353623999999996, -117.035545 46.410011999999995, -117.036614505377 46.4256438359201, -117.039771 46.471779, -117.039777662795 46.5417849920374, -117.039833385647 47.127264990541, -117.039836 47.154734, -117.04015975198601 47.2592720398279, -117.04049059627701 47.3661001523546, -117.041634 47.7353, -117.041306536584 47.9773892920571, -117.041214325944 48.045559375514, -117.041107 48.124904, -117.035289 48.422731999999996, -117.033671 48.656901999999995, -117.03293959476301 48.8465609189364, -117.032351 48.999188, -117.268247 48.999818, -117.42951279956901 49.0003054937906, -117.60732300000001 49.000842999999996, -118.002046 49.000437, -118.196824017009 49.0004068367577, -118.83689846669601 49.0003077150958, -119.132102 49.000262, -119.4577 49.000260999999995, -120.001199 48.999418, -120.376216 49.000704999999996, -120.716604 49.000187999999994, -120.85120232117501 49.0005901822914, -121.12624 49.001411999999995, -121.395543 48.999851, -121.751252 48.997398999999994, -122.098357 49.002145999999996, -122.251063 49.002494, -122.75802 49.002356999999996, -122.821631 48.941368999999995, -122.794018 48.88313, -122.732506 48.838097, -122.720045 48.789195, -122.710177 48.722237, -122.66845474263201 48.639571613539005, -122.642597 48.588339, -122.650307 48.530156, -122.689121 48.476848999999994, -122.66533799999999 48.416453, -122.66698252821601 48.412466992044294, -122.707077 48.315286, -122.752563 48.260061, -122.711508 48.193573, -122.633167 48.163281, -122.59830099999999 48.110616, -122.607342 48.030992, -122.542924 47.996404, -122.546824 47.967214999999996, -122.573745864315 47.9510041672091, -122.616701 47.925138999999994, -122.63410286528 47.9230352997388, -122.651063 47.920984999999995, -122.70129399999999 47.972978999999995, -122.70184 48.016106, -122.698465 48.103102, -122.760448 48.14324, -122.833173 48.134406, -122.910686755725 48.1097997439328, -122.946119 48.098552, -123.004128 48.090516, -123.06621 48.120469, -123.144783 48.175943, -123.23912899999999 48.118217, -123.314578 48.113724999999995, -123.44197199999999 48.124258999999995, -123.551131 48.151382, -123.672445 48.162715, -123.728736 48.162800000000004, -123.880068 48.160621, -124.050734 48.177747, -124.101773 48.216882999999996, -124.25088199999999 48.264773, -124.380874 48.284698999999996, -124.54625899999999 48.353594, -124.653243 48.390691, -124.72583900000001 48.386012)))",7250262,20,2013-07-01 16:00:00,2015-07-01 16:00:00
51,WV,West Virginia,230,Southeast,"POLYGON ((-82.598863999999992 38.201007, -82.626182 38.134834999999995, -82.549407 38.063063, -82.464987 37.976859, -82.479420123223 37.9385625246981, -82.487556 37.916975, -82.41869 37.872375, -82.3984648162589 37.8430541504629, -82.369973 37.801749, -82.327356 37.762232999999995, -82.3206749571778 37.745965843459395, -82.296117999999993 37.686174, -82.226111 37.653092, -82.141555 37.595166, -82.064417999999989 37.544516, -81.968296999999993 37.537797999999995, -81.932279 37.511961, -81.98489099999999 37.454315, -81.93695 37.41992, -81.933601 37.389216999999995, -81.896001 37.331967, -81.849949 37.285227, -81.774746999999991 37.274847, -81.744002999999992 37.242528, -81.739055030485488 37.2394971038728, -81.678603 37.202467, -81.560625 37.206663, -81.53307 37.223414, -81.483559 37.250603999999996, -81.427945999999991 37.271015, -81.362156 37.337686999999995, -81.225104 37.234874, -81.112596 37.278497, -80.996012999999991 37.299544999999995, -80.9808452568928 37.3008528161905, -80.919259 37.306163, -80.835478999999992 37.334824, -80.883248 37.383933, -80.865147999999991 37.419927, -80.8581481168198 37.4210069067215, -80.857358570189788 37.421128713999, -80.836446 37.424355, -80.770082 37.372363, -80.664971 37.414215, -80.544835999999989 37.474695, -80.4712829493864 37.4300654988959, -80.46482 37.426144, -80.39988 37.462314, -80.291643999999991 37.536505, -80.28244 37.585481, -80.223385999999991 37.623185, -80.2243032443768 37.623991371170895, -80.29225799999999 37.683732, -80.290033810255011 37.686136458971006, -80.25814299999999 37.720611999999996, -80.218616 37.783291, -80.199632999999992 37.827507, -80.131931 37.889500000000005, -80.055811594589684 37.9518782200979, -80.036236 37.96792, -79.971231 38.044326, -79.9619822726354 38.0636070994933, -79.938952 38.111619, -79.916174 38.184385999999996, -79.850324 38.233329, -79.797013536806887 38.2672681211392, -79.787542 38.273298, -79.804093 38.313922, -79.7346 38.356728, -79.689675 38.431439, -79.691088 38.463744, -79.669128 38.510883, -79.649075 38.591515, -79.54257 38.553217, -79.476638 38.457228, -79.370302 38.427244, -79.3112960655144 38.418454601455, -79.297758 38.416438, -79.231619999999992 38.474041, -79.228255881381884 38.4800395510852, -79.201459 38.527820999999996, -79.15435699999999 38.606518, -79.092955 38.659517, -79.088055 38.690115, -79.057253 38.761413, -79.02305299999999 38.798612999999996, -78.999014 38.840074, -78.869276 38.762991, -78.821167 38.830982, -78.772793 38.893741999999996, -78.681617 38.92584, -78.620453 38.982600999999995, -78.561711 39.009007, -78.5321470036962 39.052941640021196, -78.508132 39.088629999999995, -78.413943 39.158415, -78.428697 39.187217, -78.40498 39.238006, -78.40181299999999 39.276754, -78.34048 39.353491999999996, -78.337133 39.409169, -78.347087 39.466012, -78.2291295342185 39.3906638872041, -78.18737 39.363989, -78.0331852353666 39.2646248420052, -78.0331834609342 39.2646236984747, -78.032840999999991 39.264403, -77.82830183326729 39.1324224548325, -77.82815699999999 39.132329, -77.809125 39.168566999999996, -77.77806799999999 39.229305, -77.719518999999991 39.321314, -77.74593 39.353221, -77.740012 39.401694, -77.798200999999992 39.475719, -77.810943896262188 39.5007391665665, -77.823762 39.525907, -77.829814 39.587288, -77.92598799999999 39.607642, -78.006734 39.601337, -78.027629100173186 39.6206559623441, -78.082259999999991 39.671166, -78.22507499999999 39.658878, -78.31303299999999 39.631001, -78.3327880214991 39.6285275964988, -78.382959 39.622246, -78.438178999999991 39.563524, -78.460951 39.525987, -78.4682695950029 39.5262242704717, -78.590654 39.530192, -78.6550361715467 39.544382241083696, -78.707098 39.555856999999996, -78.739049999999992 39.609697, -78.77114 39.638387, -78.851016 39.554044, -78.942618 39.479614, -78.956751 39.440264, -79.035623 39.473344, -79.0678255734734 39.4728023382159, -79.091329 39.472407, -79.166496999999993 39.400887999999995, -79.262392117176091 39.3262438284674, -79.283723 39.30964, -79.353749999999991 39.278039, -79.424413 39.228170999999996, -79.486873 39.205960999999995, -79.484372 39.344300000000004, -79.482366 39.531689, -79.47666199999999 39.721078, -79.763774 39.720776, -79.9160173560378 39.7210559335188, -80.0417020128105 39.721287032918795, -80.075947 39.72135, -80.421388 39.721188999999995, -80.519342 39.721402999999995, -80.5191607943145 39.962200052521894, -80.51912 40.01641, -80.5190843704566 40.159671995118096, -80.519038999999992 40.342101, -80.5190296911941 40.3996410563407, -80.519017117347389 40.477363146237096, -80.518991 40.638801, -80.583632999999992 40.61552, -80.62717099999999 40.619935999999996, -80.667957 40.582496, -80.622194999999991 40.520497, -80.604895 40.446667, -80.6273626299369 40.3951709330172, -80.631596 40.385467999999996, -80.606596 40.303869, -80.644598 40.25127, -80.684173210708 40.1870179733507, -80.702667728503386 40.156991342310796, -80.70599399999999 40.151590999999996, -80.736803999999992 40.080072, -80.7382184399836 40.0335432260784, -80.740125999999989 39.970793, -80.764479 39.95025, -80.803394 39.918762, -80.8234381047859 39.8500320873964, -80.824276 39.847159, -80.824969 39.801092, -80.869933 39.763555, -80.8355216930075 39.7192518022001, -80.829764 39.711839, -80.865574999999993 39.662751, -80.943782 39.606926, -81.037365041987087 39.5380557124726, -81.075949999999992 39.50966, -81.1212738561078 39.4576974138893, -81.12853299999999 39.449374999999996, -81.185946 39.430731, -81.249088 39.389992, -81.347567 39.34577, -81.3703898088263 39.3487006724034, -81.393794 39.351706, -81.412706 39.394618, -81.456143 39.409273999999996, -81.503188999999992 39.373242, -81.559647 39.330774, -81.565247 39.276174999999995, -81.613896 39.275338999999995, -81.678331 39.273755, -81.71162799999999 39.219228, -81.7214681391725 39.2109608092037, -81.752754 39.184675999999996, -81.7522970367401 39.181034747405896, -81.742953 39.106578, -81.7502668434263 39.1040311930998, -81.807854999999989 39.083977999999995, -81.793303999999992 39.040352999999996, -81.775734 38.980737, -81.827354 38.945898, -81.89847 38.929603, -81.941829 38.993294999999996, -82.007061999999991 39.029578, -82.041563 39.017877999999996, -82.089064999999991 38.975978, -82.0988666505543 38.960879284493295, -82.134766 38.905578999999996, -82.16157 38.824632, -82.20929 38.802672, -82.201537 38.760372, -82.185566999999992 38.659583, -82.175167 38.608484, -82.218966999999992 38.591682999999996, -82.27427 38.593683, -82.2821333440281 38.579860796403494, -82.29327099999999 38.560283, -82.304223 38.496308, -82.323999 38.449267999999996, -82.381773 38.434782999999996, -82.447076 38.426981999999995, -82.5089669497313 38.4146439126517, -82.560664 38.404337999999996, -82.593673 38.421808999999996, -82.5959642645 38.380889761715494, -82.597979 38.344909, -82.571877 38.315781, -82.581796 38.248591999999995, -82.5846938141256 38.2405129933697, -82.598863999999992 38.201007))",1928476,20,2013-07-01 16:00:00,2015-07-01 16:00:00
6,CO,Colorado,230,Rocky Mountain,"POLYGON ((-109.059962 38.499987, -109.060062 38.275489, -109.041762 38.16469, -109.041796647279 38.153021384957896, -109.04260384697301 37.881170241989494, -109.043781119457 37.4846848703511, -109.045223 36.999083999999996, -108.62030899999999 36.999286999999995, -108.37925730447002 36.9995647389042, -108.000623 37.000001, -107.481736999997 37.0000045803143, -107.42091500003501 37.000004999986196, -107.420913 37.000005, -106.877292 37.000139, -106.869796 36.992426, -106.47623909537701 36.9937740816849, -106.343139 36.99423, -106.006634146072 36.9953855377332, -105.997472 36.995416999999996, -105.718469683991 36.995845927301005, -105.716471 36.995849, -105.533922 36.995875, -105.41931 36.995855999999996, -105.251296 36.995605, -105.220612465075 36.9955633819758, -105.155042748048 36.995474445610604, -105.1208 36.995428, -104.732031 36.993446999999996, -104.338833 36.993535, -104.007854849944 36.9959840544537, -103.733247 36.998016, -103.086104858531 36.999864350301692, -103.002199 37.000104, -102.841989 36.999598, -102.698142 36.995149, -102.355288 36.994506, -102.04224 36.993083, -102.04192 37.035083, -102.041983 37.106550999999996, -102.041963 37.258164, -102.04193852287399 37.3891900553938, -102.04189086966501 37.6442776852918, -102.041876 37.723875, -102.041965658628 37.7385405736382, -102.04425499999999 38.113011, -102.044634270291 38.2624115677495, -102.044650359147 38.2687492225031, -102.044944 38.384419, -102.04551057457 38.6151645901775, -102.04571290308701 38.6975657700785, -102.046571 39.047038, -102.047200721701 39.133146709511195, -102.04896 39.373712, -102.04996185782801 39.568178980673096, -102.049992135644 39.574056097421007, -102.051254 39.818992, -102.051744 40.003077999999995, -102.051309 40.338381, -102.05130855184402 40.3492213568722, -102.05130479859702 40.440007993377, -102.05129415157901 40.697546832389008, -102.05129200020701 40.7495859948737, -102.051292 40.749590999999995, -102.051614 41.002376999999996, -102.051717516378 41.002376967623896, -102.556789 41.002219, -102.621033024452 41.0022232026156, -102.65346413726901 41.002225324143595, -103.076536 41.002252999999996, -103.38249165189 41.001926146621, -103.57377400619501 41.001721799084095, -103.574522 41.001720999999996, -104.053249 41.001405999999996, -104.497058 41.001805, -104.855273 40.998048, -104.943371 40.9980741037298, -105.27685999403501 40.998172917625894, -105.277138 40.998173, -106.190554078709 40.997746612574396, -106.217573 40.997734, -106.321169215914 40.998215011068005, -106.860377948665 41.0007186292371, -107.31779575979 41.0028424812322, -107.367443 41.003073, -107.918418289849 41.0012270706441, -108.250649 41.000113999999996, -109.050076 41.000659, -109.048455 40.826080999999995, -109.048259750048 40.662601817228, -109.048249 40.653600999999995, -109.050732112077 40.222655258257596, -109.050973 40.180848999999995, -109.050615 39.87497, -109.05087192526202 39.6604717771594, -109.051066846273 39.4977388093662, -109.05122383101701 39.366677549586292, -109.051512 39.126095, -109.059961972589 38.499989031020796, -109.059962 38.499987))",5479101,20,2013-07-01 16:00:00,2015-07-01 16:00:00
32,NM,New Mexico,230,Southwest,"POLYGON ((-109.049195 31.796550999999997, -109.050044 31.332501999999998, -108.861028 31.332314999999998, -108.707657 31.333191, -108.208573 31.333395, -108.208572 31.499741999999998, -108.208394 31.783599, -107.422246 31.783599, -107.296824990412 31.78362533039, -106.993544 31.783689, -106.531731 31.78391, -106.528242 31.783147999999997, -106.581344 31.813906, -106.63588 31.871513999999998, -106.623445 31.914033999999997, -106.630114 31.971258, -106.618486 32.000495, -106.377166937561 32.0012401203377, -106.200699 32.001785, -105.997971151664 32.001974590699, -105.750527 32.002206, -105.153994 32.000496999999996, -104.918298182739 32.000472066852105, -104.84775700586 32.000464604634, -104.643526 32.000443, -104.024521 32.000009999999996, -103.98021347738101 32.0000328513626, -103.72285297915501 32.000165583633006, -103.326501 32.00037, -103.064423 32.000518, -103.064422401106 32.087050999999995, -103.064422 32.145005999999995, -103.064696 32.522193, -103.064761 32.587983, -103.064889 32.849359, -103.063468920895 32.9591038763421, -103.060103 33.219225, -103.05649506433801 33.388414214620596, -103.05261 33.570599, -103.047346 33.824675, -103.043516 34.079381999999995, -103.04356392051801 34.1128341992324, -103.043835787484 34.302618205455595, -103.043850301172 34.3127498735079, -103.043946 34.379554999999996, -103.043072 34.619782, -103.04276899999999 34.747361, -103.042738824614 34.9541008904342, -103.042711 35.144735, -103.042617950565 35.183157259008404, -103.041554 35.622487, -103.04135699103901 35.739273912265595, -103.040824 36.055231, -103.041924 36.500439, -103.002434 36.500397, -103.002188 36.602716, -103.002518 36.675186, -103.001964 36.909573, -103.002199 37.000104, -103.086104858531 36.999864350301692, -103.733247 36.998016, -104.007854849944 36.9959840544537, -104.338833 36.993535, -104.732031 36.993446999999996, -105.1208 36.995428, -105.155042748048 36.995474445610604, -105.220612465075 36.9955633819758, -105.251296 36.995605, -105.41931 36.995855999999996, -105.533922 36.995875, -105.716471 36.995849, -105.718469683991 36.995845927301005, -105.997472 36.995416999999996, -106.006634146072 36.9953855377332, -106.343139 36.99423, -106.47623909537701 36.9937740816849, -106.869796 36.992426, -106.877292 37.000139, -107.420913 37.000005, -107.42091500003501 37.000004999986196, -107.481736999997 37.0000045803143, -108.000623 37.000001, -108.37925730447002 36.9995647389042, -108.62030899999999 36.999286999999995, -109.045223 36.999083999999996, -109.045433 36.874589, -109.045729 36.117028, -109.045871619849 36.0023384351079, -109.046024 35.8798, -109.046296 35.614250999999996, -109.046796 35.363606, -109.046353967524 35.1746836584714, -109.045851 34.959717999999995, -109.04613893530201 34.5792910941463, -109.046182 34.522393, -109.046426 33.875052, -109.04660745785901 33.7782323711321, -109.047298 33.409783, -109.047237 33.208965, -109.047117 32.77757, -109.047117001409 32.777569000002, -109.047612 32.426376999999995, -109.048296 32.084092999999996, -109.049195 31.796550999999997))",2168698,20,2013-07-01 16:00:00,2015-07-01 16:00:00
38,OR,Oregon,230,Far West,"POLYGON ((-124.552441 42.840568, -124.510017 42.734746, -124.448418 42.689909, -124.45074 42.675798, -124.413119 42.657934, -124.40091799999999 42.597518, -124.39906500000001 42.539927999999996, -124.435105 42.440163, -124.425554 42.351873999999995, -124.410556 42.307431, -124.410982 42.250547, -124.383633 42.22716, -124.361009 42.180752, -124.351535 42.129796, -124.314289 42.067864, -124.270464 42.045553, -124.21160499999999 41.99846, -124.001188 41.996145999999996, -123.82144300823501 41.995619073893195, -123.656998 41.995137, -123.51911283680401 41.9991725180329, -123.43477 42.001641, -123.347562 41.999108, -123.23073045581602 42.004983681544793, -123.145959 42.009246999999995, -123.045254 42.003049, -122.80008 42.004070999999996, -122.501135 42.00846, -122.28953301638 42.007764019788496, -122.28952699999999 42.007763999999995, -122.101922 42.005766, -121.846712 42.00307, -121.675348 42.000350999999995, -121.447540292921 41.9971900373641, -121.43961 41.99708, -121.251099 41.997569999999996, -121.035195 41.993323, -120.879480693164 41.9934837193058, -120.692219 41.993677, -120.501069 41.993784999999995, -120.181563 41.994588, -119.999168 41.99454, -119.72573 41.996296, -119.36018093064601 41.9940926034451, -119.324182851599 41.9938756201452, -119.20828 41.993176999999996, -119.001022 41.993793, -118.775869 41.992692, -118.501002 41.995446, -118.197189 41.996995, -117.873467 41.998335, -117.62373099999999 41.998467, -117.403613 41.999289999999995, -117.197798 42.00038, -117.026197 41.99989, -117.026551 42.378557, -117.026253 42.807446999999996, -117.026652 43.025127999999995, -117.026889 43.596033, -117.025662156147 43.680407407973092, -117.023577 43.823811, -116.98554503849 43.881184852813796, -116.976024 43.895548, -116.95987099999999 43.982924999999994, -116.937342 44.029376, -116.977351 44.085364, -116.897908995399 44.1526204089799, -116.895931 44.154295, -116.90275199999999 44.179466999999995, -116.965498 44.194126, -116.971958 44.235676999999995, -117.059352 44.237244, -117.121037 44.277584999999995, -117.170342 44.25889, -117.216974 44.288357, -117.212011088541 44.296425763197696, -117.192203 44.32863, -117.216911 44.360163, -117.243027 44.390974, -117.21507199999999 44.427161999999996, -117.225932 44.479389, -117.167187 44.523430999999995, -117.14293 44.557235999999996, -117.094968 44.652010999999995, -117.062273 44.727143, -117.013802 44.756841, -116.93180000000001 44.787181, -116.889302026563 44.840521193616794, -116.865338 44.870599, -116.833632 44.928976, -116.858313 44.978761, -116.841314 45.030907, -116.78371 45.076972, -116.782787410113 45.078146384209596, -116.754643 45.113972, -116.696047 45.254678999999996, -116.690831152241 45.269221414357396, -116.67464799999999 45.314341999999996, -116.588195 45.44292, -116.502756 45.566607999999995, -116.463504 45.615784999999995, -116.528272 45.681473, -116.535698 45.734231, -116.59300400000001 45.778541, -116.665344 45.781997999999994, -116.736268 45.826178999999996, -116.78752 45.840204, -116.799204532501 45.8510454354829, -116.85979499999999 45.907264, -116.886843 45.958617, -116.915989 45.995413, -117.353928 45.996348999999995, -117.48014336037501 45.9975687585827, -117.60316425009601 45.9987576454633, -117.717852 45.999866, -117.977759532429 46.0001683212899, -117.99691169372701 46.000190598851695, -118.36779 46.000622, -118.606789154189 46.000863249791195, -118.67787 46.000935, -118.987129 45.999855, -119.061462 45.958527, -119.12612 45.932859, -119.25715 45.939926, -119.364396 45.921605, -119.432075703986 45.913216934316004, -119.487829 45.906307, -119.571584 45.925456, -119.600549 45.919581, -119.669877 45.856867, -119.802655 45.84753, -119.86810375199501 45.8382337241017, -119.965744 45.824365, -119.999512898198 45.8116820142995, -120.07015 45.785152, -120.141352 45.773151999999996, -120.210754 45.725950999999995, -120.282156 45.72125, -120.40396 45.699248999999995, -120.48809818301599 45.6999087098047, -120.505863 45.700047999999995, -120.591166 45.746547, -120.634968 45.745847, -120.652516760194 45.736169730674895, -120.68937 45.715847, -120.855674 45.671544999999995, -120.895575 45.642945, -120.91399665993 45.6480830605978, -120.943977 45.656445, -121.084933 45.647892999999996, -121.1222 45.616067, -121.183841 45.606441, -121.215779 45.671237999999995, -121.33777 45.704949, -121.423592 45.69399, -121.440520260447 45.6990216106234, -121.522752643548 45.723463657323393, -121.533106 45.726541, -121.668362 45.705082, -121.735104 45.694039, -121.811304 45.706761, -121.867167 45.693276999999995, -121.900858 45.662009, -121.92396049232201 45.6542788643778, -121.951838 45.644951, -122.00369 45.61593, -122.101675 45.583515999999996, -122.183695 45.577695999999996, -122.248892726563 45.550127596046494, -122.262625 45.544321, -122.331502 45.548241, -122.380302 45.575941, -122.43867399999999 45.563584999999996, -122.492259 45.583281, -122.643907 45.609739, -122.738109 45.644138, -122.756443903971 45.662421025087596, -122.774511 45.680437, -122.76650788218501 45.7286799902809, -122.761451 45.759163, -122.795605 45.81, -122.78808636259501 45.851007454356093, -122.785026 45.867698999999995, -122.81151 45.912724999999995, -122.813998 45.960983999999996, -122.856158 46.014469, -122.904119 46.083734, -122.962681 46.104817, -123.004233 46.133823, -123.115904 46.185268, -123.166414 46.188973, -123.212493591209 46.1710964584003, -123.280166 46.144842999999995, -123.363638047213 46.146241410818696, -123.371433 46.146372, -123.430847 46.181827, -123.427629 46.229347999999995, -123.47964400000001 46.269130999999994, -123.547659 46.259108999999995, -123.586205 46.228654, -123.660868 46.216296, -123.718149 46.188989, -123.757589 46.213001, -123.838801 46.192211, -123.912405 46.179449999999996, -123.998052 46.235327, -124.041128 46.197672, -123.95919 46.141675, -123.92933 46.041978, -123.937471 45.977306, -123.993703 45.946431, -123.96763 45.907807, -123.961544 45.837101, -123.966265591843 45.7832308592446, -123.968563 45.757019, -123.939448 45.708794999999995, -123.939005 45.661922999999994, -123.94755599999999 45.564878, -123.976544 45.489733, -123.960557 45.430778, -123.979715 45.347724, -123.962887 45.280218, -123.97291899999999 45.216784, -123.975425 45.145475999999995, -124.00977 45.047266, -124.010112216468 45.0448949878482, -124.023834 44.949825, -124.063155 44.835333, -124.074066 44.798106999999995, -124.063406 44.703177, -124.065008 44.632504, -124.083601 44.501123, -124.084401 44.415611, -124.1152 44.286486, -124.114378329366 44.276296372486392, -124.111054 44.235071, -124.122406 44.104442, -124.150267 43.910849999999996, -124.160253361247 43.8635021890173, -124.193455 43.706084999999995, -124.219221792497 43.6103218178744, -124.23353399999999 43.55713, -124.286896 43.436296, -124.353332 43.342667, -124.400404 43.302121, -124.38246 43.270167, -124.395607 43.223908, -124.41139 43.159853, -124.43619799999999 43.071312, -124.479640370978 42.954970145652794, -124.480938 42.951495, -124.552441 42.840568))",4087267,20,2013-07-01 16:00:00,2015-07-01 16:00:00
8,DE,Delaware,230,Mideast,"POLYGON ((-75.773786 39.7222, -75.788596 39.722198999999996, -75.76690460670919 39.3776515935512, -75.766894999999991 39.377499, -75.7604414164505 39.296789621100096, -75.7564352155685 39.246687537125304, -75.7481548142541 39.143131730959695, -75.723102693332692 38.8298265565277, -75.707555026429 38.6353853550599, -75.707551 38.635335, -75.701777515245 38.5607669290786, -75.700381999999991 38.542743, -75.693721 38.460128, -75.479283 38.453697999999996, -75.3412873203482 38.4524365259555, -75.18545499999999 38.451012, -75.04893899999999 38.451263, -75.053973 38.536273, -75.071805 38.696497, -75.089473 38.797198, -75.113331 38.782998, -75.159022 38.790192999999995, -75.232029 38.844254, -75.30407799999999 38.91316, -75.302551999999991 38.939001999999995, -75.3066521095097 38.9476601633284, -75.34089 39.01996, -75.396277 39.057884, -75.407473 39.133706, -75.39479 39.188354, -75.40837599999999 39.264697999999996, -75.469324 39.330819999999996, -75.505643167352886 39.370394560079596, -75.521682 39.387871, -75.571829999999991 39.438897, -75.593068 39.479186, -75.528088 39.498114, -75.527676 39.535278, -75.512732 39.578, -75.543965 39.596000000000004, -75.559446 39.629812, -75.535144 39.647211999999996, -75.509742 39.686113, -75.47764 39.715013, -75.459439 39.765813, -75.441035650667 39.7807863269715, -75.415061999999992 39.801919, -75.481207 39.829191, -75.570433 39.839185, -75.5943169052201 39.8345949730914, -75.662846 39.821425, -75.717058999999992 39.792325, -75.753227999999993 39.757988999999995, -75.773786 39.7222))",962778,8,2014-07-01 16:00:00,2015-07-01 16:00:00
47,VT,Vermont,230,New England,"POLYGON ((-73.416319 44.099422, -73.43688 44.042578, -73.405977 44.011485, -73.411248 43.975595999999996, -73.407742 43.929887, -73.374051 43.875563, -73.390301999999991 43.817371, -73.3825261495399 43.8081589885495, -73.350707 43.770463, -73.3611071516843 43.7532334572839, -73.393723 43.699200000000005, -73.414546 43.658209, -73.424977 43.598774999999996, -73.395766999999992 43.568087, -73.327702 43.625913, -73.292113 43.584509, -73.242042 43.534925, -73.252832 43.363493, -73.2553558380576 43.3147123986, -73.26978 43.035923, -73.270008731163585 43.0307142926875, -73.273832807021009 42.943631747526496, -73.278673 42.83341, -73.290944 42.801919999999996, -73.264957 42.74594, -73.1424883347124 42.743425577876593, -73.022912140331 42.7409705414974, -73.0186486133504 42.7408830063999, -72.930262612517993 42.7390683404576, -72.864291854845391 42.7377138851592, -72.809113 42.736581, -72.5167483288751 42.7284687005291, -72.458519 42.726853, -72.477615 42.761244999999995, -72.539600000000007 42.804832, -72.55391810324609 42.858091320577394, -72.556112 42.866251999999996, -72.531469 42.89795, -72.532186 42.954944999999995, -72.492597 42.967648, -72.444977 43.004416, -72.4519646585752 43.020517837529596, -72.462248 43.044214, -72.435191 43.086622, -72.451802 43.153486, -72.450384844108 43.1612744940949, -72.440563 43.215253999999995, -72.4336566851651 43.2327883255672, -72.421583 43.263442, -72.402532 43.32038, -72.413377 43.362741, -72.3969230250359 43.4289221159986, -72.3969029203314 43.429002981065295, -72.380894 43.493393999999995, -72.37944 43.574069, -72.333413136127689 43.605717424927896, -72.329522 43.608393, -72.284804999999992 43.72036, -72.222068999999991 43.759831, -72.2115021223499 43.7730194104417, -72.18333299999999 43.808177, -72.16978 43.873425, -72.105875 43.949369999999995, -72.116706 43.991954, -72.0799442240026 44.0300000301807, -72.079553637538012 44.0304042615873, -72.075486 44.034614, -72.036883 44.103119, -72.0538268836147 44.1598170938034, -72.061337999999992 44.184951, -72.05399 44.246925999999995, -72.046302 44.291982999999995, -72.002314 44.324870999999995, -71.945163 44.337744, -71.875863 44.33737, -71.837656239233013 44.347801232939595, -71.818838 44.352939, -71.778612999999993 44.399798999999994, -71.762211462990493 44.403808065099795, -71.690919999999991 44.421234, -71.646551 44.468869, -71.579973999999993 44.501777999999995, -71.588076 44.54785, -71.544922 44.579277999999995, -71.551722 44.627598, -71.584574 44.665351, -71.626909 44.747223999999996, -71.570402 44.805276, -71.522393 44.880811, -71.494402999999991 44.911837, -71.531605 44.976023, -71.501088 45.013377, -71.609839999999991 45.012709, -71.691898 45.011419, -71.8977115118588 45.008072273836696, -71.915009 45.007791, -72.023292 45.006792, -72.348582999999991 45.005624999999995, -72.532502999999991 45.00786, -72.5542716162235 45.009467720653504, -72.582371 45.011542999999996, -72.93643999999999 45.014267, -73.048386 45.01479, -73.1699238166857 45.0131611826235, -73.1923104490669 45.0128611629521, -73.343124 45.010839999999995, -73.34474 44.970468, -73.338979 44.917680999999995, -73.37982199999999 44.857037, -73.365678 44.826451, -73.34201248395 44.808075538661, -73.33443 44.802188, -73.357671 44.751017999999995, -73.36556 44.700297, -73.389966 44.61962, -73.367274999999992 44.567544999999996, -73.3626828127438 44.5624552216867, -73.3479832324265 44.546162853597004, -73.312871 44.507245999999995, -73.293613 44.440559, -73.320954 44.382669, -73.334637 44.356877, -73.324229 44.310023, -73.3174559746651 44.263522189876795, -73.316617999999991 44.257768999999996, -73.34988899999999 44.230356, -73.395399 44.166903, -73.3998685693645 44.1524856476917, -73.416319 44.099422))",651695,8,2014-07-01 16:00:00,2015-07-01 16:00:00
52,WI,Wisconsin,230,Great Lakes,"MULTIPOLYGON (((-86.934276 45.421149, -86.956198 45.352005999999996, -86.899891 45.295185, -86.86774299999999 45.353065, -86.80586799999999 45.412903, -86.835748999999993 45.450188, -86.934276 45.421149)), ((-90.776921 47.024324, -90.767985 47.002327, -90.712032 46.98526, -90.679446 46.956032, -90.637124 46.906724, -90.549104 46.915461, -90.524056 46.935663999999996, -90.511623 46.961407, -90.54487499999999 47.017382999999995, -90.560936 47.037012999999995, -90.650421999999992 47.054677999999996, -90.74018 47.036105, -90.776921 47.024324)), ((-92.886697124409 45.644148, -92.887929 45.639005999999995, -92.881136 45.573409, -92.801503 45.562853999999994, -92.756906 45.557499, -92.728023 45.525652, -92.686793 45.472271, -92.646768 45.437929, -92.658486 45.396058, -92.698967 45.336374, -92.748267674685891 45.296059386509796, -92.761867999999993 45.284938, -92.766091408673688 45.2100217024227, -92.766932 45.195111, -92.743823479365588 45.123646262323007, -92.740508999999989 45.113395999999995, -92.802911 45.065402999999996, -92.761904 45.022467, -92.750802 44.941567, -92.767023265751888 44.8619767370977, -92.7671173343572 44.861515185875895, -92.768574 44.854368, -92.805286999999993 44.768361, -92.7923607996705 44.7589838136971, -92.7316238513032 44.7149227852596, -92.696491 44.689436, -92.618024999999989 44.61287, -92.54928 44.577704, -92.399281 44.558291999999994, -92.36151799999999 44.558935, -92.3169331334058 44.5392760122027, -92.314071 44.538014, -92.291005 44.485464, -92.2453646490054 44.4542511243518, -92.232472 44.445434, -92.111085 44.413948, -92.084528580492787 44.404614314801, -91.9636 44.362111999999996, -91.916191 44.318093999999995, -91.892698 44.231105, -91.854499975297685 44.1972265195522, -91.817302 44.164235, -91.719096999999991 44.128853, -91.64787299999999 44.064108999999995, -91.573282999999989 44.026900999999995, -91.5592155630397 44.0242093165812, -91.440536 44.001501, -91.4235686998173 43.9842968803226, -91.35742599999999 43.917231, -91.291001999999992 43.852733, -91.2876556273671 43.847065, -91.243955 43.773046, -91.257000156005688 43.725658737222396, -91.273252 43.666623, -91.252926 43.600363, -91.232812 43.564842, -91.217705999999993 43.50055, -91.232276 43.450952, -91.2106633577727 43.4194417829033, -91.199407999999991 43.403031999999996, -91.207366999999991 43.373658999999996, -91.154806 43.334826, -91.107237 43.313645, -91.057909999999993 43.253968, -91.087455999999989 43.221891, -91.13417299999999 43.174405, -91.175253 43.134665, -91.174934913911187 43.0802603718452, -91.174692 43.038713, -91.159084305947488 42.987477791322796, -91.155519 42.975774, -91.138 42.903772, -91.098819999999989 42.864421, -91.07071599999999 42.775501999999996, -91.017238999999989 42.719566, -90.941566999999992 42.683844, -90.896962027158409 42.6743180564343, -90.852497 42.664822, -90.743676999999991 42.645559999999996, -90.700856 42.626445, -90.672727 42.576598999999995, -90.642843 42.508480999999996, -90.437011 42.507146999999996, -90.426376960736093 42.5071777352237, -90.22319 42.507765, -89.927006876764011 42.5057904857746, -89.926484 42.505787, -89.83759488632559 42.5049103527915, -89.49321599999999 42.501514, -89.40141681104059 42.500441931073695, -89.365798607663493 42.500025966951604, -89.042898 42.496255, -88.9925602268173 42.4958547198992, -88.940384860378 42.495439827471195, -88.7764957607352 42.4941366004674, -88.70738 42.493587, -88.70737771540179 42.493587014769595, -88.506912 42.494883, -88.304692 42.495608172751496, -88.21690000000001 42.495923, -88.1995290014485 42.4957560156903, -87.8977017973003 42.4928546046294, -87.800477 42.49192, -87.813273 42.57922, -87.814674 42.64402, -87.802015055109592 42.668311061176695, -87.785074 42.700818999999996, -87.766674999999992 42.784895999999996, -87.821162938034 42.8422735467354, -87.8273880988724 42.848828840802796, -87.834879 42.856716999999996, -87.842681 42.944116, -87.895783999999992 43.015814, -87.870184 43.064412, -87.900484999999989 43.12591, -87.8965793338682 43.192134247975794, -87.896285999999989 43.197108, -87.889207 43.307652, -87.840955 43.420677, -87.793239 43.492782999999996, -87.791020155671589 43.5430150907866, -87.790134999999992 43.563054, -87.706204 43.679542, -87.708185 43.722895, -87.700251 43.76735, -87.726407 43.810445, -87.73601699999999 43.873720999999996, -87.728579542308893 43.892208887456796, -87.69892 43.965936, -87.655183 44.081894, -87.600882 44.131695, -87.53994 44.15969, -87.507419 44.210803, -87.521755 44.259957, -87.545381999999989 44.321385, -87.5433267854761 44.3275128561299, -87.498662 44.460685999999995, -87.446963 44.586273999999996, -87.401629 44.631191, -87.3754915502194 44.675512109805, -87.318981999999991 44.771335, -87.276029999999992 44.83318, -87.206285 44.885928, -87.188375 44.948077, -87.139383999999993 45.012564999999995, -87.06315699999999 45.079316, -87.045747999999989 45.134986999999995, -87.04417 45.186946, -86.978759 45.227332999999994, -86.97778 45.290684, -87.01703599999999 45.299254, -87.057627 45.292837999999996, -87.10874299999999 45.257003, -87.121608999999992 45.209782999999995, -87.175068 45.173049999999996, -87.238224 45.167259, -87.264877 45.081361, -87.336457 45.013529999999996, -87.393405 44.934393, -87.446477 44.886109, -87.515142 44.869596, -87.530999 44.857437, -87.581306 44.851791, -87.646300000000011 44.798739, -87.720889 44.724548, -87.71978 44.693245999999995, -87.737570860866285 44.6770118161559, -87.748409 44.667122, -87.7613076788851 44.6536977497349, -87.77516 44.639281, -87.866884 44.608433999999995, -87.898888 44.574135, -87.943801 44.529692999999995, -88.005518 44.539215999999996, -88.041202 44.572581, -87.998716 44.609288, -88.002085 44.664035, -87.9975734064425 44.6776639390448, -87.983494 44.720196, -87.941453 44.75608, -87.904484 44.818723, -87.854681 44.857771, -87.838359 44.873987, -87.84343299999999 44.924355, -87.812989 44.954012999999996, -87.7626384909711 44.962752171760293, -87.696491999999992 44.974233, -87.630298 44.976865, -87.625748 45.045156999999996, -87.59020799999999 45.095264, -87.648191 45.106367999999996, -87.695055 45.150521999999995, -87.741805 45.197050999999995, -87.71148 45.245224, -87.667423 45.316359999999996, -87.657349 45.368752, -87.706767 45.383827, -87.750928 45.355036999999996, -87.800463999999991 45.353608, -87.863489 45.35302, -87.85683 45.393105999999996, -87.847428999999991 45.444176999999996, -87.805773 45.473138999999996, -87.804203 45.524676, -87.787292 45.574906, -87.777671 45.609204, -87.824676 45.653211, -87.781007 45.673933999999996, -87.805076 45.703556, -87.8330494680353 45.7227525753469, -87.879812 45.754843, -87.966969999999989 45.764021, -87.995876 45.795435, -88.048514 45.782548999999996, -88.057010465949 45.7849770301437, -88.105517999999989 45.798839, -88.135066999999992 45.821694, -88.073944 45.875592999999995, -88.115346 45.922211, -88.1168565373761 45.922811242262696, -88.178007999999991 45.947111, -88.246307 45.962983, -88.309519999999992 45.959368999999995, -88.380183 45.991654, -88.409864 45.979687999999996, -88.526673 46.020821999999995, -88.593859999999992 46.015132, -88.613063 45.990626999999996, -88.65776 45.989287, -88.679132 46.013538, -88.68323220849939 46.0144656703203, -88.739994 46.027308, -88.811948 46.021609, -88.9327684510096 46.072107163775996, -88.991217028396008 46.096536354436, -89.09163 46.138504999999995, -89.638415999999992 46.243804, -89.9291256256648 46.299915728408095, -90.120488999999992 46.336852, -90.15824099999999 46.420485, -90.214866 46.499947, -90.285707 46.518845999999996, -90.331887 46.553278, -90.387228 46.533663, -90.41813599999999 46.566094, -90.437596 46.561492, -90.505909 46.589614, -90.548578555966088 46.586236258750496, -90.565559999999991 46.584891999999996, -90.66327299999999 46.645326, -90.737259999999992 46.692267, -90.755287 46.646288999999996, -90.794775 46.624941, -90.829031 46.616065999999996, -90.898308 46.58305, -90.9252293953426 46.5874880724456, -90.955649999999991 46.592503, -90.932626 46.617295999999996, -90.915151999999992 46.658409999999996, -90.852704 46.699582, -90.88084099999999 46.739957, -90.861046 46.765631, -90.798936 46.823142999999995, -90.745305 46.894254, -90.80628 46.938738, -90.85284 46.962558, -90.924128 47.001888, -90.989375 46.982274, -90.984617 46.925602, -91.034517999999991 46.903053, -91.087357 46.879470999999995, -91.13047499999999 46.870008, -91.167600999999991 46.84476, -91.211647 46.866824, -91.256705 46.836887, -91.314815 46.826825, -91.360804 46.798136, -91.411799 46.78964, -91.511077 46.757453, -91.551341535656391 46.7574752934595, -91.574291 46.757487999999995, -91.645502 46.734733, -91.820027 46.690176, -91.886963 46.690211, -91.961889 46.682539, -92.01529 46.706469, -92.05081899999999 46.710516999999996, -92.10025499999999 46.734446, -92.143338 46.731595999999996, -92.18309099999999 46.695240999999996, -92.205491999999992 46.664741, -92.292192 46.663242, -92.292371 46.495585, -92.2927598024283 46.41721950288, -92.293618999999993 46.244043, -92.2938306085787 46.157321306496, -92.294033 46.074377, -92.338239 46.052149, -92.35176 46.015685, -92.392681 46.01954, -92.44963 46.002252, -92.472760999999991 45.972952, -92.545682 45.970118, -92.580564999999993 45.94625, -92.656124999999989 45.924442, -92.721128 45.883804999999995, -92.759458 45.835341, -92.776496 45.790014, -92.826012999999989 45.73665, -92.8407421066255 45.7293967344697, -92.869689 45.715142, -92.886697124409 45.644148)))",5972421,8,2014-07-01 16:00:00,2015-07-01 16:00:00
5,CA,California,230,Far West,"MULTIPOLYGON (((-118.593969 33.467197999999996, -118.563442 33.434381, -118.482609 33.369914, -118.465368 33.326056, -118.374768 33.320065, -118.325244 33.299075, -118.286261 33.351462999999995, -118.370323 33.409285, -118.484785 33.487483, -118.593969 33.467197999999996)), ((-118.594033 33.035951, -118.641578 33.017129, -118.581513 32.931672, -118.487908 32.84459, -118.425634 32.800595, -118.353504 32.821962, -118.446771 32.895424, -118.540069 32.980933, -118.594033 33.035951)), ((-119.578942 33.278628, -119.545872 33.233405999999995, -119.464725 33.215432, -119.429559 33.228167, -119.427171 33.266023, -119.510489 33.307269, -119.578942 33.278628)), ((-119.91621599999999 34.058351, -119.876916 34.023527, -119.873358 33.980374999999995, -119.795938 33.962928999999995, -119.721206 33.959582999999995, -119.662825 33.985889, -119.554472 33.99782, -119.48771955738201 33.996515154389293, -119.391587 33.994636, -119.363065 34.000548, -119.364214 34.050793999999996, -119.442654 34.054156, -119.47073665694401 34.053996622104, -119.56670000000001 34.053452, -119.739472 34.049299, -119.857304 34.071298, -119.91621599999999 34.058351)), ((-120.368278 34.076465, -120.454134 34.028081, -120.36484 33.991780999999996, -120.200085 33.956904, -120.17904899999999 33.927994, -120.121817 33.895711999999996, -120.049682 33.914563, -119.973691 33.942481, -119.984316 33.983948, -120.05510699999999 34.037729, -120.135853 34.026087, -120.24248 34.057172, -120.368278 34.076465)), ((-124.387023 40.504954, -124.409591 40.438075999999995, -124.365357 40.374855, -124.353124 40.331424999999996, -124.363414 40.260974, -124.34307 40.243978999999996, -124.258405 40.184277, -124.187874 40.130542, -124.139952 40.11635, -124.087086 40.078441999999995, -124.068908 40.021307, -124.035904 40.013318999999996, -124.02520517453002 40.001299341669004, -123.95495199999999 39.922373, -123.907664 39.863028, -123.851714 39.832041, -123.829545 39.723071, -123.792659 39.684121999999995, -123.782322 39.621486, -123.766475 39.552803, -123.81469 39.446538, -123.825331 39.360814, -123.798991 39.271355, -123.765891 39.193657, -123.72150500000001 39.125327, -123.69074 39.021293, -123.73289199999999 38.954994, -123.71054 38.91323, -123.659846 38.872529, -123.638637 38.843865, -123.571987 38.798189, -123.54092201163401 38.767656216039292, -123.51478399999999 38.741966, -123.441774 38.699743999999995, -123.34961200000001 38.596804999999996, -123.33189899999999 38.565542, -123.249797 38.511044999999996, -123.166428 38.474947, -123.085572 38.390525, -123.068437 38.335209999999996, -123.053504 38.299385, -123.004122 38.297011999999995, -123.003146477056 38.2957052387145, -122.986319 38.273164, -122.987149 38.237538, -122.953629 38.17567, -122.960889 38.112961999999996, -123.011533 38.003437999999996, -122.97439 37.992429, -122.939711 38.031908, -122.856573 38.016717, -122.797405 37.976656999999996, -122.754606 37.935527, -122.70264 37.89382, -122.678474 37.906604, -122.60129 37.875126, -122.537285 37.830328, -122.483483 37.826727999999996, -122.41847 37.852720999999995, -122.448413 37.893409999999996, -122.486375 37.921881, -122.488665 37.966713999999996, -122.452995 37.996167, -122.499465 38.032165, -122.491283 38.108087, -122.48849963925902 38.1090944743082, -122.39758123062401 38.142003597253293, -122.393588 38.143449, -122.301804 38.105142, -122.269320054917 38.060374497531193, -122.262861 38.051473, -122.321706 38.01031, -122.34280385218801 38.0092538777817, -122.36889099999999 38.007948, -122.367582 37.978168, -122.425258 37.955672, -122.378709 37.905190999999995, -122.33453 37.908791, -122.32871428740701 37.8938323463208, -122.303931 37.830087, -122.333711 37.809796999999996, -122.312974 37.777243999999996, -122.252452 37.755129, -122.24981 37.726406, -122.213774 37.698695, -122.163049 37.667933, -122.162802519462 37.6672730133697, -122.152905 37.640771, -122.144396 37.581866, -122.111998 37.528850999999996, -122.12919970222401 37.5213219985908, -122.168449 37.504143, -122.244372 37.55814, -122.360219 37.592501, -122.39319 37.707530999999996, -122.389826876588 37.708331, -122.361749 37.71501, -122.356784 37.729504999999996, -122.376462 37.738558, -122.385323 37.790724, -122.398139 37.80563, -122.465396 37.800878999999995, -122.511983 37.77113, -122.505601251345 37.7355674652407, -122.50067801908301 37.7081325680179, -122.49678399999999 37.686433, -122.496786 37.612136, -122.518088 37.576138, -122.516689 37.521339999999995, -122.49378899999999 37.492340999999996, -122.445987 37.461541, -122.443687 37.435941, -122.409258 37.374804999999995, -122.40132299999999 37.337008999999995, -122.40559014390101 37.3149650377439, -122.418452 37.248521, -122.397065 37.187249, -122.344029 37.144099, -122.322971 37.11546, -122.29431019191301 37.105141386718095, -122.284882 37.101746999999996, -122.260481 37.072548, -122.20618 37.013949, -122.105976 36.955951, -122.06731672906 36.9535956897314, -122.027174 36.95115, -121.95167 36.97145, -121.906468 36.96895, -121.862266 36.931551999999996, -121.81273242676201 36.8500494437455, -121.791544 36.815186, -121.796826 36.777543, -121.81446199999999 36.682857999999996, -121.860604 36.611135999999995, -121.923866 36.634558999999996, -121.970427 36.582754, -121.94160000000001 36.485602, -121.903195 36.393603, -121.888491 36.30281, -121.826425 36.241859999999996, -121.77985100000001 36.227407, -121.680145 36.165818, -121.62200899999999 36.099695, -121.574602 36.025155999999996, -121.531876 36.014368, -121.48620000000001 35.970348, -121.462264 35.885618, -121.406823 35.844623, -121.347053956004 35.7951862038146, -121.332449 35.783106, -121.314632 35.71331, -121.272322 35.666711, -121.166712 35.635399, -121.11424 35.57172, -121.003359 35.46071, -120.955863 35.453742999999996, -120.88475700000001 35.430195999999995, -120.862133 35.360763, -120.87957 35.294184, -120.89679 35.247876999999995, -120.84667400000001 35.204429, -120.756086 35.160458999999996, -120.714185 35.175998, -120.675074 35.153061, -120.635787 35.123805, -120.629583 35.078362, -120.63356999999999 35.033085, -120.65030521184 34.975166302268704, -120.670835 34.904115, -120.610266 34.85818, -120.62631999999999 34.738071999999995, -120.614852 34.730709, -120.60197 34.692095, -120.64573899999999 34.581035, -120.622575 34.554017, -120.581293 34.556959, -120.550092 34.542794, -120.511421 34.522953, -120.451425 34.447094, -120.295051 34.470622999999996, -120.141165 34.473405, -120.050682 34.461650999999996, -119.971951 34.444641, -119.873971 34.408795, -119.835771 34.415796, -119.785871 34.415997, -119.709067 34.395396999999996, -119.68466599999999 34.408297, -119.616862 34.420995, -119.536957 34.395495, -119.47794670672401 34.378837558775594, -119.461036 34.374064, -119.37577999999999 34.321118, -119.313034 34.275689, -119.276614251859 34.2563404250143, -119.270144 34.252902999999996, -119.257043 34.213304, -119.227743 34.161728, -119.10978399999999 34.094566, -119.069959 34.090469999999996, -118.954722 34.048167, -118.94447951145901 34.046738953351, -118.854653 34.034214999999996, -118.805114 34.001239, -118.744952 34.032103, -118.679366 34.033255, -118.603572 34.039048, -118.519514 34.027509, -118.460611 33.969111, -118.412708 33.883913, -118.394307 33.804314999999995, -118.42840699999999 33.774715, -118.39660599999999 33.735917, -118.354705 33.732317, -118.333295892977 33.7211848352577, -118.317205 33.712818, -118.258687 33.703741, -118.23192618587301 33.715295467827495, -118.1837 33.736118, -118.132698 33.753217, -118.116099430913 33.7443496762102, -118.088896 33.729817, -118.000593 33.654319, -117.927091 33.605520999999996, -117.840289 33.573523, -117.814188 33.552223999999995, -117.73225829761401 33.4879550239786, -117.726486 33.483427, -117.715349 33.460556, -117.64558199999999 33.440728, -117.596188685737 33.3869649943199, -117.59588 33.386629, -117.547693 33.365491, -117.445583 33.268516999999996, -117.362572 33.168437, -117.315278 33.093503999999996, -117.28077 33.012343, -117.272139427178 32.9755245825488, -117.25447 32.900146, -117.25616053514901 32.8596735941017, -117.25617 32.859446999999996, -117.262905 32.849349, -117.27387 32.851447, -117.28217000000001 32.839546999999996, -117.280971 32.822247, -117.25497 32.786947999999995, -117.255169 32.700051, -117.246069 32.669351999999996, -117.196767 32.688851, -117.168866 32.671952, -117.136664 32.618753999999996, -117.13203895573801 32.585601187382096, -117.12486200000001 32.534155999999996, -116.857154 32.557459, -116.62705 32.576260999999995, -116.540643 32.583746999999995, -116.10617888905001 32.6185781426356, -116.04662 32.623353, -115.465164 32.667100000000005, -115.000802 32.699676, -114.719633 32.718762999999996, -114.70571699999999 32.741581, -114.667493 32.734226, -114.617386523962 32.7410527731766, -114.570675 32.747417, -114.531746 32.782503, -114.468971 32.845155, -114.463127 32.901883999999995, -114.47664 32.923628, -114.481315 32.972063999999996, -114.511343 33.023455, -114.517066790281 33.0246287635685, -114.575161 33.036542, -114.628293 33.031051999999995, -114.670803 33.037984, -114.706175 33.105335, -114.679359 33.159518999999996, -114.678097 33.2303, -114.674491 33.255597, -114.723259 33.288078999999996, -114.707962 33.323420999999996, -114.707348 33.376628, -114.72528199999999 33.405048, -114.673901 33.418299, -114.635183 33.422726, -114.629146518189 33.433544999999995, -114.597283 33.490653, -114.524599 33.552231, -114.529186 33.60665, -114.525201 33.661583, -114.504993 33.693022, -114.496565 33.719155, -114.504863 33.760464999999996, -114.520465 33.827777999999995, -114.505638 33.864276, -114.508708 33.900639999999996, -114.534987 33.928498999999995, -114.509568 33.957263999999995, -114.454807 34.010968, -114.435504 34.042615, -114.43009113852001 34.078931406279494, -114.428026 34.092787, -114.405941 34.11154, -114.348052 34.134457999999995, -114.292806 34.166725, -114.229715 34.186928, -114.17805 34.239968999999995, -114.139055 34.259538, -114.14081715128 34.3031275138817, -114.14093 34.305918999999996, -114.172845 34.344978999999995, -114.264317 34.401329, -114.335372 34.450038, -114.378852 34.450376, -114.378223 34.516521, -114.422382 34.580711, -114.465246 34.691202, -114.490971 34.724848, -114.576452 34.8153, -114.634382 34.87289, -114.629769 34.943039999999996, -114.633487 35.001857, -114.804249 35.139689, -115.043812 35.332012, -115.160068 35.424129, -115.303743 35.538207, -115.404537 35.617605, -115.647683 35.809357999999996, -115.648032019625 35.8096292126029, -115.846113922762 35.9635526731107, -115.892975 35.999967, -116.093601 36.155805, -116.37587500000001 36.372561999999995, -116.48823300000001 36.459097, -117.000895 36.847694, -117.16600056403101 36.9712075385906, -117.244917 37.030243999999996, -117.68061 37.353398999999996, -117.83350404414401 37.464938766244494, -118.022181 37.602582999999996, -118.42799532515701 37.8962242809099, -118.500958 37.949019, -118.949673 38.26894, -119.15722610087201 38.4143919717614, -119.279262 38.499914, -119.328704521076 38.5343519277973, -119.58540614483901 38.7131509006712, -119.587679 38.714734, -119.904315 38.933324, -120.001014 38.999573999999996, -120.001975250867 39.0674958744683, -120.002614842913 39.112689374095794, -120.003364028833 39.1656267640688, -120.005142 39.291258, -120.004795512304 39.316475011958495, -120.003028919657 39.4450457761605, -120.00174 39.538852, -119.99993544808501 39.7224069247242, -119.997634 39.956505, -119.997124 40.126363, -119.996155 40.32125, -119.997533 40.720991999999995, -119.999231 40.865899, -119.999866 41.183974, -119.99828 41.618764999999996, -119.999276 41.874891, -119.999168 41.99454, -120.181563 41.994588, -120.501069 41.993784999999995, -120.692219 41.993677, -120.879480693164 41.9934837193058, -121.035195 41.993323, -121.251099 41.997569999999996, -121.43961 41.99708, -121.447540292921 41.9971900373641, -121.675348 42.000350999999995, -121.846712 42.00307, -122.101922 42.005766, -122.28952699999999 42.007763999999995, -122.28953301638 42.007764019788496, -122.501135 42.00846, -122.80008 42.004070999999996, -123.045254 42.003049, -123.145959 42.009246999999995, -123.23073045581602 42.004983681544793, -123.347562 41.999108, -123.43477 42.001641, -123.51911283680401 41.9991725180329, -123.656998 41.995137, -123.82144300823501 41.995619073893195, -124.001188 41.996145999999996, -124.21160499999999 41.99846, -124.203402 41.940964, -124.219592 41.846432, -124.245027 41.792300000000004, -124.19104 41.736079, -124.154246 41.728801, -124.143479 41.709284, -124.116037 41.628848999999995, -124.081987 41.547761, -124.067473659422 41.464736188490896, -124.063076 41.439578999999995, -124.092284 41.287695, -124.122677 41.189726, -124.163988 41.138675, -124.154513 41.087159, -124.125448 41.048504, -124.118147 40.989263, -124.176715 40.843618, -124.301355 40.659642999999996, -124.387023 40.504954)))",39865821,15,2015-07-01 16:00:00,2015-07-01 16:00:00
32,NM,New Mexico,230,Southwest,"POLYGON ((-109.049195 31.796550999999997, -109.050044 31.332501999999998, -108.861028 31.332314999999998, -108.707657 31.333191, -108.208573 31.333395, -108.208572 31.499741999999998, -108.208394 31.783599, -107.422246 31.783599, -107.296824990412 31.78362533039, -106.993544 31.783689, -106.531731 31.78391, -106.528242 31.783147999999997, -106.581344 31.813906, -106.63588 31.871513999999998, -106.623445 31.914033999999997, -106.630114 31.971258, -106.618486 32.000495, -106.377166937561 32.0012401203377, -106.200699 32.001785, -105.997971151664 32.001974590699, -105.750527 32.002206, -105.153994 32.000496999999996, -104.918298182739 32.000472066852105, -104.84775700586 32.000464604634, -104.643526 32.000443, -104.024521 32.000009999999996, -103.98021347738101 32.0000328513626, -103.72285297915501 32.000165583633006, -103.326501 32.00037, -103.064423 32.000518, -103.064422401106 32.087050999999995, -103.064422 32.145005999999995, -103.064696 32.522193, -103.064761 32.587983, -103.064889 32.849359, -103.063468920895 32.9591038763421, -103.060103 33.219225, -103.05649506433801 33.388414214620596, -103.05261 33.570599, -103.047346 33.824675, -103.043516 34.079381999999995, -103.04356392051801 34.1128341992324, -103.043835787484 34.302618205455595, -103.043850301172 34.3127498735079, -103.043946 34.379554999999996, -103.043072 34.619782, -103.04276899999999 34.747361, -103.042738824614 34.9541008904342, -103.042711 35.144735, -103.042617950565 35.183157259008404, -103.041554 35.622487, -103.04135699103901 35.739273912265595, -103.040824 36.055231, -103.041924 36.500439, -103.002434 36.500397, -103.002188 36.602716, -103.002518 36.675186, -103.001964 36.909573, -103.002199 37.000104, -103.086104858531 36.999864350301692, -103.733247 36.998016, -104.007854849944 36.9959840544537, -104.338833 36.993535, -104.732031 36.993446999999996, -105.1208 36.995428, -105.155042748048 36.995474445610604, -105.220612465075 36.9955633819758, -105.251296 36.995605, -105.41931 36.995855999999996, -105.533922 36.995875, -105.716471 36.995849, -105.718469683991 36.995845927301005, -105.997472 36.995416999999996, -106.006634146072 36.9953855377332, -106.343139 36.99423, -106.47623909537701 36.9937740816849, -106.869796 36.992426, -106.877292 37.000139, -107.420913 37.000005, -107.42091500003501 37.000004999986196, -107.481736999997 37.0000045803143, -108.000623 37.000001, -108.37925730447002 36.9995647389042, -108.62030899999999 36.999286999999995, -109.045223 36.999083999999996, -109.045433 36.874589, -109.045729 36.117028, -109.045871619849 36.0023384351079, -109.046024 35.8798, -109.046296 35.614250999999996, -109.046796 35.363606, -109.046353967524 35.1746836584714, -109.045851 34.959717999999995, -109.04613893530201 34.5792910941463, -109.046182 34.522393, -109.046426 33.875052, -109.04660745785901 33.7782323711321, -109.047298 33.409783, -109.047237 33.208965, -109.047117 32.77757, -109.047117001409 32.777569000002, -109.047612 32.426376999999995, -109.048296 32.084092999999996, -109.049195 31.796550999999997))",2255445,15,2015-07-01 16:00:00,2015-07-01 16:00:00
51,WV,West Virginia,230,Southeast,"POLYGON ((-82.598863999999992 38.201007, -82.626182 38.134834999999995, -82.549407 38.063063, -82.464987 37.976859, -82.479420123223 37.9385625246981, -82.487556 37.916975, -82.41869 37.872375, -82.3984648162589 37.8430541504629, -82.369973 37.801749, -82.327356 37.762232999999995, -82.3206749571778 37.745965843459395, -82.296117999999993 37.686174, -82.226111 37.653092, -82.141555 37.595166, -82.064417999999989 37.544516, -81.968296999999993 37.537797999999995, -81.932279 37.511961, -81.98489099999999 37.454315, -81.93695 37.41992, -81.933601 37.389216999999995, -81.896001 37.331967, -81.849949 37.285227, -81.774746999999991 37.274847, -81.744002999999992 37.242528, -81.739055030485488 37.2394971038728, -81.678603 37.202467, -81.560625 37.206663, -81.53307 37.223414, -81.483559 37.250603999999996, -81.427945999999991 37.271015, -81.362156 37.337686999999995, -81.225104 37.234874, -81.112596 37.278497, -80.996012999999991 37.299544999999995, -80.9808452568928 37.3008528161905, -80.919259 37.306163, -80.835478999999992 37.334824, -80.883248 37.383933, -80.865147999999991 37.419927, -80.8581481168198 37.4210069067215, -80.857358570189788 37.421128713999, -80.836446 37.424355, -80.770082 37.372363, -80.664971 37.414215, -80.544835999999989 37.474695, -80.4712829493864 37.4300654988959, -80.46482 37.426144, -80.39988 37.462314, -80.291643999999991 37.536505, -80.28244 37.585481, -80.223385999999991 37.623185, -80.2243032443768 37.623991371170895, -80.29225799999999 37.683732, -80.290033810255011 37.686136458971006, -80.25814299999999 37.720611999999996, -80.218616 37.783291, -80.199632999999992 37.827507, -80.131931 37.889500000000005, -80.055811594589684 37.9518782200979, -80.036236 37.96792, -79.971231 38.044326, -79.9619822726354 38.0636070994933, -79.938952 38.111619, -79.916174 38.184385999999996, -79.850324 38.233329, -79.797013536806887 38.2672681211392, -79.787542 38.273298, -79.804093 38.313922, -79.7346 38.356728, -79.689675 38.431439, -79.691088 38.463744, -79.669128 38.510883, -79.649075 38.591515, -79.54257 38.553217, -79.476638 38.457228, -79.370302 38.427244, -79.3112960655144 38.418454601455, -79.297758 38.416438, -79.231619999999992 38.474041, -79.228255881381884 38.4800395510852, -79.201459 38.527820999999996, -79.15435699999999 38.606518, -79.092955 38.659517, -79.088055 38.690115, -79.057253 38.761413, -79.02305299999999 38.798612999999996, -78.999014 38.840074, -78.869276 38.762991, -78.821167 38.830982, -78.772793 38.893741999999996, -78.681617 38.92584, -78.620453 38.982600999999995, -78.561711 39.009007, -78.5321470036962 39.052941640021196, -78.508132 39.088629999999995, -78.413943 39.158415, -78.428697 39.187217, -78.40498 39.238006, -78.40181299999999 39.276754, -78.34048 39.353491999999996, -78.337133 39.409169, -78.347087 39.466012, -78.2291295342185 39.3906638872041, -78.18737 39.363989, -78.0331852353666 39.2646248420052, -78.0331834609342 39.2646236984747, -78.032840999999991 39.264403, -77.82830183326729 39.1324224548325, -77.82815699999999 39.132329, -77.809125 39.168566999999996, -77.77806799999999 39.229305, -77.719518999999991 39.321314, -77.74593 39.353221, -77.740012 39.401694, -77.798200999999992 39.475719, -77.810943896262188 39.5007391665665, -77.823762 39.525907, -77.829814 39.587288, -77.92598799999999 39.607642, -78.006734 39.601337, -78.027629100173186 39.6206559623441, -78.082259999999991 39.671166, -78.22507499999999 39.658878, -78.31303299999999 39.631001, -78.3327880214991 39.6285275964988, -78.382959 39.622246, -78.438178999999991 39.563524, -78.460951 39.525987, -78.4682695950029 39.5262242704717, -78.590654 39.530192, -78.6550361715467 39.544382241083696, -78.707098 39.555856999999996, -78.739049999999992 39.609697, -78.77114 39.638387, -78.851016 39.554044, -78.942618 39.479614, -78.956751 39.440264, -79.035623 39.473344, -79.0678255734734 39.4728023382159, -79.091329 39.472407, -79.166496999999993 39.400887999999995, -79.262392117176091 39.3262438284674, -79.283723 39.30964, -79.353749999999991 39.278039, -79.424413 39.228170999999996, -79.486873 39.205960999999995, -79.484372 39.344300000000004, -79.482366 39.531689, -79.47666199999999 39.721078, -79.763774 39.720776, -79.9160173560378 39.7210559335188, -80.0417020128105 39.721287032918795, -80.075947 39.72135, -80.421388 39.721188999999995, -80.519342 39.721402999999995, -80.5191607943145 39.962200052521894, -80.51912 40.01641, -80.5190843704566 40.159671995118096, -80.519038999999992 40.342101, -80.5190296911941 40.3996410563407, -80.519017117347389 40.477363146237096, -80.518991 40.638801, -80.583632999999992 40.61552, -80.62717099999999 40.619935999999996, -80.667957 40.582496, -80.622194999999991 40.520497, -80.604895 40.446667, -80.6273626299369 40.3951709330172, -80.631596 40.385467999999996, -80.606596 40.303869, -80.644598 40.25127, -80.684173210708 40.1870179733507, -80.702667728503386 40.156991342310796, -80.70599399999999 40.151590999999996, -80.736803999999992 40.080072, -80.7382184399836 40.0335432260784, -80.740125999999989 39.970793, -80.764479 39.95025, -80.803394 39.918762, -80.8234381047859 39.8500320873964, -80.824276 39.847159, -80.824969 39.801092, -80.869933 39.763555, -80.8355216930075 39.7192518022001, -80.829764 39.711839, -80.865574999999993 39.662751, -80.943782 39.606926, -81.037365041987087 39.5380557124726, -81.075949999999992 39.50966, -81.1212738561078 39.4576974138893, -81.12853299999999 39.449374999999996, -81.185946 39.430731, -81.249088 39.389992, -81.347567 39.34577, -81.3703898088263 39.3487006724034, -81.393794 39.351706, -81.412706 39.394618, -81.456143 39.409273999999996, -81.503188999999992 39.373242, -81.559647 39.330774, -81.565247 39.276174999999995, -81.613896 39.275338999999995, -81.678331 39.273755, -81.71162799999999 39.219228, -81.7214681391725 39.2109608092037, -81.752754 39.184675999999996, -81.7522970367401 39.181034747405896, -81.742953 39.106578, -81.7502668434263 39.1040311930998, -81.807854999999989 39.083977999999995, -81.793303999999992 39.040352999999996, -81.775734 38.980737, -81.827354 38.945898, -81.89847 38.929603, -81.941829 38.993294999999996, -82.007061999999991 39.029578, -82.041563 39.017877999999996, -82.089064999999991 38.975978, -82.0988666505543 38.960879284493295, -82.134766 38.905578999999996, -82.16157 38.824632, -82.20929 38.802672, -82.201537 38.760372, -82.185566999999992 38.659583, -82.175167 38.608484, -82.218966999999992 38.591682999999996, -82.27427 38.593683, -82.2821333440281 38.579860796403494, -82.29327099999999 38.560283, -82.304223 38.496308, -82.323999 38.449267999999996, -82.381773 38.434782999999996, -82.447076 38.426981999999995, -82.5089669497313 38.4146439126517, -82.560664 38.404337999999996, -82.593673 38.421808999999996, -82.5959642645 38.380889761715494, -82.597979 38.344909, -82.571877 38.315781, -82.581796 38.248591999999995, -82.5846938141256 38.2405129933697, -82.598863999999992 38.201007))",2005615,15,2015-07-01 16:00:00,2015-07-01 16:00:00
