PersonID,FullName,PreferredName,SearchName,IsPermittedToLogon,LogonName,IsExternalLogonProvider,HashedPassword,IsSystemUser,IsEmployee,IsSalesperson,UserPreferences,PhoneNumber,FaxNumber,EmailAddress,Photo,CustomFields,OtherLanguages,LastEditedBy,ValidFrom,ValidTo
1,Data Conversion Only,Data Conversion Only,Data Conversion Only Data Conversion Only,False,NO LOGON,False,\N,False,False,False,"{""theme"":""blitzer"",""dateFormat"":""yy-mm-dd"",""timeZone"": ""PST"",""table"":{""pagingType"":""full_numbers"",""pageLength"": 25},""favoritesOnDashboard"":true}",\N,\N,\N,\N,\N,\N,1,2016-05-31 23:14:00,9999-12-31 23:59:59.999999
2,Kayla Woodcock,Kayla,Kayla Kayla Woodcock,True,kaylaw@wideworldimporters.com,False,\\x616e9b558976525e7f14d780ebae80c68586958dc97c506db418e2e2c49e340e,True,True,True,"{""theme"":""humanity"",""dateFormat"":""dd/mm/yy"",""timeZone"": ""PST"",""table"":{""pagingType"":""full"",""pageLength"": 50},""favoritesOnDashboard"":true}",(415) 555-0102,(415) 555-0103,kaylaw@wideworldimporters.com,\N,"{ ""OtherLanguages"": [""Polish"",""Chinese"",""Japanese""] ,""HireDate"":""2008-04-19T00:00:00"",""Title"":""Team Member"",""PrimarySalesTerritory"":""Plains"",""CommissionRate"":""0.98""}","[""Polish"",""Chinese"",""Japanese""]",1,2016-05-31 23:14:00,9999-12-31 23:59:59.999999
3,Hudson Onslow,Hudson,Hudson Hudson Onslow,True,hudsono@wideworldimporters.com,False,\\x23668ccc579015ea934736c3d7b87e86360eb5eee164c4368a7b103c11e3436e,True,True,True,"{""theme"":""dark-hive"",""dateFormat"":""DD, MM d, yy"",""timeZone"": ""PST"",""table"":{""pagingType"":""simple_numbers"",""pageLength"": 10},""favoritesOnDashboard"":true}",(415) 555-0102,(415) 555-0103,hudsono@wideworldimporters.com,\N,"{ ""OtherLanguages"": [] ,""HireDate"":""2012-03-05T00:00:00"",""Title"":""Team Member"",""PrimarySalesTerritory"":""New England"",""CommissionRate"":""3.62""}",[],1,2016-05-31 23:14:00,9999-12-31 23:59:59.999999
4,Isabella Rupp,Isabella,Isabella Isabella Rupp,True,isabellar@wideworldimporters.com,False,\\xb45e7c4e37c32fa9a5a3161b9db1c9c1e787bb7db424e7fd7a20895d4bfb5d31,True,True,False,"{""theme"":""ui-darkness"",""dateFormat"":""dd/mm/yy"",""timeZone"": ""PST"",""table"":{""pagingType"":""simple"",""pageLength"": 10},""favoritesOnDashboard"":true}",(415) 555-0102,(415) 555-0103,isabellar@wideworldimporters.com,\N,"{ ""OtherLanguages"": [""Turkish"",""Slovenian""] ,""HireDate"":""2010-08-24T00:00:00"",""Title"":""Team Member""}","[""Turkish"",""Slovenian""]",1,2016-05-31 23:14:00,9999-12-31 23:59:59.999999
5,Eva Muirden,Eva,Eva Eva Muirden,False,evam@wideworldimporters.com,False,\\xe682d36e43b6a3940ed6428b2de3ceedd1763c5e0ec02ffbdc35671f9b3e5f3a,True,True,False,"{""theme"":""le-frog"",""dateFormat"":""dd/mm/yy"",""timeZone"": ""PST"",""table"":{""pagingType"":""numbers"",""pageLength"": 10},""favoritesOnDashboard"":true}",(415) 555-0102,(415) 555-0103,evam@wideworldimporters.com,\N,"{ ""OtherLanguages"": [""Lithuanian""] ,""HireDate"":""2012-01-22T00:00:00"",""Title"":""Team Member""}","[""Lithuanian""]",1,2016-05-31 23:14:00,9999-12-31 23:59:59.999999
6,Sophia Hinton,Sophia,Sophia Sophia Hinton,True,sophiah@wideworldimporters.com,False,\\x451bb10a515f06331540db392031f9d9bc4ef536a1f86d1ca6c7394556baa3c0,True,True,True,"{""theme"":""black-tie"",""dateFormat"":""mm/dd/yy"",""timeZone"": ""PST"",""table"":{""pagingType"":""full_numbers"",""pageLength"": 25},""favoritesOnDashboard"":true}",(415) 555-0102,(415) 555-0103,sophiah@wideworldimporters.com,\N,"{ ""OtherLanguages"": [""Swedish""] ,""HireDate"":""2007-05-14T00:00:00"",""Title"":""Team Member"",""PrimarySalesTerritory"":""Southeast"",""CommissionRate"":""4.55""}","[""Swedish""]",1,2016-05-31 23:14:00,9999-12-31 23:59:59.999999
7,Amy Trefl,Amy,Amy Amy Trefl,True,amyt@wideworldimporters.com,False,\\x7a92bbea830c5ed027dcc1d710130eed9ea50fb3e6d5f793ddefc4b50215033f,True,True,True,"{""theme"":""ui-darkness"",""dateFormat"":""mm/dd/yy"",""timeZone"": ""PST"",""table"":{""pagingType"":""full"",""pageLength"": 50},""favoritesOnDashboard"":true}",(415) 555-0102,(415) 555-0103,amyt@wideworldimporters.com,\N,"{ ""OtherLanguages"": [""Slovak"",""Spanish"",""Polish""] ,""HireDate"":""2009-02-15T00:00:00"",""Title"":""Team Member"",""PrimarySalesTerritory"":""Southeast"",""CommissionRate"":""0.58""}","[""Slovak"",""Spanish"",""Polish""]",1,2016-05-31 23:14:00,9999-12-31 23:59:59.999999
8,Anthony Grosse,Anthony,Anthony Anthony Grosse,True,anthonyg@wideworldimporters.com,False,\\x2fd8b838a3c77778c990f464073aa23c0eee019763ed6a99c77457e8691819de,True,True,True,"{""theme"":""blitzer"",""dateFormat"":""mm/dd/yy"",""timeZone"": ""PST"",""table"":{""pagingType"":""simple_numbers"",""pageLength"": 10},""favoritesOnDashboard"":true}",(415) 555-0102,(415) 555-0103,anthonyg@wideworldimporters.com,\N,"{ ""OtherLanguages"": [""Croatian"",""Dutch"",""Bokmål""] ,""HireDate"":""2010-07-23T00:00:00"",""Title"":""Team Member"",""PrimarySalesTerritory"":""Mideast"",""CommissionRate"":""0.11""}","[""Croatian"",""Dutch"",""Bokmål""]",1,2016-05-31 23:14:00,9999-12-31 23:59:59.999999
9,Alica Fatnowna,Alica,Alica Alica Fatnowna,True,alicaf@wideworldimporters.com,False,\\x7dfab08e9ac574c5b15cf19d18e5b3eb466eac7392f4295815b08221e78ea790,True,True,False,"{""theme"":""humanity"",""dateFormat"":""mm/dd/yy"",""timeZone"": ""PST"",""table"":{""pagingType"":""simple"",""pageLength"": 10},""favoritesOnDashboard"":true}",(415) 555-0102,(415) 555-0103,alicaf@wideworldimporters.com,\N,"{ ""OtherLanguages"": [] ,""HireDate"":""2007-12-07T00:00:00"",""Title"":""General Manager""}",[],1,2016-05-31 23:14:00,9999-12-31 23:59:59.999999
10,Stella Rosenhain,Stella,Stella Stella Rosenhain,True,stellar@wideworldimporters.com,False,\\x1ba4b55887e2bdcb06087a20e1cc608addca538babec0441d2d6704dcafe2ea4,True,True,False,"{""theme"":""dark-hive"",""dateFormat"":""mm/dd/yy"",""timeZone"": ""PST"",""table"":{""pagingType"":""numbers"",""pageLength"": 10},""favoritesOnDashboard"":true}",(415) 555-0102,(415) 555-0103,stellar@wideworldimporters.com,\N,"{ ""OtherLanguages"": [""Dutch"",""Finnish"",""Lithuanian""] ,""HireDate"":""2007-11-17T00:00:00"",""Title"":""Warehouse Supervisor""}","[""Dutch"",""Finnish"",""Lithuanian""]",1,2016-05-31 23:14:00,9999-12-31 23:59:59.999999
11,Ethan Onslow,Ethan,Ethan Ethan Onslow,True,ethano@wideworldimporters.com,False,\\xd70f37f5c019499959ddf987e5343b957feb58959a0270e06919d47f2e84d409,True,True,False,"{""theme"":""ui-darkness"",""dateFormat"":""yy-mm-dd"",""timeZone"": ""PST"",""table"":{""pagingType"":""full_numbers"",""pageLength"": 25},""favoritesOnDashboard"":true}",(415) 555-0102,(415) 555-0103,ethano@wideworldimporters.com,\N,"{ ""OtherLanguages"": [] ,""HireDate"":""2011-12-17T00:00:00"",""Title"":""Warehouse Supervisor""}",[],1,2016-05-31 23:14:00,9999-12-31 23:59:59.999999
12,Henry Forlonge,Henry,Henry Henry Forlonge,True,henryf@wideworldimporters.com,False,\\x3f74bad95bd9059efcf80f983899e24369959fd488113aa2d7616823a91659cf,True,True,False,"{""theme"":""le-frog"",""dateFormat"":""dd/mm/yy"",""timeZone"": ""PST"",""table"":{""pagingType"":""full"",""pageLength"": 50},""favoritesOnDashboard"":true}",(415) 555-0102,(415) 555-0103,henryf@wideworldimporters.com,\N,"{ ""OtherLanguages"": [""Greek"",""Slovak""] ,""HireDate"":""2009-03-18T00:00:00"",""Title"":""Team Member""}","[""Greek"",""Slovak""]",1,2016-05-31 23:14:00,9999-12-31 23:59:59.999999
13,Hudson Hollinworth,Hudson,Hudson Hudson Hollinworth,True,hudsonh@wideworldimporters.com,False,\\x4ac0a24180c54f425ac88ca33b62136a37b6aaa1943bea14fc34e228eccc35c4,True,True,True,"{""theme"":""black-tie"",""dateFormat"":""DD, MM d, yy"",""timeZone"": ""PST"",""table"":{""pagingType"":""simple_numbers"",""pageLength"": 10},""favoritesOnDashboard"":true}",(415) 555-0102,(415) 555-0103,hudsonh@wideworldimporters.com,\N,"{ ""OtherLanguages"": [""Croatian""] ,""HireDate"":""2010-11-27T00:00:00"",""Title"":""Team Member"",""PrimarySalesTerritory"":""New England"",""CommissionRate"":""0.24""}","[""Croatian""]",1,2016-05-31 23:14:00,9999-12-31 23:59:59.999999
14,Lily Code,Lily,Lily Lily Code,True,lilyc@wideworldimporters.com,False,\\xd00658893b3f96277088b3c71dcfbf4df6e3947eedbf0c8da285efd5c7d4badd,True,True,True,"{""theme"":""ui-darkness"",""dateFormat"":""dd/mm/yy"",""timeZone"": ""PST"",""table"":{""pagingType"":""simple"",""pageLength"": 10},""favoritesOnDashboard"":true}",(415) 555-0102,(415) 555-0103,lilyc@wideworldimporters.com,\N,"{ ""OtherLanguages"": [""Finnish"",""Bulgarian""] ,""HireDate"":""2010-06-06T00:00:00"",""Title"":""Team Member"",""PrimarySalesTerritory"":""Southeast"",""CommissionRate"":""3.98""}","[""Finnish"",""Bulgarian""]",1,2016-05-31 23:14:00,9999-12-31 23:59:59.999999
15,Taj Shand,Taj,Taj Taj Shand,True,tajs@wideworldimporters.com,False,\\x9aefeec0dbb0ea6b25f0eb99c62c724f18428d45799dcd8a7b63b859b0f8fcb4,True,True,True,"{""theme"":""blitzer"",""dateFormat"":""dd/mm/yy"",""timeZone"": ""PST"",""table"":{""pagingType"":""numbers"",""pageLength"": 10},""favoritesOnDashboard"":true}",(415) 555-0102,(415) 555-0103,tajs@wideworldimporters.com,\N,"{ ""OtherLanguages"": [""Arabic"",""Greek""] ,""HireDate"":""2009-03-14T00:00:00"",""Title"":""Manager"",""PrimarySalesTerritory"":""Far West"",""CommissionRate"":""2.29""}","[""Arabic"",""Greek""]",1,2016-05-31 23:14:00,9999-12-31 23:59:59.999999
16,Archer Lamble,Archer,Archer Archer Lamble,False,archerl@wideworldimporters.com,False,\\x06187f68631295411b022c48b07338f20f4c5c73b31db67c056c0ae07b8f6ef6,True,True,True,"{""theme"":""humanity"",""dateFormat"":""mm/dd/yy"",""timeZone"": ""PST"",""table"":{""pagingType"":""full_numbers"",""pageLength"": 25},""favoritesOnDashboard"":true}",(415) 555-0102,(415) 555-0103,archerl@wideworldimporters.com,\N,"{ ""OtherLanguages"": [""Greek""] ,""HireDate"":""2009-05-13T00:00:00"",""Title"":""Team Member"",""PrimarySalesTerritory"":""Plains"",""CommissionRate"":""1.88""}","[""Greek""]",1,2016-05-31 23:14:00,9999-12-31 23:59:59.999999
17,Piper Koch,Piper,Piper Piper Koch,True,piperk@wideworldimporters.com,False,\\x61d8d0828e55e8895e216b88fe98cba6b5940992279d74992aaa2563f4e66715,True,True,False,"{""theme"":""dark-hive"",""dateFormat"":""mm/dd/yy"",""timeZone"": ""PST"",""table"":{""pagingType"":""full"",""pageLength"": 50},""favoritesOnDashboard"":true}",(415) 555-0102,(415) 555-0103,piperk@wideworldimporters.com,\N,"{ ""OtherLanguages"": [""Romanian"",""Portuguese""] ,""HireDate"":""2011-10-15T00:00:00"",""Title"":""Manager""}","[""Romanian"",""Portuguese""]",1,2016-05-31 23:14:00,9999-12-31 23:59:59.999999
18,Katie Darwin,Katie,Katie Katie Darwin,True,katied@wideworldimporters.com,False,\\x47ad2c4a1c611756fb164de988c259e7e516dd48af9c3421dd0fe95b3f1e3f2b,True,True,False,"{""theme"":""ui-darkness"",""dateFormat"":""mm/dd/yy"",""timeZone"": ""PST"",""table"":{""pagingType"":""simple_numbers"",""pageLength"": 10},""favoritesOnDashboard"":true}",(415) 555-0102,(415) 555-0103,katied@wideworldimporters.com,\N,"{ ""OtherLanguages"": [""Estonian"",""Romanian""] ,""HireDate"":""2008-07-12T00:00:00"",""Title"":""Team Member""}","[""Estonian"",""Romanian""]",1,2016-05-31 23:14:00,9999-12-31 23:59:59.999999
19,Jai Shand,Jai,Jai Jai Shand,True,jais@wideworldimporters.com,False,\\x84901d360414cd9127e1b83a9f9e7c6b940aa8bd888699388c9fa465dbd297da,True,True,False,"{""theme"":""le-frog"",""dateFormat"":""mm/dd/yy"",""timeZone"": ""PST"",""table"":{""pagingType"":""simple"",""pageLength"": 10},""favoritesOnDashboard"":true}",(415) 555-0102,(415) 555-0103,jais@wideworldimporters.com,\N,"{ ""OtherLanguages"": [""Finnish"",""Dutch""] ,""HireDate"":""2011-11-13T00:00:00"",""Title"":""Team Member""}","[""Finnish"",""Dutch""]",1,2016-05-31 23:14:00,9999-12-31 23:59:59.999999
20,Jack Potter,Jack,Jack Jack Potter,True,jackp@wideworldimporters.com,False,\\x8024e8041c1f5bd98fe46983f98c2f5e53e2cd75bf4a6ef6ac13a299f10f714a,True,True,True,"{""theme"":""black-tie"",""dateFormat"":""mm/dd/yy"",""timeZone"": ""PST"",""table"":{""pagingType"":""numbers"",""pageLength"": 10},""favoritesOnDashboard"":true}",(415) 555-0102,(415) 555-0103,jackp@wideworldimporters.com,\N,"{ ""OtherLanguages"": [""Arabic""] ,""HireDate"":""2009-05-29T00:00:00"",""Title"":""General Manager"",""PrimarySalesTerritory"":""Southeast"",""CommissionRate"":""3.97""}","[""Arabic""]",1,2016-05-31 23:14:00,9999-12-31 23:59:59.999999
21,Reio Kabin,Reio,Reio Reio Kabin,False,NO LOGON,False,\N,False,False,False,"{""theme"":""ui-darkness"",""dateFormat"":""yy-mm-dd"",""timeZone"": ""PST"",""table"":{""pagingType"":""full_numbers"",""pageLength"": 25},""favoritesOnDashboard"":true}",(847) 555-0100,(847) 555-0101,reio@adatum.com,\N,\N,\N,1,2016-05-31 23:14:00,9999-12-31 23:59:59.999999
22,Oliver Kivi,Olly,Olly Oliver Kivi,False,NO LOGON,False,\N,False,False,False,"{""theme"":""blitzer"",""dateFormat"":""dd/mm/yy"",""timeZone"": ""PST"",""table"":{""pagingType"":""full"",""pageLength"": 50},""favoritesOnDashboard"":true}",(847) 555-0100,(847) 555-0101,olly@adatum.com,\N,\N,\N,1,2016-05-31 23:14:00,9999-12-31 23:59:59.999999
23,Hanna Mihhailov,Hanna,Hanna Hanna Mihhailov,False,NO LOGON,False,\N,False,False,False,"{""theme"":""humanity"",""dateFormat"":""DD, MM d, yy"",""timeZone"": ""PST"",""table"":{""pagingType"":""simple_numbers"",""pageLength"": 10},""favoritesOnDashboard"":true}",(360) 555-0100,(360) 555-0101,hannam@contoso.com,\N,\N,\N,1,2016-05-31 23:14:00,9999-12-31 23:59:59.999999
24,Paulus Lippmaa,Paulus,Paulus Paulus Lippmaa,False,NO LOGON,False,\N,False,False,False,"{""theme"":""dark-hive"",""dateFormat"":""dd/mm/yy"",""timeZone"": ""PST"",""table"":{""pagingType"":""simple"",""pageLength"": 10},""favoritesOnDashboard"":true}",(360) 555-0100,(360) 555-0101,paulusl@contoso.com,\N,\N,\N,1,2016-05-31 23:14:00,9999-12-31 23:59:59.999999
25,Kerstin Parn,Kerstin,Kerstin Kerstin Parn,False,NO LOGON,False,\N,False,False,False,"{""theme"":""ui-darkness"",""dateFormat"":""dd/mm/yy"",""timeZone"": ""PST"",""table"":{""pagingType"":""numbers"",""pageLength"": 10},""favoritesOnDashboard"":true}",(415) 555-0100,(415) 555-0101,kerstin@consolidatedmessenger.com,\N,\N,\N,1,2016-05-31 23:14:00,9999-12-31 23:59:59.999999
26,Helen Ahven,Helen,Helen Helen Ahven,False,NO LOGON,False,\N,False,False,False,"{""theme"":""le-frog"",""dateFormat"":""mm/dd/yy"",""timeZone"": ""PST"",""table"":{""pagingType"":""full_numbers"",""pageLength"": 25},""favoritesOnDashboard"":true}",(415) 555-0100,(415) 555-0101,helen@consolidatedmessenger.com,\N,\N,\N,1,2016-05-31 23:14:00,9999-12-31 23:59:59.999999
27,Bill Lawson,Bill,Bill Bill Lawson,False,NO LOGON,False,\N,True,False,False,"{""theme"":""black-tie"",""dateFormat"":""mm/dd/yy"",""timeZone"": ""PST"",""table"":{""pagingType"":""full"",""pageLength"": 50},""favoritesOnDashboard"":true}",(203) 555-0107,(203) 555-0107,billl@fabrikam.com,\N,\N,\N,1,2016-05-31 23:14:00,9999-12-31 23:59:59.999999
28,Helen Moore,Helen,Helen Helen Moore,False,NO LOGON,False,\N,True,False,False,"{""theme"":""ui-darkness"",""dateFormat"":""mm/dd/yy"",""timeZone"": ""PST"",""table"":{""pagingType"":""simple_numbers"",""pageLength"": 10},""favoritesOnDashboard"":true}",(203) 555-0104,(203) 555-0107,helenm@fabrikam.com,\N,\N,\N,1,2016-05-31 23:14:00,9999-12-31 23:59:59.999999
29,Penny Buck,Penny,Penny Penny Buck,False,NO LOGON,False,\N,True,False,False,"{""theme"":""blitzer"",""dateFormat"":""mm/dd/yy"",""timeZone"": ""PST"",""table"":{""pagingType"":""simple"",""pageLength"": 10},""favoritesOnDashboard"":true}",(406) 555-0107,(406) 555-0109,pennyb@graphicdesigninstitute.com,\N,\N,\N,1,2016-05-31 23:14:00,9999-12-31 23:59:59.999999
30,Donna Smith,Donna,Donna Donna Smith,False,NO LOGON,False,\N,True,False,False,"{""theme"":""humanity"",""dateFormat"":""mm/dd/yy"",""timeZone"": ""PST"",""table"":{""pagingType"":""numbers"",""pageLength"": 10},""favoritesOnDashboard"":true}",(406) 555-0101,(406) 555-0109,donnas@graphicdesigninstitute.com,\N,\N,\N,1,2016-05-31 23:14:00,9999-12-31 23:59:59.999999
31,Madelaine  Cartier,Madelaine,Madelaine Madelaine  Cartier,False,NO LOGON,False,\N,True,False,False,"{""theme"":""dark-hive"",""dateFormat"":""yy-mm-dd"",""timeZone"": ""PST"",""table"":{""pagingType"":""full_numbers"",""pageLength"": 25},""favoritesOnDashboard"":true}",(423) 555-0101,(423) 555-0100,madelainec@humongousinsurance.com,\N,\N,\N,1,2016-05-31 23:14:00,9999-12-31 23:59:59.999999
32,Annette Talon,Annette,Annette Annette Talon,False,NO LOGON,False,\N,True,False,False,"{""theme"":""ui-darkness"",""dateFormat"":""dd/mm/yy"",""timeZone"": ""PST"",""table"":{""pagingType"":""full"",""pageLength"": 50},""favoritesOnDashboard"":true}",(423) 555-0106,(423) 555-0100,annettet@humongousinsurance.com,\N,\N,\N,1,2016-05-31 23:14:00,9999-12-31 23:59:59.999999
33,Elias Myllari,Elias,Elias Elias Myllari,False,NO LOGON,False,\N,True,False,False,"{""theme"":""le-frog"",""dateFormat"":""DD, MM d, yy"",""timeZone"": ""PST"",""table"":{""pagingType"":""simple_numbers"",""pageLength"": 10},""favoritesOnDashboard"":true}",(209) 555-0101,(209) 555-0106,eliasm@litwareinc.com,\N,\N,\N,1,2016-05-31 23:14:00,9999-12-31 23:59:59.999999
34,Vilma Niva,Vilma,Vilma Vilma Niva,False,NO LOGON,False,\N,True,False,False,"{""theme"":""black-tie"",""dateFormat"":""dd/mm/yy"",""timeZone"": ""PST"",""table"":{""pagingType"":""simple"",""pageLength"": 10},""favoritesOnDashboard"":true}",(209) 555-0103,(209) 555-0106,vilman@litwareinc.com,\N,\N,\N,1,2016-05-31 23:14:00,9999-12-31 23:59:59.999999
35,Prem Prabhu,Prem,Prem Prem Prabhu,False,NO LOGON,False,\N,True,False,False,"{""theme"":""ui-darkness"",""dateFormat"":""dd/mm/yy"",""timeZone"": ""PST"",""table"":{""pagingType"":""numbers"",""pageLength"": 10},""favoritesOnDashboard"":true}",(423) 555-0102,(423) 555-0108,premp@lucernepublishing.com,\N,\N,\N,1,2016-05-31 23:14:00,9999-12-31 23:59:59.999999
36,Sunita Jadhav,Sunita,Sunita Sunita Jadhav,False,NO LOGON,False,\N,True,False,False,"{""theme"":""blitzer"",""dateFormat"":""mm/dd/yy"",""timeZone"": ""PST"",""table"":{""pagingType"":""full_numbers"",""pageLength"": 25},""favoritesOnDashboard"":true}",(423) 555-0101,(423) 555-0108,sunitaj@lucernepublishing.com,\N,\N,\N,1,2016-05-31 23:14:00,9999-12-31 23:59:59.999999
37,Marcos Costa,Marcos,Marcos Marcos Costa,False,NO LOGON,False,\N,True,False,False,"{""theme"":""humanity"",""dateFormat"":""mm/dd/yy"",""timeZone"": ""PST"",""table"":{""pagingType"":""full"",""pageLength"": 50},""favoritesOnDashboard"":true}",(252) 555-0106,(252) 555-0101,marcosc@nodpublishers.com,\N,\N,\N,1,2016-05-31 23:14:00,9999-12-31 23:59:59.999999
38,Matheus Oliveira,Matheus,Matheus Matheus Oliveira,True,matheuso@nodpublishers.com,False,\\x80de4f3879785996d9754010c8e90c24c3d82bf929d5726e9a69418d772ac046,True,False,False,"{""theme"":""dark-hive"",""dateFormat"":""mm/dd/yy"",""timeZone"": ""PST"",""table"":{""pagingType"":""simple_numbers"",""pageLength"": 10},""favoritesOnDashboard"":true}",(252) 555-0107,(252) 555-0101,matheuso@nodpublishers.com,\N,\N,\N,1,2016-05-31 23:14:00,9999-12-31 23:59:59.999999
39,Eliza Soderberg,Eliza,Eliza Eliza Soderberg,True,elizas@northwindelectriccars.com,False,\\x2787527c41f2131b0c1314fa84d727bca95a6af9f7f3dd5a028344e4bd5e1b87,True,False,False,"{""theme"":""ui-darkness"",""dateFormat"":""mm/dd/yy"",""timeZone"": ""PST"",""table"":{""pagingType"":""simple"",""pageLength"": 10},""favoritesOnDashboard"":true}",(201) 555-0101,(201) 555-0106,elizas@northwindelectriccars.com,\N,\N,\N,1,2016-05-31 23:14:00,9999-12-31 23:59:59.999999
40,Sara Karlsson,Sara,Sara Sara Karlsson,False,NO LOGON,False,\N,True,False,False,"{""theme"":""le-frog"",""dateFormat"":""mm/dd/yy"",""timeZone"": ""PST"",""table"":{""pagingType"":""numbers"",""pageLength"": 10},""favoritesOnDashboard"":true}",(201) 555-0100,(201) 555-0106,sarak@northwindelectriccars.com,\N,\N,\N,1,2016-05-31 23:14:00,9999-12-31 23:59:59.999999
41,Donald Jones,Donald,Donald Donald Jones,False,NO LOGON,False,\N,True,False,False,"{""theme"":""black-tie"",""dateFormat"":""yy-mm-dd"",""timeZone"": ""PST"",""table"":{""pagingType"":""full_numbers"",""pageLength"": 25},""favoritesOnDashboard"":true}",(605) 555-0101,(605) 555-0101,donaldj@treyresearch.net,\N,\N,\N,1,2016-05-31 23:14:00,9999-12-31 23:59:59.999999
42,Sharon Graham,Sharon,Sharon Sharon Graham,False,NO LOGON,False,\N,True,False,False,"{""theme"":""ui-darkness"",""dateFormat"":""dd/mm/yy"",""timeZone"": ""PST"",""table"":{""pagingType"":""full"",""pageLength"": 50},""favoritesOnDashboard"":true}",(605) 555-0106,(605) 555-0101,sharong@treyresearch.net,\N,\N,\N,1,2016-05-31 23:14:00,9999-12-31 23:59:59.999999
43,Hai Dam,Hai,Hai Hai Dam,False,NO LOGON,False,\N,True,False,False,"{""theme"":""blitzer"",""dateFormat"":""DD, MM d, yy"",""timeZone"": ""PST"",""table"":{""pagingType"":""simple_numbers"",""pageLength"": 10},""favoritesOnDashboard"":true}",(218) 555-0101,(218) 555-0108,haid@thephone-company.com,\N,\N,\N,1,2016-05-31 23:14:00,9999-12-31 23:59:59.999999
44,Thanh Dinh,Thanh,Thanh Thanh Dinh,False,NO LOGON,False,\N,True,False,False,"{""theme"":""humanity"",""dateFormat"":""dd/mm/yy"",""timeZone"": ""PST"",""table"":{""pagingType"":""simple"",""pageLength"": 10},""favoritesOnDashboard"":true}",(218) 555-0104,(218) 555-0108,thanhd@thephone-company.com,\N,\N,\N,1,2016-05-31 23:14:00,9999-12-31 23:59:59.999999
45,Hubert Helms,Hubert,Hubert Hubert Helms,False,NO LOGON,False,\N,True,False,False,"{""theme"":""dark-hive"",""dateFormat"":""dd/mm/yy"",""timeZone"": ""PST"",""table"":{""pagingType"":""numbers"",""pageLength"": 10},""favoritesOnDashboard"":true}",(415) 555-0103,(415) 555-0104,huberth@woodgrovebank.com,\N,\N,\N,1,2016-05-31 23:14:00,9999-12-31 23:59:59.999999
46,Donald Small,Donald,Donald Donald Small,False,NO LOGON,False,\N,True,False,False,"{""theme"":""ui-darkness"",""dateFormat"":""mm/dd/yy"",""timeZone"": ""PST"",""table"":{""pagingType"":""full_numbers"",""pageLength"": 25},""favoritesOnDashboard"":true}",(415) 555-0105,(415) 555-0104,donalds@woodgrovebank.com,\N,\N,\N,1,2016-05-31 23:14:00,9999-12-31 23:59:59.999999
1001,Waldemar Fisar,Waldemar,Waldemar Waldemar Fisar,True,waldemar@tailspintoys.com,False,\\x6fa3340509935ad44efaca70900f3ac49c2e06bde77833f0d44a184080f1df63,False,False,False,"{""theme"":""ui-darkness"",""dateFormat"":""yy-mm-dd"",""timeZone"": ""PST"",""table"":{""pagingType"":""full_numbers"",""pageLength"": 25},""favoritesOnDashboard"":true}",(308) 555-0100,(308) 555-0101,waldemar@tailspintoys.com,\N,\N,\N,1,2016-05-31 23:14:00,9999-12-31 23:59:59.999999
1002,Laimonis Berzins,Laimonis,Laimonis Laimonis Berzins,False,NO LOGON,False,\N,False,False,False,\N,(308) 555-0100,(308) 555-0101,laimonis@tailspintoys.com,\N,\N,\N,1,2013-01-01 00:00:00,9999-12-31 23:59:59.999999
1003,Lorena Cindric,Lorena,Lorena Lorena Cindric,False,NO LOGON,False,\N,False,False,False,\N,(406) 555-0100,(406) 555-0101,lorena@tailspintoys.com,\N,\N,\N,1,2013-01-01 00:00:00,9999-12-31 23:59:59.999999
1004,Hung Van Groesen,Hung,Hung Hung Van Groesen,False,NO LOGON,False,\N,False,False,False,\N,(406) 555-0100,(406) 555-0101,hung@tailspintoys.com,\N,\N,\N,1,2013-01-01 00:00:00,9999-12-31 23:59:59.999999
1005,Bhaargav Rambhatla,Bhaargav,Bhaargav Bhaargav Rambhatla,False,NO LOGON,False,\N,False,False,False,\N,(480) 555-0100,(480) 555-0101,bhaargav@tailspintoys.com,\N,\N,\N,1,2013-01-01 00:00:00,9999-12-31 23:59:59.999999
1006,Mudar Jevtic,Mudar,Mudar Mudar Jevtic,False,NO LOGON,False,\N,False,False,False,\N,(480) 555-0100,(480) 555-0101,mudar@tailspintoys.com,\N,\N,\N,1,2013-01-01 00:00:00,9999-12-31 23:59:59.999999
1007,Daniel Roman,Daniel,Daniel Daniel Roman,False,NO LOGON,False,\N,False,False,False,\N,(316) 555-0100,(316) 555-0101,daniel@tailspintoys.com,\N,\N,\N,1,2013-01-01 00:00:00,9999-12-31 23:59:59.999999
1008,Leyla Radnia,Leyla,Leyla Leyla Radnia,False,NO LOGON,False,\N,False,False,False,\N,(316) 555-0100,(316) 555-0101,leyla@tailspintoys.com,\N,\N,\N,1,2013-01-01 00:00:00,9999-12-31 23:59:59.999999
1009,Johanna Huiting,Johanna,Johanna Johanna Huiting,False,NO LOGON,False,\N,False,False,False,\N,(212) 555-0100,(212) 555-0101,johanna@tailspintoys.com,\N,\N,\N,1,2013-01-01 00:00:00,9999-12-31 23:59:59.999999
1010,Robert Ruutli,Robert,Robert Robert Ruutli,False,NO LOGON,False,\N,False,False,False,\N,(212) 555-0100,(212) 555-0101,robert@tailspintoys.com,\N,\N,\N,1,2013-01-01 00:00:00,9999-12-31 23:59:59.999999
1011,Biswajeet Thakur,Biswajeet,Biswajeet Biswajeet Thakur,False,NO LOGON,False,\N,False,False,False,\N,(701) 555-0100,(701) 555-0101,biswajeet@tailspintoys.com,\N,\N,\N,1,2013-01-01 00:00:00,9999-12-31 23:59:59.999999
1012,Radha Shah,Radha,Radha Radha Shah,False,NO LOGON,False,\N,False,False,False,\N,(701) 555-0100,(701) 555-0101,radha@tailspintoys.com,\N,\N,\N,1,2013-01-01 00:00:00,9999-12-31 23:59:59.999999
1013,Kalidas Nadar,Kalidas,Kalidas Kalidas Nadar,False,NO LOGON,False,\N,False,False,False,\N,(423) 555-0100,(423) 555-0101,kalidas@tailspintoys.com,\N,\N,\N,1,2013-01-01 00:00:00,9999-12-31 23:59:59.999999
1014,Filip Nedvidek,Filip,Filip Filip Nedvidek,False,NO LOGON,False,\N,False,False,False,\N,(423) 555-0100,(423) 555-0101,filip@tailspintoys.com,\N,\N,\N,1,2013-01-01 00:00:00,9999-12-31 23:59:59.999999
1015,Kanti Kotadia,Kanti,Kanti Kanti Kotadia,False,NO LOGON,False,\N,False,False,False,\N,(303) 555-0100,(303) 555-0101,kanti@tailspintoys.com,\N,\N,\N,1,2013-01-01 00:00:00,9999-12-31 23:59:59.999999
1016,Hoa Cu,Hoa,Hoa Hoa Cu,False,NO LOGON,False,\N,False,False,False,\N,(303) 555-0100,(303) 555-0101,hoa@tailspintoys.com,\N,\N,\N,1,2013-01-01 00:00:00,9999-12-31 23:59:59.999999
1017,Sointu Aalto,Sointu,Sointu Sointu Aalto,False,NO LOGON,False,\N,False,False,False,\N,(201) 555-0100,(201) 555-0101,sointu@tailspintoys.com,\N,\N,\N,1,2013-01-01 00:00:00,9999-12-31 23:59:59.999999
1018,Jae-Gon Min,Jae-Gon,Jae-Gon Jae-Gon Min,False,NO LOGON,False,\N,False,False,False,\N,(201) 555-0100,(201) 555-0101,jae-gon@tailspintoys.com,\N,\N,\N,1,2013-01-01 00:00:00,9999-12-31 23:59:59.999999
1019,Siddhartha Parkar,Siddhartha,Siddhartha Siddhartha Parkar,False,NO LOGON,False,\N,False,False,False,\N,(701) 555-0100,(701) 555-0101,siddhartha@tailspintoys.com,\N,\N,\N,1,2013-01-01 00:00:00,9999-12-31 23:59:59.999999
1020,Paula Matos,Paula,Paula Paula Matos,False,NO LOGON,False,\N,False,False,False,\N,(701) 555-0100,(701) 555-0101,paula@tailspintoys.com,\N,\N,\N,1,2013-01-01 00:00:00,9999-12-31 23:59:59.999999
1021,Elnaz Javan,Elnaz,Elnaz Elnaz Javan,False,NO LOGON,False,\N,False,False,False,\N,(215) 555-0100,(215) 555-0101,elnaz@tailspintoys.com,\N,\N,\N,1,2013-01-01 00:00:00,9999-12-31 23:59:59.999999
1022,Jayashish Ghatak,Jayashish,Jayashish Jayashish Ghatak,False,NO LOGON,False,\N,False,False,False,\N,(215) 555-0100,(215) 555-0101,jayashish@tailspintoys.com,\N,\N,\N,1,2013-01-01 00:00:00,9999-12-31 23:59:59.999999
1023,Heloisa Fernandes,Heloisa,Heloisa Heloisa Fernandes,False,NO LOGON,False,\N,False,False,False,\N,(218) 555-0100,(218) 555-0101,heloisa@tailspintoys.com,\N,\N,\N,1,2013-01-01 00:00:00,9999-12-31 23:59:59.999999
1024,Amornrat Rattanaporn,Amornrat,Amornrat Amornrat Rattanaporn,False,NO LOGON,False,\N,False,False,False,\N,(218) 555-0100,(218) 555-0101,amornrat@tailspintoys.com,\N,\N,\N,1,2013-01-01 00:00:00,9999-12-31 23:59:59.999999
1025,Razeena Hosseini,Razeena,Razeena Razeena Hosseini,False,NO LOGON,False,\N,False,False,False,\N,(217) 555-0100,(217) 555-0101,razeena@tailspintoys.com,\N,\N,\N,1,2013-01-01 00:00:00,9999-12-31 23:59:59.999999
1026,Leticia Ribeiro,Leticia,Leticia Leticia Ribeiro,False,NO LOGON,False,\N,False,False,False,\N,(217) 555-0100,(217) 555-0101,leticia@tailspintoys.com,\N,\N,\N,1,2013-01-01 00:00:00,9999-12-31 23:59:59.999999
1027,Tereza Valentova,Tereza,Tereza Tereza Valentova,False,NO LOGON,False,\N,False,False,False,\N,(240) 555-0100,(240) 555-0101,tereza@tailspintoys.com,\N,\N,\N,1,2013-01-01 00:00:00,9999-12-31 23:59:59.999999
1028,Brijesh Ganguly,Brijesh,Brijesh Brijesh Ganguly,False,NO LOGON,False,\N,False,False,False,\N,(240) 555-0100,(240) 555-0101,brijesh@tailspintoys.com,\N,\N,\N,1,2013-01-01 00:00:00,9999-12-31 23:59:59.999999
1029,Filips Jaunzems,Filips,Filips Filips Jaunzems,False,NO LOGON,False,\N,False,False,False,\N,(210) 555-0100,(210) 555-0101,filips@tailspintoys.com,\N,\N,\N,1,2013-01-01 00:00:00,9999-12-31 23:59:59.999999
1030,Bharati Bhowmick,Bharati,Bharati Bharati Bhowmick,False,NO LOGON,False,\N,False,False,False,\N,(210) 555-0100,(210) 555-0101,bharati@tailspintoys.com,\N,\N,\N,1,2013-01-01 00:00:00,9999-12-31 23:59:59.999999
1031,Nitin Matondkar,Nitin,Nitin Nitin Matondkar,False,NO LOGON,False,\N,False,False,False,\N,(314) 555-0100,(314) 555-0101,nitin@tailspintoys.com,\N,\N,\N,1,2013-01-01 00:00:00,9999-12-31 23:59:59.999999
1032,Joy Dutta,Joy,Joy Joy Dutta,False,NO LOGON,False,\N,False,False,False,\N,(314) 555-0100,(314) 555-0101,joy@tailspintoys.com,\N,\N,\N,1,2013-01-01 00:00:00,9999-12-31 23:59:59.999999
1033,Adam Kubat,Adam,Adam Adam Kubat,False,NO LOGON,False,\N,False,False,False,\N,(216) 555-0100,(216) 555-0101,adam@tailspintoys.com,\N,\N,\N,1,2013-01-01 00:00:00,9999-12-31 23:59:59.999999
1034,Gulzar Naidu,Gulzar,Gulzar Gulzar Naidu,False,NO LOGON,False,\N,False,False,False,\N,(216) 555-0100,(216) 555-0101,gulzar@tailspintoys.com,\N,\N,\N,1,2013-01-01 00:00:00,9999-12-31 23:59:59.999999
1035,Isabelle Vodlan,Isabelle,Isabelle Isabelle Vodlan,False,NO LOGON,False,\N,False,False,False,\N,(603) 555-0100,(603) 555-0101,isabelle@tailspintoys.com,\N,\N,\N,1,2013-01-01 00:00:00,9999-12-31 23:59:59.999999
1036,Prakash Sarma,Prakash,Prakash Prakash Sarma,False,NO LOGON,False,\N,False,False,False,\N,(603) 555-0100,(603) 555-0101,prakash@tailspintoys.com,\N,\N,\N,1,2013-01-01 00:00:00,9999-12-31 23:59:59.999999
1037,Mithun Bhattacharya,Mithun,Mithun Mithun Bhattacharya,False,NO LOGON,False,\N,False,False,False,\N,(907) 555-0100,(907) 555-0101,mithun@tailspintoys.com,\N,\N,\N,1,2013-01-01 00:00:00,9999-12-31 23:59:59.999999
1038,Sandhya Raju,Sandhya,Sandhya Sandhya Raju,False,NO LOGON,False,\N,False,False,False,\N,(907) 555-0100,(907) 555-0101,sandhya@tailspintoys.com,\N,\N,\N,1,2013-01-01 00:00:00,9999-12-31 23:59:59.999999
1039,Nghi Hua,Nghi,Nghi Nghi Hua,False,NO LOGON,False,\N,False,False,False,\N,(206) 555-0100,(206) 555-0101,nghi@tailspintoys.com,\N,\N,\N,1,2013-01-01 00:00:00,9999-12-31 23:59:59.999999
1040,Ravindra Parkar,Ravindra,Ravindra Ravindra Parkar,False,NO LOGON,False,\N,False,False,False,\N,(206) 555-0100,(206) 555-0101,ravindra@tailspintoys.com,\N,\N,\N,1,2013-01-01 00:00:00,9999-12-31 23:59:59.999999
1041,Duleep Raju,Duleep,Duleep Duleep Raju,False,NO LOGON,False,\N,False,False,False,\N,(215) 555-0100,(215) 555-0101,duleep@tailspintoys.com,\N,\N,\N,1,2013-01-01 00:00:00,9999-12-31 23:59:59.999999
1042,Vlatka Duvnjak,Vlatka,Vlatka Vlatka Duvnjak,False,NO LOGON,False,\N,False,False,False,\N,(215) 555-0100,(215) 555-0101,vlatka@tailspintoys.com,\N,\N,\N,1,2013-01-01 00:00:00,9999-12-31 23:59:59.999999
1043,Cristina Longo,Cristina,Cristina Cristina Longo,False,NO LOGON,False,\N,False,False,False,\N,(239) 555-0100,(239) 555-0101,cristina@tailspintoys.com,\N,\N,\N,1,2013-01-01 00:00:00,9999-12-31 23:59:59.999999
1044,Antonio Lucchese,Antonio,Antonio Antonio Lucchese,False,NO LOGON,False,\N,False,False,False,\N,(239) 555-0100,(239) 555-0101,antonio@tailspintoys.com,\N,\N,\N,1,2013-01-01 00:00:00,9999-12-31 23:59:59.999999
1045,Hang Tang,Hang,Hang Hang Tang,False,NO LOGON,False,\N,False,False,False,\N,(907) 555-0100,(907) 555-0101,hang@tailspintoys.com,\N,\N,\N,1,2013-01-01 00:00:00,9999-12-31 23:59:59.999999
1046,Hong Ang,Hong,Hong Hong Ang,False,NO LOGON,False,\N,False,False,False,\N,(907) 555-0100,(907) 555-0101,hong@tailspintoys.com,\N,\N,\N,1,2013-01-01 00:00:00,9999-12-31 23:59:59.999999
1047,Intira Mookjai,Intira,Intira Intira Mookjai,False,NO LOGON,False,\N,False,False,False,\N,(252) 555-0100,(252) 555-0101,intira@tailspintoys.com,\N,\N,\N,1,2013-01-01 00:00:00,9999-12-31 23:59:59.999999
1048,Young-Tae Kim,Young-Tae,Young-Tae Young-Tae Kim,True,young-tae@tailspintoys.com,False,\\x493758eb3925ec2215a0222fcc7e6bfad6f89b1bf1c961403b86b2ce32baef67,False,False,False,"{""theme"":""le-frog"",""dateFormat"":""mm/dd/yy"",""timeZone"": ""PST"",""table"":{""pagingType"":""simple_numbers"",""pageLength"": 10},""favoritesOnDashboard"":true}",(252) 555-0100,(252) 555-0101,young-tae@tailspintoys.com,\N,\N,\N,1,2016-05-31 23:14:00,9999-12-31 23:59:59.999999
1049,Sulabha Khalsa,Sulabha,Sulabha Sulabha Khalsa,False,NO LOGON,False,\N,False,False,False,\N,(209) 555-0100,(209) 555-0101,sulabha@tailspintoys.com,\N,\N,\N,1,2013-01-01 00:00:00,9999-12-31 23:59:59.999999
1050,Alessandro Milano,Alessandro,Alessandro Alessandro Milano,False,NO LOGON,False,\N,False,False,False,\N,(209) 555-0100,(209) 555-0101,alessandro@tailspintoys.com,\N,\N,\N,1,2013-01-01 00:00:00,9999-12-31 23:59:59.999999
1051,Dhanishta Majji,Dhanishta,Dhanishta Dhanishta Majji,False,NO LOGON,False,\N,False,False,False,\N,(319) 555-0100,(319) 555-0101,dhanishta@tailspintoys.com,\N,\N,\N,1,2013-01-01 00:00:00,9999-12-31 23:59:59.999999
1052,Nils Podnieks,Nils,Nils Nils Podnieks,False,NO LOGON,False,\N,False,False,False,\N,(319) 555-0100,(319) 555-0101,nils@tailspintoys.com,\N,\N,\N,1,2013-01-01 00:00:00,9999-12-31 23:59:59.999999
1053,Paula Gonzales,Paula,Paula Paula Gonzales,False,NO LOGON,False,\N,False,False,False,\N,(218) 555-0100,(218) 555-0101,paula@tailspintoys.com,\N,\N,\N,1,2013-01-01 00:00:00,9999-12-31 23:59:59.999999
1054,Chetana Dewangan,Chetana,Chetana Chetana Dewangan,False,NO LOGON,False,\N,False,False,False,\N,(218) 555-0100,(218) 555-0101,chetana@tailspintoys.com,\N,\N,\N,1,2013-01-01 00:00:00,9999-12-31 23:59:59.999999
1055,Tatjana Utjesenovic,Tatjana,Tatjana Tatjana Utjesenovic,False,NO LOGON,False,\N,False,False,False,\N,(212) 555-0100,(212) 555-0101,tatjana@tailspintoys.com,\N,\N,\N,1,2013-01-01 00:00:00,9999-12-31 23:59:59.999999
1056,Theresa Boose,Theresa,Theresa Theresa Boose,False,NO LOGON,False,\N,False,False,False,\N,(212) 555-0100,(212) 555-0101,theresa@tailspintoys.com,\N,\N,\N,1,2013-01-01 00:00:00,9999-12-31 23:59:59.999999
1057,Karel Hanak,Karel,Karel Karel Hanak,True,karel@tailspintoys.com,False,\\xa24dd795a3024fef1330a312731843ac1fa4219c9f238916336ac7fd05696030,False,False,False,"{""theme"":""ui-darkness"",""dateFormat"":""mm/dd/yy"",""timeZone"": ""PST"",""table"":{""pagingType"":""full"",""pageLength"": 50},""favoritesOnDashboard"":true}",(205) 555-0100,(205) 555-0101,karel@tailspintoys.com,\N,\N,\N,1,2016-05-31 23:14:00,9999-12-31 23:59:59.999999
1058,Fernanda Fierro,Fernanda,Fernanda Fernanda Fierro,False,NO LOGON,False,\N,False,False,False,\N,(205) 555-0100,(205) 555-0101,fernanda@tailspintoys.com,\N,\N,\N,1,2013-01-01 00:00:00,9999-12-31 23:59:59.999999
1059,Odessa Schneider,Odessa,Odessa Odessa Schneider,False,NO LOGON,False,\N,False,False,False,\N,(206) 555-0100,(206) 555-0101,odessa@tailspintoys.com,\N,\N,\N,1,2013-01-01 00:00:00,9999-12-31 23:59:59.999999
1060,Konrads Sprogis,Konrads,Konrads Konrads Sprogis,False,NO LOGON,False,\N,False,False,False,\N,(206) 555-0100,(206) 555-0101,konrads@tailspintoys.com,\N,\N,\N,1,2013-01-01 00:00:00,9999-12-31 23:59:59.999999
1061,Kimberly Pace,Kimberly,Kimberly Kimberly Pace,False,NO LOGON,False,\N,False,False,False,\N,(206) 555-0100,(206) 555-0101,kimberly@tailspintoys.com,\N,\N,\N,1,2013-01-01 00:00:00,9999-12-31 23:59:59.999999
1062,Shobha Gupta,Shobha,Shobha Shobha Gupta,False,NO LOGON,False,\N,False,False,False,\N,(206) 555-0100,(206) 555-0101,shobha@tailspintoys.com,\N,\N,\N,1,2013-01-01 00:00:00,9999-12-31 23:59:59.999999
1063,Nikolajs Kalejs,Nikolajs,Nikolajs Nikolajs Kalejs,False,NO LOGON,False,\N,False,False,False,\N,(210) 555-0100,(210) 555-0101,nikolajs@tailspintoys.com,\N,\N,\N,1,2013-01-01 00:00:00,9999-12-31 23:59:59.999999
1064,Philippe Lamy,Philippe,Philippe Philippe Lamy,False,NO LOGON,False,\N,False,False,False,\N,(210) 555-0100,(210) 555-0101,philippe@tailspintoys.com,\N,\N,\N,1,2013-01-01 00:00:00,9999-12-31 23:59:59.999999
1065,Haasini Rai,Haasini,Haasini Haasini Rai,False,NO LOGON,False,\N,False,False,False,\N,(803) 555-0100,(803) 555-0101,haasini@tailspintoys.com,\N,\N,\N,1,2013-01-01 00:00:00,9999-12-31 23:59:59.999999
1066,Viktorie Melicharova,Viktorie,Viktorie Viktorie Melicharova,False,NO LOGON,False,\N,False,False,False,\N,(803) 555-0100,(803) 555-0101,viktorie@tailspintoys.com,\N,\N,\N,1,2013-01-01 00:00:00,9999-12-31 23:59:59.999999
1067,Anjali Asthana,Anjali,Anjali Anjali Asthana,False,NO LOGON,False,\N,False,False,False,\N,(210) 555-0100,(210) 555-0101,anjali@tailspintoys.com,\N,\N,\N,1,2013-01-01 00:00:00,9999-12-31 23:59:59.999999
1068,Hanuman Negi,Hanuman,Hanuman Hanuman Negi,False,NO LOGON,False,\N,False,False,False,\N,(210) 555-0100,(210) 555-0101,hanuman@tailspintoys.com,\N,\N,\N,1,2013-01-01 00:00:00,9999-12-31 23:59:59.999999
1069,Shah Omidi,Shah,Shah Shah Omidi,False,NO LOGON,False,\N,False,False,False,\N,(304) 555-0100,(304) 555-0101,shah@tailspintoys.com,\N,\N,\N,1,2013-01-01 00:00:00,9999-12-31 23:59:59.999999
1070,Chandra Mittal,Chandra,Chandra Chandra Mittal,False,NO LOGON,False,\N,False,False,False,\N,(304) 555-0100,(304) 555-0101,chandra@tailspintoys.com,\N,\N,\N,1,2013-01-01 00:00:00,9999-12-31 23:59:59.999999
1071,Ferhat Celik,Ferhat,Ferhat Ferhat Celik,False,NO LOGON,False,\N,False,False,False,\N,(270) 555-0100,(270) 555-0101,ferhat@tailspintoys.com,\N,\N,\N,1,2013-01-01 00:00:00,9999-12-31 23:59:59.999999
1072,Leyla Celik,Leyla,Leyla Leyla Celik,False,NO LOGON,False,\N,False,False,False,\N,(270) 555-0100,(270) 555-0101,leyla@tailspintoys.com,\N,\N,\N,1,2013-01-01 00:00:00,9999-12-31 23:59:59.999999
1073,Dayarama Kamei,Dayarama,Dayarama Dayarama Kamei,False,NO LOGON,False,\N,False,False,False,\N,(458) 555-0100,(458) 555-0101,dayarama@tailspintoys.com,\N,\N,\N,1,2013-01-01 00:00:00,9999-12-31 23:59:59.999999
1074,Elisabeth Flamand,Elisabeth,Elisabeth Elisabeth Flamand,False,NO LOGON,False,\N,False,False,False,\N,(458) 555-0100,(458) 555-0101,elisabeth@tailspintoys.com,\N,\N,\N,1,2013-01-01 00:00:00,9999-12-31 23:59:59.999999
1075,Nils Kalnins,Nils,Nils Nils Kalnins,False,NO LOGON,False,\N,False,False,False,\N,(314) 555-0100,(314) 555-0101,nils@tailspintoys.com,\N,\N,\N,1,2013-01-01 00:00:00,9999-12-31 23:59:59.999999
1076,Rajiv Kotadia,Rajiv,Rajiv Rajiv Kotadia,False,NO LOGON,False,\N,False,False,False,\N,(314) 555-0100,(314) 555-0101,rajiv@tailspintoys.com,\N,\N,\N,1,2013-01-01 00:00:00,9999-12-31 23:59:59.999999
1077,Ashish Acharya,Ashish,Ashish Ashish Acharya,True,ashish@tailspintoys.com,False,\\x6d5c0f19756e0ff994663e0d217c42a991125e184128c668e3b36b502936fbdd,False,False,False,"{""theme"":""black-tie"",""dateFormat"":""mm/dd/yy"",""timeZone"": ""PST"",""table"":{""pagingType"":""full"",""pageLength"": 50},""favoritesOnDashboard"":true}",(270) 555-0100,(270) 555-0101,ashish@tailspintoys.com,\N,\N,\N,1,2016-05-31 23:14:00,9999-12-31 23:59:59.999999
1078,Filip Sedlar,Filip,Filip Filip Sedlar,False,NO LOGON,False,\N,False,False,False,\N,(270) 555-0100,(270) 555-0101,filip@tailspintoys.com,\N,\N,\N,1,2013-01-01 00:00:00,9999-12-31 23:59:59.999999
1079,Alena Prikrylova,Alena,Alena Alena Prikrylova,False,NO LOGON,False,\N,False,False,False,\N,(210) 555-0100,(210) 555-0101,alena@tailspintoys.com,\N,\N,\N,1,2013-01-01 00:00:00,9999-12-31 23:59:59.999999
1080,Catina Bojin,Catina,Catina Catina Bojin,False,NO LOGON,False,\N,False,False,False,\N,(210) 555-0100,(210) 555-0101,catina@tailspintoys.com,\N,\N,\N,1,2013-01-01 00:00:00,9999-12-31 23:59:59.999999
1081,Lana Rozej,Lana,Lana Lana Rozej,False,NO LOGON,False,\N,False,False,False,\N,(314) 555-0100,(314) 555-0101,lana@tailspintoys.com,\N,\N,\N,1,2013-01-01 00:00:00,9999-12-31 23:59:59.999999
1082,Kalpana Mukherjee,Kalpana,Kalpana Kalpana Mukherjee,True,kalpana@tailspintoys.com,False,\\x58eb5db1218f1695ccf80bd3732029b91014623ed63947624c5aab5817227704,False,False,False,"{""theme"":""ui-darkness"",""dateFormat"":""dd/mm/yy"",""timeZone"": ""PST"",""table"":{""pagingType"":""full"",""pageLength"": 50},""favoritesOnDashboard"":true}",(314) 555-0100,(314) 555-0101,kalpana@tailspintoys.com,\N,\N,\N,1,2016-05-31 23:14:00,9999-12-31 23:59:59.999999
1083,Chandrakanta Raut,Chandrakanta,Chandrakanta Chandrakanta Raut,False,NO LOGON,False,\N,False,False,False,\N,(212) 555-0100,(212) 555-0101,chandrakanta@tailspintoys.com,\N,\N,\N,1,2013-01-01 00:00:00,9999-12-31 23:59:59.999999
1084,Ivan Castellanos,Ivan,Ivan Ivan Castellanos,True,ivan@tailspintoys.com,False,\\xe7f5bd8e5e4860050e04e72b4ec83e94af88e083729280028348e17e96bdb028,False,False,False,"{""theme"":""black-tie"",""dateFormat"":""dd/mm/yy"",""timeZone"": ""PST"",""table"":{""pagingType"":""simple"",""pageLength"": 10},""favoritesOnDashboard"":true}",(212) 555-0100,(212) 555-0101,ivan@tailspintoys.com,\N,\N,\N,1,2016-05-31 23:14:00,9999-12-31 23:59:59.999999
1085,Ganapati Gadiyaram,Ganapati,Ganapati Ganapati Gadiyaram,False,NO LOGON,False,\N,False,False,False,\N,(206) 555-0100,(206) 555-0101,ganapati@tailspintoys.com,\N,\N,\N,1,2013-01-01 00:00:00,9999-12-31 23:59:59.999999
1086,Parsa Blijleven,Parsa,Parsa Parsa Blijleven,True,parsa@tailspintoys.com,False,\\x17d4856e41386868b75ebeb4336069e4212897e94a0178b0b8a013ddc3419f15,False,False,False,"{""theme"":""blitzer"",""dateFormat"":""mm/dd/yy"",""timeZone"": ""PST"",""table"":{""pagingType"":""full_numbers"",""pageLength"": 25},""favoritesOnDashboard"":true}",(206) 555-0100,(206) 555-0101,parsa@tailspintoys.com,\N,\N,\N,1,2016-05-31 23:14:00,9999-12-31 23:59:59.999999
1087,Adrijana Blagojevic,Adrijana,Adrijana Adrijana Blagojevic,True,adrijana@tailspintoys.com,False,\\x8832dbc3064673d5df7c5b79d54b2ce47dd8b1847f99e6a163e8d1dd578001fd,False,False,False,"{""theme"":""humanity"",""dateFormat"":""mm/dd/yy"",""timeZone"": ""PST"",""table"":{""pagingType"":""full"",""pageLength"": 50},""favoritesOnDashboard"":true}",(206) 555-0100,(206) 555-0101,adrijana@tailspintoys.com,\N,\N,\N,1,2016-05-31 23:14:00,9999-12-31 23:59:59.999999
1088,Lina Martins,Lina,Lina Lina Martins,False,NO LOGON,False,\N,False,False,False,\N,(206) 555-0100,(206) 555-0101,lina@tailspintoys.com,\N,\N,\N,1,2013-01-01 00:00:00,9999-12-31 23:59:59.999999
1089,Lap Dinh,Lap,Lap Lap Dinh,False,NO LOGON,False,\N,False,False,False,\N,(240) 555-0100,(240) 555-0101,lap@tailspintoys.com,\N,\N,\N,1,2013-01-01 00:00:00,9999-12-31 23:59:59.999999
1090,August Astrom,August,August August Astrom,False,NO LOGON,False,\N,False,False,False,\N,(240) 555-0100,(240) 555-0101,august@tailspintoys.com,\N,\N,\N,1,2013-01-01 00:00:00,9999-12-31 23:59:59.999999
1091,Didem ozCelik,Didem,Didem Didem ozCelik,False,NO LOGON,False,\N,False,False,False,\N,(205) 555-0100,(205) 555-0101,didem@tailspintoys.com,\N,\N,\N,1,2013-01-01 00:00:00,9999-12-31 23:59:59.999999
1092,Krista Andrejev,Krista,Krista Krista Andrejev,False,NO LOGON,False,\N,False,False,False,\N,(205) 555-0100,(205) 555-0101,krista@tailspintoys.com,\N,\N,\N,1,2013-01-01 00:00:00,9999-12-31 23:59:59.999999
1093,Serhat Akbulut,Serhat,Serhat Serhat Akbulut,False,NO LOGON,False,\N,False,False,False,\N,(209) 555-0100,(209) 555-0101,serhat@tailspintoys.com,\N,\N,\N,1,2013-01-01 00:00:00,9999-12-31 23:59:59.999999
1094,Nadja Johansson,Nadja,Nadja Nadja Johansson,False,NO LOGON,False,\N,False,False,False,\N,(209) 555-0100,(209) 555-0101,nadja@tailspintoys.com,\N,\N,\N,1,2013-01-01 00:00:00,9999-12-31 23:59:59.999999
1095,Daniela Barrios,Daniela,Daniela Daniela Barrios,False,NO LOGON,False,\N,False,False,False,\N,(206) 555-0100,(206) 555-0101,daniela@tailspintoys.com,\N,\N,\N,1,2013-01-01 00:00:00,9999-12-31 23:59:59.999999
1096,Daina Celma,Daina,Daina Daina Celma,False,NO LOGON,False,\N,False,False,False,\N,(206) 555-0100,(206) 555-0101,daina@tailspintoys.com,\N,\N,\N,1,2013-01-01 00:00:00,9999-12-31 23:59:59.999999
1097,Julia Slobodova,Julia,Julia Julia Slobodova,False,NO LOGON,False,\N,False,False,False,\N,(231) 555-0100,(231) 555-0101,julia@tailspintoys.com,\N,\N,\N,1,2013-01-01 00:00:00,9999-12-31 23:59:59.999999
1098,Raimonds Kalnins,Raimonds,Raimonds Raimonds Kalnins,True,raimonds@tailspintoys.com,False,\\x3e4618ee9ab5fdc0f7d33cdfec2e971723a3bb554f32e4ff8c5d0d7d95503885,False,False,False,"{""theme"":""black-tie"",""dateFormat"":""mm/dd/yy"",""timeZone"": ""PST"",""table"":{""pagingType"":""simple_numbers"",""pageLength"": 10},""favoritesOnDashboard"":true}",(231) 555-0100,(231) 555-0101,raimonds@tailspintoys.com,\N,\N,\N,1,2016-05-31 23:14:00,9999-12-31 23:59:59.999999
1099,Marcela Jankova,Marcela,Marcela Marcela Jankova,False,NO LOGON,False,\N,False,False,False,\N,(304) 555-0100,(304) 555-0101,marcela@tailspintoys.com,\N,\N,\N,1,2013-01-01 00:00:00,9999-12-31 23:59:59.999999
1100,Predrag Stojanovic,Predrag,Predrag Predrag Stojanovic,False,NO LOGON,False,\N,False,False,False,\N,(304) 555-0100,(304) 555-0101,predrag@tailspintoys.com,\N,\N,\N,1,2013-01-01 00:00:00,9999-12-31 23:59:59.999999
1101,Dipali Sonkar,Dipali,Dipali Dipali Sonkar,False,NO LOGON,False,\N,False,False,False,\N,(201) 555-0100,(201) 555-0101,dipali@tailspintoys.com,\N,\N,\N,1,2013-01-01 00:00:00,9999-12-31 23:59:59.999999
1102,Mariana Apodaca,Mariana,Mariana Mariana Apodaca,False,NO LOGON,False,\N,False,False,False,\N,(201) 555-0100,(201) 555-0101,mariana@tailspintoys.com,\N,\N,\N,1,2013-01-01 00:00:00,9999-12-31 23:59:59.999999
1103,Bansidhar Mitra,Bansidhar,Bansidhar Bansidhar Mitra,False,NO LOGON,False,\N,False,False,False,\N,(209) 555-0100,(209) 555-0101,bansidhar@tailspintoys.com,\N,\N,\N,1,2013-01-01 00:00:00,9999-12-31 23:59:59.999999
1104,Liia Mae,Liia,Liia Liia Mae,True,liia@tailspintoys.com,False,\\x7e280872fa8a542b0aa600a7698e352927b598821fc11f904e33c764b18c23de,False,False,False,"{""theme"":""le-frog"",""dateFormat"":""dd/mm/yy"",""timeZone"": ""PST"",""table"":{""pagingType"":""simple"",""pageLength"": 10},""favoritesOnDashboard"":true}",(209) 555-0100,(209) 555-0101,liia@tailspintoys.com,\N,\N,\N,1,2016-05-31 23:14:00,9999-12-31 23:59:59.999999
1105,Gunnar Persson,Gunnar,Gunnar Gunnar Persson,False,NO LOGON,False,\N,False,False,False,\N,(205) 555-0100,(205) 555-0101,gunnar@tailspintoys.com,\N,\N,\N,1,2013-01-01 00:00:00,9999-12-31 23:59:59.999999
1106,Parvati Modi,Parvati,Parvati Parvati Modi,False,NO LOGON,False,\N,False,False,False,\N,(205) 555-0100,(205) 555-0101,parvati@tailspintoys.com,\N,\N,\N,1,2013-01-01 00:00:00,9999-12-31 23:59:59.999999
1107,Vitezslav Rehak,Vitezslav,Vitezslav Vitezslav Rehak,True,vitezslav@tailspintoys.com,False,\\xc9a2c9058f59f07b2a0bb9629bfce752a774c2b0c63b371bbd1c87f922773c1e,False,False,False,"{""theme"":""blitzer"",""dateFormat"":""mm/dd/yy"",""timeZone"": ""PST"",""table"":{""pagingType"":""full"",""pageLength"": 50},""favoritesOnDashboard"":true}",(215) 555-0100,(215) 555-0101,vitezslav@tailspintoys.com,\N,\N,\N,1,2016-05-31 23:14:00,9999-12-31 23:59:59.999999
1108,Parsa Van Vossen,Parsa,Parsa Parsa Van Vossen,False,NO LOGON,False,\N,False,False,False,\N,(215) 555-0100,(215) 555-0101,parsa@tailspintoys.com,\N,\N,\N,1,2013-01-01 00:00:00,9999-12-31 23:59:59.999999
1109,Bharat Sikdar,Bharat,Bharat Bharat Sikdar,False,NO LOGON,False,\N,False,False,False,\N,(229) 555-0100,(229) 555-0101,bharat@tailspintoys.com,\N,\N,\N,1,2013-01-01 00:00:00,9999-12-31 23:59:59.999999
1110,Alain Aupry,Alain,Alain Alain Aupry,False,NO LOGON,False,\N,False,False,False,\N,(229) 555-0100,(229) 555-0101,alain@tailspintoys.com,\N,\N,\N,1,2013-01-01 00:00:00,9999-12-31 23:59:59.999999
1111,Juan Bezanson,Juan,Juan Juan Bezanson,True,juan@tailspintoys.com,False,\\x000d92459522ee57c9fa8ee36867819292d04e865bf28963b8113a32474e017b,False,False,False,"{""theme"":""le-frog"",""dateFormat"":""yy-mm-dd"",""timeZone"": ""PST"",""table"":{""pagingType"":""full_numbers"",""pageLength"": 25},""favoritesOnDashboard"":true}",(206) 555-0100,(206) 555-0101,juan@tailspintoys.com,\N,\N,\N,1,2016-05-31 23:14:00,9999-12-31 23:59:59.999999
1112,Ruby Charlton,Ruby,Ruby Ruby Charlton,False,NO LOGON,False,\N,False,False,False,\N,(206) 555-0100,(206) 555-0101,ruby@tailspintoys.com,\N,\N,\N,1,2013-01-01 00:00:00,9999-12-31 23:59:59.999999
1113,Aile Mae,Aile,Aile Aile Mae,False,NO LOGON,False,\N,False,False,False,\N,(216) 555-0100,(216) 555-0101,aile@tailspintoys.com,\N,\N,\N,1,2013-01-01 00:00:00,9999-12-31 23:59:59.999999
1114,Margherita Lucchesi,Margherita,Margherita Margherita Lucchesi,False,NO LOGON,False,\N,False,False,False,\N,(216) 555-0100,(216) 555-0101,margherita@tailspintoys.com,\N,\N,\N,1,2013-01-01 00:00:00,9999-12-31 23:59:59.999999
1115,Pratap Varghese,Pratap,Pratap Pratap Varghese,True,pratap@tailspintoys.com,False,\\x7ad78a76c37026604f1d7e1216cf2bc8067014488a7f792dbac2b7a3e7a2a597,False,False,False,"{""theme"":""humanity"",""dateFormat"":""dd/mm/yy"",""timeZone"": ""PST"",""table"":{""pagingType"":""numbers"",""pageLength"": 10},""favoritesOnDashboard"":true}",(276) 555-0100,(276) 555-0101,pratap@tailspintoys.com,\N,\N,\N,1,2016-05-31 23:14:00,9999-12-31 23:59:59.999999
1116,Marcel Marquis,Marcel,Marcel Marcel Marquis,True,marcel@tailspintoys.com,False,\\xe929ac64fcd488dde9e7c818456a9bf02e622b6be795d8bd1ffa52d2698ca84c,False,False,False,"{""theme"":""dark-hive"",""dateFormat"":""mm/dd/yy"",""timeZone"": ""PST"",""table"":{""pagingType"":""full_numbers"",""pageLength"": 25},""favoritesOnDashboard"":true}",(276) 555-0100,(276) 555-0101,marcel@tailspintoys.com,\N,\N,\N,1,2016-05-31 23:14:00,9999-12-31 23:59:59.999999
1117,Margita Kopecka,Margita,Margita Margita Kopecka,False,NO LOGON,False,\N,False,False,False,\N,(339) 555-0100,(339) 555-0101,margita@tailspintoys.com,\N,\N,\N,1,2013-01-01 00:00:00,9999-12-31 23:59:59.999999
1118,Mirjam Johansson,Mirjam,Mirjam Mirjam Johansson,False,NO LOGON,False,\N,False,False,False,\N,(339) 555-0100,(339) 555-0101,mirjam@tailspintoys.com,\N,\N,\N,1,2013-01-01 00:00:00,9999-12-31 23:59:59.999999
1119,Lekha Mitra,Lekha,Lekha Lekha Mitra,False,NO LOGON,False,\N,False,False,False,\N,(304) 555-0100,(304) 555-0101,lekha@tailspintoys.com,\N,\N,\N,1,2013-01-01 00:00:00,9999-12-31 23:59:59.999999
1120,Seeta Bose,Seeta,Seeta Seeta Bose,False,NO LOGON,False,\N,False,False,False,\N,(304) 555-0100,(304) 555-0101,seeta@tailspintoys.com,\N,\N,\N,1,2013-01-01 00:00:00,9999-12-31 23:59:59.999999
1121,Abhoy PrabhupÄda,Abhoy,Abhoy Abhoy PrabhupÄda,True,abhoy@tailspintoys.com,False,\\xb69b3677609e3fa9f464f7b0821d80ac81ccf1680a37db36039eb9c8435efe6c,False,False,False,"{""theme"":""blitzer"",""dateFormat"":""yy-mm-dd"",""timeZone"": ""PST"",""table"":{""pagingType"":""full_numbers"",""pageLength"": 25},""favoritesOnDashboard"":true}",(423) 555-0100,(423) 555-0101,abhoy@tailspintoys.com,\N,\N,\N,1,2016-05-31 23:14:00,9999-12-31 23:59:59.999999
1122,Seok-Ho Jeon,Seok-Ho,Seok-Ho Seok-Ho Jeon,False,NO LOGON,False,\N,False,False,False,\N,(423) 555-0100,(423) 555-0101,seok-ho@tailspintoys.com,\N,\N,\N,1,2013-01-01 00:00:00,9999-12-31 23:59:59.999999
1123,Alida Caune,Alida,Alida Alida Caune,False,NO LOGON,False,\N,False,False,False,\N,(212) 555-0100,(212) 555-0101,alida@tailspintoys.com,\N,\N,\N,1,2013-01-01 00:00:00,9999-12-31 23:59:59.999999
1124,Indiana Fritzsche,Indiana,Indiana Indiana Fritzsche,False,NO LOGON,False,\N,False,False,False,\N,(212) 555-0100,(212) 555-0101,indiana@tailspintoys.com,\N,\N,\N,1,2013-01-01 00:00:00,9999-12-31 23:59:59.999999
1125,Agnes Szolosy,Agnes,Agnes Agnes Szolosy,False,NO LOGON,False,\N,False,False,False,\N,(209) 555-0100,(209) 555-0101,agnes@tailspintoys.com,\N,\N,\N,1,2013-01-01 00:00:00,9999-12-31 23:59:59.999999
1126,Yu-jin Jee,Yu-jin,Yu-jin Yu-jin Jee,False,NO LOGON,False,\N,False,False,False,\N,(209) 555-0100,(209) 555-0101,yu-jin@tailspintoys.com,\N,\N,\N,1,2013-01-01 00:00:00,9999-12-31 23:59:59.999999
1127,Rohana Kaskar,Rohana,Rohana Rohana Kaskar,False,NO LOGON,False,\N,False,False,False,\N,(207) 555-0100,(207) 555-0101,rohana@tailspintoys.com,\N,\N,\N,1,2013-01-01 00:00:00,9999-12-31 23:59:59.999999
1128,Grieta Kalnina,Grieta,Grieta Grieta Kalnina,False,NO LOGON,False,\N,False,False,False,\N,(207) 555-0100,(207) 555-0101,grieta@tailspintoys.com,\N,\N,\N,1,2013-01-01 00:00:00,9999-12-31 23:59:59.999999
1129,Hanuman Dubey,Hanuman,Hanuman Hanuman Dubey,False,NO LOGON,False,\N,False,False,False,\N,(210) 555-0100,(210) 555-0101,hanuman@tailspintoys.com,\N,\N,\N,1,2013-01-01 00:00:00,9999-12-31 23:59:59.999999
1130,Paola Loggia,Paola,Paola Paola Loggia,True,paola@tailspintoys.com,False,\\x9925577e614312000cfcba2c41456b57e67fd61e227ce10c3ce454312ff06e83,False,False,False,"{""theme"":""dark-hive"",""dateFormat"":""mm/dd/yy"",""timeZone"": ""PST"",""table"":{""pagingType"":""numbers"",""pageLength"": 10},""favoritesOnDashboard"":true}",(210) 555-0100,(210) 555-0101,paola@tailspintoys.com,\N,\N,\N,1,2016-05-31 23:14:00,9999-12-31 23:59:59.999999
1131,Bao Dao,Bao,Bao Bao Dao,False,NO LOGON,False,\N,False,False,False,\N,(339) 555-0100,(339) 555-0101,bao@tailspintoys.com,\N,\N,\N,1,2013-01-01 00:00:00,9999-12-31 23:59:59.999999
1132,Viljo Lampsa,Viljo,Viljo Viljo Lampsa,False,NO LOGON,False,\N,False,False,False,\N,(339) 555-0100,(339) 555-0101,viljo@tailspintoys.com,\N,\N,\N,1,2013-01-01 00:00:00,9999-12-31 23:59:59.999999
1133,Preyakshna Aluri,Preyakshna,Preyakshna Preyakshna Aluri,False,NO LOGON,False,\N,False,False,False,\N,(701) 555-0100,(701) 555-0101,preyakshna@tailspintoys.com,\N,\N,\N,1,2013-01-01 00:00:00,9999-12-31 23:59:59.999999
1134,Chandan Raut,Chandan,Chandan Chandan Raut,False,NO LOGON,False,\N,False,False,False,\N,(701) 555-0100,(701) 555-0101,chandan@tailspintoys.com,\N,\N,\N,1,2013-01-01 00:00:00,9999-12-31 23:59:59.999999
1135,Valentina Conti,Valentina,Valentina Valentina Conti,False,NO LOGON,False,\N,False,False,False,\N,(225) 555-0100,(225) 555-0101,valentina@tailspintoys.com,\N,\N,\N,1,2013-01-01 00:00:00,9999-12-31 23:59:59.999999
1136,Narayan Mukherjee,Narayan,Narayan Narayan Mukherjee,False,NO LOGON,False,\N,False,False,False,\N,(225) 555-0100,(225) 555-0101,narayan@tailspintoys.com,\N,\N,\N,1,2013-01-01 00:00:00,9999-12-31 23:59:59.999999
1137,Theodore Saucier,Theodore,Theodore Theodore Saucier,False,NO LOGON,False,\N,False,False,False,\N,(209) 555-0100,(209) 555-0101,theodore@tailspintoys.com,\N,\N,\N,1,2013-01-01 00:00:00,9999-12-31 23:59:59.999999
1138,Chaowalit Pornpipatpong,Chaowalit,Chaowalit Chaowalit Pornpipatpong,True,chaowalit@tailspintoys.com,False,\\x08100e03488e2dcaa95c62164963b28ba11dcaea6c98af05f8e92c613f2e15dd,False,False,False,"{""theme"":""ui-darkness"",""dateFormat"":""mm/dd/yy"",""timeZone"": ""PST"",""table"":{""pagingType"":""simple_numbers"",""pageLength"": 10},""favoritesOnDashboard"":true}",(209) 555-0100,(209) 555-0101,chaowalit@tailspintoys.com,\N,\N,\N,1,2016-05-31 23:14:00,9999-12-31 23:59:59.999999
1139,Mariana Fierro,Mariana,Mariana Mariana Fierro,False,NO LOGON,False,\N,False,False,False,\N,(217) 555-0100,(217) 555-0101,mariana@tailspintoys.com,\N,\N,\N,1,2013-01-01 00:00:00,9999-12-31 23:59:59.999999
1140,Ivana Kozakova,Ivana,Ivana Ivana Kozakova,False,NO LOGON,False,\N,False,False,False,\N,(217) 555-0100,(217) 555-0101,ivana@tailspintoys.com,\N,\N,\N,1,2013-01-01 00:00:00,9999-12-31 23:59:59.999999
1141,Afshin Djalili,Afshin,Afshin Afshin Djalili,False,NO LOGON,False,\N,False,False,False,\N,(231) 555-0100,(231) 555-0101,afshin@tailspintoys.com,\N,\N,\N,1,2013-01-01 00:00:00,9999-12-31 23:59:59.999999
1142,Vaclav Holy,Vaclav,Vaclav Vaclav Holy,False,NO LOGON,False,\N,False,False,False,\N,(231) 555-0100,(231) 555-0101,vaclav@tailspintoys.com,\N,\N,\N,1,2013-01-01 00:00:00,9999-12-31 23:59:59.999999
1143,Bianh Phan,Bianh,Bianh Bianh Phan,False,NO LOGON,False,\N,False,False,False,\N,(480) 555-0100,(480) 555-0101,bianh@tailspintoys.com,\N,\N,\N,1,2013-01-01 00:00:00,9999-12-31 23:59:59.999999
1144,Kanti Pipalia,Kanti,Kanti Kanti Pipalia,False,NO LOGON,False,\N,False,False,False,\N,(480) 555-0100,(480) 555-0101,kanti@tailspintoys.com,\N,\N,\N,1,2013-01-01 00:00:00,9999-12-31 23:59:59.999999
1145,Koknesis Vitols,Koknesis,Koknesis Koknesis Vitols,False,NO LOGON,False,\N,False,False,False,\N,(218) 555-0100,(218) 555-0101,koknesis@tailspintoys.com,\N,\N,\N,1,2013-01-01 00:00:00,9999-12-31 23:59:59.999999
1146,Malle Sepp,Malle,Malle Malle Sepp,False,NO LOGON,False,\N,False,False,False,\N,(218) 555-0100,(218) 555-0101,malle@tailspintoys.com,\N,\N,\N,1,2013-01-01 00:00:00,9999-12-31 23:59:59.999999
1147,Roxane Rastgu,Roxane,Roxane Roxane Rastgu,False,NO LOGON,False,\N,False,False,False,\N,(787) 555-0100,(787) 555-0101,roxane@tailspintoys.com,\N,\N,\N,1,2013-01-01 00:00:00,9999-12-31 23:59:59.999999
1148,Hue Chu,Hue,Hue Hue Chu,False,NO LOGON,False,\N,False,False,False,\N,(787) 555-0100,(787) 555-0101,hue@tailspintoys.com,\N,\N,\N,1,2013-01-01 00:00:00,9999-12-31 23:59:59.999999
1149,Vlasta Srbova,Vlasta,Vlasta Vlasta Srbova,False,NO LOGON,False,\N,False,False,False,\N,(203) 555-0100,(203) 555-0101,vlasta@tailspintoys.com,\N,\N,\N,1,2013-01-01 00:00:00,9999-12-31 23:59:59.999999
1150,Gadhar Ghosh,Gadhar,Gadhar Gadhar Ghosh,False,NO LOGON,False,\N,False,False,False,\N,(203) 555-0100,(203) 555-0101,gadhar@tailspintoys.com,\N,\N,\N,1,2013-01-01 00:00:00,9999-12-31 23:59:59.999999
1151,Lata Babu,Lata,Lata Lata Babu,False,NO LOGON,False,\N,False,False,False,\N,(405) 555-0100,(405) 555-0101,lata@tailspintoys.com,\N,\N,\N,1,2013-01-01 00:00:00,9999-12-31 23:59:59.999999
1152,Chandra De,Chandra,Chandra Chandra De,False,NO LOGON,False,\N,False,False,False,\N,(405) 555-0100,(405) 555-0101,chandra@tailspintoys.com,\N,\N,\N,1,2013-01-01 00:00:00,9999-12-31 23:59:59.999999
1153,Airi Vassiljev,Airi,Airi Airi Vassiljev,True,airi@tailspintoys.com,False,\\x43b6cbf6000604f71ac48c7224e4bf39e851a48e3b2022389285427055f8687e,False,False,False,"{""theme"":""le-frog"",""dateFormat"":""DD, MM d, yy"",""timeZone"": ""PST"",""table"":{""pagingType"":""simple_numbers"",""pageLength"": 10},""favoritesOnDashboard"":true}",(229) 555-0100,(229) 555-0101,airi@tailspintoys.com,\N,\N,\N,1,2016-05-31 23:14:00,9999-12-31 23:59:59.999999
1154,Hoang La,Hoang,Hoang Hoang La,False,NO LOGON,False,\N,False,False,False,\N,(229) 555-0100,(229) 555-0101,hoang@tailspintoys.com,\N,\N,\N,1,2013-01-01 00:00:00,9999-12-31 23:59:59.999999
1155,Duleep Walia,Duleep,Duleep Duleep Walia,False,NO LOGON,False,\N,False,False,False,\N,(206) 555-0100,(206) 555-0101,duleep@tailspintoys.com,\N,\N,\N,1,2013-01-01 00:00:00,9999-12-31 23:59:59.999999
1156,Satish Gill,Satish,Satish Satish Gill,False,NO LOGON,False,\N,False,False,False,\N,(206) 555-0100,(206) 555-0101,satish@tailspintoys.com,\N,\N,\N,1,2013-01-01 00:00:00,9999-12-31 23:59:59.999999
1157,Matyas Macek,Matyas,Matyas Matyas Macek,False,NO LOGON,False,\N,False,False,False,\N,(316) 555-0100,(316) 555-0101,matyas@tailspintoys.com,\N,\N,\N,1,2013-01-01 00:00:00,9999-12-31 23:59:59.999999
1158,Ethan Hopkins,Ethan,Ethan Ethan Hopkins,False,NO LOGON,False,\N,False,False,False,\N,(316) 555-0100,(316) 555-0101,ethan@tailspintoys.com,\N,\N,\N,1,2013-01-01 00:00:00,9999-12-31 23:59:59.999999
1159,Bharat Ankitham,Bharat,Bharat Bharat Ankitham,True,bharat@tailspintoys.com,False,\\xd5adb8354779d1b1e190e23d380bfa6844d8a7012cfccae1cdf3f9fe26018bc7,False,False,False,"{""theme"":""ui-darkness"",""dateFormat"":""mm/dd/yy"",""timeZone"": ""PST"",""table"":{""pagingType"":""simple"",""pageLength"": 10},""favoritesOnDashboard"":true}",(252) 555-0100,(252) 555-0101,bharat@tailspintoys.com,\N,\N,\N,1,2016-05-31 23:14:00,9999-12-31 23:59:59.999999
1160,Be Phan,Be,Be Be Phan,False,NO LOGON,False,\N,False,False,False,\N,(252) 555-0100,(252) 555-0101,be@tailspintoys.com,\N,\N,\N,1,2013-01-01 00:00:00,9999-12-31 23:59:59.999999
1161,Vera Kubatova,Vera,Vera Vera Kubatova,False,NO LOGON,False,\N,False,False,False,\N,(212) 555-0100,(212) 555-0101,vera@tailspintoys.com,\N,\N,\N,1,2013-01-01 00:00:00,9999-12-31 23:59:59.999999
1162,Diego Almeida,Diego,Diego Diego Almeida,False,NO LOGON,False,\N,False,False,False,\N,(212) 555-0100,(212) 555-0101,diego@tailspintoys.com,\N,\N,\N,1,2013-01-01 00:00:00,9999-12-31 23:59:59.999999
1163,Rakesh Nishad,Rakesh,Rakesh Rakesh Nishad,False,NO LOGON,False,\N,False,False,False,\N,(505) 555-0100,(505) 555-0101,rakesh@tailspintoys.com,\N,\N,\N,1,2013-01-01 00:00:00,9999-12-31 23:59:59.999999
1164,Huu Hoa,Huu,Huu Huu Hoa,True,huu@tailspintoys.com,False,\\x6ceae6e236a2ebee563ec2a941e439b9069e172eedd67d8a0243a5fecd9ddb99,False,False,False,"{""theme"":""humanity"",""dateFormat"":""dd/mm/yy"",""timeZone"": ""PST"",""table"":{""pagingType"":""simple"",""pageLength"": 10},""favoritesOnDashboard"":true}",(505) 555-0100,(505) 555-0101,huu@tailspintoys.com,\N,\N,\N,1,2016-05-31 23:14:00,9999-12-31 23:59:59.999999
1165,Sang Tran,Sang,Sang Sang Tran,False,NO LOGON,False,\N,False,False,False,\N,(201) 555-0100,(201) 555-0101,sang@tailspintoys.com,\N,\N,\N,1,2013-01-01 00:00:00,9999-12-31 23:59:59.999999
1166,Bela Nemeth,Bela,Bela Bela Nemeth,False,NO LOGON,False,\N,False,False,False,\N,(201) 555-0100,(201) 555-0101,bela@tailspintoys.com,\N,\N,\N,1,2013-01-01 00:00:00,9999-12-31 23:59:59.999999
1167,Eekalabya Bose,Eekalabya,Eekalabya Eekalabya Bose,False,NO LOGON,False,\N,False,False,False,\N,(787) 555-0100,(787) 555-0101,eekalabya@tailspintoys.com,\N,\N,\N,1,2013-01-01 00:00:00,9999-12-31 23:59:59.999999
1168,Margherita Bucco,Margherita,Margherita Margherita Bucco,False,NO LOGON,False,\N,False,False,False,\N,(787) 555-0100,(787) 555-0101,margherita@tailspintoys.com,\N,\N,\N,1,2013-01-01 00:00:00,9999-12-31 23:59:59.999999
1169,Tommy Kilpi,Tommy,Tommy Tommy Kilpi,False,NO LOGON,False,\N,False,False,False,\N,(303) 555-0100,(303) 555-0101,tommy@tailspintoys.com,\N,\N,\N,1,2013-01-01 00:00:00,9999-12-31 23:59:59.999999
1170,Giri Bhamidipati,Giri,Giri Giri Bhamidipati,False,NO LOGON,False,\N,False,False,False,\N,(303) 555-0100,(303) 555-0101,giri@tailspintoys.com,\N,\N,\N,1,2013-01-01 00:00:00,9999-12-31 23:59:59.999999
1171,Andrea Ricci,Andrea,Andrea Andrea Ricci,False,NO LOGON,False,\N,False,False,False,\N,(216) 555-0100,(216) 555-0101,andrea@tailspintoys.com,\N,\N,\N,1,2013-01-01 00:00:00,9999-12-31 23:59:59.999999
1172,Chung-Ho Han,Chung-Ho,Chung-Ho Chung-Ho Han,False,NO LOGON,False,\N,False,False,False,\N,(216) 555-0100,(216) 555-0101,chung-ho@tailspintoys.com,\N,\N,\N,1,2013-01-01 00:00:00,9999-12-31 23:59:59.999999
1173,Isabell  Duperre,Isabell ,Isabell  Isabell  Duperre,False,NO LOGON,False,\N,False,False,False,\N,(212) 555-0100,(212) 555-0101,isabell @tailspintoys.com,\N,\N,\N,1,2013-01-01 00:00:00,9999-12-31 23:59:59.999999
1174,Jasna Vujica,Jasna,Jasna Jasna Vujica,False,NO LOGON,False,\N,False,False,False,\N,(212) 555-0100,(212) 555-0101,jasna@tailspintoys.com,\N,\N,\N,1,2013-01-01 00:00:00,9999-12-31 23:59:59.999999
1175,Amarendra Ankitham,Amarendra,Amarendra Amarendra Ankitham,False,NO LOGON,False,\N,False,False,False,\N,(339) 555-0100,(339) 555-0101,amarendra@tailspintoys.com,\N,\N,\N,1,2013-01-01 00:00:00,9999-12-31 23:59:59.999999
1176,Isak Berggren,Isak,Isak Isak Berggren,False,NO LOGON,False,\N,False,False,False,\N,(339) 555-0100,(339) 555-0101,isak@tailspintoys.com,\N,\N,\N,1,2013-01-01 00:00:00,9999-12-31 23:59:59.999999
1177,Aakarsha Nookala,Aakarsha,Aakarsha Aakarsha Nookala,True,aakarsha@tailspintoys.com,False,\\xcb200a535bff77394c556e909f35158b7c45d318e7e0100e4b98899abc5797c5,False,False,False,"{""theme"":""blitzer"",""dateFormat"":""mm/dd/yy"",""timeZone"": ""PST"",""table"":{""pagingType"":""full"",""pageLength"": 50},""favoritesOnDashboard"":true}",(201) 555-0100,(201) 555-0101,aakarsha@tailspintoys.com,\N,\N,\N,1,2016-05-31 23:14:00,9999-12-31 23:59:59.999999
1178,Ilgonis Rozitis,Ilgonis,Ilgonis Ilgonis Rozitis,False,NO LOGON,False,\N,False,False,False,\N,(201) 555-0100,(201) 555-0101,ilgonis@tailspintoys.com,\N,\N,\N,1,2013-01-01 00:00:00,9999-12-31 23:59:59.999999
1179,Stanislav Sedlar,Stanislav,Stanislav Stanislav Sedlar,False,NO LOGON,False,\N,False,False,False,\N,(701) 555-0100,(701) 555-0101,stanislav@tailspintoys.com,\N,\N,\N,1,2013-01-01 00:00:00,9999-12-31 23:59:59.999999
1180,Telma Arvidsson,Telma,Telma Telma Arvidsson,False,NO LOGON,False,\N,False,False,False,\N,(701) 555-0100,(701) 555-0101,telma@tailspintoys.com,\N,\N,\N,1,2013-01-01 00:00:00,9999-12-31 23:59:59.999999
1181,GokCe Karaca,GokCe,GokCe GokCe Karaca,False,NO LOGON,False,\N,False,False,False,\N,(603) 555-0100,(603) 555-0101,gokce@tailspintoys.com,\N,\N,\N,1,2013-01-01 00:00:00,9999-12-31 23:59:59.999999
1182,Maria Munteanu,Maria,Maria Maria Munteanu,False,NO LOGON,False,\N,False,False,False,\N,(603) 555-0100,(603) 555-0101,maria@tailspintoys.com,\N,\N,\N,1,2013-01-01 00:00:00,9999-12-31 23:59:59.999999
1183,Coralie Emond,Coralie,Coralie Coralie Emond,False,NO LOGON,False,\N,False,False,False,\N,(803) 555-0100,(803) 555-0101,coralie@tailspintoys.com,\N,\N,\N,1,2013-01-01 00:00:00,9999-12-31 23:59:59.999999
1184,Cong Trung,Cong,Cong Cong Trung,False,NO LOGON,False,\N,False,False,False,\N,(803) 555-0100,(803) 555-0101,cong@tailspintoys.com,\N,\N,\N,1,2013-01-01 00:00:00,9999-12-31 23:59:59.999999
1185,Karina Celmina,Karina,Karina Karina Celmina,False,NO LOGON,False,\N,False,False,False,\N,(239) 555-0100,(239) 555-0101,karina@tailspintoys.com,\N,\N,\N,1,2013-01-01 00:00:00,9999-12-31 23:59:59.999999
1186,Nik Stoimenova,Nik,Nik Nik Stoimenova,False,NO LOGON,False,\N,False,False,False,\N,(239) 555-0100,(239) 555-0101,nik@tailspintoys.com,\N,\N,\N,1,2013-01-01 00:00:00,9999-12-31 23:59:59.999999
1187,Teresa Pisani,Teresa,Teresa Teresa Pisani,False,NO LOGON,False,\N,False,False,False,\N,(303) 555-0100,(303) 555-0101,teresa@tailspintoys.com,\N,\N,\N,1,2013-01-01 00:00:00,9999-12-31 23:59:59.999999
1188,Murugan Thakur,Murugan,Murugan Murugan Thakur,False,NO LOGON,False,\N,False,False,False,\N,(303) 555-0100,(303) 555-0101,murugan@tailspintoys.com,\N,\N,\N,1,2013-01-01 00:00:00,9999-12-31 23:59:59.999999
1189,Alba Ponce,Alba,Alba Alba Ponce,False,NO LOGON,False,\N,False,False,False,\N,(210) 555-0100,(210) 555-0101,alba@tailspintoys.com,\N,\N,\N,1,2013-01-01 00:00:00,9999-12-31 23:59:59.999999
1190,Antra Dzene,Antra,Antra Antra Dzene,False,NO LOGON,False,\N,False,False,False,\N,(210) 555-0100,(210) 555-0101,antra@tailspintoys.com,\N,\N,\N,1,2013-01-01 00:00:00,9999-12-31 23:59:59.999999
1191,Piper Leigh,Piper,Piper Piper Leigh,False,NO LOGON,False,\N,False,False,False,\N,(210) 555-0100,(210) 555-0101,piper@tailspintoys.com,\N,\N,\N,1,2013-01-01 00:00:00,9999-12-31 23:59:59.999999
1192,Jautrite Krievina,Jautrite,Jautrite Jautrite Krievina,False,NO LOGON,False,\N,False,False,False,\N,(210) 555-0100,(210) 555-0101,jautrite@tailspintoys.com,\N,\N,\N,1,2013-01-01 00:00:00,9999-12-31 23:59:59.999999
1193,Karie Seymour,Karie,Karie Karie Seymour,False,NO LOGON,False,\N,False,False,False,\N,(802) 555-0100,(802) 555-0101,karie@tailspintoys.com,\N,\N,\N,1,2013-01-01 00:00:00,9999-12-31 23:59:59.999999
1194,Lorenzo Lee,Lorenzo,Lorenzo Lorenzo Lee,True,lorenzo@tailspintoys.com,False,\\xa152498b39e565fa66cff4fa0c0279a50e86a6cff5c1081edb8613fdc862ee88,False,False,False,"{""theme"":""ui-darkness"",""dateFormat"":""dd/mm/yy"",""timeZone"": ""PST"",""table"":{""pagingType"":""simple"",""pageLength"": 10},""favoritesOnDashboard"":true}",(802) 555-0100,(802) 555-0101,lorenzo@tailspintoys.com,\N,\N,\N,1,2016-05-31 23:14:00,9999-12-31 23:59:59.999999
1195,Timea Peto,Timea,Timea Timea Peto,False,NO LOGON,False,\N,False,False,False,\N,(209) 555-0100,(209) 555-0101,timea@tailspintoys.com,\N,\N,\N,1,2013-01-01 00:00:00,9999-12-31 23:59:59.999999
1196,Amanat Shaker Doust,Amanat,Amanat Amanat Shaker Doust,False,NO LOGON,False,\N,False,False,False,\N,(209) 555-0100,(209) 555-0101,amanat@tailspintoys.com,\N,\N,\N,1,2013-01-01 00:00:00,9999-12-31 23:59:59.999999
1197,Victoria Ene,Victoria,Victoria Victoria Ene,False,NO LOGON,False,\N,False,False,False,\N,(205) 555-0100,(205) 555-0101,victoria@tailspintoys.com,\N,\N,\N,1,2013-01-01 00:00:00,9999-12-31 23:59:59.999999
1198,Panit Meesang,Panit,Panit Panit Meesang,False,NO LOGON,False,\N,False,False,False,\N,(205) 555-0100,(205) 555-0101,panit@tailspintoys.com,\N,\N,\N,1,2013-01-01 00:00:00,9999-12-31 23:59:59.999999
1199,Bhavani Bhowmick,Bhavani,Bhavani Bhavani Bhowmick,False,NO LOGON,False,\N,False,False,False,\N,(215) 555-0100,(215) 555-0101,bhavani@tailspintoys.com,\N,\N,\N,1,2013-01-01 00:00:00,9999-12-31 23:59:59.999999
1200,Ivica Debeljak,Ivica,Ivica Ivica Debeljak,False,NO LOGON,False,\N,False,False,False,\N,(215) 555-0100,(215) 555-0101,ivica@tailspintoys.com,\N,\N,\N,1,2013-01-01 00:00:00,9999-12-31 23:59:59.999999
1201,Yasmine Berggren,Yasmine,Yasmine Yasmine Berggren,False,NO LOGON,False,\N,False,False,False,\N,(505) 555-0100,(505) 555-0101,yasmine@tailspintoys.com,\N,\N,\N,1,2013-01-01 00:00:00,9999-12-31 23:59:59.999999
1202,Anima Bagchi,Anima,Anima Anima Bagchi,False,NO LOGON,False,\N,False,False,False,\N,(505) 555-0100,(505) 555-0101,anima@tailspintoys.com,\N,\N,\N,1,2013-01-01 00:00:00,9999-12-31 23:59:59.999999
1203,Tea Koppel,Tea,Tea Tea Koppel,False,NO LOGON,False,\N,False,False,False,\N,(209) 555-0100,(209) 555-0101,tea@tailspintoys.com,\N,\N,\N,1,2013-01-01 00:00:00,9999-12-31 23:59:59.999999
1204,Bozena Palatova,Bozena,Bozena Bozena Palatova,False,NO LOGON,False,\N,False,False,False,\N,(209) 555-0100,(209) 555-0101,bozena@tailspintoys.com,\N,\N,\N,1,2013-01-01 00:00:00,9999-12-31 23:59:59.999999
1205,Naseem Radan,Naseem,Naseem Naseem Radan,False,NO LOGON,False,\N,False,False,False,\N,(316) 555-0100,(316) 555-0101,naseem@tailspintoys.com,\N,\N,\N,1,2013-01-01 00:00:00,9999-12-31 23:59:59.999999
1206,Geza Olteanu,Geza,Geza Geza Olteanu,False,NO LOGON,False,\N,False,False,False,\N,(316) 555-0100,(316) 555-0101,geza@tailspintoys.com,\N,\N,\N,1,2013-01-01 00:00:00,9999-12-31 23:59:59.999999
1207,Laboni Deb,Laboni,Laboni Laboni Deb,True,laboni@tailspintoys.com,False,\\x79d0c3889dbc311007e3a18ab4a37e90d4a6a69f1c73986d8ecbbb496b278ac0,False,False,False,"{""theme"":""dark-hive"",""dateFormat"":""mm/dd/yy"",""timeZone"": ""PST"",""table"":{""pagingType"":""full"",""pageLength"": 50},""favoritesOnDashboard"":true}",(207) 555-0100,(207) 555-0101,laboni@tailspintoys.com,\N,\N,\N,1,2016-05-31 23:14:00,9999-12-31 23:59:59.999999
1208,Antonin Klaus,Antonin,Antonin Antonin Klaus,False,NO LOGON,False,\N,False,False,False,\N,(207) 555-0100,(207) 555-0101,antonin@tailspintoys.com,\N,\N,\N,1,2013-01-01 00:00:00,9999-12-31 23:59:59.999999
1209,Sung-Hwan Hwang,Sung-Hwan,Sung-Hwan Sung-Hwan Hwang,False,NO LOGON,False,\N,False,False,False,\N,(228) 555-0100,(228) 555-0101,sung-hwan@tailspintoys.com,\N,\N,\N,1,2013-01-01 00:00:00,9999-12-31 23:59:59.999999
1210,Reigo Rebane,Reigo,Reigo Reigo Rebane,False,NO LOGON,False,\N,False,False,False,\N,(228) 555-0100,(228) 555-0101,reigo@tailspintoys.com,\N,\N,\N,1,2013-01-01 00:00:00,9999-12-31 23:59:59.999999
1211,Shiva Pipalia,Shiva,Shiva Shiva Pipalia,False,NO LOGON,False,\N,False,False,False,\N,(480) 555-0100,(480) 555-0101,shiva@tailspintoys.com,\N,\N,\N,1,2013-01-01 00:00:00,9999-12-31 23:59:59.999999
1212,Aishwarya Beniwal,Aishwarya,Aishwarya Aishwarya Beniwal,False,NO LOGON,False,\N,False,False,False,\N,(480) 555-0100,(480) 555-0101,aishwarya@tailspintoys.com,\N,\N,\N,1,2013-01-01 00:00:00,9999-12-31 23:59:59.999999
1213,Karie Mercier,Karie,Karie Karie Mercier,False,NO LOGON,False,\N,False,False,False,\N,(209) 555-0100,(209) 555-0101,karie@tailspintoys.com,\N,\N,\N,1,2013-01-01 00:00:00,9999-12-31 23:59:59.999999
1214,Milada Buresova,Milada,Milada Milada Buresova,False,NO LOGON,False,\N,False,False,False,\N,(209) 555-0100,(209) 555-0101,milada@tailspintoys.com,\N,\N,\N,1,2013-01-01 00:00:00,9999-12-31 23:59:59.999999
1215,Bhanu Thota,Bhanu,Bhanu Bhanu Thota,True,bhanu@tailspintoys.com,False,\\xcc73a28a9ace972a48dcd88fc85496cb881937b43ce9b7f0b54ac21dab368ac6,False,False,False,"{""theme"":""ui-darkness"",""dateFormat"":""dd/mm/yy"",""timeZone"": ""PST"",""table"":{""pagingType"":""numbers"",""pageLength"": 10},""favoritesOnDashboard"":true}",(314) 555-0100,(314) 555-0101,bhanu@tailspintoys.com,\N,\N,\N,1,2016-05-31 23:14:00,9999-12-31 23:59:59.999999
1216,Cyrus Poursokh,Cyrus,Cyrus Cyrus Poursokh,False,NO LOGON,False,\N,False,False,False,\N,(314) 555-0100,(314) 555-0101,cyrus@tailspintoys.com,\N,\N,\N,1,2013-01-01 00:00:00,9999-12-31 23:59:59.999999
1217,Ae-Cha Joo,Ae-Cha,Ae-Cha Ae-Cha Joo,False,NO LOGON,False,\N,False,False,False,\N,(209) 555-0100,(209) 555-0101,ae-cha@tailspintoys.com,\N,\N,\N,1,2013-01-01 00:00:00,9999-12-31 23:59:59.999999
1218,Jawid Pourali,Jawid,Jawid Jawid Pourali,False,NO LOGON,False,\N,False,False,False,\N,(209) 555-0100,(209) 555-0101,jawid@tailspintoys.com,\N,\N,\N,1,2013-01-01 00:00:00,9999-12-31 23:59:59.999999
1219,Dinara Saparkyzy,Dinara,Dinara Dinara Saparkyzy,False,NO LOGON,False,\N,False,False,False,\N,(219) 555-0100,(219) 555-0101,dinara@tailspintoys.com,\N,\N,\N,1,2013-01-01 00:00:00,9999-12-31 23:59:59.999999
1220,Karel Sedlar,Karel,Karel Karel Sedlar,False,NO LOGON,False,\N,False,False,False,\N,(219) 555-0100,(219) 555-0101,karel@tailspintoys.com,\N,\N,\N,1,2013-01-01 00:00:00,9999-12-31 23:59:59.999999
1221,Adam Dvorak,Adam,Adam Adam Dvorak,False,NO LOGON,False,\N,False,False,False,\N,(239) 555-0100,(239) 555-0101,adam@tailspintoys.com,\N,\N,\N,1,2013-01-01 00:00:00,9999-12-31 23:59:59.999999
1222,Dhanishta Vankayala,Dhanishta,Dhanishta Dhanishta Vankayala,False,NO LOGON,False,\N,False,False,False,\N,(239) 555-0100,(239) 555-0101,dhanishta@tailspintoys.com,\N,\N,\N,1,2013-01-01 00:00:00,9999-12-31 23:59:59.999999
1223,Ingrida Celmina,Ingrida,Ingrida Ingrida Celmina,True,ingrida@tailspintoys.com,False,\\x7a32ac0bd4f01bf8524352ce31ea42336df054d9f53604b5cf479d3ebd038db7,False,False,False,"{""theme"":""le-frog"",""dateFormat"":""DD, MM d, yy"",""timeZone"": ""PST"",""table"":{""pagingType"":""simple_numbers"",""pageLength"": 10},""favoritesOnDashboard"":true}",(316) 555-0100,(316) 555-0101,ingrida@tailspintoys.com,\N,\N,\N,1,2016-05-31 23:14:00,9999-12-31 23:59:59.999999
1224,Be Dang,Be,Be Be Dang,True,be@tailspintoys.com,False,\\x87219463a786c2b6e1537b8e0c8f577a8a42a82136531ccbdd8fdb8d78d6f513,False,False,False,"{""theme"":""black-tie"",""dateFormat"":""dd/mm/yy"",""timeZone"": ""PST"",""table"":{""pagingType"":""simple"",""pageLength"": 10},""favoritesOnDashboard"":true}",(316) 555-0100,(316) 555-0101,be@tailspintoys.com,\N,\N,\N,1,2016-05-31 23:14:00,9999-12-31 23:59:59.999999
1225,Jae-Hwa Jang,Jae-Hwa,Jae-Hwa Jae-Hwa Jang,False,NO LOGON,False,\N,False,False,False,\N,(505) 555-0100,(505) 555-0101,jae-hwa@tailspintoys.com,\N,\N,\N,1,2013-01-01 00:00:00,9999-12-31 23:59:59.999999
1226,Clara Cunha,Clara,Clara Clara Cunha,False,NO LOGON,False,\N,False,False,False,\N,(505) 555-0100,(505) 555-0101,clara@tailspintoys.com,\N,\N,\N,1,2013-01-01 00:00:00,9999-12-31 23:59:59.999999
1227,Duck-Hwan Bae,Duck-Hwan,Duck-Hwan Duck-Hwan Bae,False,NO LOGON,False,\N,False,False,False,\N,(803) 555-0100,(803) 555-0101,duck-hwan@tailspintoys.com,\N,\N,\N,1,2013-01-01 00:00:00,9999-12-31 23:59:59.999999
1228,Surya Mishra,Surya,Surya Surya Mishra,True,surya@tailspintoys.com,False,\\x30e8bb2b9ee4bf33ed66db49ad3466d2326be50e4dc5eb27247284ffee3f0e63,False,False,False,"{""theme"":""dark-hive"",""dateFormat"":""mm/dd/yy"",""timeZone"": ""PST"",""table"":{""pagingType"":""simple_numbers"",""pageLength"": 10},""favoritesOnDashboard"":true}",(803) 555-0100,(803) 555-0101,surya@tailspintoys.com,\N,\N,\N,1,2016-05-31 23:14:00,9999-12-31 23:59:59.999999
1229,Jagoda Vasiljevic,Jagoda,Jagoda Jagoda Vasiljevic,True,jagoda@tailspintoys.com,False,\\x016fb0f1c3667441a9a46ea0f04a4323acea511ab02538666d755fa44b27461b,False,False,False,"{""theme"":""ui-darkness"",""dateFormat"":""mm/dd/yy"",""timeZone"": ""PST"",""table"":{""pagingType"":""simple"",""pageLength"": 10},""favoritesOnDashboard"":true}",(252) 555-0100,(252) 555-0101,jagoda@tailspintoys.com,\N,\N,\N,1,2016-05-31 23:14:00,9999-12-31 23:59:59.999999
1230,Eero Raud,Eero,Eero Eero Raud,False,NO LOGON,False,\N,False,False,False,\N,(252) 555-0100,(252) 555-0101,eero@tailspintoys.com,\N,\N,\N,1,2013-01-01 00:00:00,9999-12-31 23:59:59.999999
1231,Toma Nastase,Toma,Toma Toma Nastase,True,toma@tailspintoys.com,False,\\x37533a475be64c6268f778879e05dd3ddfdb4f702a43d42a34a10b5d23e3cb4d,False,False,False,"{""theme"":""black-tie"",""dateFormat"":""yy-mm-dd"",""timeZone"": ""PST"",""table"":{""pagingType"":""full_numbers"",""pageLength"": 25},""favoritesOnDashboard"":true}",(787) 555-0100,(787) 555-0101,toma@tailspintoys.com,\N,\N,\N,1,2016-05-31 23:14:00,9999-12-31 23:59:59.999999
1232,Arjuna Haldar,Arjuna,Arjuna Arjuna Haldar,False,NO LOGON,False,\N,False,False,False,\N,(787) 555-0100,(787) 555-0101,arjuna@tailspintoys.com,\N,\N,\N,1,2013-01-01 00:00:00,9999-12-31 23:59:59.999999
1233,Valerio Cardoso,Valerio,Valerio Valerio Cardoso,False,NO LOGON,False,\N,False,False,False,\N,(385) 555-0100,(385) 555-0101,valerio@tailspintoys.com,\N,\N,\N,1,2013-01-01 00:00:00,9999-12-31 23:59:59.999999
1234,Zac Wintle,Zac,Zac Zac Wintle,False,NO LOGON,False,\N,False,False,False,\N,(385) 555-0100,(385) 555-0101,zac@tailspintoys.com,\N,\N,\N,1,2013-01-01 00:00:00,9999-12-31 23:59:59.999999
1235,Ileana Aguilar,Ileana,Ileana Ileana Aguilar,False,NO LOGON,False,\N,False,False,False,\N,(207) 555-0100,(207) 555-0101,ileana@tailspintoys.com,\N,\N,\N,1,2013-01-01 00:00:00,9999-12-31 23:59:59.999999
1236,Cai Nguyen,Cai,Cai Cai Nguyen,False,NO LOGON,False,\N,False,False,False,\N,(207) 555-0100,(207) 555-0101,cai@tailspintoys.com,\N,\N,\N,1,2013-01-01 00:00:00,9999-12-31 23:59:59.999999
1237,Tjasa Weitzer,Tjasa,Tjasa Tjasa Weitzer,False,NO LOGON,False,\N,False,False,False,\N,(229) 555-0100,(229) 555-0101,tjasa@tailspintoys.com,\N,\N,\N,1,2013-01-01 00:00:00,9999-12-31 23:59:59.999999
1238,Shefali Bose,Shefali,Shefali Shefali Bose,False,NO LOGON,False,\N,False,False,False,\N,(229) 555-0100,(229) 555-0101,shefali@tailspintoys.com,\N,\N,\N,1,2013-01-01 00:00:00,9999-12-31 23:59:59.999999
1239,Lucas Van Veenen,Lucas,Lucas Lucas Van Veenen,False,NO LOGON,False,\N,False,False,False,\N,(216) 555-0100,(216) 555-0101,lucas@tailspintoys.com,\N,\N,\N,1,2013-01-01 00:00:00,9999-12-31 23:59:59.999999
1240,Farzana Saidi,Farzana,Farzana Farzana Saidi,False,NO LOGON,False,\N,False,False,False,\N,(216) 555-0100,(216) 555-0101,farzana@tailspintoys.com,\N,\N,\N,1,2013-01-01 00:00:00,9999-12-31 23:59:59.999999
1241,Steven Frasier,Steven,Steven Steven Frasier,False,NO LOGON,False,\N,False,False,False,\N,(218) 555-0100,(218) 555-0101,steven@tailspintoys.com,\N,\N,\N,1,2013-01-01 00:00:00,9999-12-31 23:59:59.999999
1242,Amaranaath Muppavarapu,Amaranaath,Amaranaath Amaranaath Muppavarapu,False,NO LOGON,False,\N,False,False,False,\N,(218) 555-0100,(218) 555-0101,amaranaath@tailspintoys.com,\N,\N,\N,1,2013-01-01 00:00:00,9999-12-31 23:59:59.999999
1243,Mauri Enestam,Mauri,Mauri Mauri Enestam,False,NO LOGON,False,\N,False,False,False,\N,(303) 555-0100,(303) 555-0101,mauri@tailspintoys.com,\N,\N,\N,1,2013-01-01 00:00:00,9999-12-31 23:59:59.999999
1244,Lakshmi Nair,Lakshmi,Lakshmi Lakshmi Nair,False,NO LOGON,False,\N,False,False,False,\N,(303) 555-0100,(303) 555-0101,lakshmi@tailspintoys.com,\N,\N,\N,1,2013-01-01 00:00:00,9999-12-31 23:59:59.999999
1245,Ella Zvirbule,Ella,Ella Ella Zvirbule,False,NO LOGON,False,\N,False,False,False,\N,(212) 555-0100,(212) 555-0101,ella@tailspintoys.com,\N,\N,\N,1,2013-01-01 00:00:00,9999-12-31 23:59:59.999999
1246,Vicente ChÃ¡vez,Vicente,Vicente Vicente ChÃ¡vez,False,NO LOGON,False,\N,False,False,False,\N,(212) 555-0100,(212) 555-0101,vicente@tailspintoys.com,\N,\N,\N,1,2013-01-01 00:00:00,9999-12-31 23:59:59.999999
1247,Sevim AydÄ±n,Sevim,Sevim Sevim AydÄ±n,False,NO LOGON,False,\N,False,False,False,\N,(216) 555-0100,(216) 555-0101,sevim@tailspintoys.com,\N,\N,\N,1,2013-01-01 00:00:00,9999-12-31 23:59:59.999999
1248,Tamer Ayhan,Tamer,Tamer Tamer Ayhan,False,NO LOGON,False,\N,False,False,False,\N,(216) 555-0100,(216) 555-0101,tamer@tailspintoys.com,\N,\N,\N,1,2013-01-01 00:00:00,9999-12-31 23:59:59.999999
1249,Blanka Stavinohova,Blanka,Blanka Blanka Stavinohova,False,NO LOGON,False,\N,False,False,False,\N,(304) 555-0100,(304) 555-0101,blanka@tailspintoys.com,\N,\N,\N,1,2013-01-01 00:00:00,9999-12-31 23:59:59.999999
1250,Josefa Diaz,Josefa,Josefa Josefa Diaz,False,NO LOGON,False,\N,False,False,False,\N,(304) 555-0100,(304) 555-0101,josefa@tailspintoys.com,\N,\N,\N,1,2013-01-01 00:00:00,9999-12-31 23:59:59.999999
1251,Akanksha Iyengar,Akanksha,Akanksha Akanksha Iyengar,False,NO LOGON,False,\N,False,False,False,\N,(201) 555-0100,(201) 555-0101,akanksha@tailspintoys.com,\N,\N,\N,1,2013-01-01 00:00:00,9999-12-31 23:59:59.999999
1252,Markus Kantee,Markus,Markus Markus Kantee,True,markus@tailspintoys.com,False,\\x23354c16e4ecc18e107a070a1d6bed07505f14608ef87400a1523ec74fbee5a9,False,False,False,"{""theme"":""black-tie"",""dateFormat"":""dd/mm/yy"",""timeZone"": ""PST"",""table"":{""pagingType"":""full"",""pageLength"": 50},""favoritesOnDashboard"":true}",(201) 555-0100,(201) 555-0101,markus@tailspintoys.com,\N,\N,\N,1,2016-05-31 23:14:00,9999-12-31 23:59:59.999999
1253,Kertu Smirnov,Kertu,Kertu Kertu Smirnov,False,NO LOGON,False,\N,False,False,False,\N,(206) 555-0100,(206) 555-0101,kertu@tailspintoys.com,\N,\N,\N,1,2013-01-01 00:00:00,9999-12-31 23:59:59.999999
1254,Lovro Kulaga,Lovro,Lovro Lovro Kulaga,True,lovro@tailspintoys.com,False,\\x720526ed914b6e0c9be12c7fa823ea80ac5db0cb58f6a18f5bc1abae84567074,False,False,False,"{""theme"":""blitzer"",""dateFormat"":""dd/mm/yy"",""timeZone"": ""PST"",""table"":{""pagingType"":""simple"",""pageLength"": 10},""favoritesOnDashboard"":true}",(206) 555-0100,(206) 555-0101,lovro@tailspintoys.com,\N,\N,\N,1,2016-05-31 23:14:00,9999-12-31 23:59:59.999999
1255,Jure Grabensek,Jure,Jure Jure Grabensek,False,NO LOGON,False,\N,False,False,False,\N,(303) 555-0100,(303) 555-0101,jure@tailspintoys.com,\N,\N,\N,1,2013-01-01 00:00:00,9999-12-31 23:59:59.999999
1256,Chompunut Jetjirawat,Chompunut,Chompunut Chompunut Jetjirawat,True,chompunut@tailspintoys.com,False,\\x7d4eecd17fd9c68bbd242f85ff26d9c203acd2348c1183690e67cf29bfe0f290,False,False,False,"{""theme"":""dark-hive"",""dateFormat"":""mm/dd/yy"",""timeZone"": ""PST"",""table"":{""pagingType"":""full_numbers"",""pageLength"": 25},""favoritesOnDashboard"":true}",(303) 555-0100,(303) 555-0101,chompunut@tailspintoys.com,\N,\N,\N,1,2016-05-31 23:14:00,9999-12-31 23:59:59.999999
1257,Javiera Madera,Javiera,Javiera Javiera Madera,False,NO LOGON,False,\N,False,False,False,\N,(231) 555-0100,(231) 555-0101,javiera@tailspintoys.com,\N,\N,\N,1,2013-01-01 00:00:00,9999-12-31 23:59:59.999999
1258,Geetanjali Bagchi,Geetanjali,Geetanjali Geetanjali Bagchi,False,NO LOGON,False,\N,False,False,False,\N,(231) 555-0100,(231) 555-0101,geetanjali@tailspintoys.com,\N,\N,\N,1,2013-01-01 00:00:00,9999-12-31 23:59:59.999999
1259,Aija Mottola,Aija,Aija Aija Mottola,False,NO LOGON,False,\N,False,False,False,\N,(201) 555-0100,(201) 555-0101,aija@tailspintoys.com,\N,\N,\N,1,2013-01-01 00:00:00,9999-12-31 23:59:59.999999
1260,Elli Berg,Elli,Elli Elli Berg,False,NO LOGON,False,\N,False,False,False,\N,(201) 555-0100,(201) 555-0101,elli@tailspintoys.com,\N,\N,\N,1,2013-01-01 00:00:00,9999-12-31 23:59:59.999999
1261,Darshan Gupta,Darshan,Darshan Darshan Gupta,False,NO LOGON,False,\N,False,False,False,\N,(907) 555-0100,(907) 555-0101,darshan@tailspintoys.com,\N,\N,\N,1,2013-01-01 00:00:00,9999-12-31 23:59:59.999999
1262,Prem Reddy,Prem,Prem Prem Reddy,True,prem@tailspintoys.com,False,\\x7e3f8f930789a13b88a7c7949c68a3ef4898ba0ad6b7ede52c0c249a295418ec,False,False,False,"{""theme"":""humanity"",""dateFormat"":""dd/mm/yy"",""timeZone"": ""PST"",""table"":{""pagingType"":""full"",""pageLength"": 50},""favoritesOnDashboard"":true}",(907) 555-0100,(907) 555-0101,prem@tailspintoys.com,\N,\N,\N,1,2016-05-31 23:14:00,9999-12-31 23:59:59.999999
1263,Akanksha Sarma,Akanksha,Akanksha Akanksha Sarma,True,akanksha@tailspintoys.com,False,\\x814d82cb878aabd3e865872190281a1230eff54e9a01903bd1ca44fbcf26d3ac,False,False,False,"{""theme"":""dark-hive"",""dateFormat"":""DD, MM d, yy"",""timeZone"": ""PST"",""table"":{""pagingType"":""simple_numbers"",""pageLength"": 10},""favoritesOnDashboard"":true}",(208) 555-0100,(208) 555-0101,akanksha@tailspintoys.com,\N,\N,\N,1,2016-05-31 23:14:00,9999-12-31 23:59:59.999999
1264,Edward Alfred,Edward,Edward Edward Alfred,False,NO LOGON,False,\N,False,False,False,\N,(208) 555-0100,(208) 555-0101,edward@tailspintoys.com,\N,\N,\N,1,2013-01-01 00:00:00,9999-12-31 23:59:59.999999
1265,Aino Kallas,Aino,Aino Aino Kallas,False,NO LOGON,False,\N,False,False,False,\N,(212) 555-0100,(212) 555-0101,aino@tailspintoys.com,\N,\N,\N,1,2013-01-01 00:00:00,9999-12-31 23:59:59.999999
1266,Dhaaruni Vinjamuri,Dhaaruni,Dhaaruni Dhaaruni Vinjamuri,False,NO LOGON,False,\N,False,False,False,\N,(212) 555-0100,(212) 555-0101,dhaaruni@tailspintoys.com,\N,\N,\N,1,2013-01-01 00:00:00,9999-12-31 23:59:59.999999
1267,An Dung Phung,An Dung,An Dung An Dung Phung,False,NO LOGON,False,\N,False,False,False,\N,(239) 555-0100,(239) 555-0101,an dung@tailspintoys.com,\N,\N,\N,1,2013-01-01 00:00:00,9999-12-31 23:59:59.999999
1268,Ioana Ibanescu,Ioana,Ioana Ioana Ibanescu,False,NO LOGON,False,\N,False,False,False,\N,(239) 555-0100,(239) 555-0101,ioana@tailspintoys.com,\N,\N,\N,1,2013-01-01 00:00:00,9999-12-31 23:59:59.999999
1269,Gaurav Sikdar,Gaurav,Gaurav Gaurav Sikdar,True,gaurav@tailspintoys.com,False,\\x138f0b341c854729c4a8962eb87b2feeffb035e29f23bbed0a81066f42bcf148,False,False,False,"{""theme"":""humanity"",""dateFormat"":""mm/dd/yy"",""timeZone"": ""PST"",""table"":{""pagingType"":""simple"",""pageLength"": 10},""favoritesOnDashboard"":true}",(314) 555-0100,(314) 555-0101,gaurav@tailspintoys.com,\N,\N,\N,1,2016-05-31 23:14:00,9999-12-31 23:59:59.999999
1270,Christian Berggren,Christian,Christian Christian Berggren,False,NO LOGON,False,\N,False,False,False,\N,(314) 555-0100,(314) 555-0101,christian@tailspintoys.com,\N,\N,\N,1,2013-01-01 00:00:00,9999-12-31 23:59:59.999999
1271,Anirban Sen,Anirban,Anirban Anirban Sen,False,NO LOGON,False,\N,False,False,False,\N,(702) 555-0100,(702) 555-0101,anirban@tailspintoys.com,\N,\N,\N,1,2013-01-01 00:00:00,9999-12-31 23:59:59.999999
1272,Joel Koivisto,Joel,Joel Joel Koivisto,False,NO LOGON,False,\N,False,False,False,\N,(702) 555-0100,(702) 555-0101,joel@tailspintoys.com,\N,\N,\N,1,2013-01-01 00:00:00,9999-12-31 23:59:59.999999
1273,Chandrakanta Benjaree,Chandrakanta,Chandrakanta Chandrakanta Benjaree,False,NO LOGON,False,\N,False,False,False,\N,(385) 555-0100,(385) 555-0101,chandrakanta@tailspintoys.com,\N,\N,\N,1,2013-01-01 00:00:00,9999-12-31 23:59:59.999999
1274,Joy Das,Joy,Joy Joy Das,False,NO LOGON,False,\N,False,False,False,\N,(385) 555-0100,(385) 555-0101,joy@tailspintoys.com,\N,\N,\N,1,2013-01-01 00:00:00,9999-12-31 23:59:59.999999
1275,Badari Chadalavada,Badari,Badari Badari Chadalavada,False,NO LOGON,False,\N,False,False,False,\N,(252) 555-0100,(252) 555-0101,badari@tailspintoys.com,\N,\N,\N,1,2013-01-01 00:00:00,9999-12-31 23:59:59.999999
1276,Zala Ude,Zala,Zala Zala Ude,False,NO LOGON,False,\N,False,False,False,\N,(252) 555-0100,(252) 555-0101,zala@tailspintoys.com,\N,\N,\N,1,2013-01-01 00:00:00,9999-12-31 23:59:59.999999
1277,Gabriele Udinesi,Gabriele,Gabriele Gabriele Udinesi,False,NO LOGON,False,\N,False,False,False,\N,(803) 555-0100,(803) 555-0101,gabriele@tailspintoys.com,\N,\N,\N,1,2013-01-01 00:00:00,9999-12-31 23:59:59.999999
1278,Murugan Dewangan,Murugan,Murugan Murugan Dewangan,False,NO LOGON,False,\N,False,False,False,\N,(803) 555-0100,(803) 555-0101,murugan@tailspintoys.com,\N,\N,\N,1,2013-01-01 00:00:00,9999-12-31 23:59:59.999999
1279,Malay PrabhupÄda,Malay,Malay Malay PrabhupÄda,False,NO LOGON,False,\N,False,False,False,\N,(316) 555-0100,(316) 555-0101,malay@tailspintoys.com,\N,\N,\N,1,2013-01-01 00:00:00,9999-12-31 23:59:59.999999
1280,Nghi Ly,Nghi,Nghi Nghi Ly,False,NO LOGON,False,\N,False,False,False,\N,(316) 555-0100,(316) 555-0101,nghi@tailspintoys.com,\N,\N,\N,1,2013-01-01 00:00:00,9999-12-31 23:59:59.999999
1281,Hedi Koppel,Hedi,Hedi Hedi Koppel,False,NO LOGON,False,\N,False,False,False,\N,(314) 555-0100,(314) 555-0101,hedi@tailspintoys.com,\N,\N,\N,1,2013-01-01 00:00:00,9999-12-31 23:59:59.999999
1282,Teodors Klavins,Teodors,Teodors Teodors Klavins,False,NO LOGON,False,\N,False,False,False,\N,(314) 555-0100,(314) 555-0101,teodors@tailspintoys.com,\N,\N,\N,1,2013-01-01 00:00:00,9999-12-31 23:59:59.999999
1283,Denisa Ioveanu,Denisa,Denisa Denisa Ioveanu,False,NO LOGON,False,\N,False,False,False,\N,(907) 555-0100,(907) 555-0101,denisa@tailspintoys.com,\N,\N,\N,1,2013-01-01 00:00:00,9999-12-31 23:59:59.999999
1284,Cosmin Nutiu,Cosmin,Cosmin Cosmin Nutiu,False,NO LOGON,False,\N,False,False,False,\N,(907) 555-0100,(907) 555-0101,cosmin@tailspintoys.com,\N,\N,\N,1,2013-01-01 00:00:00,9999-12-31 23:59:59.999999
1285,Vaclav Polaskova,Vaclav,Vaclav Vaclav Polaskova,False,NO LOGON,False,\N,False,False,False,\N,(216) 555-0100,(216) 555-0101,vaclav@tailspintoys.com,\N,\N,\N,1,2013-01-01 00:00:00,9999-12-31 23:59:59.999999
1286,Georg Valbe,Georg,Georg Georg Valbe,True,georg@tailspintoys.com,False,\\xfbf469b0e38663243bb141ae80f893edae22e04af66d040d17b492536c9d5136,False,False,False,"{""theme"":""le-frog"",""dateFormat"":""mm/dd/yy"",""timeZone"": ""PST"",""table"":{""pagingType"":""full_numbers"",""pageLength"": 25},""favoritesOnDashboard"":true}",(216) 555-0100,(216) 555-0101,georg@tailspintoys.com,\N,\N,\N,1,2016-05-31 23:14:00,9999-12-31 23:59:59.999999
1287,Pramod Nishad,Pramod,Pramod Pramod Nishad,True,pramod@tailspintoys.com,False,\\x5d16e6926727c238c38d31e07697449cc154ec97331e73c6e5581edc9baac2d6,False,False,False,"{""theme"":""black-tie"",""dateFormat"":""mm/dd/yy"",""timeZone"": ""PST"",""table"":{""pagingType"":""full"",""pageLength"": 50},""favoritesOnDashboard"":true}",(225) 555-0100,(225) 555-0101,pramod@tailspintoys.com,\N,\N,\N,1,2016-05-31 23:14:00,9999-12-31 23:59:59.999999
1288,Avani Aggarwal,Avani,Avani Avani Aggarwal,True,avani@tailspintoys.com,False,\\x673f4074fa095fad6fbdb32c42003c0bc2ca12814e84b69e679c59f51d88b45e,False,False,False,"{""theme"":""ui-darkness"",""dateFormat"":""mm/dd/yy"",""timeZone"": ""PST"",""table"":{""pagingType"":""simple_numbers"",""pageLength"": 10},""favoritesOnDashboard"":true}",(225) 555-0100,(225) 555-0101,avani@tailspintoys.com,\N,\N,\N,1,2016-05-31 23:14:00,9999-12-31 23:59:59.999999
1289,Prasong Tuntayakul,Prasong,Prasong Prasong Tuntayakul,True,prasong@tailspintoys.com,False,\\x30bc048cc8a63cc96c3d62f6bd267477a1577ce59f473c30fbc626a4d604358b,False,False,False,"{""theme"":""blitzer"",""dateFormat"":""mm/dd/yy"",""timeZone"": ""PST"",""table"":{""pagingType"":""simple"",""pageLength"": 10},""favoritesOnDashboard"":true}",(201) 555-0100,(201) 555-0101,prasong@tailspintoys.com,\N,\N,\N,1,2016-05-31 23:14:00,9999-12-31 23:59:59.999999
1290,Mariela Pasek,Mariela,Mariela Mariela Pasek,False,NO LOGON,False,\N,False,False,False,\N,(201) 555-0100,(201) 555-0101,mariela@tailspintoys.com,\N,\N,\N,1,2013-01-01 00:00:00,9999-12-31 23:59:59.999999
1291,Aija Zvaigzne,Aija,Aija Aija Zvaigzne,False,NO LOGON,False,\N,False,False,False,\N,(205) 555-0100,(205) 555-0101,aija@tailspintoys.com,\N,\N,\N,1,2013-01-01 00:00:00,9999-12-31 23:59:59.999999
1292,Dharanikumaar Sonti,Dharanikumaar,Dharanikumaar Dharanikumaar Sonti,False,NO LOGON,False,\N,False,False,False,\N,(205) 555-0100,(205) 555-0101,dharanikumaar@tailspintoys.com,\N,\N,\N,1,2013-01-01 00:00:00,9999-12-31 23:59:59.999999
1293,Gilbert Pelland,Gilbert,Gilbert Gilbert Pelland,False,NO LOGON,False,\N,False,False,False,\N,(406) 555-0100,(406) 555-0101,gilbert@tailspintoys.com,\N,\N,\N,1,2013-01-01 00:00:00,9999-12-31 23:59:59.999999
1294,Ngoc Cao,Ngoc,Ngoc Ngoc Cao,False,NO LOGON,False,\N,False,False,False,\N,(406) 555-0100,(406) 555-0101,ngoc@tailspintoys.com,\N,\N,\N,1,2013-01-01 00:00:00,9999-12-31 23:59:59.999999
1295,Marcella Napolitani,Marcella,Marcella Marcella Napolitani,False,NO LOGON,False,\N,False,False,False,\N,(262) 555-0100,(262) 555-0101,marcella@tailspintoys.com,\N,\N,\N,1,2013-01-01 00:00:00,9999-12-31 23:59:59.999999
1296,Pavol Oravec,Pavol,Pavol Pavol Oravec,False,NO LOGON,False,\N,False,False,False,\N,(262) 555-0100,(262) 555-0101,pavol@tailspintoys.com,\N,\N,\N,1,2013-01-01 00:00:00,9999-12-31 23:59:59.999999
1297,Femke Hollenberg,Femke,Femke Femke Hollenberg,False,NO LOGON,False,\N,False,False,False,\N,(218) 555-0100,(218) 555-0101,femke@tailspintoys.com,\N,\N,\N,1,2013-01-01 00:00:00,9999-12-31 23:59:59.999999
1298,Roman Kubat,Roman,Roman Roman Kubat,False,NO LOGON,False,\N,False,False,False,\N,(218) 555-0100,(218) 555-0101,roman@tailspintoys.com,\N,\N,\N,1,2013-01-01 00:00:00,9999-12-31 23:59:59.999999
1299,Brita Jarvi,Brita,Brita Brita Jarvi,False,NO LOGON,False,\N,False,False,False,\N,(212) 555-0100,(212) 555-0101,brita@tailspintoys.com,\N,\N,\N,1,2013-01-01 00:00:00,9999-12-31 23:59:59.999999
1300,Lucie Hrdlickova,Lucie,Lucie Lucie Hrdlickova,False,NO LOGON,False,\N,False,False,False,\N,(212) 555-0100,(212) 555-0101,lucie@tailspintoys.com,\N,\N,\N,1,2013-01-01 00:00:00,9999-12-31 23:59:59.999999
1301,Donato Araujo,Donato,Donato Donato Araujo,False,NO LOGON,False,\N,False,False,False,\N,(480) 555-0100,(480) 555-0101,donato@tailspintoys.com,\N,\N,\N,1,2013-01-01 00:00:00,9999-12-31 23:59:59.999999
1302,Alaine Berthelette,Alaine,Alaine Alaine Berthelette,False,NO LOGON,False,\N,False,False,False,\N,(480) 555-0100,(480) 555-0101,alaine@tailspintoys.com,\N,\N,\N,1,2013-01-01 00:00:00,9999-12-31 23:59:59.999999
1303,Aleksander Jarvi,Aleksander,Aleksander Aleksander Jarvi,False,NO LOGON,False,\N,False,False,False,\N,(406) 555-0100,(406) 555-0101,aleksander@tailspintoys.com,\N,\N,\N,1,2013-01-01 00:00:00,9999-12-31 23:59:59.999999
1304,Kurt Konecny,Kurt,Kurt Kurt Konecny,False,NO LOGON,False,\N,False,False,False,\N,(406) 555-0100,(406) 555-0101,kurt@tailspintoys.com,\N,\N,\N,1,2013-01-01 00:00:00,9999-12-31 23:59:59.999999
1305,Malati Shenoy,Malati,Malati Malati Shenoy,False,NO LOGON,False,\N,False,False,False,\N,(218) 555-0100,(218) 555-0101,malati@tailspintoys.com,\N,\N,\N,1,2013-01-01 00:00:00,9999-12-31 23:59:59.999999
1306,Duong Duong,Duong,Duong Duong Duong,False,NO LOGON,False,\N,False,False,False,\N,(218) 555-0100,(218) 555-0101,duong@tailspintoys.com,\N,\N,\N,1,2013-01-01 00:00:00,9999-12-31 23:59:59.999999
1307,Gui-Hyun Ji,Gui-Hyun,Gui-Hyun Gui-Hyun Ji,False,NO LOGON,False,\N,False,False,False,\N,(218) 555-0100,(218) 555-0101,gui-hyun@tailspintoys.com,\N,\N,\N,1,2013-01-01 00:00:00,9999-12-31 23:59:59.999999
1308,Karl Kangur,Karl,Karl Karl Kangur,False,NO LOGON,False,\N,False,False,False,\N,(218) 555-0100,(218) 555-0101,karl@tailspintoys.com,\N,\N,\N,1,2013-01-01 00:00:00,9999-12-31 23:59:59.999999
1309,Michal Polaskova,Michal,Michal Michal Polaskova,False,NO LOGON,False,\N,False,False,False,\N,(262) 555-0100,(262) 555-0101,michal@tailspintoys.com,\N,\N,\N,1,2013-01-01 00:00:00,9999-12-31 23:59:59.999999
1310,Debendra Chakraborty,Debendra,Debendra Debendra Chakraborty,False,NO LOGON,False,\N,False,False,False,\N,(262) 555-0100,(262) 555-0101,debendra@tailspintoys.com,\N,\N,\N,1,2013-01-01 00:00:00,9999-12-31 23:59:59.999999
1311,Dilara Ayhan,Dilara,Dilara Dilara Ayhan,False,NO LOGON,False,\N,False,False,False,\N,(210) 555-0100,(210) 555-0101,dilara@tailspintoys.com,\N,\N,\N,1,2013-01-01 00:00:00,9999-12-31 23:59:59.999999
1312,Virgiliu Vladu,Virgiliu,Virgiliu Virgiliu Vladu,False,NO LOGON,False,\N,False,False,False,\N,(210) 555-0100,(210) 555-0101,virgiliu@tailspintoys.com,\N,\N,\N,1,2013-01-01 00:00:00,9999-12-31 23:59:59.999999
1313,Peter Macias,Peter,Peter Peter Macias,False,NO LOGON,False,\N,False,False,False,\N,(205) 555-0100,(205) 555-0101,peter@tailspintoys.com,\N,\N,\N,1,2013-01-01 00:00:00,9999-12-31 23:59:59.999999
1314,Nasrin Fard,Nasrin,Nasrin Nasrin Fard,True,nasrin@tailspintoys.com,False,\\x6e0c8af2e955bfd02744b86bcbc562b97c3b8486ecb7001f419c8d646a11f95d,False,False,False,"{""theme"":""le-frog"",""dateFormat"":""dd/mm/yy"",""timeZone"": ""PST"",""table"":{""pagingType"":""simple"",""pageLength"": 10},""favoritesOnDashboard"":true}",(205) 555-0100,(205) 555-0101,nasrin@tailspintoys.com,\N,\N,\N,1,2016-05-31 23:14:00,9999-12-31 23:59:59.999999
1315,Kurt Lukes,Kurt,Kurt Kurt Lukes,False,NO LOGON,False,\N,False,False,False,\N,(225) 555-0100,(225) 555-0101,kurt@tailspintoys.com,\N,\N,\N,1,2013-01-01 00:00:00,9999-12-31 23:59:59.999999
1316,Daman Devulapalli,Daman,Daman Daman Devulapalli,False,NO LOGON,False,\N,False,False,False,\N,(225) 555-0100,(225) 555-0101,daman@tailspintoys.com,\N,\N,\N,1,2013-01-01 00:00:00,9999-12-31 23:59:59.999999
1317,Beatrise Bite,Beatrise,Beatrise Beatrise Bite,False,NO LOGON,False,\N,False,False,False,\N,(218) 555-0100,(218) 555-0101,beatrise@tailspintoys.com,\N,\N,\N,1,2013-01-01 00:00:00,9999-12-31 23:59:59.999999
1318,Hele Semjonov,Hele,Hele Hele Semjonov,True,hele@tailspintoys.com,False,\\x61b7c9c8d624065cb8298e99e79abb5cc354600e129bb26681d42458063d16eb,False,False,False,"{""theme"":""humanity"",""dateFormat"":""mm/dd/yy"",""timeZone"": ""PST"",""table"":{""pagingType"":""simple_numbers"",""pageLength"": 10},""favoritesOnDashboard"":true}",(218) 555-0100,(218) 555-0101,hele@tailspintoys.com,\N,\N,\N,1,2016-05-31 23:14:00,9999-12-31 23:59:59.999999
1319,Bishwanath Ghosh,Bishwanath,Bishwanath Bishwanath Ghosh,False,NO LOGON,False,\N,False,False,False,\N,(701) 555-0100,(701) 555-0101,bishwanath@tailspintoys.com,\N,\N,\N,1,2013-01-01 00:00:00,9999-12-31 23:59:59.999999
1320,Gasper Jovicevic,Gasper,Gasper Gasper Jovicevic,False,NO LOGON,False,\N,False,False,False,\N,(701) 555-0100,(701) 555-0101,gasper@tailspintoys.com,\N,\N,\N,1,2013-01-01 00:00:00,9999-12-31 23:59:59.999999
1321,Gianguido Lucchesi,Gianguido,Gianguido Gianguido Lucchesi,False,NO LOGON,False,\N,False,False,False,\N,(303) 555-0100,(303) 555-0101,gianguido@tailspintoys.com,\N,\N,\N,1,2013-01-01 00:00:00,9999-12-31 23:59:59.999999
1322,Harihar Chatterjee,Harihar,Harihar Harihar Chatterjee,False,NO LOGON,False,\N,False,False,False,\N,(303) 555-0100,(303) 555-0101,harihar@tailspintoys.com,\N,\N,\N,1,2013-01-01 00:00:00,9999-12-31 23:59:59.999999
1323,Nu Bach,Nu,Nu Nu Bach,False,NO LOGON,False,\N,False,False,False,\N,(212) 555-0100,(212) 555-0101,nu@tailspintoys.com,\N,\N,\N,1,2013-01-01 00:00:00,9999-12-31 23:59:59.999999
1324,Gautama Reddy,Gautama,Gautama Gautama Reddy,False,NO LOGON,False,\N,False,False,False,\N,(212) 555-0100,(212) 555-0101,gautama@tailspintoys.com,\N,\N,\N,1,2013-01-01 00:00:00,9999-12-31 23:59:59.999999
1325,Ivonna Ene,Ivonna,Ivonna Ivonna Ene,False,NO LOGON,False,\N,False,False,False,\N,(702) 555-0100,(702) 555-0101,ivonna@tailspintoys.com,\N,\N,\N,1,2013-01-01 00:00:00,9999-12-31 23:59:59.999999
1326,Girish Banerjee,Girish,Girish Girish Banerjee,False,NO LOGON,False,\N,False,False,False,\N,(702) 555-0100,(702) 555-0101,girish@tailspintoys.com,\N,\N,\N,1,2013-01-01 00:00:00,9999-12-31 23:59:59.999999
1327,Ceyhun sahin,Ceyhun,Ceyhun Ceyhun sahin,False,NO LOGON,False,\N,False,False,False,\N,(215) 555-0100,(215) 555-0101,ceyhun@tailspintoys.com,\N,\N,\N,1,2013-01-01 00:00:00,9999-12-31 23:59:59.999999
1328,Dhir Bhattacharya,Dhir,Dhir Dhir Bhattacharya,False,NO LOGON,False,\N,False,False,False,\N,(215) 555-0100,(215) 555-0101,dhir@tailspintoys.com,\N,\N,\N,1,2013-01-01 00:00:00,9999-12-31 23:59:59.999999
1329,Tian Peng,Tian,Tian Tian Peng,False,NO LOGON,False,\N,False,False,False,\N,(203) 555-0100,(203) 555-0101,tian@tailspintoys.com,\N,\N,\N,1,2013-01-01 00:00:00,9999-12-31 23:59:59.999999
1330,Mariano Costa,Mariano,Mariano Mariano Costa,True,mariano@tailspintoys.com,False,\\x73257e5b3555a7181f61ef07f519e82a9a70a61d67f4770be7cc7edeab1f9139,False,False,False,"{""theme"":""ui-darkness"",""dateFormat"":""mm/dd/yy"",""timeZone"": ""PST"",""table"":{""pagingType"":""numbers"",""pageLength"": 10},""favoritesOnDashboard"":true}",(203) 555-0100,(203) 555-0101,mariano@tailspintoys.com,\N,\N,\N,1,2016-05-31 23:14:00,9999-12-31 23:59:59.999999
1331,Vlastimil Bohuslav,Vlastimil,Vlastimil Vlastimil Bohuslav,False,NO LOGON,False,\N,False,False,False,\N,(210) 555-0100,(210) 555-0101,vlastimil@tailspintoys.com,\N,\N,\N,1,2013-01-01 00:00:00,9999-12-31 23:59:59.999999
1332,Beau  Boule,Beau ,Beau  Beau  Boule,False,NO LOGON,False,\N,False,False,False,\N,(210) 555-0100,(210) 555-0101,beau @tailspintoys.com,\N,\N,\N,1,2013-01-01 00:00:00,9999-12-31 23:59:59.999999
1333,Nejc Vosnik,Nejc,Nejc Nejc Vosnik,False,NO LOGON,False,\N,False,False,False,\N,(210) 555-0100,(210) 555-0101,nejc@tailspintoys.com,\N,\N,\N,1,2013-01-01 00:00:00,9999-12-31 23:59:59.999999
1334,Amalendu Veturi,Amalendu,Amalendu Amalendu Veturi,True,amalendu@tailspintoys.com,False,\\xaef75431ad5f43c267600c197583712b23646f0fb35973e664fa55f4da4450eb,False,False,False,"{""theme"":""ui-darkness"",""dateFormat"":""dd/mm/yy"",""timeZone"": ""PST"",""table"":{""pagingType"":""simple"",""pageLength"": 10},""favoritesOnDashboard"":true}",(210) 555-0100,(210) 555-0101,amalendu@tailspintoys.com,\N,\N,\N,1,2016-05-31 23:14:00,9999-12-31 23:59:59.999999
1335,Anindo Mazumdar,Anindo,Anindo Anindo Mazumdar,False,NO LOGON,False,\N,False,False,False,\N,(210) 555-0100,(210) 555-0101,anindo@tailspintoys.com,\N,\N,\N,1,2013-01-01 00:00:00,9999-12-31 23:59:59.999999
1336,Tarja Saikkonen,Tarja,Tarja Tarja Saikkonen,False,NO LOGON,False,\N,False,False,False,\N,(210) 555-0100,(210) 555-0101,tarja@tailspintoys.com,\N,\N,\N,1,2013-01-01 00:00:00,9999-12-31 23:59:59.999999
1337,Nils Balodis,Nils,Nils Nils Balodis,False,NO LOGON,False,\N,False,False,False,\N,(307) 555-0100,(307) 555-0101,nils@tailspintoys.com,\N,\N,\N,1,2013-01-01 00:00:00,9999-12-31 23:59:59.999999
1338,Bernadette    Potvin,Bernadette   ,Bernadette    Bernadette    Potvin,False,NO LOGON,False,\N,False,False,False,\N,(307) 555-0100,(307) 555-0101,bernadette   @tailspintoys.com,\N,\N,\N,1,2013-01-01 00:00:00,9999-12-31 23:59:59.999999
1339,Daniella Barbosa,Daniella,Daniella Daniella Barbosa,True,daniella@tailspintoys.com,False,\\xabe5e48dc5339724c6832dbdfe467781e534e01aa40e51a858db3ba0d60b8a6c,False,False,False,"{""theme"":""humanity"",""dateFormat"":""mm/dd/yy"",""timeZone"": ""PST"",""table"":{""pagingType"":""simple"",""pageLength"": 10},""favoritesOnDashboard"":true}",(212) 555-0100,(212) 555-0101,daniella@tailspintoys.com,\N,\N,\N,1,2016-05-31 23:14:00,9999-12-31 23:59:59.999999
1340,Nancy Hansson,Nancy,Nancy Nancy Hansson,False,NO LOGON,False,\N,False,False,False,\N,(212) 555-0100,(212) 555-0101,nancy@tailspintoys.com,\N,\N,\N,1,2013-01-01 00:00:00,9999-12-31 23:59:59.999999
1341,Raymond Levesque,Raymond,Raymond Raymond Levesque,False,NO LOGON,False,\N,False,False,False,\N,(201) 555-0100,(201) 555-0101,raymond@tailspintoys.com,\N,\N,\N,1,2013-01-01 00:00:00,9999-12-31 23:59:59.999999
1342,Linda Fisher,Linda,Linda Linda Fisher,False,NO LOGON,False,\N,False,False,False,\N,(201) 555-0100,(201) 555-0101,linda@tailspintoys.com,\N,\N,\N,1,2013-01-01 00:00:00,9999-12-31 23:59:59.999999
1343,Raymond Desforges,Raymond,Raymond Raymond Desforges,False,NO LOGON,False,\N,False,False,False,\N,(505) 555-0100,(505) 555-0101,raymond@tailspintoys.com,\N,\N,\N,1,2013-01-01 00:00:00,9999-12-31 23:59:59.999999
1344,Stern Neumann,Stern,Stern Stern Neumann,False,NO LOGON,False,\N,False,False,False,\N,(505) 555-0100,(505) 555-0101,stern@tailspintoys.com,\N,\N,\N,1,2013-01-01 00:00:00,9999-12-31 23:59:59.999999
1345,Raju Atluri,Raju,Raju Raju Atluri,False,NO LOGON,False,\N,False,False,False,\N,(212) 555-0100,(212) 555-0101,raju@tailspintoys.com,\N,\N,\N,1,2013-01-01 00:00:00,9999-12-31 23:59:59.999999
1346,Cezar Preda,Cezar,Cezar Cezar Preda,True,cezar@tailspintoys.com,False,\\x86c3c346fc557853d224f75974e744f3c0534ad61f03e62f6c54d4469959d368,False,False,False,"{""theme"":""humanity"",""dateFormat"":""mm/dd/yy"",""timeZone"": ""PST"",""table"":{""pagingType"":""full_numbers"",""pageLength"": 25},""favoritesOnDashboard"":true}",(212) 555-0100,(212) 555-0101,cezar@tailspintoys.com,\N,\N,\N,1,2016-05-31 23:14:00,9999-12-31 23:59:59.999999
1347,Matyas Bohuslav,Matyas,Matyas Matyas Bohuslav,False,NO LOGON,False,\N,False,False,False,\N,(239) 555-0100,(239) 555-0101,matyas@tailspintoys.com,\N,\N,\N,1,2013-01-01 00:00:00,9999-12-31 23:59:59.999999
1348,Ambaajeeraav Ghattamaneni,Ambaajeeraav,Ambaajeeraav Ambaajeeraav Ghattamaneni,False,NO LOGON,False,\N,False,False,False,\N,(239) 555-0100,(239) 555-0101,ambaajeeraav@tailspintoys.com,\N,\N,\N,1,2013-01-01 00:00:00,9999-12-31 23:59:59.999999
1349,Julio Correa,Julio,Julio Julio Correa,False,NO LOGON,False,\N,False,False,False,\N,(505) 555-0100,(505) 555-0101,julio@tailspintoys.com,\N,\N,\N,1,2013-01-01 00:00:00,9999-12-31 23:59:59.999999
1350,Hamsapriya Nandamuri,Hamsapriya,Hamsapriya Hamsapriya Nandamuri,True,hamsapriya@tailspintoys.com,False,\\x1c62883fbb7545aef98d25361e130b29ce07330affb506fab7dd8c162efee5c9,False,False,False,"{""theme"":""black-tie"",""dateFormat"":""mm/dd/yy"",""timeZone"": ""PST"",""table"":{""pagingType"":""numbers"",""pageLength"": 10},""favoritesOnDashboard"":true}",(505) 555-0100,(505) 555-0101,hamsapriya@tailspintoys.com,\N,\N,\N,1,2016-05-31 23:14:00,9999-12-31 23:59:59.999999
1351,Banshari De,Banshari,Banshari Banshari De,False,NO LOGON,False,\N,False,False,False,\N,(206) 555-0100,(206) 555-0101,banshari@tailspintoys.com,\N,\N,\N,1,2013-01-01 00:00:00,9999-12-31 23:59:59.999999
1352,Sudhir Yadav,Sudhir,Sudhir Sudhir Yadav,True,sudhir@tailspintoys.com,False,\\x8abbcef7314ef5ec6a8269d4125b07b04097aac128df12e21252e7173fc11a5a,False,False,False,"{""theme"":""blitzer"",""dateFormat"":""dd/mm/yy"",""timeZone"": ""PST"",""table"":{""pagingType"":""full"",""pageLength"": 50},""favoritesOnDashboard"":true}",(206) 555-0100,(206) 555-0101,sudhir@tailspintoys.com,\N,\N,\N,1,2016-05-31 23:14:00,9999-12-31 23:59:59.999999
1353,Ngai Lam,Ngai,Ngai Ngai Lam,False,NO LOGON,False,\N,False,False,False,\N,(215) 555-0100,(215) 555-0101,ngai@tailspintoys.com,\N,\N,\N,1,2013-01-01 00:00:00,9999-12-31 23:59:59.999999
1354,Camille Hetu,Camille,Camille Camille Hetu,False,NO LOGON,False,\N,False,False,False,\N,(215) 555-0100,(215) 555-0101,camille@tailspintoys.com,\N,\N,\N,1,2013-01-01 00:00:00,9999-12-31 23:59:59.999999
1355,Hyun-Doo Song,Hyun-Doo,Hyun-Doo Hyun-Doo Song,False,NO LOGON,False,\N,False,False,False,\N,(262) 555-0100,(262) 555-0101,hyun-doo@tailspintoys.com,\N,\N,\N,1,2013-01-01 00:00:00,9999-12-31 23:59:59.999999
1356,BahadÄ±r Korkmaz,BahadÄ±r,BahadÄ±r BahadÄ±r Korkmaz,False,NO LOGON,False,\N,False,False,False,\N,(262) 555-0100,(262) 555-0101,bahadä±r@tailspintoys.com,\N,\N,\N,1,2013-01-01 00:00:00,9999-12-31 23:59:59.999999
1357,Gabriela Srbova,Gabriela,Gabriela Gabriela Srbova,False,NO LOGON,False,\N,False,False,False,\N,(319) 555-0100,(319) 555-0101,gabriela@tailspintoys.com,\N,\N,\N,1,2013-01-01 00:00:00,9999-12-31 23:59:59.999999
1358,Priya kaushal,Priya,Priya Priya kaushal,True,priya@tailspintoys.com,False,\\x318360adca8b603865721d93dd8bd46d75956a8e53e2f297a03af63426922c2c,False,False,False,"{""theme"":""ui-darkness"",""dateFormat"":""mm/dd/yy"",""timeZone"": ""PST"",""table"":{""pagingType"":""simple_numbers"",""pageLength"": 10},""favoritesOnDashboard"":true}",(319) 555-0100,(319) 555-0101,priya@tailspintoys.com,\N,\N,\N,1,2016-05-31 23:14:00,9999-12-31 23:59:59.999999
1359,Serkan senturk,Serkan,Serkan Serkan senturk,False,NO LOGON,False,\N,False,False,False,\N,(702) 555-0100,(702) 555-0101,serkan@tailspintoys.com,\N,\N,\N,1,2013-01-01 00:00:00,9999-12-31 23:59:59.999999
1360,Fatemeh Javan,Fatemeh,Fatemeh Fatemeh Javan,False,NO LOGON,False,\N,False,False,False,\N,(702) 555-0100,(702) 555-0101,fatemeh@tailspintoys.com,\N,\N,\N,1,2013-01-01 00:00:00,9999-12-31 23:59:59.999999
1361,Aahlada Thota,Aahlada,Aahlada Aahlada Thota,False,NO LOGON,False,\N,False,False,False,\N,(215) 555-0100,(215) 555-0101,aahlada@tailspintoys.com,\N,\N,\N,1,2013-01-01 00:00:00,9999-12-31 23:59:59.999999
1362,Marten Keskkula,Marten,Marten Marten Keskkula,False,NO LOGON,False,\N,False,False,False,\N,(215) 555-0100,(215) 555-0101,marten@tailspintoys.com,\N,\N,\N,1,2013-01-01 00:00:00,9999-12-31 23:59:59.999999
1363,Ayberk sahin,Ayberk,Ayberk Ayberk sahin,False,NO LOGON,False,\N,False,False,False,\N,(308) 555-0100,(308) 555-0101,ayberk@tailspintoys.com,\N,\N,\N,1,2013-01-01 00:00:00,9999-12-31 23:59:59.999999
1364,Magda Ciora,Magda,Magda Magda Ciora,True,magda@tailspintoys.com,False,\\xb76dd11e91f5111e98815aeef0c18d48c6aa448dffe05aecc1e5c48dbc95556b,False,False,False,"{""theme"":""black-tie"",""dateFormat"":""dd/mm/yy"",""timeZone"": ""PST"",""table"":{""pagingType"":""simple"",""pageLength"": 10},""favoritesOnDashboard"":true}",(308) 555-0100,(308) 555-0101,magda@tailspintoys.com,\N,\N,\N,1,2016-05-31 23:14:00,9999-12-31 23:59:59.999999
1365,Kaan Tekin,Kaan,Kaan Kaan Tekin,False,NO LOGON,False,\N,False,False,False,\N,(239) 555-0100,(239) 555-0101,kaan@tailspintoys.com,\N,\N,\N,1,2013-01-01 00:00:00,9999-12-31 23:59:59.999999
1366,Harshini Kommineni,Harshini,Harshini Harshini Kommineni,False,NO LOGON,False,\N,False,False,False,\N,(239) 555-0100,(239) 555-0101,harshini@tailspintoys.com,\N,\N,\N,1,2013-01-01 00:00:00,9999-12-31 23:59:59.999999
1367,Lata Khandke,Lata,Lata Lata Khandke,False,NO LOGON,False,\N,False,False,False,\N,(216) 555-0100,(216) 555-0101,lata@tailspintoys.com,\N,\N,\N,1,2013-01-01 00:00:00,9999-12-31 23:59:59.999999
1368,Emil Nutiu,Emil,Emil Emil Nutiu,False,NO LOGON,False,\N,False,False,False,\N,(216) 555-0100,(216) 555-0101,emil@tailspintoys.com,\N,\N,\N,1,2013-01-01 00:00:00,9999-12-31 23:59:59.999999
1369,Truman Eder,Truman,Truman Truman Eder,False,NO LOGON,False,\N,False,False,False,\N,(225) 555-0100,(225) 555-0101,truman@tailspintoys.com,\N,\N,\N,1,2013-01-01 00:00:00,9999-12-31 23:59:59.999999
1370,Lale Javan,Lale,Lale Lale Javan,False,NO LOGON,False,\N,False,False,False,\N,(225) 555-0100,(225) 555-0101,lale@tailspintoys.com,\N,\N,\N,1,2013-01-01 00:00:00,9999-12-31 23:59:59.999999
1371,Lorraine Paulet,Lorraine,Lorraine Lorraine Paulet,False,NO LOGON,False,\N,False,False,False,\N,(458) 555-0100,(458) 555-0101,lorraine@tailspintoys.com,\N,\N,\N,1,2013-01-01 00:00:00,9999-12-31 23:59:59.999999
1372,Yusuf Johansson,Yusuf,Yusuf Yusuf Johansson,False,NO LOGON,False,\N,False,False,False,\N,(458) 555-0100,(458) 555-0101,yusuf@tailspintoys.com,\N,\N,\N,1,2013-01-01 00:00:00,9999-12-31 23:59:59.999999
1373,Biplab De,Biplab,Biplab Biplab De,False,NO LOGON,False,\N,False,False,False,\N,(231) 555-0100,(231) 555-0101,biplab@tailspintoys.com,\N,\N,\N,1,2013-01-01 00:00:00,9999-12-31 23:59:59.999999
1374,Dhanishta Kidambi,Dhanishta,Dhanishta Dhanishta Kidambi,True,dhanishta@tailspintoys.com,False,\\x81f8cfd66f667face12d1113b90434e92e26235d61cdf9bd8d68d67f1da011dc,False,False,False,"{""theme"":""humanity"",""dateFormat"":""dd/mm/yy"",""timeZone"": ""PST"",""table"":{""pagingType"":""simple"",""pageLength"": 10},""favoritesOnDashboard"":true}",(231) 555-0100,(231) 555-0101,dhanishta@tailspintoys.com,\N,\N,\N,1,2016-05-31 23:14:00,9999-12-31 23:59:59.999999
1375,Rachelle Brasseur,Rachelle,Rachelle Rachelle Brasseur,False,NO LOGON,False,\N,False,False,False,\N,(210) 555-0100,(210) 555-0101,rachelle@tailspintoys.com,\N,\N,\N,1,2013-01-01 00:00:00,9999-12-31 23:59:59.999999
1376,Bholanath Das,Bholanath,Bholanath Bholanath Das,True,bholanath@tailspintoys.com,False,\\x7dba71676fcb0b8a7a8900329b2f244f6417d3f5e2ff1ebd0b70d8eddf74316d,False,False,False,"{""theme"":""ui-darkness"",""dateFormat"":""mm/dd/yy"",""timeZone"": ""PST"",""table"":{""pagingType"":""full_numbers"",""pageLength"": 25},""favoritesOnDashboard"":true}",(210) 555-0100,(210) 555-0101,bholanath@tailspintoys.com,\N,\N,\N,1,2016-05-31 23:14:00,9999-12-31 23:59:59.999999
1377,Sara Charlton,Sara,Sara Sara Charlton,False,NO LOGON,False,\N,False,False,False,\N,(215) 555-0100,(215) 555-0101,sara@tailspintoys.com,\N,\N,\N,1,2013-01-01 00:00:00,9999-12-31 23:59:59.999999
1378,Libor safranek,Libor,Libor Libor safranek,False,NO LOGON,False,\N,False,False,False,\N,(215) 555-0100,(215) 555-0101,libor@tailspintoys.com,\N,\N,\N,1,2013-01-01 00:00:00,9999-12-31 23:59:59.999999
1379,Ramesh Mukherjee,Ramesh,Ramesh Ramesh Mukherjee,False,NO LOGON,False,\N,False,False,False,\N,(217) 555-0100,(217) 555-0101,ramesh@tailspintoys.com,\N,\N,\N,1,2013-01-01 00:00:00,9999-12-31 23:59:59.999999
1380,Byung-Hyun Gwak,Byung-Hyun,Byung-Hyun Byung-Hyun Gwak,True,byung-hyun@tailspintoys.com,False,\\x82fd934dbe176a9368df4da35f18383fbc58108da32b98420bf842209c7fa255,False,False,False,"{""theme"":""blitzer"",""dateFormat"":""mm/dd/yy"",""timeZone"": ""PST"",""table"":{""pagingType"":""numbers"",""pageLength"": 10},""favoritesOnDashboard"":true}",(217) 555-0100,(217) 555-0101,byung-hyun@tailspintoys.com,\N,\N,\N,1,2016-05-31 23:14:00,9999-12-31 23:59:59.999999
1381,Ester Ahmadian,Ester,Ester Ester Ahmadian,False,NO LOGON,False,\N,False,False,False,\N,(229) 555-0100,(229) 555-0101,ester@tailspintoys.com,\N,\N,\N,1,2013-01-01 00:00:00,9999-12-31 23:59:59.999999
1382,Kanika Mazumdar,Kanika,Kanika Kanika Mazumdar,False,NO LOGON,False,\N,False,False,False,\N,(229) 555-0100,(229) 555-0101,kanika@tailspintoys.com,\N,\N,\N,1,2013-01-01 00:00:00,9999-12-31 23:59:59.999999
1383,Daniel Magnusson,Daniel,Daniel Daniel Magnusson,False,NO LOGON,False,\N,False,False,False,\N,(505) 555-0100,(505) 555-0101,daniel@tailspintoys.com,\N,\N,\N,1,2013-01-01 00:00:00,9999-12-31 23:59:59.999999
1384,Cemal Dogan,Cemal,Cemal Cemal Dogan,False,NO LOGON,False,\N,False,False,False,\N,(505) 555-0100,(505) 555-0101,cemal@tailspintoys.com,\N,\N,\N,1,2013-01-01 00:00:00,9999-12-31 23:59:59.999999
1385,Jack Carpenter,Jack,Jack Jack Carpenter,False,NO LOGON,False,\N,False,False,False,\N,(270) 555-0100,(270) 555-0101,jack@tailspintoys.com,\N,\N,\N,1,2013-01-01 00:00:00,9999-12-31 23:59:59.999999
1386,Am Lieu,Am,Am Am Lieu,False,NO LOGON,False,\N,False,False,False,\N,(270) 555-0100,(270) 555-0101,am@tailspintoys.com,\N,\N,\N,1,2013-01-01 00:00:00,9999-12-31 23:59:59.999999
1387,Thomas Fischer,Thomas,Thomas Thomas Fischer,False,NO LOGON,False,\N,False,False,False,\N,(239) 555-0100,(239) 555-0101,thomas@tailspintoys.com,\N,\N,\N,1,2013-01-01 00:00:00,9999-12-31 23:59:59.999999
1388,Neil Logan,Neil,Neil Neil Logan,False,NO LOGON,False,\N,False,False,False,\N,(239) 555-0100,(239) 555-0101,neil@tailspintoys.com,\N,\N,\N,1,2013-01-01 00:00:00,9999-12-31 23:59:59.999999
1389,Viollette Monty,Viollette,Viollette Viollette Monty,False,NO LOGON,False,\N,False,False,False,\N,(803) 555-0100,(803) 555-0101,viollette@tailspintoys.com,\N,\N,\N,1,2013-01-01 00:00:00,9999-12-31 23:59:59.999999
1390,Gita Dutta,Gita,Gita Gita Dutta,True,gita@tailspintoys.com,False,\\xca799e42638f70691fe06dc107c2843a3925d174d197350ddec97dc544169b62,False,False,False,"{""theme"":""ui-darkness"",""dateFormat"":""mm/dd/yy"",""timeZone"": ""PST"",""table"":{""pagingType"":""numbers"",""pageLength"": 10},""favoritesOnDashboard"":true}",(803) 555-0100,(803) 555-0101,gita@tailspintoys.com,\N,\N,\N,1,2016-05-31 23:14:00,9999-12-31 23:59:59.999999
1391,Alinne Cardoso,Alinne,Alinne Alinne Cardoso,False,NO LOGON,False,\N,False,False,False,\N,(308) 555-0100,(308) 555-0101,alinne@tailspintoys.com,\N,\N,\N,1,2013-01-01 00:00:00,9999-12-31 23:59:59.999999
1392,Uma Pandit,Uma,Uma Uma Pandit,False,NO LOGON,False,\N,False,False,False,\N,(308) 555-0100,(308) 555-0101,uma@tailspintoys.com,\N,\N,\N,1,2013-01-01 00:00:00,9999-12-31 23:59:59.999999
1393,Mani Poddar,Mani,Mani Mani Poddar,False,NO LOGON,False,\N,False,False,False,\N,(209) 555-0100,(209) 555-0101,mani@tailspintoys.com,\N,\N,\N,1,2013-01-01 00:00:00,9999-12-31 23:59:59.999999
1394,Rama Mukaddam,Rama,Rama Rama Mukaddam,False,NO LOGON,False,\N,False,False,False,\N,(209) 555-0100,(209) 555-0101,rama@tailspintoys.com,\N,\N,\N,1,2013-01-01 00:00:00,9999-12-31 23:59:59.999999
1395,Deakshitulu Mokkapati,Deakshitulu,Deakshitulu Deakshitulu Mokkapati,False,NO LOGON,False,\N,False,False,False,\N,(314) 555-0100,(314) 555-0101,deakshitulu@tailspintoys.com,\N,\N,\N,1,2013-01-01 00:00:00,9999-12-31 23:59:59.999999
1396,Tereza PinÄakova,Tereza,Tereza Tereza PinÄakova,False,NO LOGON,False,\N,False,False,False,\N,(314) 555-0100,(314) 555-0101,tereza@tailspintoys.com,\N,\N,\N,1,2013-01-01 00:00:00,9999-12-31 23:59:59.999999
1397,Cezar Pavel,Cezar,Cezar Cezar Pavel,True,cezar@tailspintoys.com,False,\\xafc47a6846824f8baa84adca1379a0e99dfc06cff1292f55c1858f03c81eea71,False,False,False,"{""theme"":""ui-darkness"",""dateFormat"":""mm/dd/yy"",""timeZone"": ""PST"",""table"":{""pagingType"":""full"",""pageLength"": 50},""favoritesOnDashboard"":true}",(303) 555-0100,(303) 555-0101,cezar@tailspintoys.com,\N,\N,\N,1,2016-05-31 23:14:00,9999-12-31 23:59:59.999999
1398,Bahaar Yekta,Bahaar,Bahaar Bahaar Yekta,False,NO LOGON,False,\N,False,False,False,\N,(303) 555-0100,(303) 555-0101,bahaar@tailspintoys.com,\N,\N,\N,1,2013-01-01 00:00:00,9999-12-31 23:59:59.999999
1399,Fanni Benko,Fanni,Fanni Fanni Benko,False,NO LOGON,False,\N,False,False,False,\N,(385) 555-0100,(385) 555-0101,fanni@tailspintoys.com,\N,\N,\N,1,2013-01-01 00:00:00,9999-12-31 23:59:59.999999
1400,Amar Dutta,Amar,Amar Amar Dutta,False,NO LOGON,False,\N,False,False,False,\N,(385) 555-0100,(385) 555-0101,amar@tailspintoys.com,\N,\N,\N,1,2013-01-01 00:00:00,9999-12-31 23:59:59.999999
1401,Brenda Morgan,Brenda,Brenda Brenda Morgan,False,NO LOGON,False,\N,False,False,False,\N,(206) 555-0100,(206) 555-0101,brenda@tailspintoys.com,\N,\N,\N,1,2013-01-01 00:00:00,9999-12-31 23:59:59.999999
1402,Kamal Nakhtare,Kamal,Kamal Kamal Nakhtare,False,NO LOGON,False,\N,False,False,False,\N,(206) 555-0100,(206) 555-0101,kamal@tailspintoys.com,\N,\N,\N,1,2013-01-01 00:00:00,9999-12-31 23:59:59.999999
2001,Olga Alexandrova,Olga,Olga Olga Alexandrova,False,NO LOGON,False,\N,False,False,False,\N,(303) 555-0100,(303) 555-0101,olga@wingtiptoys.com,\N,\N,\N,1,2013-01-01 00:00:00,9999-12-31 23:59:59.999999
2002,Bibi Javan,Bibi,Bibi Bibi Javan,False,NO LOGON,False,\N,False,False,False,\N,(303) 555-0100,(303) 555-0101,bibi@wingtiptoys.com,\N,\N,\N,1,2013-01-01 00:00:00,9999-12-31 23:59:59.999999
2003,Maris Baltins,Maris,Maris Maris Baltins,False,NO LOGON,False,\N,False,False,False,\N,(215) 555-0100,(215) 555-0101,maris@wingtiptoys.com,\N,\N,\N,1,2013-01-01 00:00:00,9999-12-31 23:59:59.999999
2004,Taneli Hahl,Taneli,Taneli Taneli Hahl,False,NO LOGON,False,\N,False,False,False,\N,(215) 555-0100,(215) 555-0101,taneli@wingtiptoys.com,\N,\N,\N,1,2013-01-01 00:00:00,9999-12-31 23:59:59.999999
2005,Parsa Reuser,Parsa,Parsa Parsa Reuser,False,NO LOGON,False,\N,False,False,False,\N,(480) 555-0100,(480) 555-0101,parsa@wingtiptoys.com,\N,\N,\N,1,2013-01-01 00:00:00,9999-12-31 23:59:59.999999
2006,Da-eun Kwak,Da-eun,Da-eun Da-eun Kwak,False,NO LOGON,False,\N,False,False,False,\N,(480) 555-0100,(480) 555-0101,da-eun@wingtiptoys.com,\N,\N,\N,1,2013-01-01 00:00:00,9999-12-31 23:59:59.999999
2007,Duleep Srivastava,Duleep,Duleep Duleep Srivastava,False,NO LOGON,False,\N,False,False,False,\N,(215) 555-0100,(215) 555-0101,duleep@wingtiptoys.com,\N,\N,\N,1,2013-01-01 00:00:00,9999-12-31 23:59:59.999999
2008,Kurt Balog,Kurt,Kurt Kurt Balog,False,NO LOGON,False,\N,False,False,False,\N,(215) 555-0100,(215) 555-0101,kurt@wingtiptoys.com,\N,\N,\N,1,2013-01-01 00:00:00,9999-12-31 23:59:59.999999
2009,Miran Nikolic,Miran,Miran Miran Nikolic,False,NO LOGON,False,\N,False,False,False,\N,(217) 555-0100,(217) 555-0101,miran@wingtiptoys.com,\N,\N,\N,1,2013-01-01 00:00:00,9999-12-31 23:59:59.999999
2010,Indra Mudaliyar,Indra,Indra Indra Mudaliyar,False,NO LOGON,False,\N,False,False,False,\N,(217) 555-0100,(217) 555-0101,indra@wingtiptoys.com,\N,\N,\N,1,2013-01-01 00:00:00,9999-12-31 23:59:59.999999
2011,Calin Bojin,Calin,Calin Calin Bojin,False,NO LOGON,False,\N,False,False,False,\N,(205) 555-0100,(205) 555-0101,calin@wingtiptoys.com,\N,\N,\N,1,2013-01-01 00:00:00,9999-12-31 23:59:59.999999
2012,Maxime Westerink,Maxime,Maxime Maxime Westerink,True,maxime@wingtiptoys.com,False,\\xb3b4406fbf78db50f08175147c894a308a4e2f56adfb002f73c599ee2f61fb4d,False,False,False,"{""theme"":""dark-hive"",""dateFormat"":""dd/mm/yy"",""timeZone"": ""PST"",""table"":{""pagingType"":""full"",""pageLength"": 50},""favoritesOnDashboard"":true}",(205) 555-0100,(205) 555-0101,maxime@wingtiptoys.com,\N,\N,\N,1,2016-05-31 23:14:00,9999-12-31 23:59:59.999999
2013,Lang Le,Lang,Lang Lang Le,False,NO LOGON,False,\N,False,False,False,\N,(225) 555-0100,(225) 555-0101,lang@wingtiptoys.com,\N,\N,\N,1,2013-01-01 00:00:00,9999-12-31 23:59:59.999999
2014,Bozena Divisova,Bozena,Bozena Bozena Divisova,False,NO LOGON,False,\N,False,False,False,\N,(225) 555-0100,(225) 555-0101,bozena@wingtiptoys.com,\N,\N,\N,1,2013-01-01 00:00:00,9999-12-31 23:59:59.999999
2015,Bhaagyalakshmi Muppavarapu,Bhaagyalakshmi,Bhaagyalakshmi Bhaagyalakshmi Muppavarapu,False,NO LOGON,False,\N,False,False,False,\N,(210) 555-0100,(210) 555-0101,bhaagyalakshmi@wingtiptoys.com,\N,\N,\N,1,2013-01-01 00:00:00,9999-12-31 23:59:59.999999
2016,Durjoy Bose,Durjoy,Durjoy Durjoy Bose,False,NO LOGON,False,\N,False,False,False,\N,(210) 555-0100,(210) 555-0101,durjoy@wingtiptoys.com,\N,\N,\N,1,2013-01-01 00:00:00,9999-12-31 23:59:59.999999
2017,Dimitry Nechita,Dimitry,Dimitry Dimitry Nechita,False,NO LOGON,False,\N,False,False,False,\N,(209) 555-0100,(209) 555-0101,dimitry@wingtiptoys.com,\N,\N,\N,1,2013-01-01 00:00:00,9999-12-31 23:59:59.999999
2018,Meredith Padilla,Meredith,Meredith Meredith Padilla,False,NO LOGON,False,\N,False,False,False,\N,(209) 555-0100,(209) 555-0101,meredith@wingtiptoys.com,\N,\N,\N,1,2013-01-01 00:00:00,9999-12-31 23:59:59.999999
2019,Miroslav Kohout,Miroslav,Miroslav Miroslav Kohout,False,NO LOGON,False,\N,False,False,False,\N,(210) 555-0100,(210) 555-0101,miroslav@wingtiptoys.com,\N,\N,\N,1,2013-01-01 00:00:00,9999-12-31 23:59:59.999999
2020,Teresa Torres,Teresa,Teresa Teresa Torres,False,NO LOGON,False,\N,False,False,False,\N,(210) 555-0100,(210) 555-0101,teresa@wingtiptoys.com,\N,\N,\N,1,2013-01-01 00:00:00,9999-12-31 23:59:59.999999
2021,Fransje Mutlu,Fransje,Fransje Fransje Mutlu,False,NO LOGON,False,\N,False,False,False,\N,(262) 555-0100,(262) 555-0101,fransje@wingtiptoys.com,\N,\N,\N,1,2013-01-01 00:00:00,9999-12-31 23:59:59.999999
2022,Karel Hybl,Karel,Karel Karel Hybl,False,NO LOGON,False,\N,False,False,False,\N,(262) 555-0100,(262) 555-0101,karel@wingtiptoys.com,\N,\N,\N,1,2013-01-01 00:00:00,9999-12-31 23:59:59.999999
2023,Chati Ornlamai,Chati,Chati Chati Ornlamai,False,NO LOGON,False,\N,False,False,False,\N,(406) 555-0100,(406) 555-0101,chati@wingtiptoys.com,\N,\N,\N,1,2013-01-01 00:00:00,9999-12-31 23:59:59.999999
2024,Tajana Lovric,Tajana,Tajana Tajana Lovric,True,tajana@wingtiptoys.com,False,\\x0f9b10fc4a8bd04e65a41f08de3bd71510c5916db25decdef15e2b62df4a7f0d,False,False,False,"{""theme"":""blitzer"",""dateFormat"":""dd/mm/yy"",""timeZone"": ""PST"",""table"":{""pagingType"":""simple"",""pageLength"": 10},""favoritesOnDashboard"":true}",(406) 555-0100,(406) 555-0101,tajana@wingtiptoys.com,\N,\N,\N,1,2016-05-31 23:14:00,9999-12-31 23:59:59.999999
2025,Raine Knihtila,Raine,Raine Raine Knihtila,True,raine@wingtiptoys.com,False,\\x9a08fa6a5d65a9eaef62fd54246716733feeb8006f3a528a9542b6e74f7bbc59,False,False,False,"{""theme"":""humanity"",""dateFormat"":""dd/mm/yy"",""timeZone"": ""PST"",""table"":{""pagingType"":""numbers"",""pageLength"": 10},""favoritesOnDashboard"":true}",(210) 555-0100,(210) 555-0101,raine@wingtiptoys.com,\N,\N,\N,1,2016-05-31 23:14:00,9999-12-31 23:59:59.999999
2026,Dhir Mazumdar,Dhir,Dhir Dhir Mazumdar,False,NO LOGON,False,\N,False,False,False,\N,(210) 555-0100,(210) 555-0101,dhir@wingtiptoys.com,\N,\N,\N,1,2013-01-01 00:00:00,9999-12-31 23:59:59.999999
2027,Lan Chu,Lan,Lan Lan Chu,False,NO LOGON,False,\N,False,False,False,\N,(215) 555-0100,(215) 555-0101,lan@wingtiptoys.com,\N,\N,\N,1,2013-01-01 00:00:00,9999-12-31 23:59:59.999999
2028,Tereza Prikrylova,Tereza,Tereza Tereza Prikrylova,False,NO LOGON,False,\N,False,False,False,\N,(215) 555-0100,(215) 555-0101,tereza@wingtiptoys.com,\N,\N,\N,1,2013-01-01 00:00:00,9999-12-31 23:59:59.999999
2029,Maurice English,Maurice,Maurice Maurice English,True,maurice@wingtiptoys.com,False,\\x05e97e093b07c9e938358027e2faaed6a24d46508ed66bfba1cf8f7d464b6295,False,False,False,"{""theme"":""black-tie"",""dateFormat"":""mm/dd/yy"",""timeZone"": ""PST"",""table"":{""pagingType"":""simple"",""pageLength"": 10},""favoritesOnDashboard"":true}",(229) 555-0100,(229) 555-0101,maurice@wingtiptoys.com,\N,\N,\N,1,2016-05-31 23:14:00,9999-12-31 23:59:59.999999
2030,Daniella Ribeiro,Daniella,Daniella Daniella Ribeiro,False,NO LOGON,False,\N,False,False,False,\N,(229) 555-0100,(229) 555-0101,daniella@wingtiptoys.com,\N,\N,\N,1,2013-01-01 00:00:00,9999-12-31 23:59:59.999999
2031,Irene Sepp,Irene,Irene Irene Sepp,False,NO LOGON,False,\N,False,False,False,\N,(262) 555-0100,(262) 555-0101,irene@wingtiptoys.com,\N,\N,\N,1,2013-01-01 00:00:00,9999-12-31 23:59:59.999999
2032,Hubert Fields,Hubert,Hubert Hubert Fields,False,NO LOGON,False,\N,False,False,False,\N,(262) 555-0100,(262) 555-0101,hubert@wingtiptoys.com,\N,\N,\N,1,2013-01-01 00:00:00,9999-12-31 23:59:59.999999
2033,Chandranath Bose,Chandranath,Chandranath Chandranath Bose,False,NO LOGON,False,\N,False,False,False,\N,(262) 555-0100,(262) 555-0101,chandranath@wingtiptoys.com,\N,\N,\N,1,2013-01-01 00:00:00,9999-12-31 23:59:59.999999
2034,Gaurav Acharya,Gaurav,Gaurav Gaurav Acharya,False,NO LOGON,False,\N,False,False,False,\N,(262) 555-0100,(262) 555-0101,gaurav@wingtiptoys.com,\N,\N,\N,1,2013-01-01 00:00:00,9999-12-31 23:59:59.999999
2035,Ana Julijana Isa,Ana Julijana,Ana Julijana Ana Julijana Isa,False,NO LOGON,False,\N,False,False,False,\N,(406) 555-0100,(406) 555-0101,ana julijana@wingtiptoys.com,\N,\N,\N,1,2013-01-01 00:00:00,9999-12-31 23:59:59.999999
2036,Libor Klaus,Libor,Libor Libor Klaus,False,NO LOGON,False,\N,False,False,False,\N,(406) 555-0100,(406) 555-0101,libor@wingtiptoys.com,\N,\N,\N,1,2013-01-01 00:00:00,9999-12-31 23:59:59.999999
2037,Gireesh Bhogireddy,Gireesh,Gireesh Gireesh Bhogireddy,False,NO LOGON,False,\N,False,False,False,\N,(239) 555-0100,(239) 555-0101,gireesh@wingtiptoys.com,\N,\N,\N,1,2013-01-01 00:00:00,9999-12-31 23:59:59.999999
2038,Stanislav Zeman,Stanislav,Stanislav Stanislav Zeman,True,stanislav@wingtiptoys.com,False,\\x9e5e8172a49079a982488c769fedd641c2017a2b518cc07b890fee538b8bb4b9,False,False,False,"{""theme"":""blitzer"",""dateFormat"":""mm/dd/yy"",""timeZone"": ""PST"",""table"":{""pagingType"":""simple_numbers"",""pageLength"": 10},""favoritesOnDashboard"":true}",(239) 555-0100,(239) 555-0101,stanislav@wingtiptoys.com,\N,\N,\N,1,2016-05-31 23:14:00,9999-12-31 23:59:59.999999
2039,Premwadee Atitarn,Premwadee,Premwadee Premwadee Atitarn,False,NO LOGON,False,\N,False,False,False,\N,(209) 555-0100,(209) 555-0101,premwadee@wingtiptoys.com,\N,\N,\N,1,2013-01-01 00:00:00,9999-12-31 23:59:59.999999
2040,Deeptendu Das,Deeptendu,Deeptendu Deeptendu Das,False,NO LOGON,False,\N,False,False,False,\N,(209) 555-0100,(209) 555-0101,deeptendu@wingtiptoys.com,\N,\N,\N,1,2013-01-01 00:00:00,9999-12-31 23:59:59.999999
2041,Nishant Patil,Nishant,Nishant Nishant Patil,True,nishant@wingtiptoys.com,False,\\x6992800e25d674edf9a6ad287a6009cc0ec4cd17ad641a2cc6b0324bde90001d,False,False,False,"{""theme"":""ui-darkness"",""dateFormat"":""yy-mm-dd"",""timeZone"": ""PST"",""table"":{""pagingType"":""full_numbers"",""pageLength"": 25},""favoritesOnDashboard"":true}",(205) 555-0100,(205) 555-0101,nishant@wingtiptoys.com,\N,\N,\N,1,2016-05-31 23:14:00,9999-12-31 23:59:59.999999
2042,Bhaagyalakshmi Rajanala,Bhaagyalakshmi,Bhaagyalakshmi Bhaagyalakshmi Rajanala,False,NO LOGON,False,\N,False,False,False,\N,(205) 555-0100,(205) 555-0101,bhaagyalakshmi@wingtiptoys.com,\N,\N,\N,1,2013-01-01 00:00:00,9999-12-31 23:59:59.999999
2043,Rohan Das,Rohan,Rohan Rohan Das,False,NO LOGON,False,\N,False,False,False,\N,(206) 555-0100,(206) 555-0101,rohan@wingtiptoys.com,\N,\N,\N,1,2013-01-01 00:00:00,9999-12-31 23:59:59.999999
2044,Bhaanusree Ankitham,Bhaanusree,Bhaanusree Bhaanusree Ankitham,False,NO LOGON,False,\N,False,False,False,\N,(206) 555-0100,(206) 555-0101,bhaanusree@wingtiptoys.com,\N,\N,\N,1,2013-01-01 00:00:00,9999-12-31 23:59:59.999999
2045,Aamdaal Kamasamudram,Aamdaal,Aamdaal Aamdaal Kamasamudram,False,NO LOGON,False,\N,False,False,False,\N,(316) 555-0100,(316) 555-0101,aamdaal@wingtiptoys.com,\N,\N,\N,1,2013-01-01 00:00:00,9999-12-31 23:59:59.999999
2046,Karita Rosberg,Karita,Karita Karita Rosberg,False,NO LOGON,False,\N,False,False,False,\N,(316) 555-0100,(316) 555-0101,karita@wingtiptoys.com,\N,\N,\N,1,2013-01-01 00:00:00,9999-12-31 23:59:59.999999
2047,Baebeesarasvati Kamasamudram,Baebeesarasvati,Baebeesarasvati Baebeesarasvati Kamasamudram,False,NO LOGON,False,\N,False,False,False,\N,(308) 555-0100,(308) 555-0101,baebeesarasvati@wingtiptoys.com,\N,\N,\N,1,2013-01-01 00:00:00,9999-12-31 23:59:59.999999
2048,Hana Palatova,Hana,Hana Hana Palatova,False,NO LOGON,False,\N,False,False,False,\N,(308) 555-0100,(308) 555-0101,hana@wingtiptoys.com,\N,\N,\N,1,2013-01-01 00:00:00,9999-12-31 23:59:59.999999
2049,Marcello Dellucci,Marcello,Marcello Marcello Dellucci,False,NO LOGON,False,\N,False,False,False,\N,(405) 555-0100,(405) 555-0101,marcello@wingtiptoys.com,\N,\N,\N,1,2013-01-01 00:00:00,9999-12-31 23:59:59.999999
2050,Shobha Raju,Shobha,Shobha Shobha Raju,False,NO LOGON,False,\N,False,False,False,\N,(405) 555-0100,(405) 555-0101,shobha@wingtiptoys.com,\N,\N,\N,1,2013-01-01 00:00:00,9999-12-31 23:59:59.999999
2051,Mee-Kyong Sin,Mee-Kyong,Mee-Kyong Mee-Kyong Sin,False,NO LOGON,False,\N,False,False,False,\N,(480) 555-0100,(480) 555-0101,mee-kyong@wingtiptoys.com,\N,\N,\N,1,2013-01-01 00:00:00,9999-12-31 23:59:59.999999
2052,VÄ›ra Kopecka,VÄ›ra,VÄ›ra VÄ›ra Kopecka,False,NO LOGON,False,\N,False,False,False,\N,(480) 555-0100,(480) 555-0101,vä›ra@wingtiptoys.com,\N,\N,\N,1,2013-01-01 00:00:00,9999-12-31 23:59:59.999999
2053,Ivica LuÄic,Ivica,Ivica Ivica LuÄic,False,NO LOGON,False,\N,False,False,False,\N,(212) 555-0100,(212) 555-0101,ivica@wingtiptoys.com,\N,\N,\N,1,2013-01-01 00:00:00,9999-12-31 23:59:59.999999
2054,David Svoboda,David,David David Svoboda,False,NO LOGON,False,\N,False,False,False,\N,(212) 555-0100,(212) 555-0101,david@wingtiptoys.com,\N,\N,\N,1,2013-01-01 00:00:00,9999-12-31 23:59:59.999999
2055,Vinicius Correa,Vinicius,Vinicius Vinicius Correa,False,NO LOGON,False,\N,False,False,False,\N,(231) 555-0100,(231) 555-0101,vinicius@wingtiptoys.com,\N,\N,\N,1,2013-01-01 00:00:00,9999-12-31 23:59:59.999999
2056,Surat Pornpipatpong,Surat,Surat Surat Pornpipatpong,False,NO LOGON,False,\N,False,False,False,\N,(231) 555-0100,(231) 555-0101,surat@wingtiptoys.com,\N,\N,\N,1,2013-01-01 00:00:00,9999-12-31 23:59:59.999999
2057,Fabio Pena,Fabio,Fabio Fabio Pena,False,NO LOGON,False,\N,False,False,False,\N,(314) 555-0100,(314) 555-0101,fabio@wingtiptoys.com,\N,\N,\N,1,2013-01-01 00:00:00,9999-12-31 23:59:59.999999
2058,Kauan Gomes,Kauan,Kauan Kauan Gomes,False,NO LOGON,False,\N,False,False,False,\N,(314) 555-0100,(314) 555-0101,kauan@wingtiptoys.com,\N,\N,\N,1,2013-01-01 00:00:00,9999-12-31 23:59:59.999999
2059,Lakshmi Roy,Lakshmi,Lakshmi Lakshmi Roy,False,NO LOGON,False,\N,False,False,False,\N,(208) 555-0100,(208) 555-0101,lakshmi@wingtiptoys.com,\N,\N,\N,1,2013-01-01 00:00:00,9999-12-31 23:59:59.999999
2060,Kersti Mihhailov,Kersti,Kersti Kersti Mihhailov,False,NO LOGON,False,\N,False,False,False,\N,(208) 555-0100,(208) 555-0101,kersti@wingtiptoys.com,\N,\N,\N,1,2013-01-01 00:00:00,9999-12-31 23:59:59.999999
2061,Selma Seppanen,Selma,Selma Selma Seppanen,False,NO LOGON,False,\N,False,False,False,\N,(787) 555-0100,(787) 555-0101,selma@wingtiptoys.com,\N,\N,\N,1,2013-01-01 00:00:00,9999-12-31 23:59:59.999999
2062,Danielle  Brasseur,Danielle ,Danielle  Danielle  Brasseur,False,NO LOGON,False,\N,False,False,False,\N,(787) 555-0100,(787) 555-0101,danielle @wingtiptoys.com,\N,\N,\N,1,2013-01-01 00:00:00,9999-12-31 23:59:59.999999
2063,Bay Ly,Bay,Bay Bay Ly,False,NO LOGON,False,\N,False,False,False,\N,(239) 555-0100,(239) 555-0101,bay@wingtiptoys.com,\N,\N,\N,1,2013-01-01 00:00:00,9999-12-31 23:59:59.999999
2064,Sanjiv Raina,Sanjiv,Sanjiv Sanjiv Raina,False,NO LOGON,False,\N,False,False,False,\N,(239) 555-0100,(239) 555-0101,sanjiv@wingtiptoys.com,\N,\N,\N,1,2013-01-01 00:00:00,9999-12-31 23:59:59.999999
2065,Adirake Saenamuang,Adirake,Adirake Adirake Saenamuang,False,NO LOGON,False,\N,False,False,False,\N,(405) 555-0100,(405) 555-0101,adirake@wingtiptoys.com,\N,\N,\N,1,2013-01-01 00:00:00,9999-12-31 23:59:59.999999
2066,Leena De,Leena,Leena Leena De,False,NO LOGON,False,\N,False,False,False,\N,(405) 555-0100,(405) 555-0101,leena@wingtiptoys.com,\N,\N,\N,1,2013-01-01 00:00:00,9999-12-31 23:59:59.999999
2067,Tarja Penttila,Tarja,Tarja Tarja Penttila,False,NO LOGON,False,\N,False,False,False,\N,(212) 555-0100,(212) 555-0101,tarja@wingtiptoys.com,\N,\N,\N,1,2013-01-01 00:00:00,9999-12-31 23:59:59.999999
2068,Gunnar Larsson,Gunnar,Gunnar Gunnar Larsson,False,NO LOGON,False,\N,False,False,False,\N,(212) 555-0100,(212) 555-0101,gunnar@wingtiptoys.com,\N,\N,\N,1,2013-01-01 00:00:00,9999-12-31 23:59:59.999999
2069,Devendranath Huq,Devendranath,Devendranath Devendranath Huq,False,NO LOGON,False,\N,False,False,False,\N,(217) 555-0100,(217) 555-0101,devendranath@wingtiptoys.com,\N,\N,\N,1,2013-01-01 00:00:00,9999-12-31 23:59:59.999999
2070,Vicente Cabrera,Vicente,Vicente Vicente Cabrera,True,vicente@wingtiptoys.com,False,\\x667b28fff64f79d6b4e4c95f3302476487ec8c8602b88d713fad233406c4f155,False,False,False,"{""theme"":""le-frog"",""dateFormat"":""mm/dd/yy"",""timeZone"": ""PST"",""table"":{""pagingType"":""numbers"",""pageLength"": 10},""favoritesOnDashboard"":true}",(217) 555-0100,(217) 555-0101,vicente@wingtiptoys.com,\N,\N,\N,1,2016-05-31 23:14:00,9999-12-31 23:59:59.999999
2071,Enes Olsson,Enes,Enes Enes Olsson,True,enes@wingtiptoys.com,False,\\x9ac4654b9e8035716d8ade549b66a61aa76721d4d10c7648b9914b24b1e0dea8,False,False,False,"{""theme"":""black-tie"",""dateFormat"":""yy-mm-dd"",""timeZone"": ""PST"",""table"":{""pagingType"":""full_numbers"",""pageLength"": 25},""favoritesOnDashboard"":true}",(276) 555-0100,(276) 555-0101,enes@wingtiptoys.com,\N,\N,\N,1,2016-05-31 23:14:00,9999-12-31 23:59:59.999999
2072,Milada Kubatova,Milada,Milada Milada Kubatova,False,NO LOGON,False,\N,False,False,False,\N,(276) 555-0100,(276) 555-0101,milada@wingtiptoys.com,\N,\N,\N,1,2013-01-01 00:00:00,9999-12-31 23:59:59.999999
2073,Vanja Grgic,Vanja,Vanja Vanja Grgic,False,NO LOGON,False,\N,False,False,False,\N,(215) 555-0100,(215) 555-0101,vanja@wingtiptoys.com,\N,\N,\N,1,2013-01-01 00:00:00,9999-12-31 23:59:59.999999
2074,Daniela Omelkova,Daniela,Daniela Daniela Omelkova,False,NO LOGON,False,\N,False,False,False,\N,(215) 555-0100,(215) 555-0101,daniela@wingtiptoys.com,\N,\N,\N,1,2013-01-01 00:00:00,9999-12-31 23:59:59.999999
2075,Dayaram Mishra,Dayaram,Dayaram Dayaram Mishra,False,NO LOGON,False,\N,False,False,False,\N,(216) 555-0100,(216) 555-0101,dayaram@wingtiptoys.com,\N,\N,\N,1,2013-01-01 00:00:00,9999-12-31 23:59:59.999999
2076,Gal Kokeza,Gal,Gal Gal Kokeza,False,NO LOGON,False,\N,False,False,False,\N,(216) 555-0100,(216) 555-0101,gal@wingtiptoys.com,\N,\N,\N,1,2013-01-01 00:00:00,9999-12-31 23:59:59.999999
2077,Mina Omidzadeh,Mina,Mina Mina Omidzadeh,False,NO LOGON,False,\N,False,False,False,\N,(262) 555-0100,(262) 555-0101,mina@wingtiptoys.com,\N,\N,\N,1,2013-01-01 00:00:00,9999-12-31 23:59:59.999999
2078,Adrian Bengtsson,Adrian,Adrian Adrian Bengtsson,False,NO LOGON,False,\N,False,False,False,\N,(262) 555-0100,(262) 555-0101,adrian@wingtiptoys.com,\N,\N,\N,1,2013-01-01 00:00:00,9999-12-31 23:59:59.999999
2079,Kadir Usenuly,Kadir,Kadir Kadir Usenuly,False,NO LOGON,False,\N,False,False,False,\N,(405) 555-0100,(405) 555-0101,kadir@wingtiptoys.com,\N,\N,\N,1,2013-01-01 00:00:00,9999-12-31 23:59:59.999999
2080,Rajiv Shasthri,Rajiv,Rajiv Rajiv Shasthri,False,NO LOGON,False,\N,False,False,False,\N,(405) 555-0100,(405) 555-0101,rajiv@wingtiptoys.com,\N,\N,\N,1,2013-01-01 00:00:00,9999-12-31 23:59:59.999999
2081,Kajsa Jakobsson,Kajsa,Kajsa Kajsa Jakobsson,False,NO LOGON,False,\N,False,False,False,\N,(319) 555-0100,(319) 555-0101,kajsa@wingtiptoys.com,\N,\N,\N,1,2013-01-01 00:00:00,9999-12-31 23:59:59.999999
2082,Elnaz Rahimi,Elnaz,Elnaz Elnaz Rahimi,False,NO LOGON,False,\N,False,False,False,\N,(319) 555-0100,(319) 555-0101,elnaz@wingtiptoys.com,\N,\N,\N,1,2013-01-01 00:00:00,9999-12-31 23:59:59.999999
2083,Rahul Ghate,Rahul,Rahul Rahul Ghate,False,NO LOGON,False,\N,False,False,False,\N,(215) 555-0100,(215) 555-0101,rahul@wingtiptoys.com,\N,\N,\N,1,2013-01-01 00:00:00,9999-12-31 23:59:59.999999
2084,Chuan Wongsawat,Chuan,Chuan Chuan Wongsawat,False,NO LOGON,False,\N,False,False,False,\N,(215) 555-0100,(215) 555-0101,chuan@wingtiptoys.com,\N,\N,\N,1,2013-01-01 00:00:00,9999-12-31 23:59:59.999999
2085,Lien Banh,Lien,Lien Lien Banh,False,NO LOGON,False,\N,False,False,False,\N,(231) 555-0100,(231) 555-0101,lien@wingtiptoys.com,\N,\N,\N,1,2013-01-01 00:00:00,9999-12-31 23:59:59.999999
2086,Anshula Mitra,Anshula,Anshula Anshula Mitra,False,NO LOGON,False,\N,False,False,False,\N,(231) 555-0100,(231) 555-0101,anshula@wingtiptoys.com,\N,\N,\N,1,2013-01-01 00:00:00,9999-12-31 23:59:59.999999
2087,Divyendu Chakraborty,Divyendu,Divyendu Divyendu Chakraborty,False,NO LOGON,False,\N,False,False,False,\N,(605) 555-0100,(605) 555-0101,divyendu@wingtiptoys.com,\N,\N,\N,1,2013-01-01 00:00:00,9999-12-31 23:59:59.999999
2088,Rita Kauppi,Rita,Rita Rita Kauppi,False,NO LOGON,False,\N,False,False,False,\N,(605) 555-0100,(605) 555-0101,rita@wingtiptoys.com,\N,\N,\N,1,2013-01-01 00:00:00,9999-12-31 23:59:59.999999
2089,An Dung Ngo,An Dung,An Dung An Dung Ngo,False,NO LOGON,False,\N,False,False,False,\N,(303) 555-0100,(303) 555-0101,an dung@wingtiptoys.com,\N,\N,\N,1,2013-01-01 00:00:00,9999-12-31 23:59:59.999999
2090,Pranav Yadav,Pranav,Pranav Pranav Yadav,False,NO LOGON,False,\N,False,False,False,\N,(303) 555-0100,(303) 555-0101,pranav@wingtiptoys.com,\N,\N,\N,1,2013-01-01 00:00:00,9999-12-31 23:59:59.999999
2091,Chetana Kamath,Chetana,Chetana Chetana Kamath,False,NO LOGON,False,\N,False,False,False,\N,(225) 555-0100,(225) 555-0101,chetana@wingtiptoys.com,\N,\N,\N,1,2013-01-01 00:00:00,9999-12-31 23:59:59.999999
2092,Isabelina Flores,Isabelina,Isabelina Isabelina Flores,False,NO LOGON,False,\N,False,False,False,\N,(225) 555-0100,(225) 555-0101,isabelina@wingtiptoys.com,\N,\N,\N,1,2013-01-01 00:00:00,9999-12-31 23:59:59.999999
2093,Premwadee Saowaluk,Premwadee,Premwadee Premwadee Saowaluk,False,NO LOGON,False,\N,False,False,False,\N,(319) 555-0100,(319) 555-0101,premwadee@wingtiptoys.com,\N,\N,\N,1,2013-01-01 00:00:00,9999-12-31 23:59:59.999999
2094,Adam Balaz,Adam,Adam Adam Balaz,False,NO LOGON,False,\N,False,False,False,\N,(319) 555-0100,(319) 555-0101,adam@wingtiptoys.com,\N,\N,\N,1,2013-01-01 00:00:00,9999-12-31 23:59:59.999999
2095,Jae-Hwa Min,Jae-Hwa,Jae-Hwa Jae-Hwa Min,False,NO LOGON,False,\N,False,False,False,\N,(702) 555-0100,(702) 555-0101,jae-hwa@wingtiptoys.com,\N,\N,\N,1,2013-01-01 00:00:00,9999-12-31 23:59:59.999999
2096,Rafael Pena,Rafael,Rafael Rafael Pena,False,NO LOGON,False,\N,False,False,False,\N,(702) 555-0100,(702) 555-0101,rafael@wingtiptoys.com,\N,\N,\N,1,2013-01-01 00:00:00,9999-12-31 23:59:59.999999
2097,Catalina Nechita,Catalina,Catalina Catalina Nechita,False,NO LOGON,False,\N,False,False,False,\N,(304) 555-0100,(304) 555-0101,catalina@wingtiptoys.com,\N,\N,\N,1,2013-01-01 00:00:00,9999-12-31 23:59:59.999999
2098,Robert Cosic,Robert,Robert Robert Cosic,False,NO LOGON,False,\N,False,False,False,\N,(304) 555-0100,(304) 555-0101,robert@wingtiptoys.com,\N,\N,\N,1,2013-01-01 00:00:00,9999-12-31 23:59:59.999999
2099,Constanza Laureano,Constanza,Constanza Constanza Laureano,False,NO LOGON,False,\N,False,False,False,\N,(219) 555-0100,(219) 555-0101,constanza@wingtiptoys.com,\N,\N,\N,1,2013-01-01 00:00:00,9999-12-31 23:59:59.999999
2100,Sunil Nakhtare,Sunil,Sunil Sunil Nakhtare,False,NO LOGON,False,\N,False,False,False,\N,(219) 555-0100,(219) 555-0101,sunil@wingtiptoys.com,\N,\N,\N,1,2013-01-01 00:00:00,9999-12-31 23:59:59.999999
2101,Aakriti Bhamidipati,Aakriti,Aakriti Aakriti Bhamidipati,False,NO LOGON,False,\N,False,False,False,\N,(307) 555-0100,(307) 555-0101,aakriti@wingtiptoys.com,\N,\N,\N,1,2013-01-01 00:00:00,9999-12-31 23:59:59.999999
2102,Sakchai Supitayaporn,Sakchai,Sakchai Sakchai Supitayaporn,True,sakchai@wingtiptoys.com,False,\\x1151944ba116378e1b3dbf65f8a73513b725abaa491a35c6294cf1d4f15c278d,False,False,False,"{""theme"":""humanity"",""dateFormat"":""dd/mm/yy"",""timeZone"": ""PST"",""table"":{""pagingType"":""full"",""pageLength"": 50},""favoritesOnDashboard"":true}",(307) 555-0100,(307) 555-0101,sakchai@wingtiptoys.com,\N,\N,\N,1,2016-05-31 23:14:00,9999-12-31 23:59:59.999999
2103,Himadri PrabhupÄda,Himadri,Himadri Himadri PrabhupÄda,False,NO LOGON,False,\N,False,False,False,\N,(209) 555-0100,(209) 555-0101,himadri@wingtiptoys.com,\N,\N,\N,1,2013-01-01 00:00:00,9999-12-31 23:59:59.999999
2104,Lukas Kohout,Lukas,Lukas Lukas Kohout,False,NO LOGON,False,\N,False,False,False,\N,(209) 555-0100,(209) 555-0101,lukas@wingtiptoys.com,\N,\N,\N,1,2013-01-01 00:00:00,9999-12-31 23:59:59.999999
2105,Bryan Helms,Bryan,Bryan Bryan Helms,True,bryan@wingtiptoys.com,False,\\xd2631cb1859817120b49f538c9b2ef5a238b5b77323b1236bb5e209c884c0346,False,False,False,"{""theme"":""le-frog"",""dateFormat"":""dd/mm/yy"",""timeZone"": ""PST"",""table"":{""pagingType"":""numbers"",""pageLength"": 10},""favoritesOnDashboard"":true}",(276) 555-0100,(276) 555-0101,bryan@wingtiptoys.com,\N,\N,\N,1,2016-05-31 23:14:00,9999-12-31 23:59:59.999999
2106,Julianna Makay,Julianna,Julianna Julianna Makay,False,NO LOGON,False,\N,False,False,False,\N,(276) 555-0100,(276) 555-0101,julianna@wingtiptoys.com,\N,\N,\N,1,2013-01-01 00:00:00,9999-12-31 23:59:59.999999
2107,Harri Kask,Harri,Harri Harri Kask,False,NO LOGON,False,\N,False,False,False,\N,(787) 555-0100,(787) 555-0101,harri@wingtiptoys.com,\N,\N,\N,1,2013-01-01 00:00:00,9999-12-31 23:59:59.999999
2108,Rakhshinda Mansouri,Rakhshinda,Rakhshinda Rakhshinda Mansouri,False,NO LOGON,False,\N,False,False,False,\N,(787) 555-0100,(787) 555-0101,rakhshinda@wingtiptoys.com,\N,\N,\N,1,2013-01-01 00:00:00,9999-12-31 23:59:59.999999
2109,Ilse Sandell,Ilse,Ilse Ilse Sandell,True,ilse@wingtiptoys.com,False,\\x55f57e4f7128d52a46f7f6b0540f82fa1afe89bb819d3484e9265f0435552c48,False,False,False,"{""theme"":""humanity"",""dateFormat"":""mm/dd/yy"",""timeZone"": ""PST"",""table"":{""pagingType"":""simple"",""pageLength"": 10},""favoritesOnDashboard"":true}",(209) 555-0100,(209) 555-0101,ilse@wingtiptoys.com,\N,\N,\N,1,2016-05-31 23:14:00,9999-12-31 23:59:59.999999
2110,Tibor Harsanyi,Tibor,Tibor Tibor Harsanyi,False,NO LOGON,False,\N,False,False,False,\N,(209) 555-0100,(209) 555-0101,tibor@wingtiptoys.com,\N,\N,\N,1,2013-01-01 00:00:00,9999-12-31 23:59:59.999999
2111,Subhash Matondkar,Subhash,Subhash Subhash Matondkar,False,NO LOGON,False,\N,False,False,False,\N,(212) 555-0100,(212) 555-0101,subhash@wingtiptoys.com,\N,\N,\N,1,2013-01-01 00:00:00,9999-12-31 23:59:59.999999
2112,Gurudas De,Gurudas,Gurudas Gurudas De,False,NO LOGON,False,\N,False,False,False,\N,(212) 555-0100,(212) 555-0101,gurudas@wingtiptoys.com,\N,\N,\N,1,2013-01-01 00:00:00,9999-12-31 23:59:59.999999
2113,Eesvaraavu Ankitham,Eesvaraavu,Eesvaraavu Eesvaraavu Ankitham,False,NO LOGON,False,\N,False,False,False,\N,(505) 555-0100,(505) 555-0101,eesvaraavu@wingtiptoys.com,\N,\N,\N,1,2013-01-01 00:00:00,9999-12-31 23:59:59.999999
2114,Angelina Karlsson,Angelina,Angelina Angelina Karlsson,False,NO LOGON,False,\N,False,False,False,\N,(505) 555-0100,(505) 555-0101,angelina@wingtiptoys.com,\N,\N,\N,1,2013-01-01 00:00:00,9999-12-31 23:59:59.999999
2115,Miguel Paez,Miguel,Miguel Miguel Paez,False,NO LOGON,False,\N,False,False,False,\N,(205) 555-0100,(205) 555-0101,miguel@wingtiptoys.com,\N,\N,\N,1,2013-01-01 00:00:00,9999-12-31 23:59:59.999999
2116,Anukul Dey,Anukul,Anukul Anukul Dey,False,NO LOGON,False,\N,False,False,False,\N,(205) 555-0100,(205) 555-0101,anukul@wingtiptoys.com,\N,\N,\N,1,2013-01-01 00:00:00,9999-12-31 23:59:59.999999
2117,Tobias Gruber,Tobias,Tobias Tobias Gruber,False,NO LOGON,False,\N,False,False,False,\N,(216) 555-0100,(216) 555-0101,tobias@wingtiptoys.com,\N,\N,\N,1,2013-01-01 00:00:00,9999-12-31 23:59:59.999999
2118,Jitka Stastna,Jitka,Jitka Jitka Stastna,False,NO LOGON,False,\N,False,False,False,\N,(216) 555-0100,(216) 555-0101,jitka@wingtiptoys.com,\N,\N,\N,1,2013-01-01 00:00:00,9999-12-31 23:59:59.999999
2119,Daniela Dumina,Daniela,Daniela Daniela Dumina,False,NO LOGON,False,\N,False,False,False,\N,(505) 555-0100,(505) 555-0101,daniela@wingtiptoys.com,\N,\N,\N,1,2013-01-01 00:00:00,9999-12-31 23:59:59.999999
2120,Fahmidah Fallahi,Fahmidah,Fahmidah Fahmidah Fallahi,False,NO LOGON,False,\N,False,False,False,\N,(505) 555-0100,(505) 555-0101,fahmidah@wingtiptoys.com,\N,\N,\N,1,2013-01-01 00:00:00,9999-12-31 23:59:59.999999
2121,Ganesh Mukherjee,Ganesh,Ganesh Ganesh Mukherjee,False,NO LOGON,False,\N,False,False,False,\N,(210) 555-0100,(210) 555-0101,ganesh@wingtiptoys.com,\N,\N,\N,1,2013-01-01 00:00:00,9999-12-31 23:59:59.999999
2122,Hector Parra,Hector,Hector Hector Parra,True,hector@wingtiptoys.com,False,\\x5259a0d7004dad855270a05ec8ea2153e8cff0d853eafaea3e67a0a22f443d4b,False,False,False,"{""theme"":""blitzer"",""dateFormat"":""dd/mm/yy"",""timeZone"": ""PST"",""table"":{""pagingType"":""full"",""pageLength"": 50},""favoritesOnDashboard"":true}",(210) 555-0100,(210) 555-0101,hector@wingtiptoys.com,\N,\N,\N,1,2016-05-31 23:14:00,9999-12-31 23:59:59.999999
2123,Avanti Nishad,Avanti,Avanti Avanti Nishad,False,NO LOGON,False,\N,False,False,False,\N,(505) 555-0100,(505) 555-0101,avanti@wingtiptoys.com,\N,\N,\N,1,2013-01-01 00:00:00,9999-12-31 23:59:59.999999
2124,Gino Sal,Gino,Gino Gino Sal,False,NO LOGON,False,\N,False,False,False,\N,(505) 555-0100,(505) 555-0101,gino@wingtiptoys.com,\N,\N,\N,1,2013-01-01 00:00:00,9999-12-31 23:59:59.999999
2125,Daedeepya Thota,Daedeepya,Daedeepya Daedeepya Thota,False,NO LOGON,False,\N,False,False,False,\N,(405) 555-0100,(405) 555-0101,daedeepya@wingtiptoys.com,\N,\N,\N,1,2013-01-01 00:00:00,9999-12-31 23:59:59.999999
2126,Lekha Sen,Lekha,Lekha Lekha Sen,False,NO LOGON,False,\N,False,False,False,\N,(405) 555-0100,(405) 555-0101,lekha@wingtiptoys.com,\N,\N,\N,1,2013-01-01 00:00:00,9999-12-31 23:59:59.999999
2127,Gabriela Chirila,Gabriela,Gabriela Gabriela Chirila,False,NO LOGON,False,\N,False,False,False,\N,(701) 555-0100,(701) 555-0101,gabriela@wingtiptoys.com,\N,\N,\N,1,2013-01-01 00:00:00,9999-12-31 23:59:59.999999
2128,Elina Bite,Elina,Elina Elina Bite,False,NO LOGON,False,\N,False,False,False,\N,(701) 555-0100,(701) 555-0101,elina@wingtiptoys.com,\N,\N,\N,1,2013-01-01 00:00:00,9999-12-31 23:59:59.999999
2129,Nagur Atluri,Nagur,Nagur Nagur Atluri,False,NO LOGON,False,\N,False,False,False,\N,(405) 555-0100,(405) 555-0101,nagur@wingtiptoys.com,\N,\N,\N,1,2013-01-01 00:00:00,9999-12-31 23:59:59.999999
2130,Hanita Kamasamudram,Hanita,Hanita Hanita Kamasamudram,False,NO LOGON,False,\N,False,False,False,\N,(405) 555-0100,(405) 555-0101,hanita@wingtiptoys.com,\N,\N,\N,1,2013-01-01 00:00:00,9999-12-31 23:59:59.999999
2131,Sintja Buecek,Sintja,Sintja Sintja Buecek,False,NO LOGON,False,\N,False,False,False,\N,(210) 555-0100,(210) 555-0101,sintja@wingtiptoys.com,\N,\N,\N,1,2013-01-01 00:00:00,9999-12-31 23:59:59.999999
2132,Esha Singh,Esha,Esha Esha Singh,False,NO LOGON,False,\N,False,False,False,\N,(210) 555-0100,(210) 555-0101,esha@wingtiptoys.com,\N,\N,\N,1,2013-01-01 00:00:00,9999-12-31 23:59:59.999999
2133,Pongrit Srisati,Pongrit,Pongrit Pongrit Srisati,False,NO LOGON,False,\N,False,False,False,\N,(215) 555-0100,(215) 555-0101,pongrit@wingtiptoys.com,\N,\N,\N,1,2013-01-01 00:00:00,9999-12-31 23:59:59.999999
2134,Hanna Piip,Hanna,Hanna Hanna Piip,False,NO LOGON,False,\N,False,False,False,\N,(215) 555-0100,(215) 555-0101,hanna@wingtiptoys.com,\N,\N,\N,1,2013-01-01 00:00:00,9999-12-31 23:59:59.999999
2135,Linda Green,Linda,Linda Linda Green,False,NO LOGON,False,\N,False,False,False,\N,(218) 555-0100,(218) 555-0101,linda@wingtiptoys.com,\N,\N,\N,1,2013-01-01 00:00:00,9999-12-31 23:59:59.999999
2136,Baalamurali Kommineni,Baalamurali,Baalamurali Baalamurali Kommineni,False,NO LOGON,False,\N,False,False,False,\N,(218) 555-0100,(218) 555-0101,baalamurali@wingtiptoys.com,\N,\N,\N,1,2013-01-01 00:00:00,9999-12-31 23:59:59.999999
2137,Sarmis Skujins,Sarmis,Sarmis Sarmis Skujins,True,sarmis@wingtiptoys.com,False,\\x2f98bfb837243af17a997960d2d156f10c584cd5e4cd73fb7c352bc0fc6b4c5c,False,False,False,"{""theme"":""humanity"",""dateFormat"":""mm/dd/yy"",""timeZone"": ""PST"",""table"":{""pagingType"":""full"",""pageLength"": 50},""favoritesOnDashboard"":true}",(270) 555-0100,(270) 555-0101,sarmis@wingtiptoys.com,\N,\N,\N,1,2016-05-31 23:14:00,9999-12-31 23:59:59.999999
2138,Amporn Jetjirawat,Amporn,Amporn Amporn Jetjirawat,False,NO LOGON,False,\N,False,False,False,\N,(270) 555-0100,(270) 555-0101,amporn@wingtiptoys.com,\N,\N,\N,1,2013-01-01 00:00:00,9999-12-31 23:59:59.999999
2139,Libuse Srbova,Libuse,Libuse Libuse Srbova,False,NO LOGON,False,\N,False,False,False,\N,(210) 555-0100,(210) 555-0101,libuse@wingtiptoys.com,\N,\N,\N,1,2013-01-01 00:00:00,9999-12-31 23:59:59.999999
2140,Jimme Harmsen,Jimme,Jimme Jimme Harmsen,False,NO LOGON,False,\N,False,False,False,\N,(210) 555-0100,(210) 555-0101,jimme@wingtiptoys.com,\N,\N,\N,1,2013-01-01 00:00:00,9999-12-31 23:59:59.999999
2141,Viktorie Stejskalova,Viktorie,Viktorie Viktorie Stejskalova,False,NO LOGON,False,\N,False,False,False,\N,(209) 555-0100,(209) 555-0101,viktorie@wingtiptoys.com,\N,\N,\N,1,2013-01-01 00:00:00,9999-12-31 23:59:59.999999
2142,Bishnu Bandopadhyay,Bishnu,Bishnu Bishnu Bandopadhyay,False,NO LOGON,False,\N,False,False,False,\N,(209) 555-0100,(209) 555-0101,bishnu@wingtiptoys.com,\N,\N,\N,1,2013-01-01 00:00:00,9999-12-31 23:59:59.999999
2143,Slavko Pavlovic,Slavko,Slavko Slavko Pavlovic,False,NO LOGON,False,\N,False,False,False,\N,(209) 555-0100,(209) 555-0101,slavko@wingtiptoys.com,\N,\N,\N,1,2013-01-01 00:00:00,9999-12-31 23:59:59.999999
2144,Malorie Dupuy,Malorie,Malorie Malorie Dupuy,False,NO LOGON,False,\N,False,False,False,\N,(209) 555-0100,(209) 555-0101,malorie@wingtiptoys.com,\N,\N,\N,1,2013-01-01 00:00:00,9999-12-31 23:59:59.999999
2145,Doru Munteanu,Doru,Doru Doru Munteanu,False,NO LOGON,False,\N,False,False,False,\N,(209) 555-0100,(209) 555-0101,doru@wingtiptoys.com,\N,\N,\N,1,2013-01-01 00:00:00,9999-12-31 23:59:59.999999
2146,Ankita Mittal,Ankita,Ankita Ankita Mittal,False,NO LOGON,False,\N,False,False,False,\N,(209) 555-0100,(209) 555-0101,ankita@wingtiptoys.com,\N,\N,\N,1,2013-01-01 00:00:00,9999-12-31 23:59:59.999999
2147,Aile Aasmae,Aile,Aile Aile Aasmae,False,NO LOGON,False,\N,False,False,False,\N,(239) 555-0100,(239) 555-0101,aile@wingtiptoys.com,\N,\N,\N,1,2013-01-01 00:00:00,9999-12-31 23:59:59.999999
2148,Ezgi Kaya,Ezgi,Ezgi Ezgi Kaya,False,NO LOGON,False,\N,False,False,False,\N,(239) 555-0100,(239) 555-0101,ezgi@wingtiptoys.com,\N,\N,\N,1,2013-01-01 00:00:00,9999-12-31 23:59:59.999999
2149,Ava Edden,Ava,Ava Ava Edden,False,NO LOGON,False,\N,False,False,False,\N,(479) 555-0100,(479) 555-0101,ava@wingtiptoys.com,\N,\N,\N,1,2013-01-01 00:00:00,9999-12-31 23:59:59.999999
2150,Adirake Narkbunnum,Adirake,Adirake Adirake Narkbunnum,False,NO LOGON,False,\N,False,False,False,\N,(479) 555-0100,(479) 555-0101,adirake@wingtiptoys.com,\N,\N,\N,1,2013-01-01 00:00:00,9999-12-31 23:59:59.999999
2151,Manali Bose,Manali,Manali Manali Bose,False,NO LOGON,False,\N,False,False,False,\N,(215) 555-0100,(215) 555-0101,manali@wingtiptoys.com,\N,\N,\N,1,2013-01-01 00:00:00,9999-12-31 23:59:59.999999
2152,Ji-min Jun,Ji-min,Ji-min Ji-min Jun,False,NO LOGON,False,\N,False,False,False,\N,(215) 555-0100,(215) 555-0101,ji-min@wingtiptoys.com,\N,\N,\N,1,2013-01-01 00:00:00,9999-12-31 23:59:59.999999
2153,Astrid Poisson,Astrid,Astrid Astrid Poisson,False,NO LOGON,False,\N,False,False,False,\N,(228) 555-0100,(228) 555-0101,astrid@wingtiptoys.com,\N,\N,\N,1,2013-01-01 00:00:00,9999-12-31 23:59:59.999999
2154,Timotej stakne,Timotej,Timotej Timotej stakne,False,NO LOGON,False,\N,False,False,False,\N,(228) 555-0100,(228) 555-0101,timotej@wingtiptoys.com,\N,\N,\N,1,2013-01-01 00:00:00,9999-12-31 23:59:59.999999
2155,Gi-Suk Heo,Gi-Suk,Gi-Suk Gi-Suk Heo,False,NO LOGON,False,\N,False,False,False,\N,(215) 555-0100,(215) 555-0101,gi-suk@wingtiptoys.com,\N,\N,\N,1,2013-01-01 00:00:00,9999-12-31 23:59:59.999999
2156,Roman Tomek,Roman,Roman Roman Tomek,True,roman@wingtiptoys.com,False,\\xa9a6fb229d30962bd09c01e0e4ac4913a721b5b555651b30413313de1ac1c452,False,False,False,"{""theme"":""ui-darkness"",""dateFormat"":""mm/dd/yy"",""timeZone"": ""PST"",""table"":{""pagingType"":""full_numbers"",""pageLength"": 25},""favoritesOnDashboard"":true}",(215) 555-0100,(215) 555-0101,roman@wingtiptoys.com,\N,\N,\N,1,2016-05-31 23:14:00,9999-12-31 23:59:59.999999
2157,Irma Kruze,Irma,Irma Irma Kruze,False,NO LOGON,False,\N,False,False,False,\N,(219) 555-0100,(219) 555-0101,irma@wingtiptoys.com,\N,\N,\N,1,2013-01-01 00:00:00,9999-12-31 23:59:59.999999
2158,VÄ›ra Stejskalova,VÄ›ra,VÄ›ra VÄ›ra Stejskalova,False,NO LOGON,False,\N,False,False,False,\N,(219) 555-0100,(219) 555-0101,vä›ra@wingtiptoys.com,\N,\N,\N,1,2013-01-01 00:00:00,9999-12-31 23:59:59.999999
2159,Dhaeraemdranaadh Pamulaparthi,Dhaeraemdranaadh,Dhaeraemdranaadh Dhaeraemdranaadh Pamulaparthi,False,NO LOGON,False,\N,False,False,False,\N,(458) 555-0100,(458) 555-0101,dhaeraemdranaadh@wingtiptoys.com,\N,\N,\N,1,2013-01-01 00:00:00,9999-12-31 23:59:59.999999
2160,Victoria Brezeanu,Victoria,Victoria Victoria Brezeanu,False,NO LOGON,False,\N,False,False,False,\N,(458) 555-0100,(458) 555-0101,victoria@wingtiptoys.com,\N,\N,\N,1,2013-01-01 00:00:00,9999-12-31 23:59:59.999999
2161,Agrita Kalnina,Agrita,Agrita Agrita Kalnina,False,NO LOGON,False,\N,False,False,False,\N,(314) 555-0100,(314) 555-0101,agrita@wingtiptoys.com,\N,\N,\N,1,2013-01-01 00:00:00,9999-12-31 23:59:59.999999
2162,Burak ozden,Burak,Burak Burak ozden,False,NO LOGON,False,\N,False,False,False,\N,(314) 555-0100,(314) 555-0101,burak@wingtiptoys.com,\N,\N,\N,1,2013-01-01 00:00:00,9999-12-31 23:59:59.999999
2163,Ravindra Sandhu,Ravindra,Ravindra Ravindra Sandhu,False,NO LOGON,False,\N,False,False,False,\N,(212) 555-0100,(212) 555-0101,ravindra@wingtiptoys.com,\N,\N,\N,1,2013-01-01 00:00:00,9999-12-31 23:59:59.999999
2164,Iulia Nechita,Iulia,Iulia Iulia Nechita,False,NO LOGON,False,\N,False,False,False,\N,(212) 555-0100,(212) 555-0101,iulia@wingtiptoys.com,\N,\N,\N,1,2013-01-01 00:00:00,9999-12-31 23:59:59.999999
2165,Klara Rakus,Klara,Klara Klara Rakus,False,NO LOGON,False,\N,False,False,False,\N,(803) 555-0100,(803) 555-0101,klara@wingtiptoys.com,\N,\N,\N,1,2013-01-01 00:00:00,9999-12-31 23:59:59.999999
2166,Razeena Rezaei,Razeena,Razeena Razeena Rezaei,False,NO LOGON,False,\N,False,False,False,\N,(803) 555-0100,(803) 555-0101,razeena@wingtiptoys.com,\N,\N,\N,1,2013-01-01 00:00:00,9999-12-31 23:59:59.999999
2167,Am Lo,Am,Am Am Lo,False,NO LOGON,False,\N,False,False,False,\N,(803) 555-0100,(803) 555-0101,am@wingtiptoys.com,\N,\N,\N,1,2013-01-01 00:00:00,9999-12-31 23:59:59.999999
2168,Edmee Schol,Edmee,Edmee Edmee Schol,False,NO LOGON,False,\N,False,False,False,\N,(803) 555-0100,(803) 555-0101,edmee@wingtiptoys.com,\N,\N,\N,1,2013-01-01 00:00:00,9999-12-31 23:59:59.999999
2169,Sophie Van Lier,Sophie,Sophie Sophie Van Lier,False,NO LOGON,False,\N,False,False,False,\N,(316) 555-0100,(316) 555-0101,sophie@wingtiptoys.com,\N,\N,\N,1,2013-01-01 00:00:00,9999-12-31 23:59:59.999999
2170,Shiva Nair,Shiva,Shiva Shiva Nair,True,shiva@wingtiptoys.com,False,\\x63ec65b39f7723e28e57af050d3619cf2f63d0ab6dcffc90dee25a18418cdc0f,False,False,False,"{""theme"":""ui-darkness"",""dateFormat"":""mm/dd/yy"",""timeZone"": ""PST"",""table"":{""pagingType"":""numbers"",""pageLength"": 10},""favoritesOnDashboard"":true}",(316) 555-0100,(316) 555-0101,shiva@wingtiptoys.com,\N,\N,\N,1,2016-05-31 23:14:00,9999-12-31 23:59:59.999999
2171,Dimitry Profis,Dimitry,Dimitry Dimitry Profis,False,NO LOGON,False,\N,False,False,False,\N,(216) 555-0100,(216) 555-0101,dimitry@wingtiptoys.com,\N,\N,\N,1,2013-01-01 00:00:00,9999-12-31 23:59:59.999999
2172,Manindra Desai,Manindra,Manindra Manindra Desai,False,NO LOGON,False,\N,False,False,False,\N,(216) 555-0100,(216) 555-0101,manindra@wingtiptoys.com,\N,\N,\N,1,2013-01-01 00:00:00,9999-12-31 23:59:59.999999
2173,Jan Zeman,Jan,Jan Jan Zeman,False,NO LOGON,False,\N,False,False,False,\N,(215) 555-0100,(215) 555-0101,jan@wingtiptoys.com,\N,\N,\N,1,2013-01-01 00:00:00,9999-12-31 23:59:59.999999
2174,Jukka-Pekk Saarijarvi,Jukka-Pekk,Jukka-Pekk Jukka-Pekk Saarijarvi,False,NO LOGON,False,\N,False,False,False,\N,(215) 555-0100,(215) 555-0101,jukka-pekk@wingtiptoys.com,\N,\N,\N,1,2013-01-01 00:00:00,9999-12-31 23:59:59.999999
2175,Ranjit Dikshit,Ranjit,Ranjit Ranjit Dikshit,False,NO LOGON,False,\N,False,False,False,\N,(787) 555-0100,(787) 555-0101,ranjit@wingtiptoys.com,\N,\N,\N,1,2013-01-01 00:00:00,9999-12-31 23:59:59.999999
2176,Marek Blaho,Marek,Marek Marek Blaho,False,NO LOGON,False,\N,False,False,False,\N,(787) 555-0100,(787) 555-0101,marek@wingtiptoys.com,\N,\N,\N,1,2013-01-01 00:00:00,9999-12-31 23:59:59.999999
2177,Varuna Ganguly,Varuna,Varuna Varuna Ganguly,False,NO LOGON,False,\N,False,False,False,\N,(262) 555-0100,(262) 555-0101,varuna@wingtiptoys.com,\N,\N,\N,1,2013-01-01 00:00:00,9999-12-31 23:59:59.999999
2178,Natalia Pokorna,Natalia,Natalia Natalia Pokorna,False,NO LOGON,False,\N,False,False,False,\N,(262) 555-0100,(262) 555-0101,natalia@wingtiptoys.com,\N,\N,\N,1,2013-01-01 00:00:00,9999-12-31 23:59:59.999999
2179,Basak Tekin,Basak,Basak Basak Tekin,False,NO LOGON,False,\N,False,False,False,\N,(207) 555-0100,(207) 555-0101,basak@wingtiptoys.com,\N,\N,\N,1,2013-01-01 00:00:00,9999-12-31 23:59:59.999999
2180,Nicole Martinez,Nicole,Nicole Nicole Martinez,False,NO LOGON,False,\N,False,False,False,\N,(207) 555-0100,(207) 555-0101,nicole@wingtiptoys.com,\N,\N,\N,1,2013-01-01 00:00:00,9999-12-31 23:59:59.999999
2181,Doru Tirlea,Doru,Doru Doru Tirlea,False,NO LOGON,False,\N,False,False,False,\N,(217) 555-0100,(217) 555-0101,doru@wingtiptoys.com,\N,\N,\N,1,2013-01-01 00:00:00,9999-12-31 23:59:59.999999
2182,Hema Jujjavarapu,Hema,Hema Hema Jujjavarapu,False,NO LOGON,False,\N,False,False,False,\N,(217) 555-0100,(217) 555-0101,hema@wingtiptoys.com,\N,\N,\N,1,2013-01-01 00:00:00,9999-12-31 23:59:59.999999
2183,Jessica Perrine,Jessica,Jessica Jessica Perrine,False,NO LOGON,False,\N,False,False,False,\N,(217) 555-0100,(217) 555-0101,jessica@wingtiptoys.com,\N,\N,\N,1,2013-01-01 00:00:00,9999-12-31 23:59:59.999999
2184,Mukta Sarkar,Mukta,Mukta Mukta Sarkar,False,NO LOGON,False,\N,False,False,False,\N,(217) 555-0100,(217) 555-0101,mukta@wingtiptoys.com,\N,\N,\N,1,2013-01-01 00:00:00,9999-12-31 23:59:59.999999
2185,Yavuz Cetinkaya,Yavuz,Yavuz Yavuz Cetinkaya,False,NO LOGON,False,\N,False,False,False,\N,(240) 555-0100,(240) 555-0101,yavuz@wingtiptoys.com,\N,\N,\N,1,2013-01-01 00:00:00,9999-12-31 23:59:59.999999
2186,Jaydeb Ganguly,Jaydeb,Jaydeb Jaydeb Ganguly,False,NO LOGON,False,\N,False,False,False,\N,(240) 555-0100,(240) 555-0101,jaydeb@wingtiptoys.com,\N,\N,\N,1,2013-01-01 00:00:00,9999-12-31 23:59:59.999999
2187,Sirirat Kongpaisarn,Sirirat,Sirirat Sirirat Kongpaisarn,False,NO LOGON,False,\N,False,False,False,\N,(303) 555-0100,(303) 555-0101,sirirat@wingtiptoys.com,\N,\N,\N,1,2013-01-01 00:00:00,9999-12-31 23:59:59.999999
2188,Himani Sanyal,Himani,Himani Himani Sanyal,False,NO LOGON,False,\N,False,False,False,\N,(303) 555-0100,(303) 555-0101,himani@wingtiptoys.com,\N,\N,\N,1,2013-01-01 00:00:00,9999-12-31 23:59:59.999999
2189,Claude Bonsaint,Claude,Claude Claude Bonsaint,False,NO LOGON,False,\N,False,False,False,\N,(215) 555-0100,(215) 555-0101,claude@wingtiptoys.com,\N,\N,\N,1,2013-01-01 00:00:00,9999-12-31 23:59:59.999999
2190,Gopal Thakur,Gopal,Gopal Gopal Thakur,False,NO LOGON,False,\N,False,False,False,\N,(215) 555-0100,(215) 555-0101,gopal@wingtiptoys.com,\N,\N,\N,1,2013-01-01 00:00:00,9999-12-31 23:59:59.999999
2191,Roman Pajer,Roman,Roman Roman Pajer,False,NO LOGON,False,\N,False,False,False,\N,(209) 555-0100,(209) 555-0101,roman@wingtiptoys.com,\N,\N,\N,1,2013-01-01 00:00:00,9999-12-31 23:59:59.999999
2192,Floris Veenhuizen,Floris,Floris Floris Veenhuizen,False,NO LOGON,False,\N,False,False,False,\N,(209) 555-0100,(209) 555-0101,floris@wingtiptoys.com,\N,\N,\N,1,2013-01-01 00:00:00,9999-12-31 23:59:59.999999
2193,Vitezslav Holy,Vitezslav,Vitezslav Vitezslav Holy,False,NO LOGON,False,\N,False,False,False,\N,(803) 555-0100,(803) 555-0101,vitezslav@wingtiptoys.com,\N,\N,\N,1,2013-01-01 00:00:00,9999-12-31 23:59:59.999999
2194,Paul Valbe,Paul,Paul Paul Valbe,False,NO LOGON,False,\N,False,False,False,\N,(803) 555-0100,(803) 555-0101,paul@wingtiptoys.com,\N,\N,\N,1,2013-01-01 00:00:00,9999-12-31 23:59:59.999999
2195,Devi Dewangan,Devi,Devi Devi Dewangan,False,NO LOGON,False,\N,False,False,False,\N,(216) 555-0100,(216) 555-0101,devi@wingtiptoys.com,\N,\N,\N,1,2013-01-01 00:00:00,9999-12-31 23:59:59.999999
2196,William Bordelon,William,William William Bordelon,False,NO LOGON,False,\N,False,False,False,\N,(216) 555-0100,(216) 555-0101,william@wingtiptoys.com,\N,\N,\N,1,2013-01-01 00:00:00,9999-12-31 23:59:59.999999
2197,Masa Buecek,Masa,Masa Masa Buecek,False,NO LOGON,False,\N,False,False,False,\N,(216) 555-0100,(216) 555-0101,masa@wingtiptoys.com,\N,\N,\N,1,2013-01-01 00:00:00,9999-12-31 23:59:59.999999
2198,Nguyet Trang,Nguyet,Nguyet Nguyet Trang,False,NO LOGON,False,\N,False,False,False,\N,(216) 555-0100,(216) 555-0101,nguyet@wingtiptoys.com,\N,\N,\N,1,2013-01-01 00:00:00,9999-12-31 23:59:59.999999
2199,Bipin Modi,Bipin,Bipin Bipin Modi,False,NO LOGON,False,\N,False,False,False,\N,(423) 555-0100,(423) 555-0101,bipin@wingtiptoys.com,\N,\N,\N,1,2013-01-01 00:00:00,9999-12-31 23:59:59.999999
2200,Dattaatraeya Vangapandu,Dattaatraeya,Dattaatraeya Dattaatraeya Vangapandu,False,NO LOGON,False,\N,False,False,False,\N,(423) 555-0100,(423) 555-0101,dattaatraeya@wingtiptoys.com,\N,\N,\N,1,2013-01-01 00:00:00,9999-12-31 23:59:59.999999
2201,Rahul Sarma,Rahul,Rahul Rahul Sarma,False,NO LOGON,False,\N,False,False,False,\N,(802) 555-0100,(802) 555-0101,rahul@wingtiptoys.com,\N,\N,\N,1,2013-01-01 00:00:00,9999-12-31 23:59:59.999999
2202,Deeba Hemmati,Deeba,Deeba Deeba Hemmati,False,NO LOGON,False,\N,False,False,False,\N,(802) 555-0100,(802) 555-0101,deeba@wingtiptoys.com,\N,\N,\N,1,2013-01-01 00:00:00,9999-12-31 23:59:59.999999
2203,Alejandro Escobar,Alejandro,Alejandro Alejandro Escobar,False,NO LOGON,False,\N,False,False,False,\N,(218) 555-0100,(218) 555-0101,alejandro@wingtiptoys.com,\N,\N,\N,1,2013-01-01 00:00:00,9999-12-31 23:59:59.999999
2204,Milada Hadrabova,Milada,Milada Milada Hadrabova,False,NO LOGON,False,\N,False,False,False,\N,(218) 555-0100,(218) 555-0101,milada@wingtiptoys.com,\N,\N,\N,1,2013-01-01 00:00:00,9999-12-31 23:59:59.999999
2205,Andris Vitols,Andris,Andris Andris Vitols,False,NO LOGON,False,\N,False,False,False,\N,(252) 555-0100,(252) 555-0101,andris@wingtiptoys.com,\N,\N,\N,1,2013-01-01 00:00:00,9999-12-31 23:59:59.999999
2206,Lana Larsson,Lana,Lana Lana Larsson,True,lana@wingtiptoys.com,False,\\xd6a383758ba31967f1a8044859c5460281408aac4f444c809f0df91f85d8852e,False,False,False,"{""theme"":""blitzer"",""dateFormat"":""mm/dd/yy"",""timeZone"": ""PST"",""table"":{""pagingType"":""full_numbers"",""pageLength"": 25},""favoritesOnDashboard"":true}",(252) 555-0100,(252) 555-0101,lana@wingtiptoys.com,\N,\N,\N,1,2016-05-31 23:14:00,9999-12-31 23:59:59.999999
2207,Mariela Weitzer,Mariela,Mariela Mariela Weitzer,False,NO LOGON,False,\N,False,False,False,\N,(207) 555-0100,(207) 555-0101,mariela@wingtiptoys.com,\N,\N,\N,1,2013-01-01 00:00:00,9999-12-31 23:59:59.999999
2208,David Lanctot,David,David David Lanctot,False,NO LOGON,False,\N,False,False,False,\N,(207) 555-0100,(207) 555-0101,david@wingtiptoys.com,\N,\N,\N,1,2013-01-01 00:00:00,9999-12-31 23:59:59.999999
2209,Alain Pelland,Alain,Alain Alain Pelland,False,NO LOGON,False,\N,False,False,False,\N,(303) 555-0100,(303) 555-0101,alain@wingtiptoys.com,\N,\N,\N,1,2013-01-01 00:00:00,9999-12-31 23:59:59.999999
2210,Ik-Soo Jo,Ik-Soo,Ik-Soo Ik-Soo Jo,False,NO LOGON,False,\N,False,False,False,\N,(303) 555-0100,(303) 555-0101,ik-soo@wingtiptoys.com,\N,\N,\N,1,2013-01-01 00:00:00,9999-12-31 23:59:59.999999
2211,Milica Stojkovic,Milica,Milica Milica Stojkovic,False,NO LOGON,False,\N,False,False,False,\N,(201) 555-0100,(201) 555-0101,milica@wingtiptoys.com,\N,\N,\N,1,2013-01-01 00:00:00,9999-12-31 23:59:59.999999
2212,Teemu Yli-Sirnio,Teemu,Teemu Teemu Yli-Sirnio,False,NO LOGON,False,\N,False,False,False,\N,(201) 555-0100,(201) 555-0101,teemu@wingtiptoys.com,\N,\N,\N,1,2013-01-01 00:00:00,9999-12-31 23:59:59.999999
2213,Natalie Horackova,Natalie,Natalie Natalie Horackova,False,NO LOGON,False,\N,False,False,False,\N,(215) 555-0100,(215) 555-0101,natalie@wingtiptoys.com,\N,\N,\N,1,2013-01-01 00:00:00,9999-12-31 23:59:59.999999
2214,Francesca Greece,Francesca,Francesca Francesca Greece,False,NO LOGON,False,\N,False,False,False,\N,(215) 555-0100,(215) 555-0101,francesca@wingtiptoys.com,\N,\N,\N,1,2013-01-01 00:00:00,9999-12-31 23:59:59.999999
2215,Baalaaditya Rallapalli,Baalaaditya,Baalaaditya Baalaaditya Rallapalli,False,NO LOGON,False,\N,False,False,False,\N,(314) 555-0100,(314) 555-0101,baalaaditya@wingtiptoys.com,\N,\N,\N,1,2013-01-01 00:00:00,9999-12-31 23:59:59.999999
2216,Antonin Holy,Antonin,Antonin Antonin Holy,False,NO LOGON,False,\N,False,False,False,\N,(314) 555-0100,(314) 555-0101,antonin@wingtiptoys.com,\N,\N,\N,1,2013-01-01 00:00:00,9999-12-31 23:59:59.999999
2217,Matej Formanek,Matej,Matej Matej Formanek,False,NO LOGON,False,\N,False,False,False,\N,(303) 555-0100,(303) 555-0101,matej@wingtiptoys.com,\N,\N,\N,1,2013-01-01 00:00:00,9999-12-31 23:59:59.999999
2218,Mary Eder,Mary,Mary Mary Eder,False,NO LOGON,False,\N,False,False,False,\N,(303) 555-0100,(303) 555-0101,mary@wingtiptoys.com,\N,\N,\N,1,2013-01-01 00:00:00,9999-12-31 23:59:59.999999
2219,Manish Ghosh,Manish,Manish Manish Ghosh,False,NO LOGON,False,\N,False,False,False,\N,(219) 555-0100,(219) 555-0101,manish@wingtiptoys.com,\N,\N,\N,1,2013-01-01 00:00:00,9999-12-31 23:59:59.999999
2220,Anish Naidu,Anish,Anish Anish Naidu,False,NO LOGON,False,\N,False,False,False,\N,(219) 555-0100,(219) 555-0101,anish@wingtiptoys.com,\N,\N,\N,1,2013-01-01 00:00:00,9999-12-31 23:59:59.999999
2221,Pracha Nantakarn,Pracha,Pracha Pracha Nantakarn,True,pracha@wingtiptoys.com,False,\\x21d3cb2281d50e732c99306c753dee5bec70a305d18992a192ce37950b901ad1,False,False,False,"{""theme"":""humanity"",""dateFormat"":""yy-mm-dd"",""timeZone"": ""PST"",""table"":{""pagingType"":""full_numbers"",""pageLength"": 25},""favoritesOnDashboard"":true}",(231) 555-0100,(231) 555-0101,pracha@wingtiptoys.com,\N,\N,\N,1,2016-05-31 23:14:00,9999-12-31 23:59:59.999999
2222,Malee Charoenkul,Malee,Malee Malee Charoenkul,False,NO LOGON,False,\N,False,False,False,\N,(231) 555-0100,(231) 555-0101,malee@wingtiptoys.com,\N,\N,\N,1,2013-01-01 00:00:00,9999-12-31 23:59:59.999999
2223,Charline Flamand,Charline,Charline Charline Flamand,False,NO LOGON,False,\N,False,False,False,\N,(605) 555-0100,(605) 555-0101,charline@wingtiptoys.com,\N,\N,\N,1,2013-01-01 00:00:00,9999-12-31 23:59:59.999999
2224,Dhavala Alladi,Dhavala,Dhavala Dhavala Alladi,False,NO LOGON,False,\N,False,False,False,\N,(605) 555-0100,(605) 555-0101,dhavala@wingtiptoys.com,\N,\N,\N,1,2013-01-01 00:00:00,9999-12-31 23:59:59.999999
2225,Teodor Vlad,Teodor,Teodor Teodor Vlad,False,NO LOGON,False,\N,False,False,False,\N,(219) 555-0100,(219) 555-0101,teodor@wingtiptoys.com,\N,\N,\N,1,2013-01-01 00:00:00,9999-12-31 23:59:59.999999
2226,Peeter Keskula,Peeter,Peeter Peeter Keskula,False,NO LOGON,False,\N,False,False,False,\N,(219) 555-0100,(219) 555-0101,peeter@wingtiptoys.com,\N,\N,\N,1,2013-01-01 00:00:00,9999-12-31 23:59:59.999999
2227,Anda Liepa,Anda,Anda Anda Liepa,True,anda@wingtiptoys.com,False,\\xda7139587c9eaa854628e7f72dcfd34aed0b8e5e508a86ec59c616c5c91dfd9f,False,False,False,"{""theme"":""blitzer"",""dateFormat"":""mm/dd/yy"",""timeZone"": ""PST"",""table"":{""pagingType"":""full"",""pageLength"": 50},""favoritesOnDashboard"":true}",(603) 555-0100,(603) 555-0101,anda@wingtiptoys.com,\N,\N,\N,1,2016-05-31 23:14:00,9999-12-31 23:59:59.999999
2228,Deakshitulu Paruchuri,Deakshitulu,Deakshitulu Deakshitulu Paruchuri,False,NO LOGON,False,\N,False,False,False,\N,(603) 555-0100,(603) 555-0101,deakshitulu@wingtiptoys.com,\N,\N,\N,1,2013-01-01 00:00:00,9999-12-31 23:59:59.999999
2229,Jelena Utjesenovic,Jelena,Jelena Jelena Utjesenovic,False,NO LOGON,False,\N,False,False,False,\N,(210) 555-0100,(210) 555-0101,jelena@wingtiptoys.com,\N,\N,\N,1,2013-01-01 00:00:00,9999-12-31 23:59:59.999999
2230,Debbie Clark,Debbie,Debbie Debbie Clark,False,NO LOGON,False,\N,False,False,False,\N,(210) 555-0100,(210) 555-0101,debbie@wingtiptoys.com,\N,\N,\N,1,2013-01-01 00:00:00,9999-12-31 23:59:59.999999
2231,Adriana Horackova,Adriana,Adriana Adriana Horackova,True,adriana@wingtiptoys.com,False,\\x1054fe3ec1808c4d8483442b6b9f91a3c05ca49b4b25f9dda307968de9f7bef3,False,False,False,"{""theme"":""le-frog"",""dateFormat"":""yy-mm-dd"",""timeZone"": ""PST"",""table"":{""pagingType"":""full_numbers"",""pageLength"": 25},""favoritesOnDashboard"":true}",(252) 555-0100,(252) 555-0101,adriana@wingtiptoys.com,\N,\N,\N,1,2016-05-31 23:14:00,9999-12-31 23:59:59.999999
2232,Suniti Bhat,Suniti,Suniti Suniti Bhat,False,NO LOGON,False,\N,False,False,False,\N,(252) 555-0100,(252) 555-0101,suniti@wingtiptoys.com,\N,\N,\N,1,2013-01-01 00:00:00,9999-12-31 23:59:59.999999
2233,Miika Putkonen,Miika,Miika Miika Putkonen,False,NO LOGON,False,\N,False,False,False,\N,(314) 555-0100,(314) 555-0101,miika@wingtiptoys.com,\N,\N,\N,1,2013-01-01 00:00:00,9999-12-31 23:59:59.999999
2234,Jose Williams,Jose,Jose Jose Williams,False,NO LOGON,False,\N,False,False,False,\N,(314) 555-0100,(314) 555-0101,jose@wingtiptoys.com,\N,\N,\N,1,2013-01-01 00:00:00,9999-12-31 23:59:59.999999
2235,Padma Iyer,Padma,Padma Padma Iyer,False,NO LOGON,False,\N,False,False,False,\N,(505) 555-0100,(505) 555-0101,padma@wingtiptoys.com,\N,\N,\N,1,2013-01-01 00:00:00,9999-12-31 23:59:59.999999
2236,Cai Cao,Cai,Cai Cai Cao,False,NO LOGON,False,\N,False,False,False,\N,(505) 555-0100,(505) 555-0101,cai@wingtiptoys.com,\N,\N,\N,1,2013-01-01 00:00:00,9999-12-31 23:59:59.999999
2237,Åšani Sen,Åšani,Åšani Åšani Sen,False,NO LOGON,False,\N,False,False,False,\N,(405) 555-0100,(405) 555-0101,åšani@wingtiptoys.com,\N,\N,\N,1,2013-01-01 00:00:00,9999-12-31 23:59:59.999999
2238,Ngu Hoa,Ngu,Ngu Ngu Hoa,True,ngu@wingtiptoys.com,False,\\x30a68eadadce00f0b9086c2c902e24518180aa55f5312bd74aaadae8de76351e,False,False,False,"{""theme"":""le-frog"",""dateFormat"":""mm/dd/yy"",""timeZone"": ""PST"",""table"":{""pagingType"":""simple_numbers"",""pageLength"": 10},""favoritesOnDashboard"":true}",(405) 555-0100,(405) 555-0101,ngu@wingtiptoys.com,\N,\N,\N,1,2016-05-31 23:14:00,9999-12-31 23:59:59.999999
2239,Helene Dupuy,Helene,Helene Helene Dupuy,False,NO LOGON,False,\N,False,False,False,\N,(270) 555-0100,(270) 555-0101,helene@wingtiptoys.com,\N,\N,\N,1,2013-01-01 00:00:00,9999-12-31 23:59:59.999999
2240,Antonio Trentini,Antonio,Antonio Antonio Trentini,True,antonio@wingtiptoys.com,False,\\x79383f2ed8f4952b610130e6ba4faada5bd630e39c31cdde997f0d38a7015ad2,False,False,False,"{""theme"":""ui-darkness"",""dateFormat"":""mm/dd/yy"",""timeZone"": ""PST"",""table"":{""pagingType"":""numbers"",""pageLength"": 10},""favoritesOnDashboard"":true}",(270) 555-0100,(270) 555-0101,antonio@wingtiptoys.com,\N,\N,\N,1,2016-05-31 23:14:00,9999-12-31 23:59:59.999999
2241,omer ozbek,omer,omer omer ozbek,True,omer@wingtiptoys.com,False,\\xa13eaf24b4106d72f5a8dc159295581d219b490b6349973d2a5b7077f8731a3d,False,False,False,"{""theme"":""blitzer"",""dateFormat"":""yy-mm-dd"",""timeZone"": ""PST"",""table"":{""pagingType"":""full_numbers"",""pageLength"": 25},""favoritesOnDashboard"":true}",(205) 555-0100,(205) 555-0101,omer@wingtiptoys.com,\N,\N,\N,1,2016-05-31 23:14:00,9999-12-31 23:59:59.999999
2242,Andrei Bratianu,Andrei,Andrei Andrei Bratianu,False,NO LOGON,False,\N,False,False,False,\N,(205) 555-0100,(205) 555-0101,andrei@wingtiptoys.com,\N,\N,\N,1,2013-01-01 00:00:00,9999-12-31 23:59:59.999999
2243,Akshayakeerti Jandhyala,Akshayakeerti,Akshayakeerti Akshayakeerti Jandhyala,True,akshayakeerti@wingtiptoys.com,False,\\xa875c0e0ce024155fe43e137d1b325bb295da6cdce7773aeb911b2b6c841fd06,False,False,False,"{""theme"":""dark-hive"",""dateFormat"":""DD, MM d, yy"",""timeZone"": ""PST"",""table"":{""pagingType"":""simple_numbers"",""pageLength"": 10},""favoritesOnDashboard"":true}",(240) 555-0100,(240) 555-0101,akshayakeerti@wingtiptoys.com,\N,\N,\N,1,2016-05-31 23:14:00,9999-12-31 23:59:59.999999
2244,Tereza Stolinova,Tereza,Tereza Tereza Stolinova,False,NO LOGON,False,\N,False,False,False,\N,(240) 555-0100,(240) 555-0101,tereza@wingtiptoys.com,\N,\N,\N,1,2013-01-01 00:00:00,9999-12-31 23:59:59.999999
2245,Ankolika Sen,Ankolika,Ankolika Ankolika Sen,False,NO LOGON,False,\N,False,False,False,\N,(304) 555-0100,(304) 555-0101,ankolika@wingtiptoys.com,\N,\N,\N,1,2013-01-01 00:00:00,9999-12-31 23:59:59.999999
2246,Kristophe  Couet,Kristophe ,Kristophe  Kristophe  Couet,False,NO LOGON,False,\N,False,False,False,\N,(304) 555-0100,(304) 555-0101,kristophe @wingtiptoys.com,\N,\N,\N,1,2013-01-01 00:00:00,9999-12-31 23:59:59.999999
2247,Baalaamani Veturi,Baalaamani,Baalaamani Baalaamani Veturi,False,NO LOGON,False,\N,False,False,False,\N,(218) 555-0100,(218) 555-0101,baalaamani@wingtiptoys.com,\N,\N,\N,1,2013-01-01 00:00:00,9999-12-31 23:59:59.999999
2248,Gustav Korjus,Gustav,Gustav Gustav Korjus,False,NO LOGON,False,\N,False,False,False,\N,(218) 555-0100,(218) 555-0101,gustav@wingtiptoys.com,\N,\N,\N,1,2013-01-01 00:00:00,9999-12-31 23:59:59.999999
2249,Julia Konecna,Julia,Julia Julia Konecna,False,NO LOGON,False,\N,False,False,False,\N,(314) 555-0100,(314) 555-0101,julia@wingtiptoys.com,\N,\N,\N,1,2013-01-01 00:00:00,9999-12-31 23:59:59.999999
2250,Birgit Saar,Birgit,Birgit Birgit Saar,False,NO LOGON,False,\N,False,False,False,\N,(314) 555-0100,(314) 555-0101,birgit@wingtiptoys.com,\N,\N,\N,1,2013-01-01 00:00:00,9999-12-31 23:59:59.999999
2251,Madelaine  Paulet,Madelaine ,Madelaine  Madelaine  Paulet,False,NO LOGON,False,\N,False,False,False,\N,(212) 555-0100,(212) 555-0101,madelaine @wingtiptoys.com,\N,\N,\N,1,2013-01-01 00:00:00,9999-12-31 23:59:59.999999
2252,Arundhati Bhowmick,Arundhati,Arundhati Arundhati Bhowmick,False,NO LOGON,False,\N,False,False,False,\N,(212) 555-0100,(212) 555-0101,arundhati@wingtiptoys.com,\N,\N,\N,1,2013-01-01 00:00:00,9999-12-31 23:59:59.999999
2253,Mario Jogi,Mario,Mario Mario Jogi,False,NO LOGON,False,\N,False,False,False,\N,(212) 555-0100,(212) 555-0101,mario@wingtiptoys.com,\N,\N,\N,1,2013-01-01 00:00:00,9999-12-31 23:59:59.999999
2254,Martina Omelkova,Martina,Martina Martina Omelkova,False,NO LOGON,False,\N,False,False,False,\N,(212) 555-0100,(212) 555-0101,martina@wingtiptoys.com,\N,\N,\N,1,2013-01-01 00:00:00,9999-12-31 23:59:59.999999
2255,Kaya ozbek,Kaya,Kaya Kaya ozbek,False,NO LOGON,False,\N,False,False,False,\N,(276) 555-0100,(276) 555-0101,kaya@wingtiptoys.com,\N,\N,\N,1,2013-01-01 00:00:00,9999-12-31 23:59:59.999999
2256,Lan Klanjcar,Lan,Lan Lan Klanjcar,False,NO LOGON,False,\N,False,False,False,\N,(276) 555-0100,(276) 555-0101,lan@wingtiptoys.com,\N,\N,\N,1,2013-01-01 00:00:00,9999-12-31 23:59:59.999999
2257,Seo-yeon Rim,Seo-yeon,Seo-yeon Seo-yeon Rim,False,NO LOGON,False,\N,False,False,False,\N,(229) 555-0100,(229) 555-0101,seo-yeon@wingtiptoys.com,\N,\N,\N,1,2013-01-01 00:00:00,9999-12-31 23:59:59.999999
2258,Giovanna Araujo,Giovanna,Giovanna Giovanna Araujo,False,NO LOGON,False,\N,False,False,False,\N,(229) 555-0100,(229) 555-0101,giovanna@wingtiptoys.com,\N,\N,\N,1,2013-01-01 00:00:00,9999-12-31 23:59:59.999999
2259,Sitara Benjaree,Sitara,Sitara Sitara Benjaree,False,NO LOGON,False,\N,False,False,False,\N,(210) 555-0100,(210) 555-0101,sitara@wingtiptoys.com,\N,\N,\N,1,2013-01-01 00:00:00,9999-12-31 23:59:59.999999
2260,Roberts Sprogis,Roberts,Roberts Roberts Sprogis,False,NO LOGON,False,\N,False,False,False,\N,(210) 555-0100,(210) 555-0101,roberts@wingtiptoys.com,\N,\N,\N,1,2013-01-01 00:00:00,9999-12-31 23:59:59.999999
2261,Javier Caraballo,Javier,Javier Javier Caraballo,True,javier@wingtiptoys.com,False,\\x79cb40966409bde33143eba0ba0535b8ae573b46e68468f0942efa887c67e78f,False,False,False,"{""theme"":""ui-darkness"",""dateFormat"":""yy-mm-dd"",""timeZone"": ""PST"",""table"":{""pagingType"":""full_numbers"",""pageLength"": 25},""favoritesOnDashboard"":true}",(231) 555-0100,(231) 555-0101,javier@wingtiptoys.com,\N,\N,\N,1,2016-05-31 23:14:00,9999-12-31 23:59:59.999999
2262,Coralie Brasseur,Coralie,Coralie Coralie Brasseur,False,NO LOGON,False,\N,False,False,False,\N,(231) 555-0100,(231) 555-0101,coralie@wingtiptoys.com,\N,\N,\N,1,2013-01-01 00:00:00,9999-12-31 23:59:59.999999
2263,Akhtar Shahrestaani,Akhtar,Akhtar Akhtar Shahrestaani,False,NO LOGON,False,\N,False,False,False,\N,(229) 555-0100,(229) 555-0101,akhtar@wingtiptoys.com,\N,\N,\N,1,2013-01-01 00:00:00,9999-12-31 23:59:59.999999
2264,Priya Joshi,Priya,Priya Priya Joshi,False,NO LOGON,False,\N,False,False,False,\N,(229) 555-0100,(229) 555-0101,priya@wingtiptoys.com,\N,\N,\N,1,2013-01-01 00:00:00,9999-12-31 23:59:59.999999
2265,Vanita Bhowmick,Vanita,Vanita Vanita Bhowmick,True,vanita@wingtiptoys.com,False,\\xe079b6c3b24b2fea525a83e73aaf3549f40599fb211cf1e376f2eb761623b908,False,False,False,"{""theme"":""ui-darkness"",""dateFormat"":""dd/mm/yy"",""timeZone"": ""PST"",""table"":{""pagingType"":""numbers"",""pageLength"": 10},""favoritesOnDashboard"":true}",(405) 555-0100,(405) 555-0101,vanita@wingtiptoys.com,\N,\N,\N,1,2016-05-31 23:14:00,9999-12-31 23:59:59.999999
2266,Bruna Cavalcante,Bruna,Bruna Bruna Cavalcante,False,NO LOGON,False,\N,False,False,False,\N,(405) 555-0100,(405) 555-0101,bruna@wingtiptoys.com,\N,\N,\N,1,2013-01-01 00:00:00,9999-12-31 23:59:59.999999
2267,Nishant Menon,Nishant,Nishant Nishant Menon,False,NO LOGON,False,\N,False,False,False,\N,(225) 555-0100,(225) 555-0101,nishant@wingtiptoys.com,\N,\N,\N,1,2013-01-01 00:00:00,9999-12-31 23:59:59.999999
2268,Ratnam Singh,Ratnam,Ratnam Ratnam Singh,False,NO LOGON,False,\N,False,False,False,\N,(225) 555-0100,(225) 555-0101,ratnam@wingtiptoys.com,\N,\N,\N,1,2013-01-01 00:00:00,9999-12-31 23:59:59.999999
2269,Josef Benda,Josef,Josef Josef Benda,False,NO LOGON,False,\N,False,False,False,\N,(304) 555-0100,(304) 555-0101,josef@wingtiptoys.com,\N,\N,\N,1,2013-01-01 00:00:00,9999-12-31 23:59:59.999999
2270,Trishna Benipal,Trishna,Trishna Trishna Benipal,True,trishna@wingtiptoys.com,False,\\xe33420e601e303daea4bc60ecb7c826a1e94261ab57c3743a1c90a548955dc85,False,False,False,"{""theme"":""humanity"",""dateFormat"":""mm/dd/yy"",""timeZone"": ""PST"",""table"":{""pagingType"":""numbers"",""pageLength"": 10},""favoritesOnDashboard"":true}",(304) 555-0100,(304) 555-0101,trishna@wingtiptoys.com,\N,\N,\N,1,2016-05-31 23:14:00,9999-12-31 23:59:59.999999
2271,Teresa Bender,Teresa,Teresa Teresa Bender,False,NO LOGON,False,\N,False,False,False,\N,(605) 555-0100,(605) 555-0101,teresa@wingtiptoys.com,\N,\N,\N,1,2013-01-01 00:00:00,9999-12-31 23:59:59.999999
2272,Diego Buccho,Diego,Diego Diego Buccho,True,diego@wingtiptoys.com,False,\\x3c76c2d4c3fb3209fe645e3939dbcae1dcb54bec316c64e266c10a424a3d296b,False,False,False,"{""theme"":""ui-darkness"",""dateFormat"":""dd/mm/yy"",""timeZone"": ""PST"",""table"":{""pagingType"":""full"",""pageLength"": 50},""favoritesOnDashboard"":true}",(605) 555-0100,(605) 555-0101,diego@wingtiptoys.com,\N,\N,\N,1,2016-05-31 23:14:00,9999-12-31 23:59:59.999999
2273,Deepesh Bose,Deepesh,Deepesh Deepesh Bose,False,NO LOGON,False,\N,False,False,False,\N,(907) 555-0100,(907) 555-0101,deepesh@wingtiptoys.com,\N,\N,\N,1,2013-01-01 00:00:00,9999-12-31 23:59:59.999999
2274,Ambareesh Madhunapantula,Ambareesh,Ambareesh Ambareesh Madhunapantula,False,NO LOGON,False,\N,False,False,False,\N,(907) 555-0100,(907) 555-0101,ambareesh@wingtiptoys.com,\N,\N,\N,1,2013-01-01 00:00:00,9999-12-31 23:59:59.999999
2275,Madhavi Gupta,Madhavi,Madhavi Madhavi Gupta,False,NO LOGON,False,\N,False,False,False,\N,(228) 555-0100,(228) 555-0101,madhavi@wingtiptoys.com,\N,\N,\N,1,2013-01-01 00:00:00,9999-12-31 23:59:59.999999
2276,Indu Chowdary,Indu,Indu Indu Chowdary,True,indu@wingtiptoys.com,False,\\xbdb315d04675ffa0d9ed425d97329d18b2cbd8bef4c7f4f2b5edaba657f11c7b,False,False,False,"{""theme"":""blitzer"",""dateFormat"":""mm/dd/yy"",""timeZone"": ""PST"",""table"":{""pagingType"":""full_numbers"",""pageLength"": 25},""favoritesOnDashboard"":true}",(228) 555-0100,(228) 555-0101,indu@wingtiptoys.com,\N,\N,\N,1,2016-05-31 23:14:00,9999-12-31 23:59:59.999999
2277,Bich Banh,Bich,Bich Bich Banh,True,bich@wingtiptoys.com,False,\\x7845fc29bf61f2b89c9306f9791d225c746d7632441d848ccb642c3dd0eae8ee,False,False,False,"{""theme"":""humanity"",""dateFormat"":""mm/dd/yy"",""timeZone"": ""PST"",""table"":{""pagingType"":""full"",""pageLength"": 50},""favoritesOnDashboard"":true}",(215) 555-0100,(215) 555-0101,bich@wingtiptoys.com,\N,\N,\N,1,2016-05-31 23:14:00,9999-12-31 23:59:59.999999
2278,Lennart Kask,Lennart,Lennart Lennart Kask,False,NO LOGON,False,\N,False,False,False,\N,(215) 555-0100,(215) 555-0101,lennart@wingtiptoys.com,\N,\N,\N,1,2013-01-01 00:00:00,9999-12-31 23:59:59.999999
2279,Åšani Nair,Åšani,Åšani Åšani Nair,False,NO LOGON,False,\N,False,False,False,\N,(207) 555-0100,(207) 555-0101,åšani@wingtiptoys.com,\N,\N,\N,1,2013-01-01 00:00:00,9999-12-31 23:59:59.999999
2280,Cuc Tu,Cuc,Cuc Cuc Tu,False,NO LOGON,False,\N,False,False,False,\N,(207) 555-0100,(207) 555-0101,cuc@wingtiptoys.com,\N,\N,\N,1,2013-01-01 00:00:00,9999-12-31 23:59:59.999999
2281,Angelina Gormanston,Angelina,Angelina Angelina Gormanston,True,angelina@wingtiptoys.com,False,\\x812d484eaa94a512e5becdd3d65f01709ae95675d3c7a7d62a7b1dfcf4f71b40,False,False,False,"{""theme"":""black-tie"",""dateFormat"":""yy-mm-dd"",""timeZone"": ""PST"",""table"":{""pagingType"":""full_numbers"",""pageLength"": 25},""favoritesOnDashboard"":true}",(201) 555-0100,(201) 555-0101,angelina@wingtiptoys.com,\N,\N,\N,1,2016-05-31 23:14:00,9999-12-31 23:59:59.999999
2282,Prasanna Shetty,Prasanna,Prasanna Prasanna Shetty,False,NO LOGON,False,\N,False,False,False,\N,(201) 555-0100,(201) 555-0101,prasanna@wingtiptoys.com,\N,\N,\N,1,2013-01-01 00:00:00,9999-12-31 23:59:59.999999
2283,Prasert Supitayaporn,Prasert,Prasert Prasert Supitayaporn,False,NO LOGON,False,\N,False,False,False,\N,(219) 555-0100,(219) 555-0101,prasert@wingtiptoys.com,\N,\N,\N,1,2013-01-01 00:00:00,9999-12-31 23:59:59.999999
2284,Gulzar Parkar,Gulzar,Gulzar Gulzar Parkar,True,gulzar@wingtiptoys.com,False,\\x3416eddde3e8de7b9f5ad75b506de94e641b36321f8f7e3d554cc1382aa5062e,False,False,False,"{""theme"":""humanity"",""dateFormat"":""dd/mm/yy"",""timeZone"": ""PST"",""table"":{""pagingType"":""simple"",""pageLength"": 10},""favoritesOnDashboard"":true}",(219) 555-0100,(219) 555-0101,gulzar@wingtiptoys.com,\N,\N,\N,1,2016-05-31 23:14:00,9999-12-31 23:59:59.999999
2285,Abhaya Rambhatla,Abhaya,Abhaya Abhaya Rambhatla,False,NO LOGON,False,\N,False,False,False,\N,(231) 555-0100,(231) 555-0101,abhaya@wingtiptoys.com,\N,\N,\N,1,2013-01-01 00:00:00,9999-12-31 23:59:59.999999
2286,Naveed Alizadeh,Naveed,Naveed Naveed Alizadeh,False,NO LOGON,False,\N,False,False,False,\N,(231) 555-0100,(231) 555-0101,naveed@wingtiptoys.com,\N,\N,\N,1,2013-01-01 00:00:00,9999-12-31 23:59:59.999999
2287,Lalit Ogra,Lalit,Lalit Lalit Ogra,False,NO LOGON,False,\N,False,False,False,\N,(205) 555-0100,(205) 555-0101,lalit@wingtiptoys.com,\N,\N,\N,1,2013-01-01 00:00:00,9999-12-31 23:59:59.999999
2288,Badanika Vankayala,Badanika,Badanika Badanika Vankayala,False,NO LOGON,False,\N,False,False,False,\N,(205) 555-0100,(205) 555-0101,badanika@wingtiptoys.com,\N,\N,\N,1,2013-01-01 00:00:00,9999-12-31 23:59:59.999999
2289,Mina Bagheri,Mina,Mina Mina Bagheri,False,NO LOGON,False,\N,False,False,False,\N,(319) 555-0100,(319) 555-0101,mina@wingtiptoys.com,\N,\N,\N,1,2013-01-01 00:00:00,9999-12-31 23:59:59.999999
2290,Lien Lo,Lien,Lien Lien Lo,False,NO LOGON,False,\N,False,False,False,\N,(319) 555-0100,(319) 555-0101,lien@wingtiptoys.com,\N,\N,\N,1,2013-01-01 00:00:00,9999-12-31 23:59:59.999999
2291,Debraj Sanyal,Debraj,Debraj Debraj Sanyal,True,debraj@wingtiptoys.com,False,\\x14268816b91216bf1a654678140eb03e369da9b8f8055f33eae4d0822afbdb64,False,False,False,"{""theme"":""humanity"",""dateFormat"":""yy-mm-dd"",""timeZone"": ""PST"",""table"":{""pagingType"":""full_numbers"",""pageLength"": 25},""favoritesOnDashboard"":true}",(239) 555-0100,(239) 555-0101,debraj@wingtiptoys.com,\N,\N,\N,1,2016-05-31 23:14:00,9999-12-31 23:59:59.999999
2292,Tara KlanCisar,Tara,Tara Tara KlanCisar,False,NO LOGON,False,\N,False,False,False,\N,(239) 555-0100,(239) 555-0101,tara@wingtiptoys.com,\N,\N,\N,1,2013-01-01 00:00:00,9999-12-31 23:59:59.999999
2293,Marco Costa,Marco,Marco Marco Costa,False,NO LOGON,False,\N,False,False,False,\N,(701) 555-0100,(701) 555-0101,marco@wingtiptoys.com,\N,\N,\N,1,2013-01-01 00:00:00,9999-12-31 23:59:59.999999
2294,Alessandra Gallo,Alessandra,Alessandra Alessandra Gallo,False,NO LOGON,False,\N,False,False,False,\N,(701) 555-0100,(701) 555-0101,alessandra@wingtiptoys.com,\N,\N,\N,1,2013-01-01 00:00:00,9999-12-31 23:59:59.999999
2295,Crina Nechita,Crina,Crina Crina Nechita,True,crina@wingtiptoys.com,False,\\x3858f00bd6e2b76ed57a729c1fe3149f403924d1ee84f31eb21bec0b8c1cf98a,False,False,False,"{""theme"":""black-tie"",""dateFormat"":""dd/mm/yy"",""timeZone"": ""PST"",""table"":{""pagingType"":""numbers"",""pageLength"": 10},""favoritesOnDashboard"":true}",(217) 555-0100,(217) 555-0101,crina@wingtiptoys.com,\N,\N,\N,1,2016-05-31 23:14:00,9999-12-31 23:59:59.999999
2296,Yi Min Zhong,Yi Min,Yi Min Yi Min Zhong,False,NO LOGON,False,\N,False,False,False,\N,(217) 555-0100,(217) 555-0101,yi min@wingtiptoys.com,\N,\N,\N,1,2013-01-01 00:00:00,9999-12-31 23:59:59.999999
2297,Zala Ibrahimagic,Zala,Zala Zala Ibrahimagic,False,NO LOGON,False,\N,False,False,False,\N,(212) 555-0100,(212) 555-0101,zala@wingtiptoys.com,\N,\N,\N,1,2013-01-01 00:00:00,9999-12-31 23:59:59.999999
2298,Wander Ellenbroek,Wander,Wander Wander Ellenbroek,True,wander@wingtiptoys.com,False,\\x2cd57e45b1845b5e6423f2ea24199afbec8a71c6aeecbacf591c8c1a6d406b87,False,False,False,"{""theme"":""humanity"",""dateFormat"":""mm/dd/yy"",""timeZone"": ""PST"",""table"":{""pagingType"":""simple_numbers"",""pageLength"": 10},""favoritesOnDashboard"":true}",(212) 555-0100,(212) 555-0101,wander@wingtiptoys.com,\N,\N,\N,1,2016-05-31 23:14:00,9999-12-31 23:59:59.999999
2299,Gundega Kundzina,Gundega,Gundega Gundega Kundzina,False,NO LOGON,False,\N,False,False,False,\N,(479) 555-0100,(479) 555-0101,gundega@wingtiptoys.com,\N,\N,\N,1,2013-01-01 00:00:00,9999-12-31 23:59:59.999999
2300,Damyanti Byrraju,Damyanti,Damyanti Damyanti Byrraju,False,NO LOGON,False,\N,False,False,False,\N,(479) 555-0100,(479) 555-0101,damyanti@wingtiptoys.com,\N,\N,\N,1,2013-01-01 00:00:00,9999-12-31 23:59:59.999999
2301,Parveen Haldar,Parveen,Parveen Parveen Haldar,False,NO LOGON,False,\N,False,False,False,\N,(219) 555-0100,(219) 555-0101,parveen@wingtiptoys.com,\N,\N,\N,1,2013-01-01 00:00:00,9999-12-31 23:59:59.999999
2302,Chau Chu,Chau,Chau Chau Chu,False,NO LOGON,False,\N,False,False,False,\N,(219) 555-0100,(219) 555-0101,chau@wingtiptoys.com,\N,\N,\N,1,2013-01-01 00:00:00,9999-12-31 23:59:59.999999
2303,Noel Cartier,Noel,Noel Noel Cartier,False,NO LOGON,False,\N,False,False,False,\N,(215) 555-0100,(215) 555-0101,noel@wingtiptoys.com,\N,\N,\N,1,2013-01-01 00:00:00,9999-12-31 23:59:59.999999
2304,Aet Kasesalu,Aet,Aet Aet Kasesalu,True,aet@wingtiptoys.com,False,\\xf857ecfbb71b8337efae8440c6b44cdd25d210c3d687b3b073fa2a6d980a540f,False,False,False,"{""theme"":""blitzer"",""dateFormat"":""dd/mm/yy"",""timeZone"": ""PST"",""table"":{""pagingType"":""simple"",""pageLength"": 10},""favoritesOnDashboard"":true}",(215) 555-0100,(215) 555-0101,aet@wingtiptoys.com,\N,\N,\N,1,2016-05-31 23:14:00,9999-12-31 23:59:59.999999
2305,Ilgonis Dzenis,Ilgonis,Ilgonis Ilgonis Dzenis,False,NO LOGON,False,\N,False,False,False,\N,(210) 555-0100,(210) 555-0101,ilgonis@wingtiptoys.com,\N,\N,\N,1,2013-01-01 00:00:00,9999-12-31 23:59:59.999999
2306,Emine Gungor,Emine,Emine Emine Gungor,True,emine@wingtiptoys.com,False,\\x5cf12f2be625bf6adcb0be46cdf1b6ad700e0d50a4ebf0b3e78478372161a11b,False,False,False,"{""theme"":""dark-hive"",""dateFormat"":""mm/dd/yy"",""timeZone"": ""PST"",""table"":{""pagingType"":""full_numbers"",""pageLength"": 25},""favoritesOnDashboard"":true}",(210) 555-0100,(210) 555-0101,emine@wingtiptoys.com,\N,\N,\N,1,2016-05-31 23:14:00,9999-12-31 23:59:59.999999
2307,Ondrej Tomek,Ondrej,Ondrej Ondrej Tomek,False,NO LOGON,False,\N,False,False,False,\N,(219) 555-0100,(219) 555-0101,ondrej@wingtiptoys.com,\N,\N,\N,1,2013-01-01 00:00:00,9999-12-31 23:59:59.999999
2308,Ngon Ta,Ngon,Ngon Ngon Ta,True,ngon@wingtiptoys.com,False,\\x85f1319c8d11e7a0ada0fc7e5391f25096f3f3dbab656386b827d9b2114fa676,False,False,False,"{""theme"":""le-frog"",""dateFormat"":""mm/dd/yy"",""timeZone"": ""PST"",""table"":{""pagingType"":""simple_numbers"",""pageLength"": 10},""favoritesOnDashboard"":true}",(219) 555-0100,(219) 555-0101,ngon@wingtiptoys.com,\N,\N,\N,1,2016-05-31 23:14:00,9999-12-31 23:59:59.999999
2309,Mohini Kaul,Mohini,Mohini Mohini Kaul,False,NO LOGON,False,\N,False,False,False,\N,(240) 555-0100,(240) 555-0101,mohini@wingtiptoys.com,\N,\N,\N,1,2013-01-01 00:00:00,9999-12-31 23:59:59.999999
2310,Alejandro Baeza,Alejandro,Alejandro Alejandro Baeza,False,NO LOGON,False,\N,False,False,False,\N,(240) 555-0100,(240) 555-0101,alejandro@wingtiptoys.com,\N,\N,\N,1,2013-01-01 00:00:00,9999-12-31 23:59:59.999999
2311,Arnab Malakar,Arnab,Arnab Arnab Malakar,False,NO LOGON,False,\N,False,False,False,\N,(210) 555-0100,(210) 555-0101,arnab@wingtiptoys.com,\N,\N,\N,1,2013-01-01 00:00:00,9999-12-31 23:59:59.999999
2312,Anupam Majumdar,Anupam,Anupam Anupam Majumdar,False,NO LOGON,False,\N,False,False,False,\N,(210) 555-0100,(210) 555-0101,anupam@wingtiptoys.com,\N,\N,\N,1,2013-01-01 00:00:00,9999-12-31 23:59:59.999999
2313,Mary Barney,Mary,Mary Mary Barney,False,NO LOGON,False,\N,False,False,False,\N,(505) 555-0100,(505) 555-0101,mary@wingtiptoys.com,\N,\N,\N,1,2013-01-01 00:00:00,9999-12-31 23:59:59.999999
2314,Amit Ghatak,Amit,Amit Amit Ghatak,False,NO LOGON,False,\N,False,False,False,\N,(505) 555-0100,(505) 555-0101,amit@wingtiptoys.com,\N,\N,\N,1,2013-01-01 00:00:00,9999-12-31 23:59:59.999999
2315,Dhaeraemdranaadh Allu,Dhaeraemdranaadh,Dhaeraemdranaadh Dhaeraemdranaadh Allu,False,NO LOGON,False,\N,False,False,False,\N,(216) 555-0100,(216) 555-0101,dhaeraemdranaadh@wingtiptoys.com,\N,\N,\N,1,2013-01-01 00:00:00,9999-12-31 23:59:59.999999
2316,Abel Pirvu,Abel,Abel Abel Pirvu,False,NO LOGON,False,\N,False,False,False,\N,(216) 555-0100,(216) 555-0101,abel@wingtiptoys.com,\N,\N,\N,1,2013-01-01 00:00:00,9999-12-31 23:59:59.999999
2317,Paola Greece,Paola,Paola Paola Greece,False,NO LOGON,False,\N,False,False,False,\N,(210) 555-0100,(210) 555-0101,paola@wingtiptoys.com,\N,\N,\N,1,2013-01-01 00:00:00,9999-12-31 23:59:59.999999
2318,Izabella Baltina,Izabella,Izabella Izabella Baltina,False,NO LOGON,False,\N,False,False,False,\N,(210) 555-0100,(210) 555-0101,izabella@wingtiptoys.com,\N,\N,\N,1,2013-01-01 00:00:00,9999-12-31 23:59:59.999999
2319,Flora Olofsson,Flora,Flora Flora Olofsson,False,NO LOGON,False,\N,False,False,False,\N,(787) 555-0100,(787) 555-0101,flora@wingtiptoys.com,\N,\N,\N,1,2013-01-01 00:00:00,9999-12-31 23:59:59.999999
2320,Vitezslav Drdla,Vitezslav,Vitezslav Vitezslav Drdla,True,vitezslav@wingtiptoys.com,False,\\x395427ca6231c686c0e4306a596dabbb676e7610a05e1f8c8f97855c168f9937,False,False,False,"{""theme"":""dark-hive"",""dateFormat"":""mm/dd/yy"",""timeZone"": ""PST"",""table"":{""pagingType"":""numbers"",""pageLength"": 10},""favoritesOnDashboard"":true}",(787) 555-0100,(787) 555-0101,vitezslav@wingtiptoys.com,\N,\N,\N,1,2016-05-31 23:14:00,9999-12-31 23:59:59.999999
2321,Nguyet Bach,Nguyet,Nguyet Nguyet Bach,False,NO LOGON,False,\N,False,False,False,\N,(205) 555-0100,(205) 555-0101,nguyet@wingtiptoys.com,\N,\N,\N,1,2013-01-01 00:00:00,9999-12-31 23:59:59.999999
2322,Ratnam Sidhu,Ratnam,Ratnam Ratnam Sidhu,False,NO LOGON,False,\N,False,False,False,\N,(205) 555-0100,(205) 555-0101,ratnam@wingtiptoys.com,\N,\N,\N,1,2013-01-01 00:00:00,9999-12-31 23:59:59.999999
2323,Jyoti Karnik,Jyoti,Jyoti Jyoti Karnik,False,NO LOGON,False,\N,False,False,False,\N,(803) 555-0100,(803) 555-0101,jyoti@wingtiptoys.com,\N,\N,\N,1,2013-01-01 00:00:00,9999-12-31 23:59:59.999999
2324,Dattu Gummadi,Dattu,Dattu Dattu Gummadi,False,NO LOGON,False,\N,False,False,False,\N,(803) 555-0100,(803) 555-0101,dattu@wingtiptoys.com,\N,\N,\N,1,2013-01-01 00:00:00,9999-12-31 23:59:59.999999
2325,Samuel Almaraz,Samuel,Samuel Samuel Almaraz,True,samuel@wingtiptoys.com,False,\\xa48985272ae82c13def7efedd5ea69ff5ac025e5f36d3951ead769762943fe34,False,False,False,"{""theme"":""blitzer"",""dateFormat"":""dd/mm/yy"",""timeZone"": ""PST"",""table"":{""pagingType"":""numbers"",""pageLength"": 10},""favoritesOnDashboard"":true}",(458) 555-0100,(458) 555-0101,samuel@wingtiptoys.com,\N,\N,\N,1,2016-05-31 23:14:00,9999-12-31 23:59:59.999999
2326,Filip Bunderla,Filip,Filip Filip Bunderla,False,NO LOGON,False,\N,False,False,False,\N,(458) 555-0100,(458) 555-0101,filip@wingtiptoys.com,\N,\N,\N,1,2013-01-01 00:00:00,9999-12-31 23:59:59.999999
2327,Zuzana Kuchtova,Zuzana,Zuzana Zuzana Kuchtova,False,NO LOGON,False,\N,False,False,False,\N,(262) 555-0100,(262) 555-0101,zuzana@wingtiptoys.com,\N,\N,\N,1,2013-01-01 00:00:00,9999-12-31 23:59:59.999999
2328,Elias Niemi,Elias,Elias Elias Niemi,False,NO LOGON,False,\N,False,False,False,\N,(262) 555-0100,(262) 555-0101,elias@wingtiptoys.com,\N,\N,\N,1,2013-01-01 00:00:00,9999-12-31 23:59:59.999999
2329,Mark Ruutel,Mark,Mark Mark Ruutel,False,NO LOGON,False,\N,False,False,False,\N,(307) 555-0100,(307) 555-0101,mark@wingtiptoys.com,\N,\N,\N,1,2013-01-01 00:00:00,9999-12-31 23:59:59.999999
2330,Carla Osorio,Carla,Carla Carla Osorio,True,carla@wingtiptoys.com,False,\\xb3e85a121bc5cc7521e6afdbbb5a7b267fdf550683099a02bfb9c0f1ea4f1aff,False,False,False,"{""theme"":""black-tie"",""dateFormat"":""mm/dd/yy"",""timeZone"": ""PST"",""table"":{""pagingType"":""numbers"",""pageLength"": 10},""favoritesOnDashboard"":true}",(307) 555-0100,(307) 555-0101,carla@wingtiptoys.com,\N,\N,\N,1,2016-05-31 23:14:00,9999-12-31 23:59:59.999999
2331,Corneliu Vladu,Corneliu,Corneliu Corneliu Vladu,False,NO LOGON,False,\N,False,False,False,\N,(480) 555-0100,(480) 555-0101,corneliu@wingtiptoys.com,\N,\N,\N,1,2013-01-01 00:00:00,9999-12-31 23:59:59.999999
2332,Ivo Valek,Ivo,Ivo Ivo Valek,False,NO LOGON,False,\N,False,False,False,\N,(480) 555-0100,(480) 555-0101,ivo@wingtiptoys.com,\N,\N,\N,1,2013-01-01 00:00:00,9999-12-31 23:59:59.999999
2333,Severins Polis,Severins,Severins Severins Polis,True,severins@wingtiptoys.com,False,\\x3fae99a17cb466614c47264755c2c386d41fafcfba7850c4761503a7e9bebb36,False,False,False,"{""theme"":""humanity"",""dateFormat"":""DD, MM d, yy"",""timeZone"": ""PST"",""table"":{""pagingType"":""simple_numbers"",""pageLength"": 10},""favoritesOnDashboard"":true}",(216) 555-0100,(216) 555-0101,severins@wingtiptoys.com,\N,\N,\N,1,2016-05-31 23:14:00,9999-12-31 23:59:59.999999
2334,Chandran Bhattacharya,Chandran,Chandran Chandran Bhattacharya,False,NO LOGON,False,\N,False,False,False,\N,(216) 555-0100,(216) 555-0101,chandran@wingtiptoys.com,\N,\N,\N,1,2013-01-01 00:00:00,9999-12-31 23:59:59.999999
2335,Linda Ledezma,Linda,Linda Linda Ledezma,False,NO LOGON,False,\N,False,False,False,\N,(210) 555-0100,(210) 555-0101,linda@wingtiptoys.com,\N,\N,\N,1,2013-01-01 00:00:00,9999-12-31 23:59:59.999999
2336,Zbynek Vacha,Zbynek,Zbynek Zbynek Vacha,False,NO LOGON,False,\N,False,False,False,\N,(210) 555-0100,(210) 555-0101,zbynek@wingtiptoys.com,\N,\N,\N,1,2013-01-01 00:00:00,9999-12-31 23:59:59.999999
2337,Halit Gunes,Halit,Halit Halit Gunes,False,NO LOGON,False,\N,False,False,False,\N,(239) 555-0100,(239) 555-0101,halit@wingtiptoys.com,\N,\N,\N,1,2013-01-01 00:00:00,9999-12-31 23:59:59.999999
2338,Indu Nambiar,Indu,Indu Indu Nambiar,False,NO LOGON,False,\N,False,False,False,\N,(239) 555-0100,(239) 555-0101,indu@wingtiptoys.com,\N,\N,\N,1,2013-01-01 00:00:00,9999-12-31 23:59:59.999999
2339,Vallo Vesik,Vallo,Vallo Vallo Vesik,False,NO LOGON,False,\N,False,False,False,\N,(205) 555-0100,(205) 555-0101,vallo@wingtiptoys.com,\N,\N,\N,1,2013-01-01 00:00:00,9999-12-31 23:59:59.999999
2340,Dayaram Raut,Dayaram,Dayaram Dayaram Raut,False,NO LOGON,False,\N,False,False,False,\N,(205) 555-0100,(205) 555-0101,dayaram@wingtiptoys.com,\N,\N,\N,1,2013-01-01 00:00:00,9999-12-31 23:59:59.999999
2341,Dana Mrazova,Dana,Dana Dana Mrazova,False,NO LOGON,False,\N,False,False,False,\N,(802) 555-0100,(802) 555-0101,dana@wingtiptoys.com,\N,\N,\N,1,2013-01-01 00:00:00,9999-12-31 23:59:59.999999
2342,Saraswati Beniwal,Saraswati,Saraswati Saraswati Beniwal,False,NO LOGON,False,\N,False,False,False,\N,(802) 555-0100,(802) 555-0101,saraswati@wingtiptoys.com,\N,\N,\N,1,2013-01-01 00:00:00,9999-12-31 23:59:59.999999
2343,Ema Slosar,Ema,Ema Ema Slosar,False,NO LOGON,False,\N,False,False,False,\N,(215) 555-0100,(215) 555-0101,ema@wingtiptoys.com,\N,\N,\N,1,2013-01-01 00:00:00,9999-12-31 23:59:59.999999
2344,Arto Heikkinen,Arto,Arto Arto Heikkinen,True,arto@wingtiptoys.com,False,\\xe035a8dea1b62977f01075740ad8c3e32e3d09bae0214e4eefe1ef26e62aac2c,False,False,False,"{""theme"":""black-tie"",""dateFormat"":""dd/mm/yy"",""timeZone"": ""PST"",""table"":{""pagingType"":""simple"",""pageLength"": 10},""favoritesOnDashboard"":true}",(215) 555-0100,(215) 555-0101,arto@wingtiptoys.com,\N,\N,\N,1,2016-05-31 23:14:00,9999-12-31 23:59:59.999999
2345,Hemchandra Debnath,Hemchandra,Hemchandra Hemchandra Debnath,False,NO LOGON,False,\N,False,False,False,\N,(209) 555-0100,(209) 555-0101,hemchandra@wingtiptoys.com,\N,\N,\N,1,2013-01-01 00:00:00,9999-12-31 23:59:59.999999
2346,Bala Ogra,Bala,Bala Bala Ogra,False,NO LOGON,False,\N,False,False,False,\N,(209) 555-0100,(209) 555-0101,bala@wingtiptoys.com,\N,\N,\N,1,2013-01-01 00:00:00,9999-12-31 23:59:59.999999
2347,Monika Valentova,Monika,Monika Monika Valentova,False,NO LOGON,False,\N,False,False,False,\N,(458) 555-0100,(458) 555-0101,monika@wingtiptoys.com,\N,\N,\N,1,2013-01-01 00:00:00,9999-12-31 23:59:59.999999
2348,Anuj Sonkar,Anuj,Anuj Anuj Sonkar,False,NO LOGON,False,\N,False,False,False,\N,(458) 555-0100,(458) 555-0101,anuj@wingtiptoys.com,\N,\N,\N,1,2013-01-01 00:00:00,9999-12-31 23:59:59.999999
2349,Dattaatraeya Tottempudi,Dattaatraeya,Dattaatraeya Dattaatraeya Tottempudi,False,NO LOGON,False,\N,False,False,False,\N,(212) 555-0100,(212) 555-0101,dattaatraeya@wingtiptoys.com,\N,\N,\N,1,2013-01-01 00:00:00,9999-12-31 23:59:59.999999
2350,Emilia Samaniego,Emilia,Emilia Emilia Samaniego,False,NO LOGON,False,\N,False,False,False,\N,(212) 555-0100,(212) 555-0101,emilia@wingtiptoys.com,\N,\N,\N,1,2013-01-01 00:00:00,9999-12-31 23:59:59.999999
2351,Kahkushan Shakiba,Kahkushan,Kahkushan Kahkushan Shakiba,False,NO LOGON,False,\N,False,False,False,\N,(217) 555-0100,(217) 555-0101,kahkushan@wingtiptoys.com,\N,\N,\N,1,2013-01-01 00:00:00,9999-12-31 23:59:59.999999
2352,Hathai Mookjai,Hathai,Hathai Hathai Mookjai,False,NO LOGON,False,\N,False,False,False,\N,(217) 555-0100,(217) 555-0101,hathai@wingtiptoys.com,\N,\N,\N,1,2013-01-01 00:00:00,9999-12-31 23:59:59.999999
2353,Taner YÄ±lmaz,Taner,Taner Taner YÄ±lmaz,True,taner@wingtiptoys.com,False,\\x7080cc5b299d9c1012d4d4961e92721c50a4125f3f80ba10b902f8f206908f60,False,False,False,"{""theme"":""blitzer"",""dateFormat"":""DD, MM d, yy"",""timeZone"": ""PST"",""table"":{""pagingType"":""simple_numbers"",""pageLength"": 10},""favoritesOnDashboard"":true}",(212) 555-0100,(212) 555-0101,taner@wingtiptoys.com,\N,\N,\N,1,2016-05-31 23:14:00,9999-12-31 23:59:59.999999
2354,Birol Arslan,Birol,Birol Birol Arslan,False,NO LOGON,False,\N,False,False,False,\N,(212) 555-0100,(212) 555-0101,birol@wingtiptoys.com,\N,\N,\N,1,2013-01-01 00:00:00,9999-12-31 23:59:59.999999
2355,Abhra Thakur,Abhra,Abhra Abhra Thakur,False,NO LOGON,False,\N,False,False,False,\N,(215) 555-0100,(215) 555-0101,abhra@wingtiptoys.com,\N,\N,\N,1,2013-01-01 00:00:00,9999-12-31 23:59:59.999999
2356,Uma Khalsa,Uma,Uma Uma Khalsa,False,NO LOGON,False,\N,False,False,False,\N,(215) 555-0100,(215) 555-0101,uma@wingtiptoys.com,\N,\N,\N,1,2013-01-01 00:00:00,9999-12-31 23:59:59.999999
2357,Dunja Radoncis,Dunja,Dunja Dunja Radoncis,False,NO LOGON,False,\N,False,False,False,\N,(215) 555-0100,(215) 555-0101,dunja@wingtiptoys.com,\N,\N,\N,1,2013-01-01 00:00:00,9999-12-31 23:59:59.999999
2358,Olya Seleznyov,Olya,Olya Olya Seleznyov,False,NO LOGON,False,\N,False,False,False,\N,(215) 555-0100,(215) 555-0101,olya@wingtiptoys.com,\N,\N,\N,1,2013-01-01 00:00:00,9999-12-31 23:59:59.999999
2359,Darakhshan Javaherian,Darakhshan,Darakhshan Darakhshan Javaherian,False,NO LOGON,False,\N,False,False,False,\N,(215) 555-0100,(215) 555-0101,darakhshan@wingtiptoys.com,\N,\N,\N,1,2013-01-01 00:00:00,9999-12-31 23:59:59.999999
2360,Alexandre  L'Angelier,Alexandre ,Alexandre  Alexandre  L'Angelier,False,NO LOGON,False,\N,False,False,False,\N,(215) 555-0100,(215) 555-0101,alexandre @wingtiptoys.com,\N,\N,\N,1,2013-01-01 00:00:00,9999-12-31 23:59:59.999999
2361,Youssef Eriksson,Youssef,Youssef Youssef Eriksson,False,NO LOGON,False,\N,False,False,False,\N,(701) 555-0100,(701) 555-0101,youssef@wingtiptoys.com,\N,\N,\N,1,2013-01-01 00:00:00,9999-12-31 23:59:59.999999
2362,Arunima Ganguly,Arunima,Arunima Arunima Ganguly,False,NO LOGON,False,\N,False,False,False,\N,(701) 555-0100,(701) 555-0101,arunima@wingtiptoys.com,\N,\N,\N,1,2013-01-01 00:00:00,9999-12-31 23:59:59.999999
2363,Pavel Bohuslav,Pavel,Pavel Pavel Bohuslav,False,NO LOGON,False,\N,False,False,False,\N,(505) 555-0100,(505) 555-0101,pavel@wingtiptoys.com,\N,\N,\N,1,2013-01-01 00:00:00,9999-12-31 23:59:59.999999
2364,Mahendra Trivedi,Mahendra,Mahendra Mahendra Trivedi,False,NO LOGON,False,\N,False,False,False,\N,(505) 555-0100,(505) 555-0101,mahendra@wingtiptoys.com,\N,\N,\N,1,2013-01-01 00:00:00,9999-12-31 23:59:59.999999
2365,Jiri Vacha,Jiri,Jiri Jiri Vacha,False,NO LOGON,False,\N,False,False,False,\N,(209) 555-0100,(209) 555-0101,jiri@wingtiptoys.com,\N,\N,\N,1,2013-01-01 00:00:00,9999-12-31 23:59:59.999999
2366,Constanta Dita,Constanta,Constanta Constanta Dita,True,constanta@wingtiptoys.com,False,\\x7415a4b167f68d4ffcce2305e2b6ac9c95ec31c995eaf5eaa3dbe3c70be959be,False,False,False,"{""theme"":""ui-darkness"",""dateFormat"":""mm/dd/yy"",""timeZone"": ""PST"",""table"":{""pagingType"":""full_numbers"",""pageLength"": 25},""favoritesOnDashboard"":true}",(209) 555-0100,(209) 555-0101,constanta@wingtiptoys.com,\N,\N,\N,1,2016-05-31 23:14:00,9999-12-31 23:59:59.999999
2367,Magdalena Cervenkova,Magdalena,Magdalena Magdalena Cervenkova,False,NO LOGON,False,\N,False,False,False,\N,(405) 555-0100,(405) 555-0101,magdalena@wingtiptoys.com,\N,\N,\N,1,2013-01-01 00:00:00,9999-12-31 23:59:59.999999
2368,Sylvie Panetier,Sylvie,Sylvie Sylvie Panetier,False,NO LOGON,False,\N,False,False,False,\N,(405) 555-0100,(405) 555-0101,sylvie@wingtiptoys.com,\N,\N,\N,1,2013-01-01 00:00:00,9999-12-31 23:59:59.999999
2369,Asha Mudigonda,Asha,Asha Asha Mudigonda,False,NO LOGON,False,\N,False,False,False,\N,(201) 555-0100,(201) 555-0101,asha@wingtiptoys.com,\N,\N,\N,1,2013-01-01 00:00:00,9999-12-31 23:59:59.999999
2370,Jaya Benjaree,Jaya,Jaya Jaya Benjaree,False,NO LOGON,False,\N,False,False,False,\N,(201) 555-0100,(201) 555-0101,jaya@wingtiptoys.com,\N,\N,\N,1,2013-01-01 00:00:00,9999-12-31 23:59:59.999999
2371,Anete Kundzina,Anete,Anete Anete Kundzina,False,NO LOGON,False,\N,False,False,False,\N,(239) 555-0100,(239) 555-0101,anete@wingtiptoys.com,\N,\N,\N,1,2013-01-01 00:00:00,9999-12-31 23:59:59.999999
2372,Petr Drdla,Petr,Petr Petr Drdla,False,NO LOGON,False,\N,False,False,False,\N,(239) 555-0100,(239) 555-0101,petr@wingtiptoys.com,\N,\N,\N,1,2013-01-01 00:00:00,9999-12-31 23:59:59.999999
2373,Daniela Sal,Daniela,Daniela Daniela Sal,True,daniela@wingtiptoys.com,False,\\xeec53ed3eae7dc2ac179e11cc066b2df045e4e42cc8b27dac2468e5cc725ea93,False,False,False,"{""theme"":""ui-darkness"",""dateFormat"":""DD, MM d, yy"",""timeZone"": ""PST"",""table"":{""pagingType"":""simple_numbers"",""pageLength"": 10},""favoritesOnDashboard"":true}",(210) 555-0100,(210) 555-0101,daniela@wingtiptoys.com,\N,\N,\N,1,2016-05-31 23:14:00,9999-12-31 23:59:59.999999
2374,Kunal Nakhtare,Kunal,Kunal Kunal Nakhtare,False,NO LOGON,False,\N,False,False,False,\N,(210) 555-0100,(210) 555-0101,kunal@wingtiptoys.com,\N,\N,\N,1,2013-01-01 00:00:00,9999-12-31 23:59:59.999999
2375,Duangrat Atitarn,Duangrat,Duangrat Duangrat Atitarn,False,NO LOGON,False,\N,False,False,False,\N,(210) 555-0100,(210) 555-0101,duangrat@wingtiptoys.com,\N,\N,\N,1,2013-01-01 00:00:00,9999-12-31 23:59:59.999999
2376,Ella Celmina,Ella,Ella Ella Celmina,False,NO LOGON,False,\N,False,False,False,\N,(210) 555-0100,(210) 555-0101,ella@wingtiptoys.com,\N,\N,\N,1,2013-01-01 00:00:00,9999-12-31 23:59:59.999999
2377,Deviprasad PrabhupÄda,Deviprasad,Deviprasad Deviprasad PrabhupÄda,False,NO LOGON,False,\N,False,False,False,\N,(605) 555-0100,(605) 555-0101,deviprasad@wingtiptoys.com,\N,\N,\N,1,2013-01-01 00:00:00,9999-12-31 23:59:59.999999
2378,Tess Seegers,Tess,Tess Tess Seegers,True,tess@wingtiptoys.com,False,\\x83f66558336fc722fd7e18011b5bcc7edaf59e8eca35187432ca0d45d7ceeb33,False,False,False,"{""theme"":""le-frog"",""dateFormat"":""mm/dd/yy"",""timeZone"": ""PST"",""table"":{""pagingType"":""simple_numbers"",""pageLength"": 10},""favoritesOnDashboard"":true}",(605) 555-0100,(605) 555-0101,tess@wingtiptoys.com,\N,\N,\N,1,2016-05-31 23:14:00,9999-12-31 23:59:59.999999
2379,Aija Lukstina,Aija,Aija Aija Lukstina,False,NO LOGON,False,\N,False,False,False,\N,(252) 555-0100,(252) 555-0101,aija@wingtiptoys.com,\N,\N,\N,1,2013-01-01 00:00:00,9999-12-31 23:59:59.999999
2380,Sanjay Cheema,Sanjay,Sanjay Sanjay Cheema,False,NO LOGON,False,\N,False,False,False,\N,(252) 555-0100,(252) 555-0101,sanjay@wingtiptoys.com,\N,\N,\N,1,2013-01-01 00:00:00,9999-12-31 23:59:59.999999
2381,Hoc Le,Hoc,Hoc Hoc Le,False,NO LOGON,False,\N,False,False,False,\N,(208) 555-0100,(208) 555-0101,hoc@wingtiptoys.com,\N,\N,\N,1,2013-01-01 00:00:00,9999-12-31 23:59:59.999999
2382,Blagoje Pavlovic,Blagoje,Blagoje Blagoje Pavlovic,False,NO LOGON,False,\N,False,False,False,\N,(208) 555-0100,(208) 555-0101,blagoje@wingtiptoys.com,\N,\N,\N,1,2013-01-01 00:00:00,9999-12-31 23:59:59.999999
2383,Bhairaam Kidambi,Bhairaam,Bhairaam Bhairaam Kidambi,False,NO LOGON,False,\N,False,False,False,\N,(319) 555-0100,(319) 555-0101,bhairaam@wingtiptoys.com,\N,\N,\N,1,2013-01-01 00:00:00,9999-12-31 23:59:59.999999
2384,Aleksandrs Cirulis,Aleksandrs,Aleksandrs Aleksandrs Cirulis,False,NO LOGON,False,\N,False,False,False,\N,(319) 555-0100,(319) 555-0101,aleksandrs@wingtiptoys.com,\N,\N,\N,1,2013-01-01 00:00:00,9999-12-31 23:59:59.999999
2385,Jae-Hwa Shin,Jae-Hwa,Jae-Hwa Jae-Hwa Shin,False,NO LOGON,False,\N,False,False,False,\N,(505) 555-0100,(505) 555-0101,jae-hwa@wingtiptoys.com,\N,\N,\N,1,2013-01-01 00:00:00,9999-12-31 23:59:59.999999
2386,Mala Naicker,Mala,Mala Mala Naicker,True,mala@wingtiptoys.com,False,\\xac3eb1d9cad8ff6bcb86c59035ed840477c1c6a24186583cef07f8eb0fa81827,False,False,False,"{""theme"":""black-tie"",""dateFormat"":""mm/dd/yy"",""timeZone"": ""PST"",""table"":{""pagingType"":""full_numbers"",""pageLength"": 25},""favoritesOnDashboard"":true}",(505) 555-0100,(505) 555-0101,mala@wingtiptoys.com,\N,\N,\N,1,2016-05-31 23:14:00,9999-12-31 23:59:59.999999
2387,Caterina Fallaci,Caterina,Caterina Caterina Fallaci,False,NO LOGON,False,\N,False,False,False,\N,(210) 555-0100,(210) 555-0101,caterina@wingtiptoys.com,\N,\N,\N,1,2013-01-01 00:00:00,9999-12-31 23:59:59.999999
2388,Brayden Macnamara,Brayden,Brayden Brayden Macnamara,False,NO LOGON,False,\N,False,False,False,\N,(210) 555-0100,(210) 555-0101,brayden@wingtiptoys.com,\N,\N,\N,1,2013-01-01 00:00:00,9999-12-31 23:59:59.999999
2389,Baanuraekha Voleti,Baanuraekha,Baanuraekha Baanuraekha Voleti,False,NO LOGON,False,\N,False,False,False,\N,(276) 555-0100,(276) 555-0101,baanuraekha@wingtiptoys.com,\N,\N,\N,1,2013-01-01 00:00:00,9999-12-31 23:59:59.999999
2390,Renata Alva,Renata,Renata Renata Alva,False,NO LOGON,False,\N,False,False,False,\N,(276) 555-0100,(276) 555-0101,renata@wingtiptoys.com,\N,\N,\N,1,2013-01-01 00:00:00,9999-12-31 23:59:59.999999
2391,Ranjeet Haldar,Ranjeet,Ranjeet Ranjeet Haldar,False,NO LOGON,False,\N,False,False,False,\N,(203) 555-0100,(203) 555-0101,ranjeet@wingtiptoys.com,\N,\N,\N,1,2013-01-01 00:00:00,9999-12-31 23:59:59.999999
2392,Mandeep Desai,Mandeep,Mandeep Mandeep Desai,False,NO LOGON,False,\N,False,False,False,\N,(203) 555-0100,(203) 555-0101,mandeep@wingtiptoys.com,\N,\N,\N,1,2013-01-01 00:00:00,9999-12-31 23:59:59.999999
2393,Bhaamini Kanaparthi,Bhaamini,Bhaamini Bhaamini Kanaparthi,False,NO LOGON,False,\N,False,False,False,\N,(907) 555-0100,(907) 555-0101,bhaamini@wingtiptoys.com,\N,\N,\N,1,2013-01-01 00:00:00,9999-12-31 23:59:59.999999
2394,Sun-Hi Oh,Sun-Hi,Sun-Hi Sun-Hi Oh,False,NO LOGON,False,\N,False,False,False,\N,(907) 555-0100,(907) 555-0101,sun-hi@wingtiptoys.com,\N,\N,\N,1,2013-01-01 00:00:00,9999-12-31 23:59:59.999999
2395,Margit Molnar,Margit,Margit Margit Molnar,False,NO LOGON,False,\N,False,False,False,\N,(808) 555-0100,(808) 555-0101,margit@wingtiptoys.com,\N,\N,\N,1,2013-01-01 00:00:00,9999-12-31 23:59:59.999999
2396,Amanda Kaulina,Amanda,Amanda Amanda Kaulina,False,NO LOGON,False,\N,False,False,False,\N,(808) 555-0100,(808) 555-0101,amanda@wingtiptoys.com,\N,\N,\N,1,2013-01-01 00:00:00,9999-12-31 23:59:59.999999
2397,Chandni Jandhyala,Chandni,Chandni Chandni Jandhyala,False,NO LOGON,False,\N,False,False,False,\N,(210) 555-0100,(210) 555-0101,chandni@wingtiptoys.com,\N,\N,\N,1,2013-01-01 00:00:00,9999-12-31 23:59:59.999999
2398,Verona Sykorova,Verona,Verona Verona Sykorova,False,NO LOGON,False,\N,False,False,False,\N,(210) 555-0100,(210) 555-0101,verona@wingtiptoys.com,\N,\N,\N,1,2013-01-01 00:00:00,9999-12-31 23:59:59.999999
2399,Ljubomir Nesic,Ljubomir,Ljubomir Ljubomir Nesic,False,NO LOGON,False,\N,False,False,False,\N,(231) 555-0100,(231) 555-0101,ljubomir@wingtiptoys.com,\N,\N,\N,1,2013-01-01 00:00:00,9999-12-31 23:59:59.999999
2400,Izan Arana,Izan,Izan Izan Arana,False,NO LOGON,False,\N,False,False,False,\N,(231) 555-0100,(231) 555-0101,izan@wingtiptoys.com,\N,\N,\N,1,2013-01-01 00:00:00,9999-12-31 23:59:59.999999
2401,Telma Hermansson,Telma,Telma Telma Hermansson,False,NO LOGON,False,\N,False,False,False,\N,(240) 555-0100,(240) 555-0101,telma@wingtiptoys.com,\N,\N,\N,1,2013-01-01 00:00:00,9999-12-31 23:59:59.999999
2402,Lubomir Spousta,Lubomir,Lubomir Lubomir Spousta,False,NO LOGON,False,\N,False,False,False,\N,(240) 555-0100,(240) 555-0101,lubomir@wingtiptoys.com,\N,\N,\N,1,2013-01-01 00:00:00,9999-12-31 23:59:59.999999
3001,Eric Torres,Eric,Eric Eric Torres,False,NO LOGON,False,\N,False,False,False,\N,(307) 555-0100,(307) 555-0101,eric@example.com,\N,\N,\N,1,2013-01-01 00:00:00,9999-12-31 23:59:59.999999
3002,Cosmina Vlad,Cosmina,Cosmina Cosmina Vlad,True,cosmina@example.com,False,\\x4c647554f5a7d66b1350606ef6c6e45724b895fe1ee7202119a42a483c7aef7d,False,False,False,"{""theme"":""black-tie"",""dateFormat"":""dd/mm/yy"",""timeZone"": ""PST"",""table"":{""pagingType"":""full"",""pageLength"": 50},""favoritesOnDashboard"":true}",(505) 555-0100,(505) 555-0101,cosmina@example.com,\N,\N,\N,1,2016-05-31 23:14:00,9999-12-31 23:59:59.999999
3003,Bala Dixit,Bala,Bala Bala Dixit,False,NO LOGON,False,\N,False,False,False,\N,(209) 555-0100,(209) 555-0101,bala@example.com,\N,\N,\N,1,2013-01-01 00:00:00,9999-12-31 23:59:59.999999
3004,Aleksandrs Riekstins,Aleksandrs,Aleksandrs Aleksandrs Riekstins,False,NO LOGON,False,\N,False,False,False,\N,(605) 555-0100,(605) 555-0101,aleksandrs@example.com,\N,\N,\N,1,2013-01-01 00:00:00,9999-12-31 23:59:59.999999
3005,Ratan Poddar,Ratan,Ratan Ratan Poddar,False,NO LOGON,False,\N,False,False,False,\N,(907) 555-0100,(907) 555-0101,ratan@example.com,\N,\N,\N,1,2013-01-01 00:00:00,9999-12-31 23:59:59.999999
3006,Shi Tu,Shi,Shi Shi Tu,False,NO LOGON,False,\N,False,False,False,\N,(307) 555-0100,(307) 555-0101,shi@example.com,\N,\N,\N,1,2013-01-01 00:00:00,9999-12-31 23:59:59.999999
3007,Gunnar Lohmus,Gunnar,Gunnar Gunnar Lohmus,False,NO LOGON,False,\N,False,False,False,\N,(201) 555-0100,(201) 555-0101,gunnar@example.com,\N,\N,\N,1,2013-01-01 00:00:00,9999-12-31 23:59:59.999999
3008,Jackson Kolios,Jackson,Jackson Jackson Kolios,False,NO LOGON,False,\N,False,False,False,\N,(209) 555-0100,(209) 555-0101,jackson@example.com,\N,\N,\N,1,2013-01-01 00:00:00,9999-12-31 23:59:59.999999
3009,Madhu Dwivedi,Madhu,Madhu Madhu Dwivedi,False,NO LOGON,False,\N,False,False,False,\N,(802) 555-0100,(802) 555-0101,madhu@example.com,\N,\N,\N,1,2013-01-01 00:00:00,9999-12-31 23:59:59.999999
3010,Alena Kellnerova,Alena,Alena Alena Kellnerova,False,NO LOGON,False,\N,False,False,False,\N,(303) 555-0100,(303) 555-0101,alena@example.com,\N,\N,\N,1,2013-01-01 00:00:00,9999-12-31 23:59:59.999999
3011,Surendra Sahu,Surendra,Surendra Surendra Sahu,False,NO LOGON,False,\N,False,False,False,\N,(210) 555-0100,(210) 555-0101,surendra@example.com,\N,\N,\N,1,2013-01-01 00:00:00,9999-12-31 23:59:59.999999
3012,Celica Barajas,Celica,Celica Celica Barajas,False,NO LOGON,False,\N,False,False,False,\N,(270) 555-0100,(270) 555-0101,celica@example.com,\N,\N,\N,1,2013-01-01 00:00:00,9999-12-31 23:59:59.999999
3013,Shyam Poddar,Shyam,Shyam Shyam Poddar,False,NO LOGON,False,\N,False,False,False,\N,(218) 555-0100,(218) 555-0101,shyam@example.com,\N,\N,\N,1,2013-01-01 00:00:00,9999-12-31 23:59:59.999999
3014,Johanna Hoornstra,Johanna,Johanna Johanna Hoornstra,False,NO LOGON,False,\N,False,False,False,\N,(210) 555-0100,(210) 555-0101,johanna@example.com,\N,\N,\N,1,2013-01-01 00:00:00,9999-12-31 23:59:59.999999
3015,Libuse Valentova,Libuse,Libuse Libuse Valentova,False,NO LOGON,False,\N,False,False,False,\N,(270) 555-0100,(270) 555-0101,libuse@example.com,\N,\N,\N,1,2013-01-01 00:00:00,9999-12-31 23:59:59.999999
3016,Harsha Huq,Harsha,Harsha Harsha Huq,False,NO LOGON,False,\N,False,False,False,\N,(314) 555-0100,(314) 555-0101,harsha@example.com,\N,\N,\N,1,2013-01-01 00:00:00,9999-12-31 23:59:59.999999
3017,Agrita Kanepa,Agrita,Agrita Agrita Kanepa,True,agrita@example.com,False,\\xa9937a3658383605658e1ec4c3a4558502b793c324cd569f320054b85254bead,False,False,False,"{""theme"":""ui-darkness"",""dateFormat"":""mm/dd/yy"",""timeZone"": ""PST"",""table"":{""pagingType"":""full"",""pageLength"": 50},""favoritesOnDashboard"":true}",(201) 555-0100,(201) 555-0101,agrita@example.com,\N,\N,\N,1,2016-05-31 23:14:00,9999-12-31 23:59:59.999999
3018,Liia Orav,Liia,Liia Liia Orav,False,NO LOGON,False,\N,False,False,False,\N,(252) 555-0100,(252) 555-0101,liia@example.com,\N,\N,\N,1,2013-01-01 00:00:00,9999-12-31 23:59:59.999999
3019,Santiago Vera,Santiago,Santiago Santiago Vera,False,NO LOGON,False,\N,False,False,False,\N,(304) 555-0100,(304) 555-0101,santiago@example.com,\N,\N,\N,1,2013-01-01 00:00:00,9999-12-31 23:59:59.999999
3020,Knut Svensson,Knut,Knut Knut Svensson,False,NO LOGON,False,\N,False,False,False,\N,(201) 555-0100,(201) 555-0101,knut@example.com,\N,\N,\N,1,2013-01-01 00:00:00,9999-12-31 23:59:59.999999
3021,Kwanjai Saowaluk,Kwanjai,Kwanjai Kwanjai Saowaluk,False,NO LOGON,False,\N,False,False,False,\N,(787) 555-0100,(787) 555-0101,kwanjai@example.com,\N,\N,\N,1,2013-01-01 00:00:00,9999-12-31 23:59:59.999999
3022,Suparna Bhattacharya,Suparna,Suparna Suparna Bhattacharya,True,suparna@example.com,False,\\x993f573e9f4c4f2ca5860f64aa3c9d1ee7c96696118eec7c776962c93731ab89,False,False,False,"{""theme"":""le-frog"",""dateFormat"":""dd/mm/yy"",""timeZone"": ""PST"",""table"":{""pagingType"":""full"",""pageLength"": 50},""favoritesOnDashboard"":true}",(314) 555-0100,(314) 555-0101,suparna@example.com,\N,\N,\N,1,2016-05-31 23:14:00,9999-12-31 23:59:59.999999
3023,Francisca Laureano,Francisca,Francisca Francisca Laureano,True,francisca@example.com,False,\\xc27b24142be0660a89c07454ed9e0e2ca8b0f1faf0395ddbb46a76a8683f3755,False,False,False,"{""theme"":""black-tie"",""dateFormat"":""DD, MM d, yy"",""timeZone"": ""PST"",""table"":{""pagingType"":""simple_numbers"",""pageLength"": 10},""favoritesOnDashboard"":true}",(319) 555-0100,(319) 555-0101,francisca@example.com,\N,\N,\N,1,2016-05-31 23:14:00,9999-12-31 23:59:59.999999
3024,Risto Valbe,Risto,Risto Risto Valbe,False,NO LOGON,False,\N,False,False,False,\N,(205) 555-0100,(205) 555-0101,risto@example.com,\N,\N,\N,1,2013-01-01 00:00:00,9999-12-31 23:59:59.999999
3025,Jayanta Thakur,Jayanta,Jayanta Jayanta Thakur,False,NO LOGON,False,\N,False,False,False,\N,(276) 555-0100,(276) 555-0101,jayanta@example.com,\N,\N,\N,1,2013-01-01 00:00:00,9999-12-31 23:59:59.999999
3026,Leila Carvalho,Leila,Leila Leila Carvalho,False,NO LOGON,False,\N,False,False,False,\N,(217) 555-0100,(217) 555-0101,leila@example.com,\N,\N,\N,1,2013-01-01 00:00:00,9999-12-31 23:59:59.999999
3027,Crina Grasu,Crina,Crina Crina Grasu,False,NO LOGON,False,\N,False,False,False,\N,(308) 555-0100,(308) 555-0101,crina@example.com,\N,\N,\N,1,2013-01-01 00:00:00,9999-12-31 23:59:59.999999
3028,Sercan Celik,Sercan,Sercan Sercan Celik,False,NO LOGON,False,\N,False,False,False,\N,(217) 555-0100,(217) 555-0101,sercan@example.com,\N,\N,\N,1,2013-01-01 00:00:00,9999-12-31 23:59:59.999999
3029,Jack Walker,Jack,Jack Jack Walker,True,jack@example.com,False,\\xdfea34f63f87b971a9d9ce83a0f0b4202df07774f421b9584a139c80ff9a83e0,False,False,False,"{""theme"":""le-frog"",""dateFormat"":""mm/dd/yy"",""timeZone"": ""PST"",""table"":{""pagingType"":""simple"",""pageLength"": 10},""favoritesOnDashboard"":true}",(316) 555-0100,(316) 555-0101,jack@example.com,\N,\N,\N,1,2016-05-31 23:14:00,9999-12-31 23:59:59.999999
3030,Jana Fialova,Jana,Jana Jana Fialova,False,NO LOGON,False,\N,False,False,False,\N,(215) 555-0100,(215) 555-0101,jana@example.com,\N,\N,\N,1,2013-01-01 00:00:00,9999-12-31 23:59:59.999999
3031,Bhaavan Rai,Bhaavan,Bhaavan Bhaavan Rai,False,NO LOGON,False,\N,False,False,False,\N,(308) 555-0100,(308) 555-0101,bhaavan@example.com,\N,\N,\N,1,2013-01-01 00:00:00,9999-12-31 23:59:59.999999
3032,Aakriti Byrraju,Aakriti,Aakriti Aakriti Byrraju,False,NO LOGON,False,\N,False,False,False,\N,(216) 555-0100,(216) 555-0101,aakriti@example.com,\N,\N,\N,1,2013-01-01 00:00:00,9999-12-31 23:59:59.999999
3033,Devraj Rao,Devraj,Devraj Devraj Rao,False,NO LOGON,False,\N,False,False,False,\N,(385) 555-0100,(385) 555-0101,devraj@example.com,\N,\N,\N,1,2013-01-01 00:00:00,9999-12-31 23:59:59.999999
3034,Cong Hoa,Cong,Cong Cong Hoa,False,NO LOGON,False,\N,False,False,False,\N,(212) 555-0100,(212) 555-0101,cong@example.com,\N,\N,\N,1,2013-01-01 00:00:00,9999-12-31 23:59:59.999999
3035,Dominic Davignon,Dominic,Dominic Dominic Davignon,False,NO LOGON,False,\N,False,False,False,\N,(209) 555-0100,(209) 555-0101,dominic@example.com,\N,\N,\N,1,2013-01-01 00:00:00,9999-12-31 23:59:59.999999
3036,Abel Spirlea,Abel,Abel Abel Spirlea,False,NO LOGON,False,\N,False,False,False,\N,(218) 555-0100,(218) 555-0101,abel@example.com,\N,\N,\N,1,2013-01-01 00:00:00,9999-12-31 23:59:59.999999
3037,Anil Sarkar,Anil,Anil Anil Sarkar,True,anil@example.com,False,\\x0aa0c93799150731eacd628d5421ffb3d0184af828cb5e3bf62f12e06665d00f,False,False,False,"{""theme"":""black-tie"",""dateFormat"":""mm/dd/yy"",""timeZone"": ""PST"",""table"":{""pagingType"":""full"",""pageLength"": 50},""favoritesOnDashboard"":true}",(215) 555-0100,(215) 555-0101,anil@example.com,\N,\N,\N,1,2016-05-31 23:14:00,9999-12-31 23:59:59.999999
3038,Pavel Bogdanov,Pavel,Pavel Pavel Bogdanov,True,pavel@example.com,False,\\x6e0268254248c093794954dc7a25f6c405808ccb51c4ec6a805d9874c15d00ff,False,False,False,"{""theme"":""ui-darkness"",""dateFormat"":""mm/dd/yy"",""timeZone"": ""PST"",""table"":{""pagingType"":""simple_numbers"",""pageLength"": 10},""favoritesOnDashboard"":true}",(339) 555-0100,(339) 555-0101,pavel@example.com,\N,\N,\N,1,2016-05-31 23:14:00,9999-12-31 23:59:59.999999
3039,Juan Morse,Juan,Juan Juan Morse,False,NO LOGON,False,\N,False,False,False,\N,(423) 555-0100,(423) 555-0101,juan@example.com,\N,\N,\N,1,2013-01-01 00:00:00,9999-12-31 23:59:59.999999
3040,Rodrigo Figueiredo,Rodrigo,Rodrigo Rodrigo Figueiredo,False,NO LOGON,False,\N,False,False,False,\N,(803) 555-0100,(803) 555-0101,rodrigo@example.com,\N,\N,\N,1,2013-01-01 00:00:00,9999-12-31 23:59:59.999999
3041,Camille Authier,Camille,Camille Camille Authier,False,NO LOGON,False,\N,False,False,False,\N,(252) 555-0100,(252) 555-0101,camille@example.com,\N,\N,\N,1,2013-01-01 00:00:00,9999-12-31 23:59:59.999999
3042,Biju Deb,Biju,Biju Biju Deb,False,NO LOGON,False,\N,False,False,False,\N,(218) 555-0100,(218) 555-0101,biju@example.com,\N,\N,\N,1,2013-01-01 00:00:00,9999-12-31 23:59:59.999999
3043,Marija Justina Pasek,Marija Justina,Marija Justina Marija Justina Pasek,False,NO LOGON,False,\N,False,False,False,\N,(215) 555-0100,(215) 555-0101,marija justina@example.com,\N,\N,\N,1,2013-01-01 00:00:00,9999-12-31 23:59:59.999999
3044,Durdanah Abbasi,Durdanah,Durdanah Durdanah Abbasi,False,NO LOGON,False,\N,False,False,False,\N,(201) 555-0100,(201) 555-0101,durdanah@example.com,\N,\N,\N,1,2013-01-01 00:00:00,9999-12-31 23:59:59.999999
3045,Emilie Hrdlickova,Emilie,Emilie Emilie Hrdlickova,False,NO LOGON,False,\N,False,False,False,\N,(803) 555-0100,(803) 555-0101,emilie@example.com,\N,\N,\N,1,2013-01-01 00:00:00,9999-12-31 23:59:59.999999
3046,Malorie Bousquet,Malorie,Malorie Malorie Bousquet,False,NO LOGON,False,\N,False,False,False,\N,(209) 555-0100,(209) 555-0101,malorie@example.com,\N,\N,\N,1,2013-01-01 00:00:00,9999-12-31 23:59:59.999999
3047,Kristiina Ivanov,Kristiina,Kristiina Kristiina Ivanov,False,NO LOGON,False,\N,False,False,False,\N,(605) 555-0100,(605) 555-0101,kristiina@example.com,\N,\N,\N,1,2013-01-01 00:00:00,9999-12-31 23:59:59.999999
3048,Alvin Bollinger,Alvin,Alvin Alvin Bollinger,False,NO LOGON,False,\N,False,False,False,\N,(270) 555-0100,(270) 555-0101,alvin@example.com,\N,\N,\N,1,2013-01-01 00:00:00,9999-12-31 23:59:59.999999
3049,Sabine Zalite,Sabine,Sabine Sabine Zalite,False,NO LOGON,False,\N,False,False,False,\N,(210) 555-0100,(210) 555-0101,sabine@example.com,\N,\N,\N,1,2013-01-01 00:00:00,9999-12-31 23:59:59.999999
3050,Daakshaayaani Sankaramanchi,Daakshaayaani,Daakshaayaani Daakshaayaani Sankaramanchi,False,NO LOGON,False,\N,False,False,False,\N,(319) 555-0100,(319) 555-0101,daakshaayaani@example.com,\N,\N,\N,1,2013-01-01 00:00:00,9999-12-31 23:59:59.999999
3051,Ebru Erdogan,Ebru,Ebru Ebru Erdogan,False,NO LOGON,False,\N,False,False,False,\N,(405) 555-0100,(405) 555-0101,ebru@example.com,\N,\N,\N,1,2013-01-01 00:00:00,9999-12-31 23:59:59.999999
3052,Bhagavaan Atluri,Bhagavaan,Bhagavaan Bhagavaan Atluri,False,NO LOGON,False,\N,False,False,False,\N,(229) 555-0100,(229) 555-0101,bhagavaan@example.com,\N,\N,\N,1,2013-01-01 00:00:00,9999-12-31 23:59:59.999999
3053,Caterina Pinto,Caterina,Caterina Caterina Pinto,False,NO LOGON,False,\N,False,False,False,\N,(907) 555-0100,(907) 555-0101,caterina@example.com,\N,\N,\N,1,2013-01-01 00:00:00,9999-12-31 23:59:59.999999
3054,Daakshaayaani Kommineni,Daakshaayaani,Daakshaayaani Daakshaayaani Kommineni,False,NO LOGON,False,\N,False,False,False,\N,(239) 555-0100,(239) 555-0101,daakshaayaani@example.com,\N,\N,\N,1,2013-01-01 00:00:00,9999-12-31 23:59:59.999999
3055,Anna Mazzanti,Anna,Anna Anna Mazzanti,False,NO LOGON,False,\N,False,False,False,\N,(314) 555-0100,(314) 555-0101,anna@example.com,\N,\N,\N,1,2013-01-01 00:00:00,9999-12-31 23:59:59.999999
3056,Satish Mittal,Satish,Satish Satish Mittal,False,NO LOGON,False,\N,False,False,False,\N,(215) 555-0100,(215) 555-0101,satish@example.com,\N,\N,\N,1,2013-01-01 00:00:00,9999-12-31 23:59:59.999999
3057,Clarissa Manfrin,Clarissa,Clarissa Clarissa Manfrin,False,NO LOGON,False,\N,False,False,False,\N,(210) 555-0100,(210) 555-0101,clarissa@example.com,\N,\N,\N,1,2013-01-01 00:00:00,9999-12-31 23:59:59.999999
3058,Bimla PrabhupÄda,Bimla,Bimla Bimla PrabhupÄda,True,bimla@example.com,False,\\x56ea84f1d2a78b73c5d1e68e759701efcf82b0c3e367b348751d2ddc3451ab25,False,False,False,"{""theme"":""black-tie"",""dateFormat"":""mm/dd/yy"",""timeZone"": ""PST"",""table"":{""pagingType"":""simple_numbers"",""pageLength"": 10},""favoritesOnDashboard"":true}",(209) 555-0100,(209) 555-0101,bimla@example.com,\N,\N,\N,1,2016-05-31 23:14:00,9999-12-31 23:59:59.999999
3059,Shah Alizadeh,Shah,Shah Shah Alizadeh,False,NO LOGON,False,\N,False,False,False,\N,(304) 555-0100,(304) 555-0101,shah@example.com,\N,\N,\N,1,2013-01-01 00:00:00,9999-12-31 23:59:59.999999
3060,Marcela Lucescu,Marcela,Marcela Marcela Lucescu,False,NO LOGON,False,\N,False,False,False,\N,(231) 555-0100,(231) 555-0101,marcela@example.com,\N,\N,\N,1,2013-01-01 00:00:00,9999-12-31 23:59:59.999999
3061,Amarasimha Vinjamuri,Amarasimha,Amarasimha Amarasimha Vinjamuri,True,amarasimha@example.com,False,\\x7a67cae4cc7b59df21dac3a52ac5879fabbc8aa33e245790d605cea35310102e,False,False,False,"{""theme"":""humanity"",""dateFormat"":""yy-mm-dd"",""timeZone"": ""PST"",""table"":{""pagingType"":""full_numbers"",""pageLength"": 25},""favoritesOnDashboard"":true}",(339) 555-0100,(339) 555-0101,amarasimha@example.com,\N,\N,\N,1,2016-05-31 23:14:00,9999-12-31 23:59:59.999999
3062,Lana Goransson,Lana,Lana Lana Goransson,True,lana@example.com,False,\\x17a4dbbe7d13cfd1533b17988c0069bd6b7de4600443e871b360098442ad4e74,False,False,False,"{""theme"":""dark-hive"",""dateFormat"":""dd/mm/yy"",""timeZone"": ""PST"",""table"":{""pagingType"":""full"",""pageLength"": 50},""favoritesOnDashboard"":true}",(212) 555-0100,(212) 555-0101,lana@example.com,\N,\N,\N,1,2016-05-31 23:14:00,9999-12-31 23:59:59.999999
3063,Jakub Lukes,Jakub,Jakub Jakub Lukes,False,NO LOGON,False,\N,False,False,False,\N,(212) 555-0100,(212) 555-0101,jakub@example.com,\N,\N,\N,1,2013-01-01 00:00:00,9999-12-31 23:59:59.999999
3064,Mikhail Degtyarev,Mikhail,Mikhail Mikhail Degtyarev,False,NO LOGON,False,\N,False,False,False,\N,(218) 555-0100,(218) 555-0101,mikhail@example.com,\N,\N,\N,1,2013-01-01 00:00:00,9999-12-31 23:59:59.999999
3065,Bijoya Thakur,Bijoya,Bijoya Bijoya Thakur,False,NO LOGON,False,\N,False,False,False,\N,(225) 555-0100,(225) 555-0101,bijoya@example.com,\N,\N,\N,1,2013-01-01 00:00:00,9999-12-31 23:59:59.999999
3066,Jay Bhuiyan,Jay,Jay Jay Bhuiyan,False,NO LOGON,False,\N,False,False,False,\N,(215) 555-0100,(215) 555-0101,jay@example.com,\N,\N,\N,1,2013-01-01 00:00:00,9999-12-31 23:59:59.999999
3067,Jasna Cerkez,Jasna,Jasna Jasna Cerkez,False,NO LOGON,False,\N,False,False,False,\N,(304) 555-0100,(304) 555-0101,jasna@example.com,\N,\N,\N,1,2013-01-01 00:00:00,9999-12-31 23:59:59.999999
3068,Laura Sykorova,Laura,Laura Laura Sykorova,False,NO LOGON,False,\N,False,False,False,\N,(316) 555-0100,(316) 555-0101,laura@example.com,\N,\N,\N,1,2013-01-01 00:00:00,9999-12-31 23:59:59.999999
3069,Abel Tatarescu,Abel,Abel Abel Tatarescu,False,NO LOGON,False,\N,False,False,False,\N,(217) 555-0100,(217) 555-0101,abel@example.com,\N,\N,\N,1,2013-01-01 00:00:00,9999-12-31 23:59:59.999999
3070,In-Su Bae,In-Su,In-Su In-Su Bae,False,NO LOGON,False,\N,False,False,False,\N,(206) 555-0100,(206) 555-0101,in-su@example.com,\N,\N,\N,1,2013-01-01 00:00:00,9999-12-31 23:59:59.999999
3071,Darshana Madhunapantula,Darshana,Darshana Darshana Madhunapantula,False,NO LOGON,False,\N,False,False,False,\N,(240) 555-0100,(240) 555-0101,darshana@example.com,\N,\N,\N,1,2013-01-01 00:00:00,9999-12-31 23:59:59.999999
3072,Katerina Hadrabova,Katerina,Katerina Katerina Hadrabova,False,NO LOGON,False,\N,False,False,False,\N,(219) 555-0100,(219) 555-0101,katerina@example.com,\N,\N,\N,1,2013-01-01 00:00:00,9999-12-31 23:59:59.999999
3073,Hana Hlouskova,Hana,Hana Hana Hlouskova,False,NO LOGON,False,\N,False,False,False,\N,(505) 555-0100,(505) 555-0101,hana@example.com,\N,\N,\N,1,2013-01-01 00:00:00,9999-12-31 23:59:59.999999
3074,Daniel Martensson,Daniel,Daniel Daniel Martensson,False,NO LOGON,False,\N,False,False,False,\N,(225) 555-0100,(225) 555-0101,daniel@example.com,\N,\N,\N,1,2013-01-01 00:00:00,9999-12-31 23:59:59.999999
3075,Philip Walker,Philip,Philip Philip Walker,False,NO LOGON,False,\N,False,False,False,\N,(216) 555-0100,(216) 555-0101,philip@example.com,\N,\N,\N,1,2013-01-01 00:00:00,9999-12-31 23:59:59.999999
3076,Marie LeBatelier,Marie,Marie Marie LeBatelier,False,NO LOGON,False,\N,False,False,False,\N,(210) 555-0100,(210) 555-0101,marie@example.com,\N,\N,\N,1,2013-01-01 00:00:00,9999-12-31 23:59:59.999999
3077,Leyla Siavashi,Leyla,Leyla Leyla Siavashi,False,NO LOGON,False,\N,False,False,False,\N,(201) 555-0100,(201) 555-0101,leyla@example.com,\N,\N,\N,1,2013-01-01 00:00:00,9999-12-31 23:59:59.999999
3078,Miriam House,Miriam,Miriam Miriam House,False,NO LOGON,False,\N,False,False,False,\N,(701) 555-0100,(701) 555-0101,miriam@example.com,\N,\N,\N,1,2013-01-01 00:00:00,9999-12-31 23:59:59.999999
3079,Jitka Necesana,Jitka,Jitka Jitka Necesana,False,NO LOGON,False,\N,False,False,False,\N,(212) 555-0100,(212) 555-0101,jitka@example.com,\N,\N,\N,1,2013-01-01 00:00:00,9999-12-31 23:59:59.999999
3080,Edmee Glissen,Edmee,Edmee Edmee Glissen,False,NO LOGON,False,\N,False,False,False,\N,(208) 555-0100,(208) 555-0101,edmee@example.com,\N,\N,\N,1,2013-01-01 00:00:00,9999-12-31 23:59:59.999999
3081,Magdalena Michnova,Magdalena,Magdalena Magdalena Michnova,False,NO LOGON,False,\N,False,False,False,\N,(907) 555-0100,(907) 555-0101,magdalena@example.com,\N,\N,\N,1,2013-01-01 00:00:00,9999-12-31 23:59:59.999999
3082,Maryann Huddleston,Maryann,Maryann Maryann Huddleston,False,NO LOGON,False,\N,False,False,False,\N,(304) 555-0100,(304) 555-0101,maryann@example.com,\N,\N,\N,1,2013-01-01 00:00:00,9999-12-31 23:59:59.999999
3083,Radha Barua,Radha,Radha Radha Barua,False,NO LOGON,False,\N,False,False,False,\N,(405) 555-0100,(405) 555-0101,radha@example.com,\N,\N,\N,1,2013-01-01 00:00:00,9999-12-31 23:59:59.999999
3084,Anindya Ghatak,Anindya,Anindya Anindya Ghatak,False,NO LOGON,False,\N,False,False,False,\N,(219) 555-0100,(219) 555-0101,anindya@example.com,\N,\N,\N,1,2013-01-01 00:00:00,9999-12-31 23:59:59.999999
3085,Chandrashekhar Dasgupta,Chandrashekhar,Chandrashekhar Chandrashekhar Dasgupta,False,NO LOGON,False,\N,False,False,False,\N,(208) 555-0100,(208) 555-0101,chandrashekhar@example.com,\N,\N,\N,1,2013-01-01 00:00:00,9999-12-31 23:59:59.999999
3086,Debbie Molina,Debbie,Debbie Debbie Molina,False,NO LOGON,False,\N,False,False,False,\N,(270) 555-0100,(270) 555-0101,debbie@example.com,\N,\N,\N,1,2013-01-01 00:00:00,9999-12-31 23:59:59.999999
3087,Baran Jonsson,Baran,Baran Baran Jonsson,False,NO LOGON,False,\N,False,False,False,\N,(458) 555-0100,(458) 555-0101,baran@example.com,\N,\N,\N,1,2013-01-01 00:00:00,9999-12-31 23:59:59.999999
3088,Jai Lamble,Jai,Jai Jai Lamble,False,NO LOGON,False,\N,False,False,False,\N,(479) 555-0100,(479) 555-0101,jai@example.com,\N,\N,\N,1,2013-01-01 00:00:00,9999-12-31 23:59:59.999999
3089,Sointu Savonheimo,Sointu,Sointu Sointu Savonheimo,False,NO LOGON,False,\N,False,False,False,\N,(701) 555-0100,(701) 555-0101,sointu@example.com,\N,\N,\N,1,2013-01-01 00:00:00,9999-12-31 23:59:59.999999
3090,Olya Izmaylov,Olya,Olya Olya Izmaylov,False,NO LOGON,False,\N,False,False,False,\N,(210) 555-0100,(210) 555-0101,olya@example.com,\N,\N,\N,1,2013-01-01 00:00:00,9999-12-31 23:59:59.999999
3091,Taneli Riutta,Taneli,Taneli Taneli Riutta,False,NO LOGON,False,\N,False,False,False,\N,(276) 555-0100,(276) 555-0101,taneli@example.com,\N,\N,\N,1,2013-01-01 00:00:00,9999-12-31 23:59:59.999999
3092,Bahaar Asef zade,Bahaar,Bahaar Bahaar Asef zade,False,NO LOGON,False,\N,False,False,False,\N,(225) 555-0100,(225) 555-0101,bahaar@example.com,\N,\N,\N,1,2013-01-01 00:00:00,9999-12-31 23:59:59.999999
3093,Leyla Asef zade,Leyla,Leyla Leyla Asef zade,False,NO LOGON,False,\N,False,False,False,\N,(216) 555-0100,(216) 555-0101,leyla@example.com,\N,\N,\N,1,2013-01-01 00:00:00,9999-12-31 23:59:59.999999
3094,Gabriela Hernandes,Gabriela,Gabriela Gabriela Hernandes,False,NO LOGON,False,\N,False,False,False,\N,(239) 555-0100,(239) 555-0101,gabriela@example.com,\N,\N,\N,1,2013-01-01 00:00:00,9999-12-31 23:59:59.999999
3095,Geza Roman,Geza,Geza Geza Roman,True,geza@example.com,False,\\x8bbb2eee2de1d6c19de14c2b22b5316b0ca87f259e36b2191fc41089e2ab39bb,False,False,False,"{""theme"":""blitzer"",""dateFormat"":""dd/mm/yy"",""timeZone"": ""PST"",""table"":{""pagingType"":""numbers"",""pageLength"": 10},""favoritesOnDashboard"":true}",(215) 555-0100,(215) 555-0101,geza@example.com,\N,\N,\N,1,2016-05-31 23:14:00,9999-12-31 23:59:59.999999
3096,Leonardo Folliero,Leonardo,Leonardo Leonardo Folliero,False,NO LOGON,False,\N,False,False,False,\N,(339) 555-0100,(339) 555-0101,leonardo@example.com,\N,\N,\N,1,2013-01-01 00:00:00,9999-12-31 23:59:59.999999
3097,Allan Mannik,Allan,Allan Allan Mannik,False,NO LOGON,False,\N,False,False,False,\N,(218) 555-0100,(218) 555-0101,allan@example.com,\N,\N,\N,1,2013-01-01 00:00:00,9999-12-31 23:59:59.999999
3098,Gopalgobinda Sikdar,Gopalgobinda,Gopalgobinda Gopalgobinda Sikdar,False,NO LOGON,False,\N,False,False,False,\N,(307) 555-0100,(307) 555-0101,gopalgobinda@example.com,\N,\N,\N,1,2013-01-01 00:00:00,9999-12-31 23:59:59.999999
3099,Chin-Sun Chang,Chin-Sun,Chin-Sun Chin-Sun Chang,False,NO LOGON,False,\N,False,False,False,\N,(605) 555-0100,(605) 555-0101,chin-sun@example.com,\N,\N,\N,1,2013-01-01 00:00:00,9999-12-31 23:59:59.999999
3100,Lilli Sokk,Lilli,Lilli Lilli Sokk,False,NO LOGON,False,\N,False,False,False,\N,(229) 555-0100,(229) 555-0101,lilli@example.com,\N,\N,\N,1,2013-01-01 00:00:00,9999-12-31 23:59:59.999999
3101,Adrian Andreasson,Adrian,Adrian Adrian Andreasson,False,NO LOGON,False,\N,False,False,False,\N,(217) 555-0100,(217) 555-0101,adrian@example.com,\N,\N,\N,1,2013-01-01 00:00:00,9999-12-31 23:59:59.999999
3102,Kamila Michnova,Kamila,Kamila Kamila Michnova,True,kamila@example.com,False,\\x8f318996c73158a4ba9a8fb1ddb82eb3c69ecf7e2306a4b8fa2d054a61c1a1ce,False,False,False,"{""theme"":""blitzer"",""dateFormat"":""dd/mm/yy"",""timeZone"": ""PST"",""table"":{""pagingType"":""full"",""pageLength"": 50},""favoritesOnDashboard"":true}",(210) 555-0100,(210) 555-0101,kamila@example.com,\N,\N,\N,1,2016-05-31 23:14:00,9999-12-31 23:59:59.999999
3103,Bing Han,Bing,Bing Bing Han,False,NO LOGON,False,\N,False,False,False,\N,(228) 555-0100,(228) 555-0101,bing@example.com,\N,\N,\N,1,2013-01-01 00:00:00,9999-12-31 23:59:59.999999
3104,Olafs Rozitis,Olafs,Olafs Olafs Rozitis,False,NO LOGON,False,\N,False,False,False,\N,(316) 555-0100,(316) 555-0101,olafs@example.com,\N,\N,\N,1,2013-01-01 00:00:00,9999-12-31 23:59:59.999999
3105,Sara Huiting,Sara,Sara Sara Huiting,False,NO LOGON,False,\N,False,False,False,\N,(218) 555-0100,(218) 555-0101,sara@example.com,\N,\N,\N,1,2013-01-01 00:00:00,9999-12-31 23:59:59.999999
3106,Ajitaab Pakalapati,Ajitaab,Ajitaab Ajitaab Pakalapati,False,NO LOGON,False,\N,False,False,False,\N,(209) 555-0100,(209) 555-0101,ajitaab@example.com,\N,\N,\N,1,2013-01-01 00:00:00,9999-12-31 23:59:59.999999
3107,Eugen Agafitei,Eugen,Eugen Eugen Agafitei,True,eugen@example.com,False,\\x1047c3a64942b1480261dc33de76ab7a2030c59fcde9d97b7581b8f49e147739,False,False,False,"{""theme"":""black-tie"",""dateFormat"":""mm/dd/yy"",""timeZone"": ""PST"",""table"":{""pagingType"":""full"",""pageLength"": 50},""favoritesOnDashboard"":true}",(252) 555-0100,(252) 555-0101,eugen@example.com,\N,\N,\N,1,2016-05-31 23:14:00,9999-12-31 23:59:59.999999
3108,Sumati Bhat,Sumati,Sumati Sumati Bhat,False,NO LOGON,False,\N,False,False,False,\N,(206) 555-0100,(206) 555-0101,sumati@example.com,\N,\N,\N,1,2013-01-01 00:00:00,9999-12-31 23:59:59.999999
3109,Dena Glissen,Dena,Dena Dena Glissen,False,NO LOGON,False,\N,False,False,False,\N,(316) 555-0100,(316) 555-0101,dena@example.com,\N,\N,\N,1,2013-01-01 00:00:00,9999-12-31 23:59:59.999999
3110,Elina Kaleja,Elina,Elina Elina Kaleja,False,NO LOGON,False,\N,False,False,False,\N,(225) 555-0100,(225) 555-0101,elina@example.com,\N,\N,\N,1,2013-01-01 00:00:00,9999-12-31 23:59:59.999999
3111,Liidia Lepp,Liidia,Liidia Liidia Lepp,False,NO LOGON,False,\N,False,False,False,\N,(276) 555-0100,(276) 555-0101,liidia@example.com,\N,\N,\N,1,2013-01-01 00:00:00,9999-12-31 23:59:59.999999
3112,Volkan senturk,Volkan,Volkan Volkan senturk,False,NO LOGON,False,\N,False,False,False,\N,(276) 555-0100,(276) 555-0101,volkan@example.com,\N,\N,\N,1,2013-01-01 00:00:00,9999-12-31 23:59:59.999999
3113,Violetta KlanCisar,Violetta,Violetta Violetta KlanCisar,False,NO LOGON,False,\N,False,False,False,\N,(225) 555-0100,(225) 555-0101,violetta@example.com,\N,\N,\N,1,2013-01-01 00:00:00,9999-12-31 23:59:59.999999
3114,Chandana Shasthri,Chandana,Chandana Chandana Shasthri,False,NO LOGON,False,\N,False,False,False,\N,(803) 555-0100,(803) 555-0101,chandana@example.com,\N,\N,\N,1,2013-01-01 00:00:00,9999-12-31 23:59:59.999999
3115,Ana Florea,Ana,Ana Ana Florea,False,NO LOGON,False,\N,False,False,False,\N,(210) 555-0100,(210) 555-0101,ana@example.com,\N,\N,\N,1,2013-01-01 00:00:00,9999-12-31 23:59:59.999999
3116,Pinja Jantunen,Pinja,Pinja Pinja Jantunen,False,NO LOGON,False,\N,False,False,False,\N,(308) 555-0100,(308) 555-0101,pinja@example.com,\N,\N,\N,1,2013-01-01 00:00:00,9999-12-31 23:59:59.999999
3117,Pari Hosseini,Pari,Pari Pari Hosseini,False,NO LOGON,False,\N,False,False,False,\N,(505) 555-0100,(505) 555-0101,pari@example.com,\N,\N,\N,1,2013-01-01 00:00:00,9999-12-31 23:59:59.999999
3118,Isidora Morales,Isidora,Isidora Isidora Morales,False,NO LOGON,False,\N,False,False,False,\N,(406) 555-0100,(406) 555-0101,isidora@example.com,\N,\N,\N,1,2013-01-01 00:00:00,9999-12-31 23:59:59.999999
3119,Kertu Sokk,Kertu,Kertu Kertu Sokk,False,NO LOGON,False,\N,False,False,False,\N,(212) 555-0100,(212) 555-0101,kertu@example.com,\N,\N,\N,1,2013-01-01 00:00:00,9999-12-31 23:59:59.999999
3120,Gayatri Gajula,Gayatri,Gayatri Gayatri Gajula,False,NO LOGON,False,\N,False,False,False,\N,(212) 555-0100,(212) 555-0101,gayatri@example.com,\N,\N,\N,1,2013-01-01 00:00:00,9999-12-31 23:59:59.999999
3121,Victoria Lacusta,Victoria,Victoria Victoria Lacusta,False,NO LOGON,False,\N,False,False,False,\N,(212) 555-0100,(212) 555-0101,victoria@example.com,\N,\N,\N,1,2013-01-01 00:00:00,9999-12-31 23:59:59.999999
3122,Sumati Chatterjee,Sumati,Sumati Sumati Chatterjee,True,sumati@example.com,False,\\x9a55477db8ed13cef780760caadca2a3b29d04a5f9972cee2e4d8b611a82ec7e,False,False,False,"{""theme"":""ui-darkness"",""dateFormat"":""dd/mm/yy"",""timeZone"": ""PST"",""table"":{""pagingType"":""full"",""pageLength"": 50},""favoritesOnDashboard"":true}",(231) 555-0100,(231) 555-0101,sumati@example.com,\N,\N,\N,1,2016-05-31 23:14:00,9999-12-31 23:59:59.999999
3123,Tai Bach,Tai,Tai Tai Bach,False,NO LOGON,False,\N,False,False,False,\N,(219) 555-0100,(219) 555-0101,tai@example.com,\N,\N,\N,1,2013-01-01 00:00:00,9999-12-31 23:59:59.999999
3124,Eva Schulteisz,Eva,Eva Eva Schulteisz,False,NO LOGON,False,\N,False,False,False,\N,(252) 555-0100,(252) 555-0101,eva@example.com,\N,\N,\N,1,2013-01-01 00:00:00,9999-12-31 23:59:59.999999
3125,Can ozcan,Can,Can Can ozcan,False,NO LOGON,False,\N,False,False,False,\N,(215) 555-0100,(215) 555-0101,can@example.com,\N,\N,\N,1,2013-01-01 00:00:00,9999-12-31 23:59:59.999999
3126,Richard Friar,Richard,Richard Richard Friar,True,richard@example.com,False,\\x9a29d1dee23ba28f64f45a1501aed232bde3740ec96ba98888672a150f8ac6b5,False,False,False,"{""theme"":""ui-darkness"",""dateFormat"":""mm/dd/yy"",""timeZone"": ""PST"",""table"":{""pagingType"":""full_numbers"",""pageLength"": 25},""favoritesOnDashboard"":true}",(339) 555-0100,(339) 555-0101,richard@example.com,\N,\N,\N,1,2016-05-31 23:14:00,9999-12-31 23:59:59.999999
3127,Matyas Sedlar,Matyas,Matyas Matyas Sedlar,True,matyas@example.com,False,\\x7da658b3eef9174996ca1db660907ca2f1937758e8a59ad12d32d999e654c6a0,False,False,False,"{""theme"":""le-frog"",""dateFormat"":""mm/dd/yy"",""timeZone"": ""PST"",""table"":{""pagingType"":""full"",""pageLength"": 50},""favoritesOnDashboard"":true}",(270) 555-0100,(270) 555-0101,matyas@example.com,\N,\N,\N,1,2016-05-31 23:14:00,9999-12-31 23:59:59.999999
3128,Arijit Bhuiyan,Arijit,Arijit Arijit Bhuiyan,False,NO LOGON,False,\N,False,False,False,\N,(212) 555-0100,(212) 555-0101,arijit@example.com,\N,\N,\N,1,2013-01-01 00:00:00,9999-12-31 23:59:59.999999
3129,Vladimir Henzl,Vladimir,Vladimir Vladimir Henzl,False,NO LOGON,False,\N,False,False,False,\N,(907) 555-0100,(907) 555-0101,vladimir@example.com,\N,\N,\N,1,2013-01-01 00:00:00,9999-12-31 23:59:59.999999
3130,Shantanu Huq,Shantanu,Shantanu Shantanu Huq,False,NO LOGON,False,\N,False,False,False,\N,(252) 555-0100,(252) 555-0101,shantanu@example.com,\N,\N,\N,1,2013-01-01 00:00:00,9999-12-31 23:59:59.999999
3131,Nada Jovanovic,Nada,Nada Nada Jovanovic,False,NO LOGON,False,\N,False,False,False,\N,(215) 555-0100,(215) 555-0101,nada@example.com,\N,\N,\N,1,2013-01-01 00:00:00,9999-12-31 23:59:59.999999
3132,Nicolo Cattaneo,Nicolo,Nicolo Nicolo Cattaneo,True,nicolo@example.com,False,\\xc40e808b3da9623e9ebeb74d483818543ea84143fdf0399926b4302746fd614c,False,False,False,"{""theme"":""dark-hive"",""dateFormat"":""dd/mm/yy"",""timeZone"": ""PST"",""table"":{""pagingType"":""full"",""pageLength"": 50},""favoritesOnDashboard"":true}",(212) 555-0100,(212) 555-0101,nicolo@example.com,\N,\N,\N,1,2016-05-31 23:14:00,9999-12-31 23:59:59.999999
3133,Joel Carrillo,Joel,Joel Joel Carrillo,False,NO LOGON,False,\N,False,False,False,\N,(405) 555-0100,(405) 555-0101,joel@example.com,\N,\N,\N,1,2013-01-01 00:00:00,9999-12-31 23:59:59.999999
3134,Ivan Sepulveda,Ivan,Ivan Ivan Sepulveda,True,ivan@example.com,False,\\x4d239e431e6ece568a474bb970119203d62d85004d9320f7a886f1f2c599edcf,False,False,False,"{""theme"":""le-frog"",""dateFormat"":""dd/mm/yy"",""timeZone"": ""PST"",""table"":{""pagingType"":""simple"",""pageLength"": 10},""favoritesOnDashboard"":true}",(218) 555-0100,(218) 555-0101,ivan@example.com,\N,\N,\N,1,2016-05-31 23:14:00,9999-12-31 23:59:59.999999
3135,Daevasree Samavedam,Daevasree,Daevasree Daevasree Samavedam,False,NO LOGON,False,\N,False,False,False,\N,(201) 555-0100,(201) 555-0101,daevasree@example.com,\N,\N,\N,1,2013-01-01 00:00:00,9999-12-31 23:59:59.999999
3136,Ludmila Smidova,Ludmila,Ludmila Ludmila Smidova,False,NO LOGON,False,\N,False,False,False,\N,(480) 555-0100,(480) 555-0101,ludmila@example.com,\N,\N,\N,1,2013-01-01 00:00:00,9999-12-31 23:59:59.999999
3137,Manca Hrastovsek,Manca,Manca Manca Hrastovsek,False,NO LOGON,False,\N,False,False,False,\N,(205) 555-0100,(205) 555-0101,manca@example.com,\N,\N,\N,1,2013-01-01 00:00:00,9999-12-31 23:59:59.999999
3138,Anna Gyarmathi,Anna,Anna Anna Gyarmathi,True,anna@example.com,False,\\x76c947d08037923eba020d4c27b45849fb2c104849a9063fee1ce4453ba78f68,False,False,False,"{""theme"":""humanity"",""dateFormat"":""mm/dd/yy"",""timeZone"": ""PST"",""table"":{""pagingType"":""simple_numbers"",""pageLength"": 10},""favoritesOnDashboard"":true}",(252) 555-0100,(252) 555-0101,anna@example.com,\N,\N,\N,1,2016-05-31 23:14:00,9999-12-31 23:59:59.999999
3139,Ioana Florea,Ioana,Ioana Ioana Florea,False,NO LOGON,False,\N,False,False,False,\N,(339) 555-0100,(339) 555-0101,ioana@example.com,\N,\N,\N,1,2013-01-01 00:00:00,9999-12-31 23:59:59.999999
3140,Lorin Astrom,Lorin,Lorin Lorin Astrom,False,NO LOGON,False,\N,False,False,False,\N,(210) 555-0100,(210) 555-0101,lorin@example.com,\N,\N,\N,1,2013-01-01 00:00:00,9999-12-31 23:59:59.999999
3141,Bishwa Chatterjee,Bishwa,Bishwa Bishwa Chatterjee,True,bishwa@example.com,False,\\x2328326a28d3441a5fd1cf639dbea5d14ea07591c24437473ce4b3606a4529d2,False,False,False,"{""theme"":""le-frog"",""dateFormat"":""yy-mm-dd"",""timeZone"": ""PST"",""table"":{""pagingType"":""full_numbers"",""pageLength"": 25},""favoritesOnDashboard"":true}",(239) 555-0100,(239) 555-0101,bishwa@example.com,\N,\N,\N,1,2016-05-31 23:14:00,9999-12-31 23:59:59.999999
3142,Chaayaadaevi Sonti,Chaayaadaevi,Chaayaadaevi Chaayaadaevi Sonti,False,NO LOGON,False,\N,False,False,False,\N,(217) 555-0100,(217) 555-0101,chaayaadaevi@example.com,\N,\N,\N,1,2013-01-01 00:00:00,9999-12-31 23:59:59.999999
3143,Drazenka Jelic,Drazenka,Drazenka Drazenka Jelic,False,NO LOGON,False,\N,False,False,False,\N,(803) 555-0100,(803) 555-0101,drazenka@example.com,\N,\N,\N,1,2013-01-01 00:00:00,9999-12-31 23:59:59.999999
3144,Ida Celma,Ida,Ida Ida Celma,False,NO LOGON,False,\N,False,False,False,\N,(319) 555-0100,(319) 555-0101,ida@example.com,\N,\N,\N,1,2013-01-01 00:00:00,9999-12-31 23:59:59.999999
3145,Hoc Tran,Hoc,Hoc Hoc Tran,False,NO LOGON,False,\N,False,False,False,\N,(339) 555-0100,(339) 555-0101,hoc@example.com,\N,\N,\N,1,2013-01-01 00:00:00,9999-12-31 23:59:59.999999
3146,David safranek,David,David David safranek,False,NO LOGON,False,\N,False,False,False,\N,(215) 555-0100,(215) 555-0101,david@example.com,\N,\N,\N,1,2013-01-01 00:00:00,9999-12-31 23:59:59.999999
3147,Svetlana Todorovic,Svetlana,Svetlana Svetlana Todorovic,False,NO LOGON,False,\N,False,False,False,\N,(206) 555-0100,(206) 555-0101,svetlana@example.com,\N,\N,\N,1,2013-01-01 00:00:00,9999-12-31 23:59:59.999999
3148,Richard Zahradnicek,Richard,Richard Richard Zahradnicek,False,NO LOGON,False,\N,False,False,False,\N,(314) 555-0100,(314) 555-0101,richard@example.com,\N,\N,\N,1,2013-01-01 00:00:00,9999-12-31 23:59:59.999999
3149,Seo-yun Paik,Seo-yun,Seo-yun Seo-yun Paik,False,NO LOGON,False,\N,False,False,False,\N,(210) 555-0100,(210) 555-0101,seo-yun@example.com,\N,\N,\N,1,2013-01-01 00:00:00,9999-12-31 23:59:59.999999
3150,Emily Whittle,Emily,Emily Emily Whittle,False,NO LOGON,False,\N,False,False,False,\N,(231) 555-0100,(231) 555-0101,emily@example.com,\N,\N,\N,1,2013-01-01 00:00:00,9999-12-31 23:59:59.999999
3151,Eliza Persson,Eliza,Eliza Eliza Persson,False,NO LOGON,False,\N,False,False,False,\N,(209) 555-0100,(209) 555-0101,eliza@example.com,\N,\N,\N,1,2013-01-01 00:00:00,9999-12-31 23:59:59.999999
3152,Chuan Wattanasin,Chuan,Chuan Chuan Wattanasin,False,NO LOGON,False,\N,False,False,False,\N,(217) 555-0100,(217) 555-0101,chuan@example.com,\N,\N,\N,1,2013-01-01 00:00:00,9999-12-31 23:59:59.999999
3153,Linh Dao,Linh,Linh Linh Dao,False,NO LOGON,False,\N,False,False,False,\N,(228) 555-0100,(228) 555-0101,linh@example.com,\N,\N,\N,1,2013-01-01 00:00:00,9999-12-31 23:59:59.999999
3154,Nasrin Omidzadeh,Nasrin,Nasrin Nasrin Omidzadeh,False,NO LOGON,False,\N,False,False,False,\N,(239) 555-0100,(239) 555-0101,nasrin@example.com,\N,\N,\N,1,2013-01-01 00:00:00,9999-12-31 23:59:59.999999
3155,Raghu Sandhu,Raghu,Raghu Raghu Sandhu,True,raghu@example.com,False,\\x05b6124a1f6b63b79ef48bafef0a520de1d841feea2cbcaf1af219876945f87c,False,False,False,"{""theme"":""le-frog"",""dateFormat"":""dd/mm/yy"",""timeZone"": ""PST"",""table"":{""pagingType"":""numbers"",""pageLength"": 10},""favoritesOnDashboard"":true}",(240) 555-0100,(240) 555-0101,raghu@example.com,\N,\N,\N,1,2016-05-31 23:14:00,9999-12-31 23:59:59.999999
3156,Nhung Thach,Nhung,Nhung Nhung Thach,False,NO LOGON,False,\N,False,False,False,\N,(480) 555-0100,(480) 555-0101,nhung@example.com,\N,\N,\N,1,2013-01-01 00:00:00,9999-12-31 23:59:59.999999
3157,Hee-Young Suh,Hee-Young,Hee-Young Hee-Young Suh,False,NO LOGON,False,\N,False,False,False,\N,(209) 555-0100,(209) 555-0101,hee-young@example.com,\N,\N,\N,1,2013-01-01 00:00:00,9999-12-31 23:59:59.999999
3158,Valentin Tirlea,Valentin,Valentin Valentin Tirlea,False,NO LOGON,False,\N,False,False,False,\N,(210) 555-0100,(210) 555-0101,valentin@example.com,\N,\N,\N,1,2013-01-01 00:00:00,9999-12-31 23:59:59.999999
3159,Dhaatri Chavva,Dhaatri,Dhaatri Dhaatri Chavva,False,NO LOGON,False,\N,False,False,False,\N,(207) 555-0100,(207) 555-0101,dhaatri@example.com,\N,\N,\N,1,2013-01-01 00:00:00,9999-12-31 23:59:59.999999
3160,Edgar Jogi,Edgar,Edgar Edgar Jogi,False,NO LOGON,False,\N,False,False,False,\N,(209) 555-0100,(209) 555-0101,edgar@example.com,\N,\N,\N,1,2013-01-01 00:00:00,9999-12-31 23:59:59.999999
3161,Rani Ganguly,Rani,Rani Rani Ganguly,False,NO LOGON,False,\N,False,False,False,\N,(209) 555-0100,(209) 555-0101,rani@example.com,\N,\N,\N,1,2013-01-01 00:00:00,9999-12-31 23:59:59.999999
3162,Bhagavati Vinjamuri,Bhagavati,Bhagavati Bhagavati Vinjamuri,False,NO LOGON,False,\N,False,False,False,\N,(319) 555-0100,(319) 555-0101,bhagavati@example.com,\N,\N,\N,1,2013-01-01 00:00:00,9999-12-31 23:59:59.999999
3163,Be Trang,Be,Be Be Trang,True,be@example.com,False,\\x0ed6052630e72610d7309d28382d4f8f796ab8c5d8b40ab43a47ea5f8657997c,False,False,False,"{""theme"":""black-tie"",""dateFormat"":""DD, MM d, yy"",""timeZone"": ""PST"",""table"":{""pagingType"":""simple_numbers"",""pageLength"": 10},""favoritesOnDashboard"":true}",(405) 555-0100,(405) 555-0101,be@example.com,\N,\N,\N,1,2016-05-31 23:14:00,9999-12-31 23:59:59.999999
3164,Ingrida Zeltina,Ingrida,Ingrida Ingrida Zeltina,False,NO LOGON,False,\N,False,False,False,\N,(239) 555-0100,(239) 555-0101,ingrida@example.com,\N,\N,\N,1,2013-01-01 00:00:00,9999-12-31 23:59:59.999999
3165,Phoung Cu,Phoung,Phoung Phoung Cu,False,NO LOGON,False,\N,False,False,False,\N,(208) 555-0100,(208) 555-0101,phoung@example.com,\N,\N,\N,1,2013-01-01 00:00:00,9999-12-31 23:59:59.999999
3166,Sara Walkky,Sara,Sara Sara Walkky,False,NO LOGON,False,\N,False,False,False,\N,(303) 555-0100,(303) 555-0101,sara@example.com,\N,\N,\N,1,2013-01-01 00:00:00,9999-12-31 23:59:59.999999
3167,Meera Patel,Meera,Meera Meera Patel,True,meera@example.com,False,\\x84db7abdf042da3762c37ccc10bc4987654cc5b479288806719ab505fb3d17ff,False,False,False,"{""theme"":""dark-hive"",""dateFormat"":""mm/dd/yy"",""timeZone"": ""PST"",""table"":{""pagingType"":""full"",""pageLength"": 50},""favoritesOnDashboard"":true}",(217) 555-0100,(217) 555-0101,meera@example.com,\N,\N,\N,1,2016-05-31 23:14:00,9999-12-31 23:59:59.999999
3168,Anca Gogean,Anca,Anca Anca Gogean,False,NO LOGON,False,\N,False,False,False,\N,(209) 555-0100,(209) 555-0101,anca@example.com,\N,\N,\N,1,2013-01-01 00:00:00,9999-12-31 23:59:59.999999
3169,Staffan Persson,Staffan,Staffan Staffan Persson,False,NO LOGON,False,\N,False,False,False,\N,(314) 555-0100,(314) 555-0101,staffan@example.com,\N,\N,\N,1,2013-01-01 00:00:00,9999-12-31 23:59:59.999999
3170,Isidora Urias,Isidora,Isidora Isidora Urias,True,isidora@example.com,False,\\xc9ce85c340fd4935157e5c7eb26a3820d33175949ba2a04ed668c6e1d32af88f,False,False,False,"{""theme"":""black-tie"",""dateFormat"":""mm/dd/yy"",""timeZone"": ""PST"",""table"":{""pagingType"":""numbers"",""pageLength"": 10},""favoritesOnDashboard"":true}",(239) 555-0100,(239) 555-0101,isidora@example.com,\N,\N,\N,1,2016-05-31 23:14:00,9999-12-31 23:59:59.999999
3171,Dhanishta Mokkapati,Dhanishta,Dhanishta Dhanishta Mokkapati,False,NO LOGON,False,\N,False,False,False,\N,(907) 555-0100,(907) 555-0101,dhanishta@example.com,\N,\N,\N,1,2013-01-01 00:00:00,9999-12-31 23:59:59.999999
3172,Lakshmi Benipal,Lakshmi,Lakshmi Lakshmi Benipal,False,NO LOGON,False,\N,False,False,False,\N,(209) 555-0100,(209) 555-0101,lakshmi@example.com,\N,\N,\N,1,2013-01-01 00:00:00,9999-12-31 23:59:59.999999
3173,Kumar Kamei,Kumar,Kumar Kumar Kamei,False,NO LOGON,False,\N,False,False,False,\N,(304) 555-0100,(304) 555-0101,kumar@example.com,\N,\N,\N,1,2013-01-01 00:00:00,9999-12-31 23:59:59.999999
3174,Emil Roman,Emil,Emil Emil Roman,False,NO LOGON,False,\N,False,False,False,\N,(210) 555-0100,(210) 555-0101,emil@example.com,\N,\N,\N,1,2013-01-01 00:00:00,9999-12-31 23:59:59.999999
3175,Prabodh Nair,Prabodh,Prabodh Prabodh Nair,False,NO LOGON,False,\N,False,False,False,\N,(605) 555-0100,(605) 555-0101,prabodh@example.com,\N,\N,\N,1,2013-01-01 00:00:00,9999-12-31 23:59:59.999999
3176,Alinne Matos,Alinne,Alinne Alinne Matos,False,NO LOGON,False,\N,False,False,False,\N,(229) 555-0100,(229) 555-0101,alinne@example.com,\N,\N,\N,1,2013-01-01 00:00:00,9999-12-31 23:59:59.999999
3177,Mauno Laurila,Mauno,Mauno Mauno Laurila,False,NO LOGON,False,\N,False,False,False,\N,(216) 555-0100,(216) 555-0101,mauno@example.com,\N,\N,\N,1,2013-01-01 00:00:00,9999-12-31 23:59:59.999999
3178,Baalaamjali Devulapalli,Baalaamjali,Baalaamjali Baalaamjali Devulapalli,False,NO LOGON,False,\N,False,False,False,\N,(505) 555-0100,(505) 555-0101,baalaamjali@example.com,\N,\N,\N,1,2013-01-01 00:00:00,9999-12-31 23:59:59.999999
3179,Melani Ravlen,Melani,Melani Melani Ravlen,False,NO LOGON,False,\N,False,False,False,\N,(405) 555-0100,(405) 555-0101,melani@example.com,\N,\N,\N,1,2013-01-01 00:00:00,9999-12-31 23:59:59.999999
3180,Om Yadav,Om,Om Om Yadav,False,NO LOGON,False,\N,False,False,False,\N,(262) 555-0100,(262) 555-0101,om@example.com,\N,\N,\N,1,2013-01-01 00:00:00,9999-12-31 23:59:59.999999
3181,Mahmut ozbek,Mahmut,Mahmut Mahmut ozbek,False,NO LOGON,False,\N,False,False,False,\N,(339) 555-0100,(339) 555-0101,mahmut@example.com,\N,\N,\N,1,2013-01-01 00:00:00,9999-12-31 23:59:59.999999
3182,Yves Belisle,Yves,Yves Yves Belisle,True,yves@example.com,False,\\xdcac4e7baee71e9c25461f6c3d5d82ce95dd1906471a0ae1d08a0e242ce4bd39,False,False,False,"{""theme"":""ui-darkness"",""dateFormat"":""dd/mm/yy"",""timeZone"": ""PST"",""table"":{""pagingType"":""full"",""pageLength"": 50},""favoritesOnDashboard"":true}",(480) 555-0100,(480) 555-0101,yves@example.com,\N,\N,\N,1,2016-05-31 23:14:00,9999-12-31 23:59:59.999999
3183,Sabine Alksne,Sabine,Sabine Sabine Alksne,False,NO LOGON,False,\N,False,False,False,\N,(479) 555-0100,(479) 555-0101,sabine@example.com,\N,\N,\N,1,2013-01-01 00:00:00,9999-12-31 23:59:59.999999
3184,Kamala Nishad,Kamala,Kamala Kamala Nishad,False,NO LOGON,False,\N,False,False,False,\N,(201) 555-0100,(201) 555-0101,kamala@example.com,\N,\N,\N,1,2013-01-01 00:00:00,9999-12-31 23:59:59.999999
3185,Roko Ilic,Roko,Roko Roko Ilic,False,NO LOGON,False,\N,False,False,False,\N,(262) 555-0100,(262) 555-0101,roko@example.com,\N,\N,\N,1,2013-01-01 00:00:00,9999-12-31 23:59:59.999999
3186,Neil Farrelly,Neil,Neil Neil Farrelly,True,neil@example.com,False,\\x0efe383c11e4e85d5203f90a79d2731137b08451343d8569b0885cc5bd1a7dcf,False,False,False,"{""theme"":""blitzer"",""dateFormat"":""mm/dd/yy"",""timeZone"": ""PST"",""table"":{""pagingType"":""full_numbers"",""pageLength"": 25},""favoritesOnDashboard"":true}",(215) 555-0100,(215) 555-0101,neil@example.com,\N,\N,\N,1,2016-05-31 23:14:00,9999-12-31 23:59:59.999999
3187,Akhil Nadar,Akhil,Akhil Akhil Nadar,False,NO LOGON,False,\N,False,False,False,\N,(479) 555-0100,(479) 555-0101,akhil@example.com,\N,\N,\N,1,2013-01-01 00:00:00,9999-12-31 23:59:59.999999
3188,Maksims Krastins,Maksims,Maksims Maksims Krastins,True,maksims@example.com,False,\\x56bce4898f0c91a9e1371c404dd1d67b3fdded2c79f9f4d404cfb9923ebfbe36,False,False,False,"{""theme"":""dark-hive"",""dateFormat"":""mm/dd/yy"",""timeZone"": ""PST"",""table"":{""pagingType"":""simple_numbers"",""pageLength"": 10},""favoritesOnDashboard"":true}",(304) 555-0100,(304) 555-0101,maksims@example.com,\N,\N,\N,1,2016-05-31 23:14:00,9999-12-31 23:59:59.999999
3189,Milinka Zujovic,Milinka,Milinka Milinka Zujovic,False,NO LOGON,False,\N,False,False,False,\N,(316) 555-0100,(316) 555-0101,milinka@example.com,\N,\N,\N,1,2013-01-01 00:00:00,9999-12-31 23:59:59.999999
3190,Andris Saulitis,Andris,Andris Andris Saulitis,False,NO LOGON,False,\N,False,False,False,\N,(210) 555-0100,(210) 555-0101,andris@example.com,\N,\N,\N,1,2013-01-01 00:00:00,9999-12-31 23:59:59.999999
3191,Valter Viiding,Valter,Valter Valter Viiding,True,valter@example.com,False,\\x820fc0fc69cadc42cee2c095373d2b5c18d7d8c5cb0a557f7e3a76a5915cf5b9,False,False,False,"{""theme"":""black-tie"",""dateFormat"":""yy-mm-dd"",""timeZone"": ""PST"",""table"":{""pagingType"":""full_numbers"",""pageLength"": 25},""favoritesOnDashboard"":true}",(216) 555-0100,(216) 555-0101,valter@example.com,\N,\N,\N,1,2016-05-31 23:14:00,9999-12-31 23:59:59.999999
3192,Amarakumaar Gadiyaram,Amarakumaar,Amarakumaar Amarakumaar Gadiyaram,False,NO LOGON,False,\N,False,False,False,\N,(303) 555-0100,(303) 555-0101,amarakumaar@example.com,\N,\N,\N,1,2013-01-01 00:00:00,9999-12-31 23:59:59.999999
3193,Gasper Havzija,Gasper,Gasper Gasper Havzija,False,NO LOGON,False,\N,False,False,False,\N,(314) 555-0100,(314) 555-0101,gasper@example.com,\N,\N,\N,1,2013-01-01 00:00:00,9999-12-31 23:59:59.999999
3194,Libuse Kuchtova,Libuse,Libuse Libuse Kuchtova,True,libuse@example.com,False,\\x234e904aa157f30b39bcc971f6be93e83bfa9c83340cba18b53be22f0734e6eb,False,False,False,"{""theme"":""humanity"",""dateFormat"":""dd/mm/yy"",""timeZone"": ""PST"",""table"":{""pagingType"":""simple"",""pageLength"": 10},""favoritesOnDashboard"":true}",(210) 555-0100,(210) 555-0101,libuse@example.com,\N,\N,\N,1,2016-05-31 23:14:00,9999-12-31 23:59:59.999999
3195,Kumar Naicker,Kumar,Kumar Kumar Naicker,False,NO LOGON,False,\N,False,False,False,\N,(262) 555-0100,(262) 555-0101,kumar@example.com,\N,\N,\N,1,2013-01-01 00:00:00,9999-12-31 23:59:59.999999
3196,Laszlo Gardenier,Laszlo,Laszlo Laszlo Gardenier,True,laszlo@example.com,False,\\x5bb798fe452969148eb44c38a5e5c1848bc1b828343a795630e4bef3cc430bca,False,False,False,"{""theme"":""ui-darkness"",""dateFormat"":""mm/dd/yy"",""timeZone"": ""PST"",""table"":{""pagingType"":""full_numbers"",""pageLength"": 25},""favoritesOnDashboard"":true}",(215) 555-0100,(215) 555-0101,laszlo@example.com,\N,\N,\N,1,2016-05-31 23:14:00,9999-12-31 23:59:59.999999
3197,Nada Ana Slosar,Nada Ana,Nada Ana Nada Ana Slosar,False,NO LOGON,False,\N,False,False,False,\N,(239) 555-0100,(239) 555-0101,nada ana@example.com,\N,\N,\N,1,2013-01-01 00:00:00,9999-12-31 23:59:59.999999
3198,Mahavir Sonkar,Mahavir,Mahavir Mahavir Sonkar,False,NO LOGON,False,\N,False,False,False,\N,(505) 555-0100,(505) 555-0101,mahavir@example.com,\N,\N,\N,1,2013-01-01 00:00:00,9999-12-31 23:59:59.999999
3199,Kristi Part,Kristi,Kristi Kristi Part,False,NO LOGON,False,\N,False,False,False,\N,(702) 555-0100,(702) 555-0101,kristi@example.com,\N,\N,\N,1,2013-01-01 00:00:00,9999-12-31 23:59:59.999999
3200,Krishnam Allu,Krishnam,Krishnam Krishnam Allu,False,NO LOGON,False,\N,False,False,False,\N,(405) 555-0100,(405) 555-0101,krishnam@example.com,\N,\N,\N,1,2013-01-01 00:00:00,9999-12-31 23:59:59.999999
3201,Dinh Mai,Dinh,Dinh Dinh Mai,False,NO LOGON,False,\N,False,False,False,\N,(210) 555-0100,(210) 555-0101,dinh@example.com,\N,\N,\N,1,2013-01-27 00:00:00,9999-12-31 23:59:59.999999
3202,Stefan Selezeanu,Stefan,Stefan Stefan Selezeanu,True,stefan@example.com,False,\\xed002edd39a56e04a7716d1a817c64a25ea2e1f75c7d8ed998443a6bea14da1b,False,False,False,"{""theme"":""dark-hive"",""dateFormat"":""dd/mm/yy"",""timeZone"": ""PST"",""table"":{""pagingType"":""full"",""pageLength"": 50},""favoritesOnDashboard"":true}",(212) 555-0100,(212) 555-0101,stefan@example.com,\N,\N,\N,1,2016-05-31 23:14:00,9999-12-31 23:59:59.999999
3203,Hue Ton,Hue,Hue Hue Ton,False,NO LOGON,False,\N,False,False,False,\N,(252) 555-0100,(252) 555-0101,hue@example.com,\N,\N,\N,1,2013-03-25 00:00:00,9999-12-31 23:59:59.999999
3204,Drishti Bose,Drishti,Drishti Drishti Bose,False,NO LOGON,False,\N,False,False,False,\N,(479) 555-0100,(479) 555-0101,drishti@example.com,\N,\N,\N,1,2013-04-01 00:00:00,9999-12-31 23:59:59.999999
3205,Bhadram Kamasamudram,Bhadram,Bhadram Bhadram Kamasamudram,False,NO LOGON,False,\N,False,False,False,\N,(802) 555-0100,(802) 555-0101,bhadram@example.com,\N,\N,\N,1,2013-04-06 00:00:00,9999-12-31 23:59:59.999999
3206,Taj Syme,Taj,Taj Taj Syme,False,NO LOGON,False,\N,False,False,False,\N,(216) 555-0100,(216) 555-0101,taj@example.com,\N,\N,\N,1,2013-04-10 00:00:00,9999-12-31 23:59:59.999999
3207,Irma Berzina,Irma,Irma Irma Berzina,False,NO LOGON,False,\N,False,False,False,\N,(458) 555-0100,(458) 555-0101,irma@example.com,\N,\N,\N,1,2013-04-13 00:00:00,9999-12-31 23:59:59.999999
3208,Vedrana Kovacevic,Vedrana,Vedrana Vedrana Kovacevic,False,NO LOGON,False,\N,False,False,False,\N,(479) 555-0100,(479) 555-0101,vedrana@example.com,\N,\N,\N,1,2013-04-14 00:00:00,9999-12-31 23:59:59.999999
3209,Bhagavateeprasaad Malladi,Bhagavateeprasaad,Bhagavateeprasaad Bhagavateeprasaad Malladi,False,NO LOGON,False,\N,False,False,False,\N,(479) 555-0100,(479) 555-0101,bhagavateeprasaad@example.com,\N,\N,\N,1,2013-05-03 00:00:00,9999-12-31 23:59:59.999999
3210,Serdar ozCelik,Serdar,Serdar Serdar ozCelik,False,NO LOGON,False,\N,False,False,False,\N,(210) 555-0100,(210) 555-0101,serdar@example.com,\N,\N,\N,1,2013-05-06 00:00:00,9999-12-31 23:59:59.999999
3211,Rajeev Sandhu,Rajeev,Rajeev Rajeev Sandhu,False,NO LOGON,False,\N,False,False,False,\N,(458) 555-0100,(458) 555-0101,rajeev@example.com,\N,\N,\N,1,2013-06-11 00:00:00,9999-12-31 23:59:59.999999
3212,Urve Kasesalu,Urve,Urve Urve Kasesalu,False,NO LOGON,False,\N,False,False,False,\N,(319) 555-0100,(319) 555-0101,urve@example.com,\N,\N,\N,1,2013-06-16 00:00:00,9999-12-31 23:59:59.999999
3213,Annette  Hetu,Annette ,Annette  Annette  Hetu,False,NO LOGON,False,\N,False,False,False,\N,(405) 555-0100,(405) 555-0101,annette @example.com,\N,\N,\N,1,2013-06-22 00:00:00,9999-12-31 23:59:59.999999
3214,Narendra Tickoo,Narendra,Narendra Narendra Tickoo,False,NO LOGON,False,\N,False,False,False,\N,(803) 555-0100,(803) 555-0101,narendra@example.com,\N,\N,\N,1,2013-07-18 00:00:00,9999-12-31 23:59:59.999999
3215,Isa Hulsegge,Isa,Isa Isa Hulsegge,False,NO LOGON,False,\N,False,False,False,\N,(252) 555-0100,(252) 555-0101,isa@example.com,\N,\N,\N,1,2013-08-01 00:00:00,9999-12-31 23:59:59.999999
3216,Aive Petrov,Aive,Aive Aive Petrov,True,aive@example.com,False,\\xe5200c985fac5a1e0614f36ebb0ecfa0f7c2125027bfa1c90a6fc01a6bce5b19,False,False,False,"{""theme"":""dark-hive"",""dateFormat"":""mm/dd/yy"",""timeZone"": ""PST"",""table"":{""pagingType"":""full_numbers"",""pageLength"": 25},""favoritesOnDashboard"":true}",(316) 555-0100,(316) 555-0101,aive@example.com,\N,\N,\N,1,2016-05-31 23:14:00,9999-12-31 23:59:59.999999
3217,David Novacek ,David,David David Novacek ,True,david@example.com,False,\\x4247d350022d466271561ef54c793d674e5f0bc0775b416e8e0b45e6fc2ef389,False,False,False,"{""theme"":""ui-darkness"",""dateFormat"":""mm/dd/yy"",""timeZone"": ""PST"",""table"":{""pagingType"":""full"",""pageLength"": 50},""favoritesOnDashboard"":true}",(423) 555-0100,(423) 555-0101,david@example.com,\N,\N,\N,1,2016-05-31 23:14:00,9999-12-31 23:59:59.999999
3218,Nils Kaulins,Nils,Nils Nils Kaulins,True,nils@example.com,False,\\xb64c862152ba2d3652a30d647fc403732637134ee302e2bdf4fcdf2a78dde991,False,False,False,"{""theme"":""le-frog"",""dateFormat"":""mm/dd/yy"",""timeZone"": ""PST"",""table"":{""pagingType"":""simple_numbers"",""pageLength"": 10},""favoritesOnDashboard"":true}",(406) 555-0100,(406) 555-0101,nils@example.com,\N,\N,\N,1,2016-05-31 23:14:00,9999-12-31 23:59:59.999999
3219,Dhanishta Pullela,Dhanishta,Dhanishta Dhanishta Pullela,False,NO LOGON,False,\N,False,False,False,\N,(304) 555-0100,(304) 555-0101,dhanishta@example.com,\N,\N,\N,1,2013-10-03 00:00:00,9999-12-31 23:59:59.999999
3220,Hai Banh,Hai,Hai Hai Banh,False,NO LOGON,False,\N,False,False,False,\N,(252) 555-0100,(252) 555-0101,hai@example.com,\N,\N,\N,1,2013-10-23 00:00:00,9999-12-31 23:59:59.999999
3221,Fabrice Cloutier,Fabrice,Fabrice Fabrice Cloutier,False,NO LOGON,False,\N,False,False,False,\N,(252) 555-0100,(252) 555-0101,fabrice@example.com,\N,\N,\N,1,2013-11-19 00:00:00,9999-12-31 23:59:59.999999
3222,Nadir Seddigh,Nadir,Nadir Nadir Seddigh,False,NO LOGON,False,\N,False,False,False,\N,(907) 555-0100,(907) 555-0101,nadir@example.com,\N,\N,\N,1,2013-11-25 00:00:00,9999-12-31 23:59:59.999999
3223,Farzana Habibi,Farzana,Farzana Farzana Habibi,False,NO LOGON,False,\N,False,False,False,\N,(219) 555-0100,(219) 555-0101,farzana@example.com,\N,\N,\N,1,2013-12-01 00:00:00,9999-12-31 23:59:59.999999
3224,Arka Chatterjee,Arka,Arka Arka Chatterjee,False,NO LOGON,False,\N,False,False,False,\N,(303) 555-0100,(303) 555-0101,arka@example.com,\N,\N,\N,1,2013-12-26 00:00:00,9999-12-31 23:59:59.999999
3225,Tuulikki Linna,Tuulikki,Tuulikki Tuulikki Linna,False,NO LOGON,False,\N,False,False,False,\N,(217) 555-0100,(217) 555-0101,tuulikki@example.com,\N,\N,\N,1,2014-01-15 00:00:00,9999-12-31 23:59:59.999999
3226,Daniella Cavalcante,Daniella,Daniella Daniella Cavalcante,False,NO LOGON,False,\N,False,False,False,\N,(405) 555-0100,(405) 555-0101,daniella@example.com,\N,\N,\N,1,2014-01-17 00:00:00,9999-12-31 23:59:59.999999
3227,Serdar ozden,Serdar,Serdar Serdar ozden,False,NO LOGON,False,\N,False,False,False,\N,(319) 555-0100,(319) 555-0101,serdar@example.com,\N,\N,\N,1,2014-02-22 00:00:00,9999-12-31 23:59:59.999999
3228,Emma Van Zant,Emma,Emma Emma Van Zant,False,NO LOGON,False,\N,False,False,False,\N,(303) 555-0100,(303) 555-0101,emma@example.com,\N,\N,\N,1,2014-05-14 00:00:00,9999-12-31 23:59:59.999999
3229,Veronika Necesana,Veronika,Veronika Veronika Necesana,False,NO LOGON,False,\N,False,False,False,\N,(218) 555-0100,(218) 555-0101,veronika@example.com,\N,\N,\N,1,2014-05-18 00:00:00,9999-12-31 23:59:59.999999
3230,Chompoo Atitarn,Chompoo,Chompoo Chompoo Atitarn,False,NO LOGON,False,\N,False,False,False,\N,(603) 555-0100,(603) 555-0101,chompoo@example.com,\N,\N,\N,1,2014-06-18 00:00:00,9999-12-31 23:59:59.999999
3231,Dipti Shah,Dipti,Dipti Dipti Shah,False,NO LOGON,False,\N,False,False,False,\N,(216) 555-0100,(216) 555-0101,dipti@example.com,\N,\N,\N,1,2014-08-03 00:00:00,9999-12-31 23:59:59.999999
3232,Som Mukherjee,Som,Som Som Mukherjee,False,NO LOGON,False,\N,False,False,False,\N,(385) 555-0100,(385) 555-0101,som@example.com,\N,\N,\N,1,2014-08-25 00:00:00,9999-12-31 23:59:59.999999
3233,Cuneyt Arslan,Cuneyt,Cuneyt Cuneyt Arslan,False,NO LOGON,False,\N,False,False,False,\N,(405) 555-0100,(405) 555-0101,cuneyt@example.com,\N,\N,\N,1,2014-08-26 00:00:00,9999-12-31 23:59:59.999999
3234,Aishwarya Dantuluri,Aishwarya,Aishwarya Aishwarya Dantuluri,False,NO LOGON,False,\N,False,False,False,\N,(209) 555-0100,(209) 555-0101,aishwarya@example.com,\N,\N,\N,1,2014-09-03 00:00:00,9999-12-31 23:59:59.999999
3235,Manjunatha Karnik,Manjunatha,Manjunatha Manjunatha Karnik,False,NO LOGON,False,\N,False,False,False,\N,(405) 555-0100,(405) 555-0101,manjunatha@example.com,\N,\N,\N,1,2014-11-08 00:00:00,9999-12-31 23:59:59.999999
3236,Erik Malk,Erik,Erik Erik Malk,False,NO LOGON,False,\N,False,False,False,\N,(406) 555-0100,(406) 555-0101,erik@example.com,\N,\N,\N,1,2014-11-13 00:00:00,9999-12-31 23:59:59.999999
3237,David Jaramillo,David,David David Jaramillo,True,david@example.com,False,\\xcd34765a4ec289d3a8983c2071983a4b0dcf97084e859df2278c8c3b90871966,False,False,False,"{""theme"":""dark-hive"",""dateFormat"":""mm/dd/yy"",""timeZone"": ""PST"",""table"":{""pagingType"":""full"",""pageLength"": 50},""favoritesOnDashboard"":true}",(803) 555-0100,(803) 555-0101,david@example.com,\N,\N,\N,1,2016-05-31 23:14:00,9999-12-31 23:59:59.999999
3238,Damodara Trivedi,Damodara,Damodara Damodara Trivedi,False,NO LOGON,False,\N,False,False,False,\N,(210) 555-0100,(210) 555-0101,damodara@example.com,\N,\N,\N,1,2014-12-03 00:00:00,9999-12-31 23:59:59.999999
3239,Bhaamini Palagummi,Bhaamini,Bhaamini Bhaamini Palagummi,False,NO LOGON,False,\N,False,False,False,\N,(212) 555-0100,(212) 555-0101,bhaamini@example.com,\N,\N,\N,1,2015-01-13 00:00:00,9999-12-31 23:59:59.999999
3240,Damodar Shenoy,Damodar,Damodar Damodar Shenoy,False,NO LOGON,False,\N,False,False,False,\N,(229) 555-0100,(229) 555-0101,damodar@example.com,\N,\N,\N,1,2015-01-16 00:00:00,9999-12-31 23:59:59.999999
3241,Tomo Vidovic,Tomo,Tomo Tomo Vidovic,False,NO LOGON,False,\N,False,False,False,\N,(207) 555-0100,(207) 555-0101,tomo@example.com,\N,\N,\N,1,2015-01-18 00:00:00,9999-12-31 23:59:59.999999
3242,Nguyen Banh,Nguyen,Nguyen Nguyen Banh,False,NO LOGON,False,\N,False,False,False,\N,(239) 555-0100,(239) 555-0101,nguyen@example.com,\N,\N,\N,1,2015-01-22 00:00:00,9999-12-31 23:59:59.999999
3243,Raj Verma,Raj,Raj Raj Verma,False,NO LOGON,False,\N,False,False,False,\N,(203) 555-0100,(203) 555-0101,raj@example.com,\N,\N,\N,1,2015-01-30 00:00:00,9999-12-31 23:59:59.999999
3244,Hanita Nookala,Hanita,Hanita Hanita Nookala,False,NO LOGON,False,\N,False,False,False,\N,(225) 555-0100,(225) 555-0101,hanita@example.com,\N,\N,\N,1,2015-02-12 00:00:00,9999-12-31 23:59:59.999999
3245,Matteo Cattaneo,Matteo,Matteo Matteo Cattaneo,False,NO LOGON,False,\N,False,False,False,\N,(229) 555-0100,(229) 555-0101,matteo@example.com,\N,\N,\N,1,2015-02-22 00:00:00,9999-12-31 23:59:59.999999
3246,Christian Couet,Christian,Christian Christian Couet,False,NO LOGON,False,\N,False,False,False,\N,(212) 555-0100,(212) 555-0101,christian@example.com,\N,\N,\N,1,2015-06-12 00:00:00,9999-12-31 23:59:59.999999
3247,Ivana Hadrabova,Ivana,Ivana Ivana Hadrabova,False,NO LOGON,False,\N,False,False,False,\N,(603) 555-0100,(603) 555-0101,ivana@example.com,\N,\N,\N,1,2015-07-28 00:00:00,9999-12-31 23:59:59.999999
3248,Abhra Ganguly,Abhra,Abhra Abhra Ganguly,False,NO LOGON,False,\N,False,False,False,\N,(212) 555-0100,(212) 555-0101,abhra@example.com,\N,\N,\N,1,2015-08-09 00:00:00,9999-12-31 23:59:59.999999
3249,Amet Shergill,Amet,Amet Amet Shergill,False,NO LOGON,False,\N,False,False,False,\N,(303) 555-0100,(303) 555-0101,amet@example.com,\N,\N,\N,1,2015-08-13 00:00:00,9999-12-31 23:59:59.999999
3250,Amrita Ganguly,Amrita,Amrita Amrita Ganguly,False,NO LOGON,False,\N,False,False,False,\N,(787) 555-0100,(787) 555-0101,amrita@example.com,\N,\N,\N,1,2015-09-23 00:00:00,9999-12-31 23:59:59.999999
3251,Sylvie Laramee,Sylvie,Sylvie Sylvie Laramee,False,NO LOGON,False,\N,False,False,False,\N,(787) 555-0100,(787) 555-0101,sylvie@example.com,\N,\N,\N,1,2015-09-24 00:00:00,9999-12-31 23:59:59.999999
3252,Ian Olofsson,Ian,Ian Ian Olofsson,False,NO LOGON,False,\N,False,False,False,\N,(339) 555-0100,(339) 555-0101,ian@example.com,\N,\N,\N,1,2015-09-26 00:00:00,9999-12-31 23:59:59.999999
3253,Luis Saucedo,Luis,Luis Luis Saucedo,False,NO LOGON,False,\N,False,False,False,\N,(210) 555-0100,(210) 555-0101,luis@example.com,\N,\N,\N,1,2015-11-27 00:00:00,9999-12-31 23:59:59.999999
3254,Emma Salpa,Emma,Emma Emma Salpa,False,NO LOGON,False,\N,False,False,False,\N,(205) 555-0100,(205) 555-0101,emma@example.com,\N,\N,\N,1,2015-11-29 00:00:00,9999-12-31 23:59:59.999999
3255,Adriana Pena,Adriana,Adriana Adriana Pena,False,NO LOGON,False,\N,False,False,False,\N,(252) 555-0100,(252) 555-0101,adriana@example.com,\N,\N,\N,1,2015-11-30 00:00:00,9999-12-31 23:59:59.999999
3256,Kalyani Benjaree,Kalyani,Kalyani Kalyani Benjaree,False,NO LOGON,False,\N,False,False,False,\N,(212) 555-0100,(212) 555-0101,kalyani@example.com,\N,\N,\N,1,2015-12-20 00:00:00,9999-12-31 23:59:59.999999
3257,Ganesh Majumdar,Ganesh,Ganesh Ganesh Majumdar,False,NO LOGON,False,\N,False,False,False,\N,(217) 555-0100,(217) 555-0101,ganesh@example.com,\N,\N,\N,1,2016-01-09 00:00:00,9999-12-31 23:59:59.999999
3258,Jaroslav Fisar,Jaroslav,Jaroslav Jaroslav Fisar,False,NO LOGON,False,\N,False,False,False,\N,(215) 555-0100,(215) 555-0101,jaroslav@example.com,\N,\N,\N,1,2016-02-01 00:00:00,9999-12-31 23:59:59.999999
3259,Jibek Juniskyzy,Jibek,Jibek Jibek Juniskyzy,False,NO LOGON,False,\N,False,False,False,\N,(217) 555-0100,(217) 555-0101,jibek@example.com,\N,\N,\N,1,2016-03-13 00:00:00,9999-12-31 23:59:59.999999
3260,Anand Mudaliyar,Anand,Anand Anand Mudaliyar,False,NO LOGON,False,\N,False,False,False,\N,(206) 555-0100,(206) 555-0101,anand@example.com,\N,\N,\N,1,2016-04-23 00:00:00,9999-12-31 23:59:59.999999
3261,Agrita Abele,Agrita,Agrita Agrita Abele,False,NO LOGON,False,\N,False,False,False,\N,(206) 555-0100,(206) 555-0101,agrita@example.com,\N,\N,\N,1,2016-05-07 00:00:00,9999-12-31 23:59:59.999999
