PersonID,FullName,PreferredName,SearchName,IsPermittedToLogon,LogonName,IsExternalLogonProvider,HashedPassword,IsSystemUser,IsEmployee,IsSalesperson,UserPreferences,PhoneNumber,FaxNumber,EmailAddress,Photo,CustomFields,OtherLanguages,LastEditedBy,ValidFrom,ValidTo
14,Lily Code,Lily,Lily Lily Code,True,lilyc@wideworldimporters.com,False,\\xcdf7ee2db6b94c9bcf2d003e37354081bcd53d7b983f1412729d3bc1e4f89876,True,True,True,"{ ""theme"": ""defaultblue"", ""layout"": ""default"", ""dateformat"": ""m/d/yy"", ""timezoneoffset"": ""-8"", ""favoritesondashboard"": ""true"" }",(415) 555-0102,(415) 555-0103,lilyc@wideworldimporters.com,\N,\N,\N,1,2013-01-01 00:00:00,2013-01-01 08:00:00
4,Isabella Rupp,Isabella,Isabella Isabella Rupp,True,isabellar@wideworldimporters.com,False,\\x103f430c7223cb5ed13b2b81fd12fb319f30183b40c710af3483ff05f9ad9ada,True,True,False,"{ ""theme"": ""defaultblue"", ""layout"": ""default"", ""dateformat"": ""m/d/yy"", ""timezoneoffset"": ""-8"", ""favoritesondashboard"": ""true"" }",(415) 555-0102,(415) 555-0103,isabellar@wideworldimporters.com,\N,\N,\N,1,2013-01-01 00:00:00,2013-01-01 08:00:00
11,Ethan Onslow,Ethan,Ethan Ethan Onslow,True,ethano@wideworldimporters.com,False,\\x0262cb682aab27829029d4a770104ad2258e08ffeff7d0cf593e70b8690fb5e1,True,True,False,"{ ""theme"": ""defaultblue"", ""layout"": ""default"", ""dateformat"": ""m/d/yy"", ""timezoneoffset"": ""-8"", ""favoritesondashboard"": ""true"" }",(415) 555-0102,(415) 555-0103,ethano@wideworldimporters.com,\N,\N,\N,1,2013-01-01 00:00:00,2013-01-04 08:00:00
7,Amy Trefl,Amy,Amy Amy Trefl,True,amyt@wideworldimporters.com,False,\\x944be96e379cf7576ece86dfff37dce0aebf082521f242165a6648dcede2d8d0,True,True,True,"{ ""theme"": ""defaultblue"", ""layout"": ""default"", ""dateformat"": ""m/d/yy"", ""timezoneoffset"": ""-8"", ""favoritesondashboard"": ""true"" }",(415) 555-0102,(415) 555-0103,amyt@wideworldimporters.com,\N,\N,\N,1,2013-01-01 00:00:00,2013-01-05 08:00:00
19,Jai Shand,Jai,Jai Jai Shand,True,jais@wideworldimporters.com,False,\\x385006de5aebeaccf61f230eb84f2dbad838e3145015a0415cafba3cdd84e4f3,True,True,False,"{ ""theme"": ""defaultblue"", ""layout"": ""default"", ""dateformat"": ""m/d/yy"", ""timezoneoffset"": ""-8"", ""favoritesondashboard"": ""true"" }",(415) 555-0102,(415) 555-0103,jais@wideworldimporters.com,\N,\N,\N,1,2013-01-01 00:00:00,2013-01-06 08:00:00
8,Anthony Grosse,Anthony,Anthony Anthony Grosse,True,anthonyg@wideworldimporters.com,False,\\x6a3dc5501ee5118a28779ca573d3d320fbdf057f1d0042a2b31c09f15dd34089,True,True,True,"{ ""theme"": ""defaultblue"", ""layout"": ""default"", ""dateformat"": ""m/d/yy"", ""timezoneoffset"": ""-8"", ""favoritesondashboard"": ""true"" }",(415) 555-0102,(415) 555-0103,anthonyg@wideworldimporters.com,\N,\N,\N,1,2013-01-01 00:00:00,2013-01-09 08:00:00
2038,Stanislav Zeman,Stanislav,Stanislav Stanislav Zeman,False,NO LOGON,False,\N,False,False,False,\N,(239) 555-0100,(239) 555-0101,stanislav@wingtiptoys.com,\N,\N,\N,1,2013-01-01 00:00:00,2013-01-09 08:10:00
15,Taj Shand,Taj,Taj Taj Shand,True,tajs@wideworldimporters.com,False,\\x816bafe08efe7672b35bc077589c0d2372e6a8d8a1e78c2f0c2de315e1136e7d,True,True,True,"{ ""theme"": ""defaultblue"", ""layout"": ""default"", ""dateformat"": ""m/d/yy"", ""timezoneoffset"": ""-8"", ""favoritesondashboard"": ""true"" }",(415) 555-0102,(415) 555-0103,tajs@wideworldimporters.com,\N,\N,\N,1,2013-01-01 00:00:00,2013-01-11 08:00:00
13,Hudson Hollinworth,Hudson,Hudson Hudson Hollinworth,True,hudsonh@wideworldimporters.com,False,\\x57cdbf352e140b8d52496400682ca4e8b24bb044488ecc9ce9d31d35ae51c96f,True,True,True,"{ ""theme"": ""defaultblue"", ""layout"": ""default"", ""dateformat"": ""m/d/yy"", ""timezoneoffset"": ""-8"", ""favoritesondashboard"": ""true"" }",(415) 555-0102,(415) 555-0103,hudsonh@wideworldimporters.com,\N,\N,\N,1,2013-01-01 00:00:00,2013-01-11 08:00:00
20,Jack Potter,Jack,Jack Jack Potter,True,jackp@wideworldimporters.com,False,\\xd13627f11fccd9c9c0bfdef0d8c1012bf4e34126ba1d120ea950c564f86c6bde,True,True,True,"{ ""theme"": ""defaultblue"", ""layout"": ""default"", ""dateformat"": ""m/d/yy"", ""timezoneoffset"": ""-8"", ""favoritesondashboard"": ""true"" }",(415) 555-0102,(415) 555-0103,jackp@wideworldimporters.com,\N,\N,\N,1,2013-01-01 00:00:00,2013-01-14 08:00:00
15,Taj Shand,Taj,Taj Taj Shand,True,tajs@wideworldimporters.com,False,\\x9aefeec0dbb0ea6b25f0eb99c62c724f18428d45799dcd8a7b63b859b0f8fcb4,True,True,True,"{ ""theme"": ""defaultblue"", ""layout"": ""default"", ""dateformat"": ""m/d/yy"", ""timezoneoffset"": ""-8"", ""favoritesondashboard"": ""true"" }",(415) 555-0102,(415) 555-0103,tajs@wideworldimporters.com,\N,\N,\N,1,2013-01-11 08:00:00,2013-01-16 08:00:00
13,Hudson Hollinworth,Hudson,Hudson Hudson Hollinworth,True,hudsonh@wideworldimporters.com,False,\\x4ac0a24180c54f425ac88ca33b62136a37b6aaa1943bea14fc34e228eccc35c4,True,True,True,"{ ""theme"": ""defaultblue"", ""layout"": ""default"", ""dateformat"": ""m/d/yy"", ""timezoneoffset"": ""-8"", ""favoritesondashboard"": ""true"" }",(415) 555-0102,(415) 555-0103,hudsonh@wideworldimporters.com,\N,\N,\N,1,2013-01-11 08:00:00,2013-01-17 08:00:00
17,Piper Koch,Piper,Piper Piper Koch,True,piperk@wideworldimporters.com,False,\\xdeb8c639cc07a649974aee04c63ce0bc19026e07039ff0070689a7a9edb11359,True,True,False,"{ ""theme"": ""defaultblue"", ""layout"": ""default"", ""dateformat"": ""m/d/yy"", ""timezoneoffset"": ""-8"", ""favoritesondashboard"": ""true"" }",(415) 555-0102,(415) 555-0103,piperk@wideworldimporters.com,\N,\N,\N,1,2013-01-01 00:00:00,2013-01-19 08:00:00
14,Lily Code,Lily,Lily Lily Code,True,lilyc@wideworldimporters.com,False,\\xd00658893b3f96277088b3c71dcfbf4df6e3947eedbf0c8da285efd5c7d4badd,True,True,True,"{ ""theme"": ""defaultblue"", ""layout"": ""default"", ""dateformat"": ""m/d/yy"", ""timezoneoffset"": ""-8"", ""favoritesondashboard"": ""true"" }",(415) 555-0102,(415) 555-0103,lilyc@wideworldimporters.com,\N,\N,\N,1,2013-01-01 08:00:00,2013-01-19 08:00:00
2291,Debraj Sanyal,Debraj,Debraj Debraj Sanyal,False,NO LOGON,False,\N,False,False,False,\N,(239) 555-0100,(239) 555-0101,debraj@wingtiptoys.com,\N,\N,\N,1,2013-01-01 00:00:00,2013-01-20 08:10:00
11,Ethan Onslow,Ethan,Ethan Ethan Onslow,True,ethano@wideworldimporters.com,False,\\xd70f37f5c019499959ddf987e5343b957feb58959a0270e06919d47f2e84d409,True,True,False,"{ ""theme"": ""defaultblue"", ""layout"": ""default"", ""dateformat"": ""m/d/yy"", ""timezoneoffset"": ""-8"", ""favoritesondashboard"": ""true"" }",(415) 555-0102,(415) 555-0103,ethano@wideworldimporters.com,\N,\N,\N,1,2013-01-04 08:00:00,2013-01-21 08:00:00
19,Jai Shand,Jai,Jai Jai Shand,True,jais@wideworldimporters.com,False,\\x84901d360414cd9127e1b83a9f9e7c6b940aa8bd888699388c9fa465dbd297da,True,True,False,"{ ""theme"": ""defaultblue"", ""layout"": ""default"", ""dateformat"": ""m/d/yy"", ""timezoneoffset"": ""-8"", ""favoritesondashboard"": ""true"" }",(415) 555-0102,(415) 555-0103,jais@wideworldimporters.com,\N,\N,\N,1,2013-01-06 08:00:00,2013-01-21 08:00:00
7,Amy Trefl,Amy,Amy Amy Trefl,True,amyt@wideworldimporters.com,False,\\x7a92bbea830c5ed027dcc1d710130eed9ea50fb3e6d5f793ddefc4b50215033f,True,True,True,"{ ""theme"": ""defaultblue"", ""layout"": ""default"", ""dateformat"": ""m/d/yy"", ""timezoneoffset"": ""-8"", ""favoritesondashboard"": ""true"" }",(415) 555-0102,(415) 555-0103,amyt@wideworldimporters.com,\N,\N,\N,1,2013-01-05 08:00:00,2013-01-22 08:00:00
15,Taj Shand,Taj,Taj Taj Shand,True,tajs@wideworldimporters.com,False,\\x9aefeec0dbb0ea6b25f0eb99c62c724f18428d45799dcd8a7b63b859b0f8fcb4,True,True,True,"{ ""theme"": ""defaultblue"", ""layout"": ""default"", ""dateformat"": ""m/d/yy"", ""timezoneoffset"": ""-8"", ""favoritesondashboard"": ""true"" }",(415) 555-0102,(415) 555-0103,tajs@wideworldimporters.com,\N,\N,\N,1,2013-01-16 08:00:00,2013-01-22 08:00:00
11,Ethan Onslow,Ethan,Ethan Ethan Onslow,True,ethano@wideworldimporters.com,False,\\xd70f37f5c019499959ddf987e5343b957feb58959a0270e06919d47f2e84d409,True,True,False,"{ ""theme"": ""defaultblue"", ""layout"": ""default"", ""dateformat"": ""m/d/yy"", ""timezoneoffset"": ""-8"", ""favoritesondashboard"": ""true"" }",(415) 555-0102,(415) 555-0103,ethano@wideworldimporters.com,\N,\N,\N,1,2013-01-21 08:00:00,2013-01-26 08:00:00
1358,Priya kaushal,Priya,Priya Priya kaushal,False,NO LOGON,False,\N,False,False,False,\N,(319) 555-0100,(319) 555-0101,priya@tailspintoys.com,\N,\N,\N,1,2013-01-01 00:00:00,2013-01-29 08:10:00
3,Hudson Onslow,Hudson,Hudson Hudson Onslow,True,hudsono@wideworldimporters.com,False,\\xfca9e8036f1d1fae2c227df6545fd5b86964137321530735a2a7acf68652e52b,True,True,True,"{ ""theme"": ""defaultblue"", ""layout"": ""default"", ""dateformat"": ""m/d/yy"", ""timezoneoffset"": ""-8"", ""favoritesondashboard"": ""true"" }",(415) 555-0102,(415) 555-0103,hudsono@wideworldimporters.com,\N,\N,\N,1,2013-01-01 00:00:00,2013-01-30 08:00:00
20,Jack Potter,Jack,Jack Jack Potter,True,jackp@wideworldimporters.com,False,\\x8024e8041c1f5bd98fe46983f98c2f5e53e2cd75bf4a6ef6ac13a299f10f714a,True,True,True,"{ ""theme"": ""defaultblue"", ""layout"": ""default"", ""dateformat"": ""m/d/yy"", ""timezoneoffset"": ""-8"", ""favoritesondashboard"": ""true"" }",(415) 555-0102,(415) 555-0103,jackp@wideworldimporters.com,\N,\N,\N,1,2013-01-14 08:00:00,2013-01-31 08:00:00
3191,Valter Viiding,Valter,Valter Valter Viiding,False,NO LOGON,False,\N,False,False,False,\N,(216) 555-0100,(216) 555-0101,valter@example.com,\N,\N,\N,1,2013-01-01 00:00:00,2013-02-02 08:10:00
13,Hudson Hollinworth,Hudson,Hudson Hudson Hollinworth,True,hudsonh@wideworldimporters.com,False,\\x4ac0a24180c54f425ac88ca33b62136a37b6aaa1943bea14fc34e228eccc35c4,True,True,True,"{ ""theme"": ""defaultblue"", ""layout"": ""default"", ""dateformat"": ""m/d/yy"", ""timezoneoffset"": ""-8"", ""favoritesondashboard"": ""true"" }",(415) 555-0102,(415) 555-0103,hudsonh@wideworldimporters.com,\N,\N,\N,1,2013-01-17 08:00:00,2013-02-08 08:00:00
3191,Valter Viiding,Valter,Valter Valter Viiding,True,valter@example.com,False,\\x820fc0fc69cadc42cee2c095373d2b5c18d7d8c5cb0a557f7e3a76a5915cf5b9,False,False,False,"{ ""theme"": ""defaultblue"", ""layout"": ""default"", ""dateformat"": ""m/d/yy"", ""timezoneoffset"": ""-8"", ""favoritesondashboard"": ""true"" }",(216) 555-0100,(216) 555-0101,valter@example.com,\N,\N,\N,1,2013-02-02 08:10:00,2013-02-08 08:00:00
6,Sophia Hinton,Sophia,Sophia Sophia Hinton,True,sophiah@wideworldimporters.com,False,\\x5f789afab8681c0c2a49e85a3f174a82cc1f1a1caba92188ec176c7279c58886,True,True,True,"{ ""theme"": ""defaultblue"", ""layout"": ""default"", ""dateformat"": ""m/d/yy"", ""timezoneoffset"": ""-8"", ""favoritesondashboard"": ""true"" }",(415) 555-0102,(415) 555-0103,sophiah@wideworldimporters.com,\N,\N,\N,1,2013-01-01 00:00:00,2013-02-09 08:00:00
12,Henry Forlonge,Henry,Henry Henry Forlonge,True,henryf@wideworldimporters.com,False,\\xb00d0327498cc25d07774bdeb8d234fea8b59efdfe6ddeb0ff718531bd38f83b,True,True,False,"{ ""theme"": ""defaultblue"", ""layout"": ""default"", ""dateformat"": ""m/d/yy"", ""timezoneoffset"": ""-8"", ""favoritesondashboard"": ""true"" }",(415) 555-0102,(415) 555-0103,henryf@wideworldimporters.com,\N,\N,\N,1,2013-01-01 00:00:00,2013-02-11 08:00:00
10,Stella Rosenhain,Stella,Stella Stella Rosenhain,True,stellar@wideworldimporters.com,False,\\xd30cf49957d34f28158ce15236d4ad31107573f44fa9bd5a3504fbab9522cbb3,True,True,False,"{ ""theme"": ""defaultblue"", ""layout"": ""default"", ""dateformat"": ""m/d/yy"", ""timezoneoffset"": ""-8"", ""favoritesondashboard"": ""true"" }",(415) 555-0102,(415) 555-0103,stellar@wideworldimporters.com,\N,\N,\N,1,2013-01-01 00:00:00,2013-02-11 08:00:00
14,Lily Code,Lily,Lily Lily Code,True,lilyc@wideworldimporters.com,False,\\xd00658893b3f96277088b3c71dcfbf4df6e3947eedbf0c8da285efd5c7d4badd,True,True,True,"{ ""theme"": ""defaultblue"", ""layout"": ""default"", ""dateformat"": ""m/d/yy"", ""timezoneoffset"": ""-8"", ""favoritesondashboard"": ""true"" }",(415) 555-0102,(415) 555-0103,lilyc@wideworldimporters.com,\N,\N,\N,1,2013-01-19 08:00:00,2013-02-14 08:00:00
19,Jai Shand,Jai,Jai Jai Shand,True,jais@wideworldimporters.com,False,\\x84901d360414cd9127e1b83a9f9e7c6b940aa8bd888699388c9fa465dbd297da,True,True,False,"{ ""theme"": ""defaultblue"", ""layout"": ""default"", ""dateformat"": ""m/d/yy"", ""timezoneoffset"": ""-8"", ""favoritesondashboard"": ""true"" }",(415) 555-0102,(415) 555-0103,jais@wideworldimporters.com,\N,\N,\N,1,2013-01-21 08:00:00,2013-02-14 08:00:00
8,Anthony Grosse,Anthony,Anthony Anthony Grosse,True,anthonyg@wideworldimporters.com,False,\\x2fd8b838a3c77778c990f464073aa23c0eee019763ed6a99c77457e8691819de,True,True,True,"{ ""theme"": ""defaultblue"", ""layout"": ""default"", ""dateformat"": ""m/d/yy"", ""timezoneoffset"": ""-8"", ""favoritesondashboard"": ""true"" }",(415) 555-0102,(415) 555-0103,anthonyg@wideworldimporters.com,\N,\N,\N,1,2013-01-09 08:00:00,2013-02-16 08:00:00
1228,Surya Mishra,Surya,Surya Surya Mishra,False,NO LOGON,False,\N,False,False,False,\N,(803) 555-0100,(803) 555-0101,surya@tailspintoys.com,\N,\N,\N,1,2013-01-01 00:00:00,2013-02-17 08:10:00
8,Anthony Grosse,Anthony,Anthony Anthony Grosse,True,anthonyg@wideworldimporters.com,False,\\x2fd8b838a3c77778c990f464073aa23c0eee019763ed6a99c77457e8691819de,True,True,True,"{ ""theme"": ""defaultblue"", ""layout"": ""default"", ""dateformat"": ""m/d/yy"", ""timezoneoffset"": ""-8"", ""favoritesondashboard"": ""true"" }",(415) 555-0102,(415) 555-0103,anthonyg@wideworldimporters.com,\N,\N,\N,1,2013-02-16 08:00:00,2013-02-18 08:00:00
3,Hudson Onslow,Hudson,Hudson Hudson Onslow,True,hudsono@wideworldimporters.com,False,\\x23668ccc579015ea934736c3d7b87e86360eb5eee164c4368a7b103c11e3436e,True,True,True,"{ ""theme"": ""defaultblue"", ""layout"": ""default"", ""dateformat"": ""m/d/yy"", ""timezoneoffset"": ""-8"", ""favoritesondashboard"": ""true"" }",(415) 555-0102,(415) 555-0103,hudsono@wideworldimporters.com,\N,\N,\N,1,2013-01-30 08:00:00,2013-02-20 08:00:00
14,Lily Code,Lily,Lily Lily Code,True,lilyc@wideworldimporters.com,False,\\xd00658893b3f96277088b3c71dcfbf4df6e3947eedbf0c8da285efd5c7d4badd,True,True,True,"{ ""theme"": ""defaultblue"", ""layout"": ""default"", ""dateformat"": ""m/d/yy"", ""timezoneoffset"": ""-8"", ""favoritesondashboard"": ""true"" }",(415) 555-0102,(415) 555-0103,lilyc@wideworldimporters.com,\N,\N,\N,1,2013-02-14 08:00:00,2013-02-20 08:00:00
2378,Tess Seegers,Tess,Tess Tess Seegers,False,NO LOGON,False,\N,False,False,False,\N,(605) 555-0100,(605) 555-0101,tess@wingtiptoys.com,\N,\N,\N,1,2013-01-01 00:00:00,2013-02-20 08:10:00
7,Amy Trefl,Amy,Amy Amy Trefl,True,amyt@wideworldimporters.com,False,\\x7a92bbea830c5ed027dcc1d710130eed9ea50fb3e6d5f793ddefc4b50215033f,True,True,True,"{ ""theme"": ""defaultblue"", ""layout"": ""default"", ""dateformat"": ""m/d/yy"", ""timezoneoffset"": ""-8"", ""favoritesondashboard"": ""true"" }",(415) 555-0102,(415) 555-0103,amyt@wideworldimporters.com,\N,\N,\N,1,2013-01-22 08:00:00,2013-02-26 08:00:00
7,Amy Trefl,Amy,Amy Amy Trefl,True,amyt@wideworldimporters.com,False,\\x7a92bbea830c5ed027dcc1d710130eed9ea50fb3e6d5f793ddefc4b50215033f,True,True,True,"{ ""theme"": ""defaultblue"", ""layout"": ""default"", ""dateformat"": ""m/d/yy"", ""timezoneoffset"": ""-8"", ""favoritesondashboard"": ""true"" }",(415) 555-0102,(415) 555-0103,amyt@wideworldimporters.com,\N,\N,\N,1,2013-02-26 08:00:00,2013-03-07 08:00:00
6,Sophia Hinton,Sophia,Sophia Sophia Hinton,True,sophiah@wideworldimporters.com,False,\\x451bb10a515f06331540db392031f9d9bc4ef536a1f86d1ca6c7394556baa3c0,True,True,True,"{ ""theme"": ""defaultblue"", ""layout"": ""default"", ""dateformat"": ""m/d/yy"", ""timezoneoffset"": ""-8"", ""favoritesondashboard"": ""true"" }",(415) 555-0102,(415) 555-0103,sophiah@wideworldimporters.com,\N,\N,\N,1,2013-02-09 08:00:00,2013-03-09 08:00:00
3188,Maksims Krastins,Maksims,Maksims Maksims Krastins,False,NO LOGON,False,\N,False,False,False,\N,(304) 555-0100,(304) 555-0101,maksims@example.com,\N,\N,\N,1,2013-01-01 00:00:00,2013-03-10 08:10:00
19,Jai Shand,Jai,Jai Jai Shand,True,jais@wideworldimporters.com,False,\\x84901d360414cd9127e1b83a9f9e7c6b940aa8bd888699388c9fa465dbd297da,True,True,False,"{ ""theme"": ""defaultblue"", ""layout"": ""default"", ""dateformat"": ""m/d/yy"", ""timezoneoffset"": ""-8"", ""favoritesondashboard"": ""true"" }",(415) 555-0102,(415) 555-0103,jais@wideworldimporters.com,\N,\N,\N,1,2013-02-14 08:00:00,2013-03-11 08:00:00
2,Kayla Woodcock,Kayla,Kayla Kayla Woodcock,True,kaylaw@wideworldimporters.com,False,\\xc0a5b201368fd43b8ec1cdc0f7e5a9d43884ceaabb24331160f8fca3486b543f,True,True,True,"{ ""theme"": ""defaultblue"", ""layout"": ""default"", ""dateformat"": ""m/d/yy"", ""timezoneoffset"": ""-8"", ""favoritesondashboard"": ""true"" }",(415) 555-0102,(415) 555-0103,kaylaw@wideworldimporters.com,\N,\N,\N,1,2013-01-01 00:00:00,2013-03-15 08:00:00
4,Isabella Rupp,Isabella,Isabella Isabella Rupp,True,isabellar@wideworldimporters.com,False,\\xb45e7c4e37c32fa9a5a3161b9db1c9c1e787bb7db424e7fd7a20895d4bfb5d31,True,True,False,"{ ""theme"": ""defaultblue"", ""layout"": ""default"", ""dateformat"": ""m/d/yy"", ""timezoneoffset"": ""-8"", ""favoritesondashboard"": ""true"" }",(415) 555-0102,(415) 555-0103,isabellar@wideworldimporters.com,\N,\N,\N,1,2013-01-01 08:00:00,2013-03-17 08:00:00
1358,Priya kaushal,Priya,Priya Priya kaushal,True,priya@tailspintoys.com,False,\\x318360adca8b603865721d93dd8bd46d75956a8e53e2f297a03af63426922c2c,False,False,False,"{ ""theme"": ""defaultblue"", ""layout"": ""default"", ""dateformat"": ""m/d/yy"", ""timezoneoffset"": ""-8"", ""favoritesondashboard"": ""true"" }",(319) 555-0100,(319) 555-0101,priya@tailspintoys.com,\N,\N,\N,1,2013-01-29 08:10:00,2013-03-19 08:00:00
1350,Hamsapriya Nandamuri,Hamsapriya,Hamsapriya Hamsapriya Nandamuri,False,NO LOGON,False,\N,False,False,False,\N,(505) 555-0100,(505) 555-0101,hamsapriya@tailspintoys.com,\N,\N,\N,1,2013-01-01 00:00:00,2013-03-21 08:10:00
14,Lily Code,Lily,Lily Lily Code,True,lilyc@wideworldimporters.com,False,\\xd00658893b3f96277088b3c71dcfbf4df6e3947eedbf0c8da285efd5c7d4badd,True,True,True,"{ ""theme"": ""defaultblue"", ""layout"": ""default"", ""dateformat"": ""m/d/yy"", ""timezoneoffset"": ""-8"", ""favoritesondashboard"": ""true"" }",(415) 555-0102,(415) 555-0103,lilyc@wideworldimporters.com,\N,\N,\N,1,2013-02-20 08:00:00,2013-03-22 08:00:00
1207,Laboni Deb,Laboni,Laboni Laboni Deb,False,NO LOGON,False,\N,False,False,False,\N,(207) 555-0100,(207) 555-0101,laboni@tailspintoys.com,\N,\N,\N,1,2013-01-01 00:00:00,2013-03-23 08:10:00
8,Anthony Grosse,Anthony,Anthony Anthony Grosse,True,anthonyg@wideworldimporters.com,False,\\x2fd8b838a3c77778c990f464073aa23c0eee019763ed6a99c77457e8691819de,True,True,True,"{ ""theme"": ""defaultblue"", ""layout"": ""default"", ""dateformat"": ""m/d/yy"", ""timezoneoffset"": ""-8"", ""favoritesondashboard"": ""true"" }",(415) 555-0102,(415) 555-0103,anthonyg@wideworldimporters.com,\N,\N,\N,1,2013-02-18 08:00:00,2013-03-24 08:00:00
1207,Laboni Deb,Laboni,Laboni Laboni Deb,True,laboni@tailspintoys.com,False,\\x79d0c3889dbc311007e3a18ab4a37e90d4a6a69f1c73986d8ecbbb496b278ac0,False,False,False,"{ ""theme"": ""defaultblue"", ""layout"": ""default"", ""dateformat"": ""m/d/yy"", ""timezoneoffset"": ""-8"", ""favoritesondashboard"": ""true"" }",(207) 555-0100,(207) 555-0101,laboni@tailspintoys.com,\N,\N,\N,1,2013-03-23 08:10:00,2013-03-24 08:00:00
2378,Tess Seegers,Tess,Tess Tess Seegers,True,tess@wingtiptoys.com,False,\\x83f66558336fc722fd7e18011b5bcc7edaf59e8eca35187432ca0d45d7ceeb33,False,False,False,"{ ""theme"": ""defaultblue"", ""layout"": ""default"", ""dateformat"": ""m/d/yy"", ""timezoneoffset"": ""-8"", ""favoritesondashboard"": ""true"" }",(605) 555-0100,(605) 555-0101,tess@wingtiptoys.com,\N,\N,\N,1,2013-02-20 08:10:00,2013-03-25 08:00:00
2378,Tess Seegers,Tess,Tess Tess Seegers,True,tess@wingtiptoys.com,False,\\x83f66558336fc722fd7e18011b5bcc7edaf59e8eca35187432ca0d45d7ceeb33,False,False,False,"{ ""theme"": ""defaultblue"", ""layout"": ""default"", ""dateformat"": ""m/d/yy"", ""timezoneoffset"": ""-8"", ""favoritesondashboard"": ""true"" }",(605) 555-0100,(605) 555-0101,tess@wingtiptoys.com,\N,\N,\N,1,2013-03-25 08:00:00,2013-03-26 08:00:00
14,Lily Code,Lily,Lily Lily Code,True,lilyc@wideworldimporters.com,False,\\xd00658893b3f96277088b3c71dcfbf4df6e3947eedbf0c8da285efd5c7d4badd,True,True,True,"{ ""theme"": ""defaultblue"", ""layout"": ""default"", ""dateformat"": ""m/d/yy"", ""timezoneoffset"": ""-8"", ""favoritesondashboard"": ""true"" }",(415) 555-0102,(415) 555-0103,lilyc@wideworldimporters.com,\N,\N,\N,1,2013-03-22 08:00:00,2013-03-27 08:00:00
1207,Laboni Deb,Laboni,Laboni Laboni Deb,True,laboni@tailspintoys.com,False,\\x79d0c3889dbc311007e3a18ab4a37e90d4a6a69f1c73986d8ecbbb496b278ac0,False,False,False,"{ ""theme"": ""defaultblue"", ""layout"": ""default"", ""dateformat"": ""m/d/yy"", ""timezoneoffset"": ""-8"", ""favoritesondashboard"": ""true"" }",(207) 555-0100,(207) 555-0101,laboni@tailspintoys.com,\N,\N,\N,1,2013-03-24 08:00:00,2013-03-28 08:00:00
17,Piper Koch,Piper,Piper Piper Koch,True,piperk@wideworldimporters.com,False,\\x61d8d0828e55e8895e216b88fe98cba6b5940992279d74992aaa2563f4e66715,True,True,False,"{ ""theme"": ""defaultblue"", ""layout"": ""default"", ""dateformat"": ""m/d/yy"", ""timezoneoffset"": ""-8"", ""favoritesondashboard"": ""true"" }",(415) 555-0102,(415) 555-0103,piperk@wideworldimporters.com,\N,\N,\N,1,2013-01-19 08:00:00,2013-03-31 08:00:00
2265,Vanita Bhowmick,Vanita,Vanita Vanita Bhowmick,False,NO LOGON,False,\N,False,False,False,\N,(405) 555-0100,(405) 555-0101,vanita@wingtiptoys.com,\N,\N,\N,1,2013-01-01 00:00:00,2013-04-06 08:10:00
3017,Agrita Kanepa,Agrita,Agrita Agrita Kanepa,False,NO LOGON,False,\N,False,False,False,\N,(201) 555-0100,(201) 555-0101,agrita@example.com,\N,\N,\N,1,2013-01-01 00:00:00,2013-04-12 08:10:00
19,Jai Shand,Jai,Jai Jai Shand,True,jais@wideworldimporters.com,False,\\x84901d360414cd9127e1b83a9f9e7c6b940aa8bd888699388c9fa465dbd297da,True,True,False,"{ ""theme"": ""defaultblue"", ""layout"": ""default"", ""dateformat"": ""m/d/yy"", ""timezoneoffset"": ""-8"", ""favoritesondashboard"": ""true"" }",(415) 555-0102,(415) 555-0103,jais@wideworldimporters.com,\N,\N,\N,1,2013-03-11 08:00:00,2013-04-15 08:00:00
8,Anthony Grosse,Anthony,Anthony Anthony Grosse,True,anthonyg@wideworldimporters.com,False,\\x2fd8b838a3c77778c990f464073aa23c0eee019763ed6a99c77457e8691819de,True,True,True,"{ ""theme"": ""defaultblue"", ""layout"": ""default"", ""dateformat"": ""m/d/yy"", ""timezoneoffset"": ""-8"", ""favoritesondashboard"": ""true"" }",(415) 555-0102,(415) 555-0103,anthonyg@wideworldimporters.com,\N,\N,\N,1,2013-03-24 08:00:00,2013-04-18 08:00:00
14,Lily Code,Lily,Lily Lily Code,True,lilyc@wideworldimporters.com,False,\\xd00658893b3f96277088b3c71dcfbf4df6e3947eedbf0c8da285efd5c7d4badd,True,True,True,"{ ""theme"": ""defaultblue"", ""layout"": ""default"", ""dateformat"": ""m/d/yy"", ""timezoneoffset"": ""-8"", ""favoritesondashboard"": ""true"" }",(415) 555-0102,(415) 555-0103,lilyc@wideworldimporters.com,\N,\N,\N,1,2013-03-27 08:00:00,2013-04-18 08:00:00
2,Kayla Woodcock,Kayla,Kayla Kayla Woodcock,True,kaylaw@wideworldimporters.com,False,\\x616e9b558976525e7f14d780ebae80c68586958dc97c506db418e2e2c49e340e,True,True,True,"{ ""theme"": ""defaultblue"", ""layout"": ""default"", ""dateformat"": ""m/d/yy"", ""timezoneoffset"": ""-8"", ""favoritesondashboard"": ""true"" }",(415) 555-0102,(415) 555-0103,kaylaw@wideworldimporters.com,\N,\N,\N,1,2013-03-15 08:00:00,2013-04-19 08:00:00
19,Jai Shand,Jai,Jai Jai Shand,True,jais@wideworldimporters.com,False,\\x84901d360414cd9127e1b83a9f9e7c6b940aa8bd888699388c9fa465dbd297da,True,True,False,"{ ""theme"": ""defaultblue"", ""layout"": ""default"", ""dateformat"": ""m/d/yy"", ""timezoneoffset"": ""-8"", ""favoritesondashboard"": ""true"" }",(415) 555-0102,(415) 555-0103,jais@wideworldimporters.com,\N,\N,\N,1,2013-04-15 08:00:00,2013-04-19 08:00:00
7,Amy Trefl,Amy,Amy Amy Trefl,True,amyt@wideworldimporters.com,False,\\x7a92bbea830c5ed027dcc1d710130eed9ea50fb3e6d5f793ddefc4b50215033f,True,True,True,"{ ""theme"": ""defaultblue"", ""layout"": ""default"", ""dateformat"": ""m/d/yy"", ""timezoneoffset"": ""-8"", ""favoritesondashboard"": ""true"" }",(415) 555-0102,(415) 555-0103,amyt@wideworldimporters.com,\N,\N,\N,1,2013-03-07 08:00:00,2013-04-24 08:00:00
2038,Stanislav Zeman,Stanislav,Stanislav Stanislav Zeman,True,stanislav@wingtiptoys.com,False,\\x9e5e8172a49079a982488c769fedd641c2017a2b518cc07b890fee538b8bb4b9,False,False,False,"{ ""theme"": ""defaultblue"", ""layout"": ""default"", ""dateformat"": ""m/d/yy"", ""timezoneoffset"": ""-8"", ""favoritesondashboard"": ""true"" }",(239) 555-0100,(239) 555-0101,stanislav@wingtiptoys.com,\N,\N,\N,1,2013-01-09 08:10:00,2013-04-26 08:00:00
10,Stella Rosenhain,Stella,Stella Stella Rosenhain,True,stellar@wideworldimporters.com,False,\\x1ba4b55887e2bdcb06087a20e1cc608addca538babec0441d2d6704dcafe2ea4,True,True,False,"{ ""theme"": ""defaultblue"", ""layout"": ""default"", ""dateformat"": ""m/d/yy"", ""timezoneoffset"": ""-8"", ""favoritesondashboard"": ""true"" }",(415) 555-0102,(415) 555-0103,stellar@wideworldimporters.com,\N,\N,\N,1,2013-02-11 08:00:00,2013-04-26 08:00:00
11,Ethan Onslow,Ethan,Ethan Ethan Onslow,True,ethano@wideworldimporters.com,False,\\xd70f37f5c019499959ddf987e5343b957feb58959a0270e06919d47f2e84d409,True,True,False,"{ ""theme"": ""defaultblue"", ""layout"": ""default"", ""dateformat"": ""m/d/yy"", ""timezoneoffset"": ""-8"", ""favoritesondashboard"": ""true"" }",(415) 555-0102,(415) 555-0103,ethano@wideworldimporters.com,\N,\N,\N,1,2013-01-26 08:00:00,2013-05-03 08:00:00
1228,Surya Mishra,Surya,Surya Surya Mishra,True,surya@tailspintoys.com,False,\\x30e8bb2b9ee4bf33ed66db49ad3466d2326be50e4dc5eb27247284ffee3f0e63,False,False,False,"{ ""theme"": ""defaultblue"", ""layout"": ""default"", ""dateformat"": ""m/d/yy"", ""timezoneoffset"": ""-8"", ""favoritesondashboard"": ""true"" }",(803) 555-0100,(803) 555-0101,surya@tailspintoys.com,\N,\N,\N,1,2013-02-17 08:10:00,2013-05-03 08:00:00
3134,Ivan Sepulveda,Ivan,Ivan Ivan Sepulveda,False,NO LOGON,False,\N,False,False,False,\N,(218) 555-0100,(218) 555-0101,ivan@example.com,\N,\N,\N,1,2013-01-01 00:00:00,2013-05-03 08:10:00
13,Hudson Hollinworth,Hudson,Hudson Hudson Hollinworth,True,hudsonh@wideworldimporters.com,False,\\x4ac0a24180c54f425ac88ca33b62136a37b6aaa1943bea14fc34e228eccc35c4,True,True,True,"{ ""theme"": ""defaultblue"", ""layout"": ""default"", ""dateformat"": ""m/d/yy"", ""timezoneoffset"": ""-8"", ""favoritesondashboard"": ""true"" }",(415) 555-0102,(415) 555-0103,hudsonh@wideworldimporters.com,\N,\N,\N,1,2013-02-08 08:00:00,2013-05-05 08:00:00
1262,Prem Reddy,Prem,Prem Prem Reddy,False,NO LOGON,False,\N,False,False,False,\N,(907) 555-0100,(907) 555-0101,prem@tailspintoys.com,\N,\N,\N,1,2013-01-01 00:00:00,2013-05-05 08:10:00
1207,Laboni Deb,Laboni,Laboni Laboni Deb,True,laboni@tailspintoys.com,False,\\x79d0c3889dbc311007e3a18ab4a37e90d4a6a69f1c73986d8ecbbb496b278ac0,False,False,False,"{ ""theme"": ""defaultblue"", ""layout"": ""default"", ""dateformat"": ""m/d/yy"", ""timezoneoffset"": ""-8"", ""favoritesondashboard"": ""true"" }",(207) 555-0100,(207) 555-0101,laboni@tailspintoys.com,\N,\N,\N,1,2013-03-28 08:00:00,2013-05-06 08:00:00
19,Jai Shand,Jai,Jai Jai Shand,True,jais@wideworldimporters.com,False,\\x84901d360414cd9127e1b83a9f9e7c6b940aa8bd888699388c9fa465dbd297da,True,True,False,"{ ""theme"": ""defaultblue"", ""layout"": ""default"", ""dateformat"": ""m/d/yy"", ""timezoneoffset"": ""-8"", ""favoritesondashboard"": ""true"" }",(415) 555-0102,(415) 555-0103,jais@wideworldimporters.com,\N,\N,\N,1,2013-04-19 08:00:00,2013-05-12 08:00:00
2298,Wander Ellenbroek,Wander,Wander Wander Ellenbroek,False,NO LOGON,False,\N,False,False,False,\N,(212) 555-0100,(212) 555-0101,wander@wingtiptoys.com,\N,\N,\N,1,2013-01-01 00:00:00,2013-05-14 08:10:00
1228,Surya Mishra,Surya,Surya Surya Mishra,True,surya@tailspintoys.com,False,\\x30e8bb2b9ee4bf33ed66db49ad3466d2326be50e4dc5eb27247284ffee3f0e63,False,False,False,"{ ""theme"": ""defaultblue"", ""layout"": ""default"", ""dateformat"": ""m/d/yy"", ""timezoneoffset"": ""-8"", ""favoritesondashboard"": ""true"" }",(803) 555-0100,(803) 555-0101,surya@tailspintoys.com,\N,\N,\N,1,2013-05-03 08:00:00,2013-05-15 08:00:00
2353,Taner YÄ±lmaz,Taner,Taner Taner YÄ±lmaz,False,NO LOGON,False,\N,False,False,False,\N,(212) 555-0100,(212) 555-0101,taner@wingtiptoys.com,\N,\N,\N,1,2013-01-01 00:00:00,2013-05-15 08:10:00
2298,Wander Ellenbroek,Wander,Wander Wander Ellenbroek,True,wander@wingtiptoys.com,False,\\x2cd57e45b1845b5e6423f2ea24199afbec8a71c6aeecbacf591c8c1a6d406b87,False,False,False,"{ ""theme"": ""defaultblue"", ""layout"": ""default"", ""dateformat"": ""m/d/yy"", ""timezoneoffset"": ""-8"", ""favoritesondashboard"": ""true"" }",(212) 555-0100,(212) 555-0101,wander@wingtiptoys.com,\N,\N,\N,1,2013-05-14 08:10:00,2013-05-17 08:00:00
6,Sophia Hinton,Sophia,Sophia Sophia Hinton,True,sophiah@wideworldimporters.com,False,\\x451bb10a515f06331540db392031f9d9bc4ef536a1f86d1ca6c7394556baa3c0,True,True,True,"{ ""theme"": ""defaultblue"", ""layout"": ""default"", ""dateformat"": ""m/d/yy"", ""timezoneoffset"": ""-8"", ""favoritesondashboard"": ""true"" }",(415) 555-0102,(415) 555-0103,sophiah@wideworldimporters.com,\N,\N,\N,1,2013-03-09 08:00:00,2013-05-18 08:00:00
1358,Priya kaushal,Priya,Priya Priya kaushal,True,priya@tailspintoys.com,False,\\x318360adca8b603865721d93dd8bd46d75956a8e53e2f297a03af63426922c2c,False,False,False,"{ ""theme"": ""defaultblue"", ""layout"": ""default"", ""dateformat"": ""m/d/yy"", ""timezoneoffset"": ""-8"", ""favoritesondashboard"": ""true"" }",(319) 555-0100,(319) 555-0101,priya@tailspintoys.com,\N,\N,\N,1,2013-03-19 08:00:00,2013-05-18 08:00:00
12,Henry Forlonge,Henry,Henry Henry Forlonge,True,henryf@wideworldimporters.com,False,\\x3f74bad95bd9059efcf80f983899e24369959fd488113aa2d7616823a91659cf,True,True,False,"{ ""theme"": ""defaultblue"", ""layout"": ""default"", ""dateformat"": ""m/d/yy"", ""timezoneoffset"": ""-8"", ""favoritesondashboard"": ""true"" }",(415) 555-0102,(415) 555-0103,henryf@wideworldimporters.com,\N,\N,\N,1,2013-02-11 08:00:00,2013-05-19 08:00:00
1358,Priya kaushal,Priya,Priya Priya kaushal,True,priya@tailspintoys.com,False,\\x318360adca8b603865721d93dd8bd46d75956a8e53e2f297a03af63426922c2c,False,False,False,"{ ""theme"": ""defaultblue"", ""layout"": ""default"", ""dateformat"": ""m/d/yy"", ""timezoneoffset"": ""-8"", ""favoritesondashboard"": ""true"" }",(319) 555-0100,(319) 555-0101,priya@tailspintoys.com,\N,\N,\N,1,2013-05-18 08:00:00,2013-05-19 08:00:00
14,Lily Code,Lily,Lily Lily Code,True,lilyc@wideworldimporters.com,False,\\xd00658893b3f96277088b3c71dcfbf4df6e3947eedbf0c8da285efd5c7d4badd,True,True,True,"{ ""theme"": ""defaultblue"", ""layout"": ""default"", ""dateformat"": ""m/d/yy"", ""timezoneoffset"": ""-8"", ""favoritesondashboard"": ""true"" }",(415) 555-0102,(415) 555-0103,lilyc@wideworldimporters.com,\N,\N,\N,1,2013-04-18 08:00:00,2013-05-26 08:00:00
2240,Antonio Trentini,Antonio,Antonio Antonio Trentini,False,NO LOGON,False,\N,False,False,False,\N,(270) 555-0100,(270) 555-0101,antonio@wingtiptoys.com,\N,\N,\N,1,2013-01-01 00:00:00,2013-05-26 08:10:00
10,Stella Rosenhain,Stella,Stella Stella Rosenhain,True,stellar@wideworldimporters.com,False,\\x1ba4b55887e2bdcb06087a20e1cc608addca538babec0441d2d6704dcafe2ea4,True,True,False,"{ ""theme"": ""defaultblue"", ""layout"": ""default"", ""dateformat"": ""m/d/yy"", ""timezoneoffset"": ""-8"", ""favoritesondashboard"": ""true"" }",(415) 555-0102,(415) 555-0103,stellar@wideworldimporters.com,\N,\N,\N,1,2013-04-26 08:00:00,2013-05-29 08:00:00
1350,Hamsapriya Nandamuri,Hamsapriya,Hamsapriya Hamsapriya Nandamuri,True,hamsapriya@tailspintoys.com,False,\\x1c62883fbb7545aef98d25361e130b29ce07330affb506fab7dd8c162efee5c9,False,False,False,"{ ""theme"": ""defaultblue"", ""layout"": ""default"", ""dateformat"": ""m/d/yy"", ""timezoneoffset"": ""-8"", ""favoritesondashboard"": ""true"" }",(505) 555-0100,(505) 555-0101,hamsapriya@tailspintoys.com,\N,\N,\N,1,2013-03-21 08:10:00,2013-06-02 08:00:00
15,Taj Shand,Taj,Taj Taj Shand,True,tajs@wideworldimporters.com,False,\\x9aefeec0dbb0ea6b25f0eb99c62c724f18428d45799dcd8a7b63b859b0f8fcb4,True,True,True,"{ ""theme"": ""defaultblue"", ""layout"": ""default"", ""dateformat"": ""m/d/yy"", ""timezoneoffset"": ""-8"", ""favoritesondashboard"": ""true"" }",(415) 555-0102,(415) 555-0103,tajs@wideworldimporters.com,\N,\N,\N,1,2013-01-22 08:00:00,2013-06-03 08:00:00
17,Piper Koch,Piper,Piper Piper Koch,True,piperk@wideworldimporters.com,False,\\x61d8d0828e55e8895e216b88fe98cba6b5940992279d74992aaa2563f4e66715,True,True,False,"{ ""theme"": ""defaultblue"", ""layout"": ""default"", ""dateformat"": ""m/d/yy"", ""timezoneoffset"": ""-8"", ""favoritesondashboard"": ""true"" }",(415) 555-0102,(415) 555-0103,piperk@wideworldimporters.com,\N,\N,\N,1,2013-03-31 08:00:00,2013-06-04 08:00:00
1358,Priya kaushal,Priya,Priya Priya kaushal,True,priya@tailspintoys.com,False,\\x318360adca8b603865721d93dd8bd46d75956a8e53e2f297a03af63426922c2c,False,False,False,"{ ""theme"": ""defaultblue"", ""layout"": ""default"", ""dateformat"": ""m/d/yy"", ""timezoneoffset"": ""-8"", ""favoritesondashboard"": ""true"" }",(319) 555-0100,(319) 555-0101,priya@tailspintoys.com,\N,\N,\N,1,2013-05-19 08:00:00,2013-06-07 08:00:00
1334,Amalendu Veturi,Amalendu,Amalendu Amalendu Veturi,False,NO LOGON,False,\N,False,False,False,\N,(210) 555-0100,(210) 555-0101,amalendu@tailspintoys.com,\N,\N,\N,1,2013-01-01 00:00:00,2013-06-08 08:10:00
2281,Angelina Gormanston,Angelina,Angelina Angelina Gormanston,False,NO LOGON,False,\N,False,False,False,\N,(201) 555-0100,(201) 555-0101,angelina@wingtiptoys.com,\N,\N,\N,1,2013-01-01 00:00:00,2013-06-13 08:10:00
2122,Hector Parra,Hector,Hector Hector Parra,False,NO LOGON,False,\N,False,False,False,\N,(210) 555-0100,(210) 555-0101,hector@wingtiptoys.com,\N,\N,\N,1,2013-01-01 00:00:00,2013-06-14 08:10:00
1350,Hamsapriya Nandamuri,Hamsapriya,Hamsapriya Hamsapriya Nandamuri,True,hamsapriya@tailspintoys.com,False,\\x1c62883fbb7545aef98d25361e130b29ce07330affb506fab7dd8c162efee5c9,False,False,False,"{ ""theme"": ""defaultblue"", ""layout"": ""default"", ""dateformat"": ""m/d/yy"", ""timezoneoffset"": ""-8"", ""favoritesondashboard"": ""true"" }",(505) 555-0100,(505) 555-0101,hamsapriya@tailspintoys.com,\N,\N,\N,1,2013-06-02 08:00:00,2013-06-18 08:00:00
1380,Byung-Hyun Gwak,Byung-Hyun,Byung-Hyun Byung-Hyun Gwak,False,NO LOGON,False,\N,False,False,False,\N,(217) 555-0100,(217) 555-0101,byung-hyun@tailspintoys.com,\N,\N,\N,1,2013-01-01 00:00:00,2013-06-18 08:10:00
14,Lily Code,Lily,Lily Lily Code,True,lilyc@wideworldimporters.com,False,\\xd00658893b3f96277088b3c71dcfbf4df6e3947eedbf0c8da285efd5c7d4badd,True,True,True,"{ ""theme"": ""defaultblue"", ""layout"": ""default"", ""dateformat"": ""m/d/yy"", ""timezoneoffset"": ""-8"", ""favoritesondashboard"": ""true"" }",(415) 555-0102,(415) 555-0103,lilyc@wideworldimporters.com,\N,\N,\N,1,2013-05-26 08:00:00,2013-06-20 08:00:00
1256,Chompunut Jetjirawat,Chompunut,Chompunut Chompunut Jetjirawat,False,NO LOGON,False,\N,False,False,False,\N,(303) 555-0100,(303) 555-0101,chompunut@tailspintoys.com,\N,\N,\N,1,2013-01-01 00:00:00,2013-06-20 08:10:00
13,Hudson Hollinworth,Hudson,Hudson Hudson Hollinworth,True,hudsonh@wideworldimporters.com,False,\\x4ac0a24180c54f425ac88ca33b62136a37b6aaa1943bea14fc34e228eccc35c4,True,True,True,"{ ""theme"": ""defaultblue"", ""layout"": ""default"", ""dateformat"": ""m/d/yy"", ""timezoneoffset"": ""-8"", ""favoritesondashboard"": ""true"" }",(415) 555-0102,(415) 555-0103,hudsonh@wideworldimporters.com,\N,\N,\N,1,2013-05-05 08:00:00,2013-06-22 08:00:00
2353,Taner YÄ±lmaz,Taner,Taner Taner YÄ±lmaz,True,taner@wingtiptoys.com,False,\\x7080cc5b299d9c1012d4d4961e92721c50a4125f3f80ba10b902f8f206908f60,False,False,False,"{ ""theme"": ""defaultblue"", ""layout"": ""default"", ""dateformat"": ""m/d/yy"", ""timezoneoffset"": ""-8"", ""favoritesondashboard"": ""true"" }",(212) 555-0100,(212) 555-0101,taner@wingtiptoys.com,\N,\N,\N,1,2013-05-15 08:10:00,2013-06-23 08:00:00
2102,Sakchai Supitayaporn,Sakchai,Sakchai Sakchai Supitayaporn,False,NO LOGON,False,\N,False,False,False,\N,(307) 555-0100,(307) 555-0101,sakchai@wingtiptoys.com,\N,\N,\N,1,2013-01-01 00:00:00,2013-06-25 08:10:00
3141,Bishwa Chatterjee,Bishwa,Bishwa Bishwa Chatterjee,False,NO LOGON,False,\N,False,False,False,\N,(239) 555-0100,(239) 555-0101,bishwa@example.com,\N,\N,\N,1,2013-01-01 00:00:00,2013-06-26 08:10:00
7,Amy Trefl,Amy,Amy Amy Trefl,True,amyt@wideworldimporters.com,False,\\x7a92bbea830c5ed027dcc1d710130eed9ea50fb3e6d5f793ddefc4b50215033f,True,True,True,"{ ""theme"": ""defaultblue"", ""layout"": ""default"", ""dateformat"": ""m/d/yy"", ""timezoneoffset"": ""-8"", ""favoritesondashboard"": ""true"" }",(415) 555-0102,(415) 555-0103,amyt@wideworldimporters.com,\N,\N,\N,1,2013-04-24 08:00:00,2013-07-05 08:00:00
3017,Agrita Kanepa,Agrita,Agrita Agrita Kanepa,True,agrita@example.com,False,\\xa9937a3658383605658e1ec4c3a4558502b793c324cd569f320054b85254bead,False,False,False,"{ ""theme"": ""defaultblue"", ""layout"": ""default"", ""dateformat"": ""m/d/yy"", ""timezoneoffset"": ""-8"", ""favoritesondashboard"": ""true"" }",(201) 555-0100,(201) 555-0101,agrita@example.com,\N,\N,\N,1,2013-04-12 08:10:00,2013-07-08 08:00:00
2373,Daniela Sal,Daniela,Daniela Daniela Sal,False,NO LOGON,False,\N,False,False,False,\N,(210) 555-0100,(210) 555-0101,daniela@wingtiptoys.com,\N,\N,\N,1,2013-01-01 00:00:00,2013-07-08 08:10:00
3017,Agrita Kanepa,Agrita,Agrita Agrita Kanepa,True,agrita@example.com,False,\\xa9937a3658383605658e1ec4c3a4558502b793c324cd569f320054b85254bead,False,False,False,"{ ""theme"": ""defaultblue"", ""layout"": ""default"", ""dateformat"": ""m/d/yy"", ""timezoneoffset"": ""-8"", ""favoritesondashboard"": ""true"" }",(201) 555-0100,(201) 555-0101,agrita@example.com,\N,\N,\N,1,2013-07-08 08:00:00,2013-07-09 08:00:00
3134,Ivan Sepulveda,Ivan,Ivan Ivan Sepulveda,True,ivan@example.com,False,\\x4d239e431e6ece568a474bb970119203d62d85004d9320f7a886f1f2c599edcf,False,False,False,"{ ""theme"": ""defaultblue"", ""layout"": ""default"", ""dateformat"": ""m/d/yy"", ""timezoneoffset"": ""-8"", ""favoritesondashboard"": ""true"" }",(218) 555-0100,(218) 555-0101,ivan@example.com,\N,\N,\N,1,2013-05-03 08:10:00,2013-07-17 08:00:00
1228,Surya Mishra,Surya,Surya Surya Mishra,True,surya@tailspintoys.com,False,\\x30e8bb2b9ee4bf33ed66db49ad3466d2326be50e4dc5eb27247284ffee3f0e63,False,False,False,"{ ""theme"": ""defaultblue"", ""layout"": ""default"", ""dateformat"": ""m/d/yy"", ""timezoneoffset"": ""-8"", ""favoritesondashboard"": ""true"" }",(803) 555-0100,(803) 555-0101,surya@tailspintoys.com,\N,\N,\N,1,2013-05-15 08:00:00,2013-07-17 08:00:00
2353,Taner YÄ±lmaz,Taner,Taner Taner YÄ±lmaz,True,taner@wingtiptoys.com,False,\\x7080cc5b299d9c1012d4d4961e92721c50a4125f3f80ba10b902f8f206908f60,False,False,False,"{ ""theme"": ""defaultblue"", ""layout"": ""default"", ""dateformat"": ""m/d/yy"", ""timezoneoffset"": ""-8"", ""favoritesondashboard"": ""true"" }",(212) 555-0100,(212) 555-0101,taner@wingtiptoys.com,\N,\N,\N,1,2013-06-23 08:00:00,2013-07-18 08:00:00
2373,Daniela Sal,Daniela,Daniela Daniela Sal,True,daniela@wingtiptoys.com,False,\\xeec53ed3eae7dc2ac179e11cc066b2df045e4e42cc8b27dac2468e5cc725ea93,False,False,False,"{ ""theme"": ""defaultblue"", ""layout"": ""default"", ""dateformat"": ""m/d/yy"", ""timezoneoffset"": ""-8"", ""favoritesondashboard"": ""true"" }",(210) 555-0100,(210) 555-0101,daniela@wingtiptoys.com,\N,\N,\N,1,2013-07-08 08:10:00,2013-07-18 08:00:00
11,Ethan Onslow,Ethan,Ethan Ethan Onslow,True,ethano@wideworldimporters.com,False,\\xd70f37f5c019499959ddf987e5343b957feb58959a0270e06919d47f2e84d409,True,True,False,"{ ""theme"": ""defaultblue"", ""layout"": ""default"", ""dateformat"": ""m/d/yy"", ""timezoneoffset"": ""-8"", ""favoritesondashboard"": ""true"" }",(415) 555-0102,(415) 555-0103,ethano@wideworldimporters.com,\N,\N,\N,1,2013-05-03 08:00:00,2013-07-19 08:00:00
3170,Isidora Urias,Isidora,Isidora Isidora Urias,False,NO LOGON,False,\N,False,False,False,\N,(239) 555-0100,(239) 555-0101,isidora@example.com,\N,\N,\N,1,2013-01-01 00:00:00,2013-07-21 08:10:00
1358,Priya kaushal,Priya,Priya Priya kaushal,True,priya@tailspintoys.com,False,\\x318360adca8b603865721d93dd8bd46d75956a8e53e2f297a03af63426922c2c,False,False,False,"{ ""theme"": ""defaultblue"", ""layout"": ""default"", ""dateformat"": ""m/d/yy"", ""timezoneoffset"": ""-8"", ""favoritesondashboard"": ""true"" }",(319) 555-0100,(319) 555-0101,priya@tailspintoys.com,\N,\N,\N,1,2013-06-07 08:00:00,2013-07-22 08:00:00
1104,Liia Mae,Liia,Liia Liia Mae,False,NO LOGON,False,\N,False,False,False,\N,(209) 555-0100,(209) 555-0101,liia@tailspintoys.com,\N,\N,\N,1,2013-01-01 00:00:00,2013-07-24 08:10:00
2281,Angelina Gormanston,Angelina,Angelina Angelina Gormanston,True,angelina@wingtiptoys.com,False,\\x812d484eaa94a512e5becdd3d65f01709ae95675d3c7a7d62a7b1dfcf4f71b40,False,False,False,"{ ""theme"": ""defaultblue"", ""layout"": ""default"", ""dateformat"": ""m/d/yy"", ""timezoneoffset"": ""-8"", ""favoritesondashboard"": ""true"" }",(201) 555-0100,(201) 555-0101,angelina@wingtiptoys.com,\N,\N,\N,1,2013-06-13 08:10:00,2013-07-25 08:00:00
3,Hudson Onslow,Hudson,Hudson Hudson Onslow,True,hudsono@wideworldimporters.com,False,\\x23668ccc579015ea934736c3d7b87e86360eb5eee164c4368a7b103c11e3436e,True,True,True,"{ ""theme"": ""defaultblue"", ""layout"": ""default"", ""dateformat"": ""m/d/yy"", ""timezoneoffset"": ""-8"", ""favoritesondashboard"": ""true"" }",(415) 555-0102,(415) 555-0103,hudsono@wideworldimporters.com,\N,\N,\N,1,2013-02-20 08:00:00,2013-07-26 08:00:00
1256,Chompunut Jetjirawat,Chompunut,Chompunut Chompunut Jetjirawat,True,chompunut@tailspintoys.com,False,\\x7d4eecd17fd9c68bbd242f85ff26d9c203acd2348c1183690e67cf29bfe0f290,False,False,False,"{ ""theme"": ""defaultblue"", ""layout"": ""default"", ""dateformat"": ""m/d/yy"", ""timezoneoffset"": ""-8"", ""favoritesondashboard"": ""true"" }",(303) 555-0100,(303) 555-0101,chompunut@tailspintoys.com,\N,\N,\N,1,2013-06-20 08:10:00,2013-07-26 08:00:00
2291,Debraj Sanyal,Debraj,Debraj Debraj Sanyal,True,debraj@wingtiptoys.com,False,\\x14268816b91216bf1a654678140eb03e369da9b8f8055f33eae4d0822afbdb64,False,False,False,"{ ""theme"": ""defaultblue"", ""layout"": ""default"", ""dateformat"": ""m/d/yy"", ""timezoneoffset"": ""-8"", ""favoritesondashboard"": ""true"" }",(239) 555-0100,(239) 555-0101,debraj@wingtiptoys.com,\N,\N,\N,1,2013-01-20 08:10:00,2013-07-28 08:00:00
2,Kayla Woodcock,Kayla,Kayla Kayla Woodcock,True,kaylaw@wideworldimporters.com,False,\\x616e9b558976525e7f14d780ebae80c68586958dc97c506db418e2e2c49e340e,True,True,True,"{ ""theme"": ""defaultblue"", ""layout"": ""default"", ""dateformat"": ""m/d/yy"", ""timezoneoffset"": ""-8"", ""favoritesondashboard"": ""true"" }",(415) 555-0102,(415) 555-0103,kaylaw@wideworldimporters.com,\N,\N,\N,1,2013-04-19 08:00:00,2013-07-28 08:00:00
1334,Amalendu Veturi,Amalendu,Amalendu Amalendu Veturi,True,amalendu@tailspintoys.com,False,\\xaef75431ad5f43c267600c197583712b23646f0fb35973e664fa55f4da4450eb,False,False,False,"{ ""theme"": ""defaultblue"", ""layout"": ""default"", ""dateformat"": ""m/d/yy"", ""timezoneoffset"": ""-8"", ""favoritesondashboard"": ""true"" }",(210) 555-0100,(210) 555-0101,amalendu@tailspintoys.com,\N,\N,\N,1,2013-06-08 08:10:00,2013-07-29 08:00:00
3188,Maksims Krastins,Maksims,Maksims Maksims Krastins,True,maksims@example.com,False,\\x56bce4898f0c91a9e1371c404dd1d67b3fdded2c79f9f4d404cfb9923ebfbe36,False,False,False,"{ ""theme"": ""defaultblue"", ""layout"": ""default"", ""dateformat"": ""m/d/yy"", ""timezoneoffset"": ""-8"", ""favoritesondashboard"": ""true"" }",(304) 555-0100,(304) 555-0101,maksims@example.com,\N,\N,\N,1,2013-03-10 08:10:00,2013-07-30 08:00:00
2102,Sakchai Supitayaporn,Sakchai,Sakchai Sakchai Supitayaporn,True,sakchai@wingtiptoys.com,False,\\x1151944ba116378e1b3dbf65f8a73513b725abaa491a35c6294cf1d4f15c278d,False,False,False,"{ ""theme"": ""defaultblue"", ""layout"": ""default"", ""dateformat"": ""m/d/yy"", ""timezoneoffset"": ""-8"", ""favoritesondashboard"": ""true"" }",(307) 555-0100,(307) 555-0101,sakchai@wingtiptoys.com,\N,\N,\N,1,2013-06-25 08:10:00,2013-07-30 08:00:00
2291,Debraj Sanyal,Debraj,Debraj Debraj Sanyal,True,debraj@wingtiptoys.com,False,\\x14268816b91216bf1a654678140eb03e369da9b8f8055f33eae4d0822afbdb64,False,False,False,"{ ""theme"": ""defaultblue"", ""layout"": ""default"", ""dateformat"": ""m/d/yy"", ""timezoneoffset"": ""-8"", ""favoritesondashboard"": ""true"" }",(239) 555-0100,(239) 555-0101,debraj@wingtiptoys.com,\N,\N,\N,1,2013-07-28 08:00:00,2013-08-05 08:00:00
3141,Bishwa Chatterjee,Bishwa,Bishwa Bishwa Chatterjee,True,bishwa@example.com,False,\\x2328326a28d3441a5fd1cf639dbea5d14ea07591c24437473ce4b3606a4529d2,False,False,False,"{ ""theme"": ""defaultblue"", ""layout"": ""default"", ""dateformat"": ""m/d/yy"", ""timezoneoffset"": ""-8"", ""favoritesondashboard"": ""true"" }",(239) 555-0100,(239) 555-0101,bishwa@example.com,\N,\N,\N,1,2013-06-26 08:10:00,2013-08-06 08:00:00
2373,Daniela Sal,Daniela,Daniela Daniela Sal,True,daniela@wingtiptoys.com,False,\\xeec53ed3eae7dc2ac179e11cc066b2df045e4e42cc8b27dac2468e5cc725ea93,False,False,False,"{ ""theme"": ""defaultblue"", ""layout"": ""default"", ""dateformat"": ""m/d/yy"", ""timezoneoffset"": ""-8"", ""favoritesondashboard"": ""true"" }",(210) 555-0100,(210) 555-0101,daniela@wingtiptoys.com,\N,\N,\N,1,2013-07-18 08:00:00,2013-08-06 08:00:00
2265,Vanita Bhowmick,Vanita,Vanita Vanita Bhowmick,True,vanita@wingtiptoys.com,False,\\xe079b6c3b24b2fea525a83e73aaf3549f40599fb211cf1e376f2eb761623b908,False,False,False,"{ ""theme"": ""defaultblue"", ""layout"": ""default"", ""dateformat"": ""m/d/yy"", ""timezoneoffset"": ""-8"", ""favoritesondashboard"": ""true"" }",(405) 555-0100,(405) 555-0101,vanita@wingtiptoys.com,\N,\N,\N,1,2013-04-06 08:10:00,2013-08-14 08:00:00
1358,Priya kaushal,Priya,Priya Priya kaushal,True,priya@tailspintoys.com,False,\\x318360adca8b603865721d93dd8bd46d75956a8e53e2f297a03af63426922c2c,False,False,False,"{ ""theme"": ""defaultblue"", ""layout"": ""default"", ""dateformat"": ""m/d/yy"", ""timezoneoffset"": ""-8"", ""favoritesondashboard"": ""true"" }",(319) 555-0100,(319) 555-0101,priya@tailspintoys.com,\N,\N,\N,1,2013-07-22 08:00:00,2013-08-14 08:00:00
1207,Laboni Deb,Laboni,Laboni Laboni Deb,True,laboni@tailspintoys.com,False,\\x79d0c3889dbc311007e3a18ab4a37e90d4a6a69f1c73986d8ecbbb496b278ac0,False,False,False,"{ ""theme"": ""defaultblue"", ""layout"": ""default"", ""dateformat"": ""m/d/yy"", ""timezoneoffset"": ""-8"", ""favoritesondashboard"": ""true"" }",(207) 555-0100,(207) 555-0101,laboni@tailspintoys.com,\N,\N,\N,1,2013-05-06 08:00:00,2013-08-20 08:00:00
18,Katie Darwin,Katie,Katie Katie Darwin,True,katied@wideworldimporters.com,False,\\x08623cfdf6bc77b8b40d8791097f25b97874bcece21ba1b97e757e2d2a3b4c80,True,True,False,"{ ""theme"": ""defaultblue"", ""layout"": ""default"", ""dateformat"": ""m/d/yy"", ""timezoneoffset"": ""-8"", ""favoritesondashboard"": ""true"" }",(415) 555-0102,(415) 555-0103,katied@wideworldimporters.com,\N,\N,\N,1,2013-01-01 00:00:00,2013-08-22 08:00:00
1262,Prem Reddy,Prem,Prem Prem Reddy,True,prem@tailspintoys.com,False,\\x7e3f8f930789a13b88a7c7949c68a3ef4898ba0ad6b7ede52c0c249a295418ec,False,False,False,"{ ""theme"": ""defaultblue"", ""layout"": ""default"", ""dateformat"": ""m/d/yy"", ""timezoneoffset"": ""-8"", ""favoritesondashboard"": ""true"" }",(907) 555-0100,(907) 555-0101,prem@tailspintoys.com,\N,\N,\N,1,2013-05-05 08:10:00,2013-08-22 08:00:00
1104,Liia Mae,Liia,Liia Liia Mae,True,liia@tailspintoys.com,False,\\x7e280872fa8a542b0aa600a7698e352927b598821fc11f904e33c764b18c23de,False,False,False,"{ ""theme"": ""defaultblue"", ""layout"": ""default"", ""dateformat"": ""m/d/yy"", ""timezoneoffset"": ""-8"", ""favoritesondashboard"": ""true"" }",(209) 555-0100,(209) 555-0101,liia@tailspintoys.com,\N,\N,\N,1,2013-07-24 08:10:00,2013-08-23 08:00:00
3188,Maksims Krastins,Maksims,Maksims Maksims Krastins,True,maksims@example.com,False,\\x56bce4898f0c91a9e1371c404dd1d67b3fdded2c79f9f4d404cfb9923ebfbe36,False,False,False,"{ ""theme"": ""defaultblue"", ""layout"": ""default"", ""dateformat"": ""m/d/yy"", ""timezoneoffset"": ""-8"", ""favoritesondashboard"": ""true"" }",(304) 555-0100,(304) 555-0101,maksims@example.com,\N,\N,\N,1,2013-07-30 08:00:00,2013-08-23 08:00:00
1350,Hamsapriya Nandamuri,Hamsapriya,Hamsapriya Hamsapriya Nandamuri,True,hamsapriya@tailspintoys.com,False,\\x1c62883fbb7545aef98d25361e130b29ce07330affb506fab7dd8c162efee5c9,False,False,False,"{ ""theme"": ""defaultblue"", ""layout"": ""default"", ""dateformat"": ""m/d/yy"", ""timezoneoffset"": ""-8"", ""favoritesondashboard"": ""true"" }",(505) 555-0100,(505) 555-0101,hamsapriya@tailspintoys.com,\N,\N,\N,1,2013-06-18 08:00:00,2013-08-29 08:00:00
1289,Prasong Tuntayakul,Prasong,Prasong Prasong Tuntayakul,False,NO LOGON,False,\N,False,False,False,\N,(201) 555-0100,(201) 555-0101,prasong@tailspintoys.com,\N,\N,\N,1,2013-01-01 00:00:00,2013-08-30 08:10:00
7,Amy Trefl,Amy,Amy Amy Trefl,True,amyt@wideworldimporters.com,False,\\x7a92bbea830c5ed027dcc1d710130eed9ea50fb3e6d5f793ddefc4b50215033f,True,True,True,"{ ""theme"": ""defaultblue"", ""layout"": ""default"", ""dateformat"": ""m/d/yy"", ""timezoneoffset"": ""-8"", ""favoritesondashboard"": ""true"" }",(415) 555-0102,(415) 555-0103,amyt@wideworldimporters.com,\N,\N,\N,1,2013-07-05 08:00:00,2013-08-31 08:00:00
3188,Maksims Krastins,Maksims,Maksims Maksims Krastins,True,maksims@example.com,False,\\x56bce4898f0c91a9e1371c404dd1d67b3fdded2c79f9f4d404cfb9923ebfbe36,False,False,False,"{ ""theme"": ""defaultblue"", ""layout"": ""default"", ""dateformat"": ""m/d/yy"", ""timezoneoffset"": ""-8"", ""favoritesondashboard"": ""true"" }",(304) 555-0100,(304) 555-0101,maksims@example.com,\N,\N,\N,1,2013-08-23 08:00:00,2013-08-31 08:00:00
2298,Wander Ellenbroek,Wander,Wander Wander Ellenbroek,True,wander@wingtiptoys.com,False,\\x2cd57e45b1845b5e6423f2ea24199afbec8a71c6aeecbacf591c8c1a6d406b87,False,False,False,"{ ""theme"": ""defaultblue"", ""layout"": ""default"", ""dateformat"": ""m/d/yy"", ""timezoneoffset"": ""-8"", ""favoritesondashboard"": ""true"" }",(212) 555-0100,(212) 555-0101,wander@wingtiptoys.com,\N,\N,\N,1,2013-05-17 08:00:00,2013-09-01 08:00:00
8,Anthony Grosse,Anthony,Anthony Anthony Grosse,True,anthonyg@wideworldimporters.com,False,\\x2fd8b838a3c77778c990f464073aa23c0eee019763ed6a99c77457e8691819de,True,True,True,"{ ""theme"": ""defaultblue"", ""layout"": ""default"", ""dateformat"": ""m/d/yy"", ""timezoneoffset"": ""-8"", ""favoritesondashboard"": ""true"" }",(415) 555-0102,(415) 555-0103,anthonyg@wideworldimporters.com,\N,\N,\N,1,2013-04-18 08:00:00,2013-09-02 08:00:00
1358,Priya kaushal,Priya,Priya Priya kaushal,True,priya@tailspintoys.com,False,\\x318360adca8b603865721d93dd8bd46d75956a8e53e2f297a03af63426922c2c,False,False,False,"{ ""theme"": ""defaultblue"", ""layout"": ""default"", ""dateformat"": ""m/d/yy"", ""timezoneoffset"": ""-8"", ""favoritesondashboard"": ""true"" }",(319) 555-0100,(319) 555-0101,priya@tailspintoys.com,\N,\N,\N,1,2013-08-14 08:00:00,2013-09-02 08:00:00
1339,Daniella Barbosa,Daniella,Daniella Daniella Barbosa,False,NO LOGON,False,\N,False,False,False,\N,(212) 555-0100,(212) 555-0101,daniella@tailspintoys.com,\N,\N,\N,1,2013-01-01 00:00:00,2013-09-06 08:10:00
13,Hudson Hollinworth,Hudson,Hudson Hudson Hollinworth,True,hudsonh@wideworldimporters.com,False,\\x4ac0a24180c54f425ac88ca33b62136a37b6aaa1943bea14fc34e228eccc35c4,True,True,True,"{ ""theme"": ""defaultblue"", ""layout"": ""default"", ""dateformat"": ""m/d/yy"", ""timezoneoffset"": ""-8"", ""favoritesondashboard"": ""true"" }",(415) 555-0102,(415) 555-0103,hudsonh@wideworldimporters.com,\N,\N,\N,1,2013-06-22 08:00:00,2013-09-07 08:00:00
2281,Angelina Gormanston,Angelina,Angelina Angelina Gormanston,True,angelina@wingtiptoys.com,False,\\x812d484eaa94a512e5becdd3d65f01709ae95675d3c7a7d62a7b1dfcf4f71b40,False,False,False,"{ ""theme"": ""defaultblue"", ""layout"": ""default"", ""dateformat"": ""m/d/yy"", ""timezoneoffset"": ""-8"", ""favoritesondashboard"": ""true"" }",(201) 555-0100,(201) 555-0101,angelina@wingtiptoys.com,\N,\N,\N,1,2013-07-25 08:00:00,2013-09-07 08:00:00
3061,Amarasimha Vinjamuri,Amarasimha,Amarasimha Amarasimha Vinjamuri,False,NO LOGON,False,\N,False,False,False,\N,(339) 555-0100,(339) 555-0101,amarasimha@example.com,\N,\N,\N,1,2013-01-01 00:00:00,2013-09-09 08:10:00
14,Lily Code,Lily,Lily Lily Code,True,lilyc@wideworldimporters.com,False,\\xd00658893b3f96277088b3c71dcfbf4df6e3947eedbf0c8da285efd5c7d4badd,True,True,True,"{ ""theme"": ""defaultblue"", ""layout"": ""default"", ""dateformat"": ""m/d/yy"", ""timezoneoffset"": ""-8"", ""favoritesondashboard"": ""true"" }",(415) 555-0102,(415) 555-0103,lilyc@wideworldimporters.com,\N,\N,\N,1,2013-06-20 08:00:00,2013-09-14 08:00:00
1350,Hamsapriya Nandamuri,Hamsapriya,Hamsapriya Hamsapriya Nandamuri,True,hamsapriya@tailspintoys.com,False,\\x1c62883fbb7545aef98d25361e130b29ce07330affb506fab7dd8c162efee5c9,False,False,False,"{ ""theme"": ""defaultblue"", ""layout"": ""default"", ""dateformat"": ""m/d/yy"", ""timezoneoffset"": ""-8"", ""favoritesondashboard"": ""true"" }",(505) 555-0100,(505) 555-0101,hamsapriya@tailspintoys.com,\N,\N,\N,1,2013-08-29 08:00:00,2013-09-14 08:00:00
1082,Kalpana Mukherjee,Kalpana,Kalpana Kalpana Mukherjee,False,NO LOGON,False,\N,False,False,False,\N,(314) 555-0100,(314) 555-0101,kalpana@tailspintoys.com,\N,\N,\N,1,2013-01-01 00:00:00,2013-09-15 08:10:00
3061,Amarasimha Vinjamuri,Amarasimha,Amarasimha Amarasimha Vinjamuri,True,amarasimha@example.com,False,\\x7a67cae4cc7b59df21dac3a52ac5879fabbc8aa33e245790d605cea35310102e,False,False,False,"{ ""theme"": ""defaultblue"", ""layout"": ""default"", ""dateformat"": ""m/d/yy"", ""timezoneoffset"": ""-8"", ""favoritesondashboard"": ""true"" }",(339) 555-0100,(339) 555-0101,amarasimha@example.com,\N,\N,\N,1,2013-09-09 08:10:00,2013-09-19 08:00:00
1350,Hamsapriya Nandamuri,Hamsapriya,Hamsapriya Hamsapriya Nandamuri,True,hamsapriya@tailspintoys.com,False,\\x1c62883fbb7545aef98d25361e130b29ce07330affb506fab7dd8c162efee5c9,False,False,False,"{ ""theme"": ""defaultblue"", ""layout"": ""default"", ""dateformat"": ""m/d/yy"", ""timezoneoffset"": ""-8"", ""favoritesondashboard"": ""true"" }",(505) 555-0100,(505) 555-0101,hamsapriya@tailspintoys.com,\N,\N,\N,1,2013-09-14 08:00:00,2013-09-22 08:00:00
2122,Hector Parra,Hector,Hector Hector Parra,True,hector@wingtiptoys.com,False,\\x5259a0d7004dad855270a05ec8ea2153e8cff0d853eafaea3e67a0a22f443d4b,False,False,False,"{ ""theme"": ""defaultblue"", ""layout"": ""default"", ""dateformat"": ""m/d/yy"", ""timezoneoffset"": ""-8"", ""favoritesondashboard"": ""true"" }",(210) 555-0100,(210) 555-0101,hector@wingtiptoys.com,\N,\N,\N,1,2013-06-14 08:10:00,2013-09-23 08:00:00
1262,Prem Reddy,Prem,Prem Prem Reddy,True,prem@tailspintoys.com,False,\\x7e3f8f930789a13b88a7c7949c68a3ef4898ba0ad6b7ede52c0c249a295418ec,False,False,False,"{ ""theme"": ""defaultblue"", ""layout"": ""default"", ""dateformat"": ""m/d/yy"", ""timezoneoffset"": ""-8"", ""favoritesondashboard"": ""true"" }",(907) 555-0100,(907) 555-0101,prem@tailspintoys.com,\N,\N,\N,1,2013-08-22 08:00:00,2013-09-25 08:00:00
2265,Vanita Bhowmick,Vanita,Vanita Vanita Bhowmick,True,vanita@wingtiptoys.com,False,\\xe079b6c3b24b2fea525a83e73aaf3549f40599fb211cf1e376f2eb761623b908,False,False,False,"{ ""theme"": ""defaultblue"", ""layout"": ""default"", ""dateformat"": ""m/d/yy"", ""timezoneoffset"": ""-8"", ""favoritesondashboard"": ""true"" }",(405) 555-0100,(405) 555-0101,vanita@wingtiptoys.com,\N,\N,\N,1,2013-08-14 08:00:00,2013-09-28 08:00:00
1289,Prasong Tuntayakul,Prasong,Prasong Prasong Tuntayakul,True,prasong@tailspintoys.com,False,\\x30bc048cc8a63cc96c3d62f6bd267477a1577ce59f473c30fbc626a4d604358b,False,False,False,"{ ""theme"": ""defaultblue"", ""layout"": ""default"", ""dateformat"": ""m/d/yy"", ""timezoneoffset"": ""-8"", ""favoritesondashboard"": ""true"" }",(201) 555-0100,(201) 555-0101,prasong@tailspintoys.com,\N,\N,\N,1,2013-08-30 08:10:00,2013-10-01 08:00:00
1358,Priya kaushal,Priya,Priya Priya kaushal,True,priya@tailspintoys.com,False,\\x318360adca8b603865721d93dd8bd46d75956a8e53e2f297a03af63426922c2c,False,False,False,"{ ""theme"": ""defaultblue"", ""layout"": ""default"", ""dateformat"": ""m/d/yy"", ""timezoneoffset"": ""-8"", ""favoritesondashboard"": ""true"" }",(319) 555-0100,(319) 555-0101,priya@tailspintoys.com,\N,\N,\N,1,2013-09-02 08:00:00,2013-10-03 08:00:00
3191,Valter Viiding,Valter,Valter Valter Viiding,True,valter@example.com,False,\\x820fc0fc69cadc42cee2c095373d2b5c18d7d8c5cb0a557f7e3a76a5915cf5b9,False,False,False,"{ ""theme"": ""defaultblue"", ""layout"": ""default"", ""dateformat"": ""m/d/yy"", ""timezoneoffset"": ""-8"", ""favoritesondashboard"": ""true"" }",(216) 555-0100,(216) 555-0101,valter@example.com,\N,\N,\N,1,2013-02-08 08:00:00,2013-10-05 08:00:00
11,Ethan Onslow,Ethan,Ethan Ethan Onslow,True,ethano@wideworldimporters.com,False,\\xd70f37f5c019499959ddf987e5343b957feb58959a0270e06919d47f2e84d409,True,True,False,"{ ""theme"": ""defaultblue"", ""layout"": ""default"", ""dateformat"": ""m/d/yy"", ""timezoneoffset"": ""-8"", ""favoritesondashboard"": ""true"" }",(415) 555-0102,(415) 555-0103,ethano@wideworldimporters.com,\N,\N,\N,1,2013-07-19 08:00:00,2013-10-06 08:00:00
1104,Liia Mae,Liia,Liia Liia Mae,True,liia@tailspintoys.com,False,\\x7e280872fa8a542b0aa600a7698e352927b598821fc11f904e33c764b18c23de,False,False,False,"{ ""theme"": ""defaultblue"", ""layout"": ""default"", ""dateformat"": ""m/d/yy"", ""timezoneoffset"": ""-8"", ""favoritesondashboard"": ""true"" }",(209) 555-0100,(209) 555-0101,liia@tailspintoys.com,\N,\N,\N,1,2013-08-23 08:00:00,2013-10-13 08:00:00
1339,Daniella Barbosa,Daniella,Daniella Daniella Barbosa,True,daniella@tailspintoys.com,False,\\xabe5e48dc5339724c6832dbdfe467781e534e01aa40e51a858db3ba0d60b8a6c,False,False,False,"{ ""theme"": ""defaultblue"", ""layout"": ""default"", ""dateformat"": ""m/d/yy"", ""timezoneoffset"": ""-8"", ""favoritesondashboard"": ""true"" }",(212) 555-0100,(212) 555-0101,daniella@tailspintoys.com,\N,\N,\N,1,2013-09-06 08:10:00,2013-10-13 08:00:00
2206,Lana Larsson,Lana,Lana Lana Larsson,False,NO LOGON,False,\N,False,False,False,\N,(252) 555-0100,(252) 555-0101,lana@wingtiptoys.com,\N,\N,\N,1,2013-01-01 00:00:00,2013-10-14 08:10:00
2265,Vanita Bhowmick,Vanita,Vanita Vanita Bhowmick,True,vanita@wingtiptoys.com,False,\\xe079b6c3b24b2fea525a83e73aaf3549f40599fb211cf1e376f2eb761623b908,False,False,False,"{ ""theme"": ""defaultblue"", ""layout"": ""default"", ""dateformat"": ""m/d/yy"", ""timezoneoffset"": ""-8"", ""favoritesondashboard"": ""true"" }",(405) 555-0100,(405) 555-0101,vanita@wingtiptoys.com,\N,\N,\N,1,2013-09-28 08:00:00,2013-10-15 08:00:00
3191,Valter Viiding,Valter,Valter Valter Viiding,True,valter@example.com,False,\\x820fc0fc69cadc42cee2c095373d2b5c18d7d8c5cb0a557f7e3a76a5915cf5b9,False,False,False,"{ ""theme"": ""defaultblue"", ""layout"": ""default"", ""dateformat"": ""m/d/yy"", ""timezoneoffset"": ""-8"", ""favoritesondashboard"": ""true"" }",(216) 555-0100,(216) 555-0101,valter@example.com,\N,\N,\N,1,2013-10-05 08:00:00,2013-10-15 08:00:00
2373,Daniela Sal,Daniela,Daniela Daniela Sal,True,daniela@wingtiptoys.com,False,\\xeec53ed3eae7dc2ac179e11cc066b2df045e4e42cc8b27dac2468e5cc725ea93,False,False,False,"{ ""theme"": ""defaultblue"", ""layout"": ""default"", ""dateformat"": ""m/d/yy"", ""timezoneoffset"": ""-8"", ""favoritesondashboard"": ""true"" }",(210) 555-0100,(210) 555-0101,daniela@wingtiptoys.com,\N,\N,\N,1,2013-08-06 08:00:00,2013-10-20 08:00:00
4,Isabella Rupp,Isabella,Isabella Isabella Rupp,True,isabellar@wideworldimporters.com,False,\\xb45e7c4e37c32fa9a5a3161b9db1c9c1e787bb7db424e7fd7a20895d4bfb5d31,True,True,False,"{ ""theme"": ""defaultblue"", ""layout"": ""default"", ""dateformat"": ""m/d/yy"", ""timezoneoffset"": ""-8"", ""favoritesondashboard"": ""true"" }",(415) 555-0102,(415) 555-0103,isabellar@wideworldimporters.com,\N,\N,\N,1,2013-03-17 08:00:00,2013-10-23 08:00:00
6,Sophia Hinton,Sophia,Sophia Sophia Hinton,True,sophiah@wideworldimporters.com,False,\\x451bb10a515f06331540db392031f9d9bc4ef536a1f86d1ca6c7394556baa3c0,True,True,True,"{ ""theme"": ""defaultblue"", ""layout"": ""default"", ""dateformat"": ""m/d/yy"", ""timezoneoffset"": ""-8"", ""favoritesondashboard"": ""true"" }",(415) 555-0102,(415) 555-0103,sophiah@wideworldimporters.com,\N,\N,\N,1,2013-05-18 08:00:00,2013-11-02 08:00:00
3017,Agrita Kanepa,Agrita,Agrita Agrita Kanepa,True,agrita@example.com,False,\\xa9937a3658383605658e1ec4c3a4558502b793c324cd569f320054b85254bead,False,False,False,"{ ""theme"": ""defaultblue"", ""layout"": ""default"", ""dateformat"": ""m/d/yy"", ""timezoneoffset"": ""-8"", ""favoritesondashboard"": ""true"" }",(201) 555-0100,(201) 555-0101,agrita@example.com,\N,\N,\N,1,2013-07-09 08:00:00,2013-11-02 08:00:00
1262,Prem Reddy,Prem,Prem Prem Reddy,True,prem@tailspintoys.com,False,\\x7e3f8f930789a13b88a7c7949c68a3ef4898ba0ad6b7ede52c0c249a295418ec,False,False,False,"{ ""theme"": ""defaultblue"", ""layout"": ""default"", ""dateformat"": ""m/d/yy"", ""timezoneoffset"": ""-8"", ""favoritesondashboard"": ""true"" }",(907) 555-0100,(907) 555-0101,prem@tailspintoys.com,\N,\N,\N,1,2013-09-25 08:00:00,2013-11-03 08:00:00
13,Hudson Hollinworth,Hudson,Hudson Hudson Hollinworth,True,hudsonh@wideworldimporters.com,False,\\x4ac0a24180c54f425ac88ca33b62136a37b6aaa1943bea14fc34e228eccc35c4,True,True,True,"{ ""theme"": ""defaultblue"", ""layout"": ""default"", ""dateformat"": ""m/d/yy"", ""timezoneoffset"": ""-8"", ""favoritesondashboard"": ""true"" }",(415) 555-0102,(415) 555-0103,hudsonh@wideworldimporters.com,\N,\N,\N,1,2013-09-07 08:00:00,2013-11-04 08:00:00
3,Hudson Onslow,Hudson,Hudson Hudson Onslow,True,hudsono@wideworldimporters.com,False,\\x23668ccc579015ea934736c3d7b87e86360eb5eee164c4368a7b103c11e3436e,True,True,True,"{ ""theme"": ""defaultblue"", ""layout"": ""default"", ""dateformat"": ""m/d/yy"", ""timezoneoffset"": ""-8"", ""favoritesondashboard"": ""true"" }",(415) 555-0102,(415) 555-0103,hudsono@wideworldimporters.com,\N,\N,\N,1,2013-07-26 08:00:00,2013-11-05 08:00:00
1262,Prem Reddy,Prem,Prem Prem Reddy,True,prem@tailspintoys.com,False,\\x7e3f8f930789a13b88a7c7949c68a3ef4898ba0ad6b7ede52c0c249a295418ec,False,False,False,"{ ""theme"": ""defaultblue"", ""layout"": ""default"", ""dateformat"": ""m/d/yy"", ""timezoneoffset"": ""-8"", ""favoritesondashboard"": ""true"" }",(907) 555-0100,(907) 555-0101,prem@tailspintoys.com,\N,\N,\N,1,2013-11-03 08:00:00,2013-11-07 08:00:00
3196,Laszlo Gardenier,Laszlo,Laszlo Laszlo Gardenier,False,NO LOGON,False,\N,False,False,False,\N,(215) 555-0100,(215) 555-0101,laszlo@example.com,\N,\N,\N,1,2013-01-01 00:00:00,2013-11-08 08:10:00
1229,Jagoda Vasiljevic,Jagoda,Jagoda Jagoda Vasiljevic,False,NO LOGON,False,\N,False,False,False,\N,(252) 555-0100,(252) 555-0101,jagoda@tailspintoys.com,\N,\N,\N,1,2013-01-01 00:00:00,2013-11-10 08:10:00
2353,Taner YÄ±lmaz,Taner,Taner Taner YÄ±lmaz,True,taner@wingtiptoys.com,False,\\x7080cc5b299d9c1012d4d4961e92721c50a4125f3f80ba10b902f8f206908f60,False,False,False,"{ ""theme"": ""defaultblue"", ""layout"": ""default"", ""dateformat"": ""m/d/yy"", ""timezoneoffset"": ""-8"", ""favoritesondashboard"": ""true"" }",(212) 555-0100,(212) 555-0101,taner@wingtiptoys.com,\N,\N,\N,1,2013-07-18 08:00:00,2013-11-12 08:00:00
3170,Isidora Urias,Isidora,Isidora Isidora Urias,True,isidora@example.com,False,\\xc9ce85c340fd4935157e5c7eb26a3820d33175949ba2a04ed668c6e1d32af88f,False,False,False,"{ ""theme"": ""defaultblue"", ""layout"": ""default"", ""dateformat"": ""m/d/yy"", ""timezoneoffset"": ""-8"", ""favoritesondashboard"": ""true"" }",(239) 555-0100,(239) 555-0101,isidora@example.com,\N,\N,\N,1,2013-07-21 08:10:00,2013-11-12 08:00:00
2137,Sarmis Skujins,Sarmis,Sarmis Sarmis Skujins,False,NO LOGON,False,\N,False,False,False,\N,(270) 555-0100,(270) 555-0101,sarmis@wingtiptoys.com,\N,\N,\N,1,2013-01-01 00:00:00,2013-11-12 08:10:00
1350,Hamsapriya Nandamuri,Hamsapriya,Hamsapriya Hamsapriya Nandamuri,True,hamsapriya@tailspintoys.com,False,\\x1c62883fbb7545aef98d25361e130b29ce07330affb506fab7dd8c162efee5c9,False,False,False,"{ ""theme"": ""defaultblue"", ""layout"": ""default"", ""dateformat"": ""m/d/yy"", ""timezoneoffset"": ""-8"", ""favoritesondashboard"": ""true"" }",(505) 555-0100,(505) 555-0101,hamsapriya@tailspintoys.com,\N,\N,\N,1,2013-09-22 08:00:00,2013-11-15 08:00:00
9,Alica Fatnowna,Alica,Alica Alica Fatnowna,True,alicaf@wideworldimporters.com,False,\\xb86a3c56532462c24253ac6feeedf4ce391b199e6d49050933733fca2947f07c,True,True,False,"{ ""theme"": ""defaultblue"", ""layout"": ""default"", ""dateformat"": ""m/d/yy"", ""timezoneoffset"": ""-8"", ""favoritesondashboard"": ""true"" }",(415) 555-0102,(415) 555-0103,alicaf@wideworldimporters.com,\N,\N,\N,1,2013-01-01 00:00:00,2013-11-16 08:00:00
3002,Cosmina Vlad,Cosmina,Cosmina Cosmina Vlad,False,NO LOGON,False,\N,False,False,False,\N,(505) 555-0100,(505) 555-0101,cosmina@example.com,\N,\N,\N,1,2013-01-01 00:00:00,2013-11-22 08:10:00
6,Sophia Hinton,Sophia,Sophia Sophia Hinton,True,sophiah@wideworldimporters.com,False,\\x451bb10a515f06331540db392031f9d9bc4ef536a1f86d1ca6c7394556baa3c0,True,True,True,"{ ""theme"": ""defaultblue"", ""layout"": ""default"", ""dateformat"": ""m/d/yy"", ""timezoneoffset"": ""-8"", ""favoritesondashboard"": ""true"" }",(415) 555-0102,(415) 555-0103,sophiah@wideworldimporters.com,\N,\N,\N,1,2013-11-02 08:00:00,2013-11-23 08:00:00
3196,Laszlo Gardenier,Laszlo,Laszlo Laszlo Gardenier,True,laszlo@example.com,False,\\x5bb798fe452969148eb44c38a5e5c1848bc1b828343a795630e4bef3cc430bca,False,False,False,"{ ""theme"": ""defaultblue"", ""layout"": ""default"", ""dateformat"": ""m/d/yy"", ""timezoneoffset"": ""-8"", ""favoritesondashboard"": ""true"" }",(215) 555-0100,(215) 555-0101,laszlo@example.com,\N,\N,\N,1,2013-11-08 08:10:00,2013-11-23 08:00:00
8,Anthony Grosse,Anthony,Anthony Anthony Grosse,True,anthonyg@wideworldimporters.com,False,\\x2fd8b838a3c77778c990f464073aa23c0eee019763ed6a99c77457e8691819de,True,True,True,"{ ""theme"": ""defaultblue"", ""layout"": ""default"", ""dateformat"": ""m/d/yy"", ""timezoneoffset"": ""-8"", ""favoritesondashboard"": ""true"" }",(415) 555-0102,(415) 555-0103,anthonyg@wideworldimporters.com,\N,\N,\N,1,2013-09-02 08:00:00,2013-11-25 08:00:00
8,Anthony Grosse,Anthony,Anthony Anthony Grosse,True,anthonyg@wideworldimporters.com,False,\\x2fd8b838a3c77778c990f464073aa23c0eee019763ed6a99c77457e8691819de,True,True,True,"{ ""theme"": ""defaultblue"", ""layout"": ""default"", ""dateformat"": ""m/d/yy"", ""timezoneoffset"": ""-8"", ""favoritesondashboard"": ""true"" }",(415) 555-0102,(415) 555-0103,anthonyg@wideworldimporters.com,\N,\N,\N,1,2013-11-25 08:00:00,2013-11-25 08:00:00
2265,Vanita Bhowmick,Vanita,Vanita Vanita Bhowmick,True,vanita@wingtiptoys.com,False,\\xe079b6c3b24b2fea525a83e73aaf3549f40599fb211cf1e376f2eb761623b908,False,False,False,"{ ""theme"": ""defaultblue"", ""layout"": ""default"", ""dateformat"": ""m/d/yy"", ""timezoneoffset"": ""-8"", ""favoritesondashboard"": ""true"" }",(405) 555-0100,(405) 555-0101,vanita@wingtiptoys.com,\N,\N,\N,1,2013-10-15 08:00:00,2013-11-26 08:00:00
2353,Taner YÄ±lmaz,Taner,Taner Taner YÄ±lmaz,True,taner@wingtiptoys.com,False,\\x7080cc5b299d9c1012d4d4961e92721c50a4125f3f80ba10b902f8f206908f60,False,False,False,"{ ""theme"": ""defaultblue"", ""layout"": ""default"", ""dateformat"": ""m/d/yy"", ""timezoneoffset"": ""-8"", ""favoritesondashboard"": ""true"" }",(212) 555-0100,(212) 555-0101,taner@wingtiptoys.com,\N,\N,\N,1,2013-11-12 08:00:00,2013-11-29 08:00:00
15,Taj Shand,Taj,Taj Taj Shand,True,tajs@wideworldimporters.com,False,\\x9aefeec0dbb0ea6b25f0eb99c62c724f18428d45799dcd8a7b63b859b0f8fcb4,True,True,True,"{ ""theme"": ""defaultblue"", ""layout"": ""default"", ""dateformat"": ""m/d/yy"", ""timezoneoffset"": ""-8"", ""favoritesondashboard"": ""true"" }",(415) 555-0102,(415) 555-0103,tajs@wideworldimporters.com,\N,\N,\N,1,2013-06-03 08:00:00,2013-12-01 08:00:00
2240,Antonio Trentini,Antonio,Antonio Antonio Trentini,True,antonio@wingtiptoys.com,False,\\x79383f2ed8f4952b610130e6ba4faada5bd630e39c31cdde997f0d38a7015ad2,False,False,False,"{ ""theme"": ""defaultblue"", ""layout"": ""default"", ""dateformat"": ""m/d/yy"", ""timezoneoffset"": ""-8"", ""favoritesondashboard"": ""true"" }",(270) 555-0100,(270) 555-0101,antonio@wingtiptoys.com,\N,\N,\N,1,2013-05-26 08:10:00,2013-12-05 08:00:00
15,Taj Shand,Taj,Taj Taj Shand,True,tajs@wideworldimporters.com,False,\\x9aefeec0dbb0ea6b25f0eb99c62c724f18428d45799dcd8a7b63b859b0f8fcb4,True,True,True,"{ ""theme"": ""defaultblue"", ""layout"": ""default"", ""dateformat"": ""m/d/yy"", ""timezoneoffset"": ""-8"", ""favoritesondashboard"": ""true"" }",(415) 555-0102,(415) 555-0103,tajs@wideworldimporters.com,\N,\N,\N,1,2013-12-01 08:00:00,2013-12-06 08:00:00
3191,Valter Viiding,Valter,Valter Valter Viiding,True,valter@example.com,False,\\x820fc0fc69cadc42cee2c095373d2b5c18d7d8c5cb0a557f7e3a76a5915cf5b9,False,False,False,"{ ""theme"": ""defaultblue"", ""layout"": ""default"", ""dateformat"": ""m/d/yy"", ""timezoneoffset"": ""-8"", ""favoritesondashboard"": ""true"" }",(216) 555-0100,(216) 555-0101,valter@example.com,\N,\N,\N,1,2013-10-15 08:00:00,2013-12-07 08:00:00
2240,Antonio Trentini,Antonio,Antonio Antonio Trentini,True,antonio@wingtiptoys.com,False,\\x79383f2ed8f4952b610130e6ba4faada5bd630e39c31cdde997f0d38a7015ad2,False,False,False,"{ ""theme"": ""defaultblue"", ""layout"": ""default"", ""dateformat"": ""m/d/yy"", ""timezoneoffset"": ""-8"", ""favoritesondashboard"": ""true"" }",(270) 555-0100,(270) 555-0101,antonio@wingtiptoys.com,\N,\N,\N,1,2013-12-05 08:00:00,2013-12-07 08:00:00
1229,Jagoda Vasiljevic,Jagoda,Jagoda Jagoda Vasiljevic,True,jagoda@tailspintoys.com,False,\\x016fb0f1c3667441a9a46ea0f04a4323acea511ab02538666d755fa44b27461b,False,False,False,"{ ""theme"": ""defaultblue"", ""layout"": ""default"", ""dateformat"": ""m/d/yy"", ""timezoneoffset"": ""-8"", ""favoritesondashboard"": ""true"" }",(252) 555-0100,(252) 555-0101,jagoda@tailspintoys.com,\N,\N,\N,1,2013-11-10 08:10:00,2013-12-08 08:00:00
10,Stella Rosenhain,Stella,Stella Stella Rosenhain,True,stellar@wideworldimporters.com,False,\\x1ba4b55887e2bdcb06087a20e1cc608addca538babec0441d2d6704dcafe2ea4,True,True,False,"{ ""theme"": ""defaultblue"", ""layout"": ""default"", ""dateformat"": ""m/d/yy"", ""timezoneoffset"": ""-8"", ""favoritesondashboard"": ""true"" }",(415) 555-0102,(415) 555-0103,stellar@wideworldimporters.com,\N,\N,\N,1,2013-05-29 08:00:00,2013-12-10 08:00:00
2231,Adriana Horackova,Adriana,Adriana Adriana Horackova,False,NO LOGON,False,\N,False,False,False,\N,(252) 555-0100,(252) 555-0101,adriana@wingtiptoys.com,\N,\N,\N,1,2013-01-01 00:00:00,2013-12-10 08:10:00
1380,Byung-Hyun Gwak,Byung-Hyun,Byung-Hyun Byung-Hyun Gwak,True,byung-hyun@tailspintoys.com,False,\\x82fd934dbe176a9368df4da35f18383fbc58108da32b98420bf842209c7fa255,False,False,False,"{ ""theme"": ""defaultblue"", ""layout"": ""default"", ""dateformat"": ""m/d/yy"", ""timezoneoffset"": ""-8"", ""favoritesondashboard"": ""true"" }",(217) 555-0100,(217) 555-0101,byung-hyun@tailspintoys.com,\N,\N,\N,1,2013-06-18 08:10:00,2013-12-15 08:00:00
17,Piper Koch,Piper,Piper Piper Koch,True,piperk@wideworldimporters.com,False,\\x61d8d0828e55e8895e216b88fe98cba6b5940992279d74992aaa2563f4e66715,True,True,False,"{ ""theme"": ""defaultblue"", ""layout"": ""default"", ""dateformat"": ""m/d/yy"", ""timezoneoffset"": ""-8"", ""favoritesondashboard"": ""true"" }",(415) 555-0102,(415) 555-0103,piperk@wideworldimporters.com,\N,\N,\N,1,2013-06-04 08:00:00,2013-12-20 08:00:00
1207,Laboni Deb,Laboni,Laboni Laboni Deb,True,laboni@tailspintoys.com,False,\\x79d0c3889dbc311007e3a18ab4a37e90d4a6a69f1c73986d8ecbbb496b278ac0,False,False,False,"{ ""theme"": ""defaultblue"", ""layout"": ""default"", ""dateformat"": ""m/d/yy"", ""timezoneoffset"": ""-8"", ""favoritesondashboard"": ""true"" }",(207) 555-0100,(207) 555-0101,laboni@tailspintoys.com,\N,\N,\N,1,2013-08-20 08:00:00,2013-12-20 08:00:00
2298,Wander Ellenbroek,Wander,Wander Wander Ellenbroek,True,wander@wingtiptoys.com,False,\\x2cd57e45b1845b5e6423f2ea24199afbec8a71c6aeecbacf591c8c1a6d406b87,False,False,False,"{ ""theme"": ""defaultblue"", ""layout"": ""default"", ""dateformat"": ""m/d/yy"", ""timezoneoffset"": ""-8"", ""favoritesondashboard"": ""true"" }",(212) 555-0100,(212) 555-0101,wander@wingtiptoys.com,\N,\N,\N,1,2013-09-01 08:00:00,2013-12-21 08:00:00
2102,Sakchai Supitayaporn,Sakchai,Sakchai Sakchai Supitayaporn,True,sakchai@wingtiptoys.com,False,\\x1151944ba116378e1b3dbf65f8a73513b725abaa491a35c6294cf1d4f15c278d,False,False,False,"{ ""theme"": ""defaultblue"", ""layout"": ""default"", ""dateformat"": ""m/d/yy"", ""timezoneoffset"": ""-8"", ""favoritesondashboard"": ""true"" }",(307) 555-0100,(307) 555-0101,sakchai@wingtiptoys.com,\N,\N,\N,1,2013-07-30 08:00:00,2013-12-23 08:00:00
2206,Lana Larsson,Lana,Lana Lana Larsson,True,lana@wingtiptoys.com,False,\\xd6a383758ba31967f1a8044859c5460281408aac4f444c809f0df91f85d8852e,False,False,False,"{ ""theme"": ""defaultblue"", ""layout"": ""default"", ""dateformat"": ""m/d/yy"", ""timezoneoffset"": ""-8"", ""favoritesondashboard"": ""true"" }",(252) 555-0100,(252) 555-0101,lana@wingtiptoys.com,\N,\N,\N,1,2013-10-14 08:10:00,2013-12-24 08:00:00
10,Stella Rosenhain,Stella,Stella Stella Rosenhain,True,stellar@wideworldimporters.com,False,\\x1ba4b55887e2bdcb06087a20e1cc608addca538babec0441d2d6704dcafe2ea4,True,True,False,"{ ""theme"": ""defaultblue"", ""layout"": ""default"", ""dateformat"": ""m/d/yy"", ""timezoneoffset"": ""-8"", ""favoritesondashboard"": ""true"" }",(415) 555-0102,(415) 555-0103,stellar@wideworldimporters.com,\N,\N,\N,1,2013-12-10 08:00:00,2013-12-24 08:00:00
1339,Daniella Barbosa,Daniella,Daniella Daniella Barbosa,True,daniella@tailspintoys.com,False,\\xabe5e48dc5339724c6832dbdfe467781e534e01aa40e51a858db3ba0d60b8a6c,False,False,False,"{ ""theme"": ""defaultblue"", ""layout"": ""default"", ""dateformat"": ""m/d/yy"", ""timezoneoffset"": ""-8"", ""favoritesondashboard"": ""true"" }",(212) 555-0100,(212) 555-0101,daniella@tailspintoys.com,\N,\N,\N,1,2013-10-13 08:00:00,2013-12-25 08:00:00
3061,Amarasimha Vinjamuri,Amarasimha,Amarasimha Amarasimha Vinjamuri,True,amarasimha@example.com,False,\\x7a67cae4cc7b59df21dac3a52ac5879fabbc8aa33e245790d605cea35310102e,False,False,False,"{ ""theme"": ""defaultblue"", ""layout"": ""default"", ""dateformat"": ""m/d/yy"", ""timezoneoffset"": ""-8"", ""favoritesondashboard"": ""true"" }",(339) 555-0100,(339) 555-0101,amarasimha@example.com,\N,\N,\N,1,2013-09-19 08:00:00,2013-12-27 08:00:00
1207,Laboni Deb,Laboni,Laboni Laboni Deb,True,laboni@tailspintoys.com,False,\\x79d0c3889dbc311007e3a18ab4a37e90d4a6a69f1c73986d8ecbbb496b278ac0,False,False,False,"{ ""theme"": ""defaultblue"", ""layout"": ""default"", ""dateformat"": ""m/d/yy"", ""timezoneoffset"": ""-8"", ""favoritesondashboard"": ""true"" }",(207) 555-0100,(207) 555-0101,laboni@tailspintoys.com,\N,\N,\N,1,2013-12-20 08:00:00,2013-12-27 08:00:00
3,Hudson Onslow,Hudson,Hudson Hudson Onslow,True,hudsono@wideworldimporters.com,False,\\x23668ccc579015ea934736c3d7b87e86360eb5eee164c4368a7b103c11e3436e,True,True,True,"{ ""theme"": ""defaultblue"", ""layout"": ""default"", ""dateformat"": ""m/d/yy"", ""timezoneoffset"": ""-8"", ""favoritesondashboard"": ""true"" }",(415) 555-0102,(415) 555-0103,hudsono@wideworldimporters.com,\N,\N,\N,1,2013-11-05 08:00:00,2013-12-28 08:00:00
3141,Bishwa Chatterjee,Bishwa,Bishwa Bishwa Chatterjee,True,bishwa@example.com,False,\\x2328326a28d3441a5fd1cf639dbea5d14ea07591c24437473ce4b3606a4529d2,False,False,False,"{ ""theme"": ""defaultblue"", ""layout"": ""default"", ""dateformat"": ""m/d/yy"", ""timezoneoffset"": ""-8"", ""favoritesondashboard"": ""true"" }",(239) 555-0100,(239) 555-0101,bishwa@example.com,\N,\N,\N,1,2013-08-06 08:00:00,2013-12-31 08:00:00
1104,Liia Mae,Liia,Liia Liia Mae,True,liia@tailspintoys.com,False,\\x7e280872fa8a542b0aa600a7698e352927b598821fc11f904e33c764b18c23de,False,False,False,"{ ""theme"": ""defaultblue"", ""layout"": ""default"", ""dateformat"": ""m/d/yy"", ""timezoneoffset"": ""-8"", ""favoritesondashboard"": ""true"" }",(209) 555-0100,(209) 555-0101,liia@tailspintoys.com,\N,\N,\N,1,2013-10-13 08:00:00,2014-01-01 08:00:00
1289,Prasong Tuntayakul,Prasong,Prasong Prasong Tuntayakul,True,prasong@tailspintoys.com,False,\\x30bc048cc8a63cc96c3d62f6bd267477a1577ce59f473c30fbc626a4d604358b,False,False,False,"{ ""theme"": ""defaultblue"", ""layout"": ""default"", ""dateformat"": ""m/d/yy"", ""timezoneoffset"": ""-8"", ""favoritesondashboard"": ""true"" }",(201) 555-0100,(201) 555-0101,prasong@tailspintoys.com,\N,\N,\N,1,2013-10-01 08:00:00,2014-01-02 08:00:00
3132,Nicolo Cattaneo,Nicolo,Nicolo Nicolo Cattaneo,False,NO LOGON,False,\N,False,False,False,\N,(212) 555-0100,(212) 555-0101,nicolo@example.com,\N,\N,\N,1,2013-01-01 00:00:00,2014-01-04 08:10:00
1207,Laboni Deb,Laboni,Laboni Laboni Deb,True,laboni@tailspintoys.com,False,\\x79d0c3889dbc311007e3a18ab4a37e90d4a6a69f1c73986d8ecbbb496b278ac0,False,False,False,"{ ""theme"": ""defaultblue"", ""layout"": ""default"", ""dateformat"": ""m/d/yy"", ""timezoneoffset"": ""-8"", ""favoritesondashboard"": ""true"" }",(207) 555-0100,(207) 555-0101,laboni@tailspintoys.com,\N,\N,\N,1,2013-12-27 08:00:00,2014-01-08 08:00:00
2330,Carla Osorio,Carla,Carla Carla Osorio,False,NO LOGON,False,\N,False,False,False,\N,(307) 555-0100,(307) 555-0101,carla@wingtiptoys.com,\N,\N,\N,1,2013-01-01 00:00:00,2014-01-08 08:10:00
1228,Surya Mishra,Surya,Surya Surya Mishra,True,surya@tailspintoys.com,False,\\x30e8bb2b9ee4bf33ed66db49ad3466d2326be50e4dc5eb27247284ffee3f0e63,False,False,False,"{ ""theme"": ""defaultblue"", ""layout"": ""default"", ""dateformat"": ""m/d/yy"", ""timezoneoffset"": ""-8"", ""favoritesondashboard"": ""true"" }",(803) 555-0100,(803) 555-0101,surya@tailspintoys.com,\N,\N,\N,1,2013-07-17 08:00:00,2014-01-09 08:00:00
2137,Sarmis Skujins,Sarmis,Sarmis Sarmis Skujins,True,sarmis@wingtiptoys.com,False,\\x2f98bfb837243af17a997960d2d156f10c584cd5e4cd73fb7c352bc0fc6b4c5c,False,False,False,"{ ""theme"": ""defaultblue"", ""layout"": ""default"", ""dateformat"": ""m/d/yy"", ""timezoneoffset"": ""-8"", ""favoritesondashboard"": ""true"" }",(270) 555-0100,(270) 555-0101,sarmis@wingtiptoys.com,\N,\N,\N,1,2013-11-12 08:10:00,2014-01-09 08:00:00
1358,Priya kaushal,Priya,Priya Priya kaushal,True,priya@tailspintoys.com,False,\\x318360adca8b603865721d93dd8bd46d75956a8e53e2f297a03af63426922c2c,False,False,False,"{ ""theme"": ""defaultblue"", ""layout"": ""default"", ""dateformat"": ""m/d/yy"", ""timezoneoffset"": ""-8"", ""favoritesondashboard"": ""true"" }",(319) 555-0100,(319) 555-0101,priya@tailspintoys.com,\N,\N,\N,1,2013-10-03 08:00:00,2014-01-10 08:00:00
3191,Valter Viiding,Valter,Valter Valter Viiding,True,valter@example.com,False,\\x820fc0fc69cadc42cee2c095373d2b5c18d7d8c5cb0a557f7e3a76a5915cf5b9,False,False,False,"{ ""theme"": ""defaultblue"", ""layout"": ""default"", ""dateformat"": ""m/d/yy"", ""timezoneoffset"": ""-8"", ""favoritesondashboard"": ""true"" }",(216) 555-0100,(216) 555-0101,valter@example.com,\N,\N,\N,1,2013-12-07 08:00:00,2014-01-15 08:00:00
2330,Carla Osorio,Carla,Carla Carla Osorio,True,carla@wingtiptoys.com,False,\\xb3e85a121bc5cc7521e6afdbbb5a7b267fdf550683099a02bfb9c0f1ea4f1aff,False,False,False,"{ ""theme"": ""defaultblue"", ""layout"": ""default"", ""dateformat"": ""m/d/yy"", ""timezoneoffset"": ""-8"", ""favoritesondashboard"": ""true"" }",(307) 555-0100,(307) 555-0101,carla@wingtiptoys.com,\N,\N,\N,1,2014-01-08 08:10:00,2014-01-15 08:00:00
1138,Chaowalit Pornpipatpong,Chaowalit,Chaowalit Chaowalit Pornpipatpong,False,NO LOGON,False,\N,False,False,False,\N,(209) 555-0100,(209) 555-0101,chaowalit@tailspintoys.com,\N,\N,\N,1,2013-01-01 00:00:00,2014-01-20 08:10:00
2353,Taner YÄ±lmaz,Taner,Taner Taner YÄ±lmaz,True,taner@wingtiptoys.com,False,\\x7080cc5b299d9c1012d4d4961e92721c50a4125f3f80ba10b902f8f206908f60,False,False,False,"{ ""theme"": ""defaultblue"", ""layout"": ""default"", ""dateformat"": ""m/d/yy"", ""timezoneoffset"": ""-8"", ""favoritesondashboard"": ""true"" }",(212) 555-0100,(212) 555-0101,taner@wingtiptoys.com,\N,\N,\N,1,2013-11-29 08:00:00,2014-01-24 08:00:00
3188,Maksims Krastins,Maksims,Maksims Maksims Krastins,True,maksims@example.com,False,\\x56bce4898f0c91a9e1371c404dd1d67b3fdded2c79f9f4d404cfb9923ebfbe36,False,False,False,"{ ""theme"": ""defaultblue"", ""layout"": ""default"", ""dateformat"": ""m/d/yy"", ""timezoneoffset"": ""-8"", ""favoritesondashboard"": ""true"" }",(304) 555-0100,(304) 555-0101,maksims@example.com,\N,\N,\N,1,2013-08-31 08:00:00,2014-01-25 08:00:00
2373,Daniela Sal,Daniela,Daniela Daniela Sal,True,daniela@wingtiptoys.com,False,\\xeec53ed3eae7dc2ac179e11cc066b2df045e4e42cc8b27dac2468e5cc725ea93,False,False,False,"{ ""theme"": ""defaultblue"", ""layout"": ""default"", ""dateformat"": ""m/d/yy"", ""timezoneoffset"": ""-8"", ""favoritesondashboard"": ""true"" }",(210) 555-0100,(210) 555-0101,daniela@wingtiptoys.com,\N,\N,\N,1,2013-10-20 08:00:00,2014-01-25 08:00:00
20,Jack Potter,Jack,Jack Jack Potter,True,jackp@wideworldimporters.com,False,\\x8024e8041c1f5bd98fe46983f98c2f5e53e2cd75bf4a6ef6ac13a299f10f714a,True,True,True,"{ ""theme"": ""defaultblue"", ""layout"": ""default"", ""dateformat"": ""m/d/yy"", ""timezoneoffset"": ""-8"", ""favoritesondashboard"": ""true"" }",(415) 555-0102,(415) 555-0103,jackp@wideworldimporters.com,\N,\N,\N,1,2013-01-31 08:00:00,2014-01-28 08:00:00
2344,Arto Heikkinen,Arto,Arto Arto Heikkinen,False,NO LOGON,False,\N,False,False,False,\N,(215) 555-0100,(215) 555-0101,arto@wingtiptoys.com,\N,\N,\N,1,2013-01-01 00:00:00,2014-01-28 08:10:00
2373,Daniela Sal,Daniela,Daniela Daniela Sal,True,daniela@wingtiptoys.com,False,\\xeec53ed3eae7dc2ac179e11cc066b2df045e4e42cc8b27dac2468e5cc725ea93,False,False,False,"{ ""theme"": ""defaultblue"", ""layout"": ""default"", ""dateformat"": ""m/d/yy"", ""timezoneoffset"": ""-8"", ""favoritesondashboard"": ""true"" }",(210) 555-0100,(210) 555-0101,daniela@wingtiptoys.com,\N,\N,\N,1,2014-01-25 08:00:00,2014-01-29 08:00:00
2284,Gulzar Parkar,Gulzar,Gulzar Gulzar Parkar,False,NO LOGON,False,\N,False,False,False,\N,(219) 555-0100,(219) 555-0101,gulzar@wingtiptoys.com,\N,\N,\N,1,2013-01-01 00:00:00,2014-01-29 08:10:00
2378,Tess Seegers,Tess,Tess Tess Seegers,True,tess@wingtiptoys.com,False,\\x83f66558336fc722fd7e18011b5bcc7edaf59e8eca35187432ca0d45d7ceeb33,False,False,False,"{ ""theme"": ""defaultblue"", ""layout"": ""default"", ""dateformat"": ""m/d/yy"", ""timezoneoffset"": ""-8"", ""favoritesondashboard"": ""true"" }",(605) 555-0100,(605) 555-0101,tess@wingtiptoys.com,\N,\N,\N,1,2013-03-26 08:00:00,2014-01-30 08:00:00
2240,Antonio Trentini,Antonio,Antonio Antonio Trentini,True,antonio@wingtiptoys.com,False,\\x79383f2ed8f4952b610130e6ba4faada5bd630e39c31cdde997f0d38a7015ad2,False,False,False,"{ ""theme"": ""defaultblue"", ""layout"": ""default"", ""dateformat"": ""m/d/yy"", ""timezoneoffset"": ""-8"", ""favoritesondashboard"": ""true"" }",(270) 555-0100,(270) 555-0101,antonio@wingtiptoys.com,\N,\N,\N,1,2013-12-07 08:00:00,2014-01-30 08:00:00
3170,Isidora Urias,Isidora,Isidora Isidora Urias,True,isidora@example.com,False,\\xc9ce85c340fd4935157e5c7eb26a3820d33175949ba2a04ed668c6e1d32af88f,False,False,False,"{ ""theme"": ""defaultblue"", ""layout"": ""default"", ""dateformat"": ""m/d/yy"", ""timezoneoffset"": ""-8"", ""favoritesondashboard"": ""true"" }",(239) 555-0100,(239) 555-0101,isidora@example.com,\N,\N,\N,1,2013-11-12 08:00:00,2014-01-31 08:00:00
3182,Yves Belisle,Yves,Yves Yves Belisle,False,NO LOGON,False,\N,False,False,False,\N,(480) 555-0100,(480) 555-0101,yves@example.com,\N,\N,\N,1,2013-01-01 00:00:00,2014-02-01 08:10:00
7,Amy Trefl,Amy,Amy Amy Trefl,True,amyt@wideworldimporters.com,False,\\x7a92bbea830c5ed027dcc1d710130eed9ea50fb3e6d5f793ddefc4b50215033f,True,True,True,"{ ""theme"": ""defaultblue"", ""layout"": ""default"", ""dateformat"": ""m/d/yy"", ""timezoneoffset"": ""-8"", ""favoritesondashboard"": ""true"" }",(415) 555-0102,(415) 555-0103,amyt@wideworldimporters.com,\N,\N,\N,1,2013-08-31 08:00:00,2014-02-03 08:00:00
2344,Arto Heikkinen,Arto,Arto Arto Heikkinen,True,arto@wingtiptoys.com,False,\\xe035a8dea1b62977f01075740ad8c3e32e3d09bae0214e4eefe1ef26e62aac2c,False,False,False,"{ ""theme"": ""defaultblue"", ""layout"": ""default"", ""dateformat"": ""m/d/yy"", ""timezoneoffset"": ""-8"", ""favoritesondashboard"": ""true"" }",(215) 555-0100,(215) 555-0101,arto@wingtiptoys.com,\N,\N,\N,1,2014-01-28 08:10:00,2014-02-03 08:00:00
2373,Daniela Sal,Daniela,Daniela Daniela Sal,True,daniela@wingtiptoys.com,False,\\xeec53ed3eae7dc2ac179e11cc066b2df045e4e42cc8b27dac2468e5cc725ea93,False,False,False,"{ ""theme"": ""defaultblue"", ""layout"": ""default"", ""dateformat"": ""m/d/yy"", ""timezoneoffset"": ""-8"", ""favoritesondashboard"": ""true"" }",(210) 555-0100,(210) 555-0101,daniela@wingtiptoys.com,\N,\N,\N,1,2014-01-29 08:00:00,2014-02-07 08:00:00
2373,Daniela Sal,Daniela,Daniela Daniela Sal,True,daniela@wingtiptoys.com,False,\\xeec53ed3eae7dc2ac179e11cc066b2df045e4e42cc8b27dac2468e5cc725ea93,False,False,False,"{ ""theme"": ""defaultblue"", ""layout"": ""default"", ""dateformat"": ""m/d/yy"", ""timezoneoffset"": ""-8"", ""favoritesondashboard"": ""true"" }",(210) 555-0100,(210) 555-0101,daniela@wingtiptoys.com,\N,\N,\N,1,2014-02-07 08:00:00,2014-02-07 08:00:00
2102,Sakchai Supitayaporn,Sakchai,Sakchai Sakchai Supitayaporn,True,sakchai@wingtiptoys.com,False,\\x1151944ba116378e1b3dbf65f8a73513b725abaa491a35c6294cf1d4f15c278d,False,False,False,"{ ""theme"": ""defaultblue"", ""layout"": ""default"", ""dateformat"": ""m/d/yy"", ""timezoneoffset"": ""-8"", ""favoritesondashboard"": ""true"" }",(307) 555-0100,(307) 555-0101,sakchai@wingtiptoys.com,\N,\N,\N,1,2013-12-23 08:00:00,2014-02-08 08:00:00
2373,Daniela Sal,Daniela,Daniela Daniela Sal,True,daniela@wingtiptoys.com,False,\\xeec53ed3eae7dc2ac179e11cc066b2df045e4e42cc8b27dac2468e5cc725ea93,False,False,False,"{ ""theme"": ""defaultblue"", ""layout"": ""default"", ""dateformat"": ""m/d/yy"", ""timezoneoffset"": ""-8"", ""favoritesondashboard"": ""true"" }",(210) 555-0100,(210) 555-0101,daniela@wingtiptoys.com,\N,\N,\N,1,2014-02-07 08:00:00,2014-02-08 08:00:00
1339,Daniella Barbosa,Daniella,Daniella Daniella Barbosa,True,daniella@tailspintoys.com,False,\\xabe5e48dc5339724c6832dbdfe467781e534e01aa40e51a858db3ba0d60b8a6c,False,False,False,"{ ""theme"": ""defaultblue"", ""layout"": ""default"", ""dateformat"": ""m/d/yy"", ""timezoneoffset"": ""-8"", ""favoritesondashboard"": ""true"" }",(212) 555-0100,(212) 555-0101,daniella@tailspintoys.com,\N,\N,\N,1,2013-12-25 08:00:00,2014-02-12 08:00:00
1339,Daniella Barbosa,Daniella,Daniella Daniella Barbosa,True,daniella@tailspintoys.com,False,\\xabe5e48dc5339724c6832dbdfe467781e534e01aa40e51a858db3ba0d60b8a6c,False,False,False,"{ ""theme"": ""defaultblue"", ""layout"": ""default"", ""dateformat"": ""m/d/yy"", ""timezoneoffset"": ""-8"", ""favoritesondashboard"": ""true"" }",(212) 555-0100,(212) 555-0101,daniella@tailspintoys.com,\N,\N,\N,1,2014-02-12 08:00:00,2014-02-12 08:00:00
3182,Yves Belisle,Yves,Yves Yves Belisle,True,yves@example.com,False,\\xdcac4e7baee71e9c25461f6c3d5d82ce95dd1906471a0ae1d08a0e242ce4bd39,False,False,False,"{ ""theme"": ""defaultblue"", ""layout"": ""default"", ""dateformat"": ""m/d/yy"", ""timezoneoffset"": ""-8"", ""favoritesondashboard"": ""true"" }",(480) 555-0100,(480) 555-0101,yves@example.com,\N,\N,\N,1,2014-02-01 08:10:00,2014-02-17 08:00:00
1376,Bholanath Das,Bholanath,Bholanath Bholanath Das,False,NO LOGON,False,\N,False,False,False,\N,(210) 555-0100,(210) 555-0101,bholanath@tailspintoys.com,\N,\N,\N,1,2013-01-01 00:00:00,2014-02-21 08:10:00
1339,Daniella Barbosa,Daniella,Daniella Daniella Barbosa,True,daniella@tailspintoys.com,False,\\xabe5e48dc5339724c6832dbdfe467781e534e01aa40e51a858db3ba0d60b8a6c,False,False,False,"{ ""theme"": ""defaultblue"", ""layout"": ""default"", ""dateformat"": ""m/d/yy"", ""timezoneoffset"": ""-8"", ""favoritesondashboard"": ""true"" }",(212) 555-0100,(212) 555-0101,daniella@tailspintoys.com,\N,\N,\N,1,2014-02-12 08:00:00,2014-02-24 08:00:00
1138,Chaowalit Pornpipatpong,Chaowalit,Chaowalit Chaowalit Pornpipatpong,True,chaowalit@tailspintoys.com,False,\\x08100e03488e2dcaa95c62164963b28ba11dcaea6c98af05f8e92c613f2e15dd,False,False,False,"{ ""theme"": ""defaultblue"", ""layout"": ""default"", ""dateformat"": ""m/d/yy"", ""timezoneoffset"": ""-8"", ""favoritesondashboard"": ""true"" }",(209) 555-0100,(209) 555-0101,chaowalit@tailspintoys.com,\N,\N,\N,1,2014-01-20 08:10:00,2014-02-26 08:00:00
2373,Daniela Sal,Daniela,Daniela Daniela Sal,True,daniela@wingtiptoys.com,False,\\xeec53ed3eae7dc2ac179e11cc066b2df045e4e42cc8b27dac2468e5cc725ea93,False,False,False,"{ ""theme"": ""defaultblue"", ""layout"": ""default"", ""dateformat"": ""m/d/yy"", ""timezoneoffset"": ""-8"", ""favoritesondashboard"": ""true"" }",(210) 555-0100,(210) 555-0101,daniela@wingtiptoys.com,\N,\N,\N,1,2014-02-08 08:00:00,2014-03-01 08:00:00
3182,Yves Belisle,Yves,Yves Yves Belisle,True,yves@example.com,False,\\xdcac4e7baee71e9c25461f6c3d5d82ce95dd1906471a0ae1d08a0e242ce4bd39,False,False,False,"{ ""theme"": ""defaultblue"", ""layout"": ""default"", ""dateformat"": ""m/d/yy"", ""timezoneoffset"": ""-8"", ""favoritesondashboard"": ""true"" }",(480) 555-0100,(480) 555-0101,yves@example.com,\N,\N,\N,1,2014-02-17 08:00:00,2014-03-01 08:00:00
19,Jai Shand,Jai,Jai Jai Shand,True,jais@wideworldimporters.com,False,\\x84901d360414cd9127e1b83a9f9e7c6b940aa8bd888699388c9fa465dbd297da,True,True,False,"{ ""theme"": ""defaultblue"", ""layout"": ""default"", ""dateformat"": ""m/d/yy"", ""timezoneoffset"": ""-8"", ""favoritesondashboard"": ""true"" }",(415) 555-0102,(415) 555-0103,jais@wideworldimporters.com,\N,\N,\N,1,2013-05-12 08:00:00,2014-03-02 08:00:00
3061,Amarasimha Vinjamuri,Amarasimha,Amarasimha Amarasimha Vinjamuri,True,amarasimha@example.com,False,\\x7a67cae4cc7b59df21dac3a52ac5879fabbc8aa33e245790d605cea35310102e,False,False,False,"{ ""theme"": ""defaultblue"", ""layout"": ""default"", ""dateformat"": ""m/d/yy"", ""timezoneoffset"": ""-8"", ""favoritesondashboard"": ""true"" }",(339) 555-0100,(339) 555-0101,amarasimha@example.com,\N,\N,\N,1,2013-12-27 08:00:00,2014-03-02 08:00:00
3196,Laszlo Gardenier,Laszlo,Laszlo Laszlo Gardenier,True,laszlo@example.com,False,\\x5bb798fe452969148eb44c38a5e5c1848bc1b828343a795630e4bef3cc430bca,False,False,False,"{ ""theme"": ""defaultblue"", ""layout"": ""default"", ""dateformat"": ""m/d/yy"", ""timezoneoffset"": ""-8"", ""favoritesondashboard"": ""true"" }",(215) 555-0100,(215) 555-0101,laszlo@example.com,\N,\N,\N,1,2013-11-23 08:00:00,2014-03-04 08:00:00
2344,Arto Heikkinen,Arto,Arto Arto Heikkinen,True,arto@wingtiptoys.com,False,\\xe035a8dea1b62977f01075740ad8c3e32e3d09bae0214e4eefe1ef26e62aac2c,False,False,False,"{ ""theme"": ""defaultblue"", ""layout"": ""default"", ""dateformat"": ""m/d/yy"", ""timezoneoffset"": ""-8"", ""favoritesondashboard"": ""true"" }",(215) 555-0100,(215) 555-0101,arto@wingtiptoys.com,\N,\N,\N,1,2014-02-03 08:00:00,2014-03-04 08:00:00
3188,Maksims Krastins,Maksims,Maksims Maksims Krastins,True,maksims@example.com,False,\\x56bce4898f0c91a9e1371c404dd1d67b3fdded2c79f9f4d404cfb9923ebfbe36,False,False,False,"{ ""theme"": ""defaultblue"", ""layout"": ""default"", ""dateformat"": ""m/d/yy"", ""timezoneoffset"": ""-8"", ""favoritesondashboard"": ""true"" }",(304) 555-0100,(304) 555-0101,maksims@example.com,\N,\N,\N,1,2014-01-25 08:00:00,2014-03-09 08:00:00
3191,Valter Viiding,Valter,Valter Valter Viiding,True,valter@example.com,False,\\x820fc0fc69cadc42cee2c095373d2b5c18d7d8c5cb0a557f7e3a76a5915cf5b9,False,False,False,"{ ""theme"": ""defaultblue"", ""layout"": ""default"", ""dateformat"": ""m/d/yy"", ""timezoneoffset"": ""-8"", ""favoritesondashboard"": ""true"" }",(216) 555-0100,(216) 555-0101,valter@example.com,\N,\N,\N,1,2014-01-15 08:00:00,2014-03-11 08:00:00
1350,Hamsapriya Nandamuri,Hamsapriya,Hamsapriya Hamsapriya Nandamuri,True,hamsapriya@tailspintoys.com,False,\\x1c62883fbb7545aef98d25361e130b29ce07330affb506fab7dd8c162efee5c9,False,False,False,"{ ""theme"": ""defaultblue"", ""layout"": ""default"", ""dateformat"": ""m/d/yy"", ""timezoneoffset"": ""-8"", ""favoritesondashboard"": ""true"" }",(505) 555-0100,(505) 555-0101,hamsapriya@tailspintoys.com,\N,\N,\N,1,2013-11-15 08:00:00,2014-03-17 08:00:00
1289,Prasong Tuntayakul,Prasong,Prasong Prasong Tuntayakul,True,prasong@tailspintoys.com,False,\\x30bc048cc8a63cc96c3d62f6bd267477a1577ce59f473c30fbc626a4d604358b,False,False,False,"{ ""theme"": ""defaultblue"", ""layout"": ""default"", ""dateformat"": ""m/d/yy"", ""timezoneoffset"": ""-8"", ""favoritesondashboard"": ""true"" }",(201) 555-0100,(201) 555-0101,prasong@tailspintoys.com,\N,\N,\N,1,2014-01-02 08:00:00,2014-03-17 08:00:00
2109,Ilse Sandell,Ilse,Ilse Ilse Sandell,False,NO LOGON,False,\N,False,False,False,\N,(209) 555-0100,(209) 555-0101,ilse@wingtiptoys.com,\N,\N,\N,1,2013-01-01 00:00:00,2014-03-17 08:10:00
2265,Vanita Bhowmick,Vanita,Vanita Vanita Bhowmick,True,vanita@wingtiptoys.com,False,\\xe079b6c3b24b2fea525a83e73aaf3549f40599fb211cf1e376f2eb761623b908,False,False,False,"{ ""theme"": ""defaultblue"", ""layout"": ""default"", ""dateformat"": ""m/d/yy"", ""timezoneoffset"": ""-8"", ""favoritesondashboard"": ""true"" }",(405) 555-0100,(405) 555-0101,vanita@wingtiptoys.com,\N,\N,\N,1,2013-11-26 08:00:00,2014-03-19 08:00:00
1082,Kalpana Mukherjee,Kalpana,Kalpana Kalpana Mukherjee,True,kalpana@tailspintoys.com,False,\\x58eb5db1218f1695ccf80bd3732029b91014623ed63947624c5aab5817227704,False,False,False,"{ ""theme"": ""defaultblue"", ""layout"": ""default"", ""dateformat"": ""m/d/yy"", ""timezoneoffset"": ""-8"", ""favoritesondashboard"": ""true"" }",(314) 555-0100,(314) 555-0101,kalpana@tailspintoys.com,\N,\N,\N,1,2013-09-15 08:10:00,2014-03-20 08:00:00
1229,Jagoda Vasiljevic,Jagoda,Jagoda Jagoda Vasiljevic,True,jagoda@tailspintoys.com,False,\\x016fb0f1c3667441a9a46ea0f04a4323acea511ab02538666d755fa44b27461b,False,False,False,"{ ""theme"": ""defaultblue"", ""layout"": ""default"", ""dateformat"": ""m/d/yy"", ""timezoneoffset"": ""-8"", ""favoritesondashboard"": ""true"" }",(252) 555-0100,(252) 555-0101,jagoda@tailspintoys.com,\N,\N,\N,1,2013-12-08 08:00:00,2014-03-21 08:00:00
2333,Severins Polis,Severins,Severins Severins Polis,False,NO LOGON,False,\N,False,False,False,\N,(216) 555-0100,(216) 555-0101,severins@wingtiptoys.com,\N,\N,\N,1,2013-01-01 00:00:00,2014-03-22 08:10:00
3,Hudson Onslow,Hudson,Hudson Hudson Onslow,True,hudsono@wideworldimporters.com,False,\\x23668ccc579015ea934736c3d7b87e86360eb5eee164c4368a7b103c11e3436e,True,True,True,"{ ""theme"": ""defaultblue"", ""layout"": ""default"", ""dateformat"": ""m/d/yy"", ""timezoneoffset"": ""-8"", ""favoritesondashboard"": ""true"" }",(415) 555-0102,(415) 555-0103,hudsono@wideworldimporters.com,\N,\N,\N,1,2013-12-28 08:00:00,2014-03-24 08:00:00
2241,omer ozbek,omer,omer omer ozbek,False,NO LOGON,False,\N,False,False,False,\N,(205) 555-0100,(205) 555-0101,omer@wingtiptoys.com,\N,\N,\N,1,2013-01-01 00:00:00,2014-03-24 08:10:00
3134,Ivan Sepulveda,Ivan,Ivan Ivan Sepulveda,True,ivan@example.com,False,\\x4d239e431e6ece568a474bb970119203d62d85004d9320f7a886f1f2c599edcf,False,False,False,"{ ""theme"": ""defaultblue"", ""layout"": ""default"", ""dateformat"": ""m/d/yy"", ""timezoneoffset"": ""-8"", ""favoritesondashboard"": ""true"" }",(218) 555-0100,(218) 555-0101,ivan@example.com,\N,\N,\N,1,2013-07-17 08:00:00,2014-04-10 08:00:00
1380,Byung-Hyun Gwak,Byung-Hyun,Byung-Hyun Byung-Hyun Gwak,True,byung-hyun@tailspintoys.com,False,\\x82fd934dbe176a9368df4da35f18383fbc58108da32b98420bf842209c7fa255,False,False,False,"{ ""theme"": ""defaultblue"", ""layout"": ""default"", ""dateformat"": ""m/d/yy"", ""timezoneoffset"": ""-8"", ""favoritesondashboard"": ""true"" }",(217) 555-0100,(217) 555-0101,byung-hyun@tailspintoys.com,\N,\N,\N,1,2013-12-15 08:00:00,2014-04-11 08:00:00
3132,Nicolo Cattaneo,Nicolo,Nicolo Nicolo Cattaneo,True,nicolo@example.com,False,\\xc40e808b3da9623e9ebeb74d483818543ea84143fdf0399926b4302746fd614c,False,False,False,"{ ""theme"": ""defaultblue"", ""layout"": ""default"", ""dateformat"": ""m/d/yy"", ""timezoneoffset"": ""-8"", ""favoritesondashboard"": ""true"" }",(212) 555-0100,(212) 555-0101,nicolo@example.com,\N,\N,\N,1,2014-01-04 08:10:00,2014-04-11 08:00:00
3022,Suparna Bhattacharya,Suparna,Suparna Suparna Bhattacharya,False,NO LOGON,False,\N,False,False,False,\N,(314) 555-0100,(314) 555-0101,suparna@example.com,\N,\N,\N,1,2013-01-01 00:00:00,2014-04-11 08:10:00
2330,Carla Osorio,Carla,Carla Carla Osorio,True,carla@wingtiptoys.com,False,\\xb3e85a121bc5cc7521e6afdbbb5a7b267fdf550683099a02bfb9c0f1ea4f1aff,False,False,False,"{ ""theme"": ""defaultblue"", ""layout"": ""default"", ""dateformat"": ""m/d/yy"", ""timezoneoffset"": ""-8"", ""favoritesondashboard"": ""true"" }",(307) 555-0100,(307) 555-0101,carla@wingtiptoys.com,\N,\N,\N,1,2014-01-15 08:00:00,2014-04-12 08:00:00
8,Anthony Grosse,Anthony,Anthony Anthony Grosse,True,anthonyg@wideworldimporters.com,False,\\x2fd8b838a3c77778c990f464073aa23c0eee019763ed6a99c77457e8691819de,True,True,True,"{ ""theme"": ""defaultblue"", ""layout"": ""default"", ""dateformat"": ""m/d/yy"", ""timezoneoffset"": ""-8"", ""favoritesondashboard"": ""true"" }",(415) 555-0102,(415) 555-0103,anthonyg@wideworldimporters.com,\N,\N,\N,1,2013-11-25 08:00:00,2014-04-14 08:00:00
2344,Arto Heikkinen,Arto,Arto Arto Heikkinen,True,arto@wingtiptoys.com,False,\\xe035a8dea1b62977f01075740ad8c3e32e3d09bae0214e4eefe1ef26e62aac2c,False,False,False,"{ ""theme"": ""defaultblue"", ""layout"": ""default"", ""dateformat"": ""m/d/yy"", ""timezoneoffset"": ""-8"", ""favoritesondashboard"": ""true"" }",(215) 555-0100,(215) 555-0101,arto@wingtiptoys.com,\N,\N,\N,1,2014-03-04 08:00:00,2014-04-14 08:00:00
3017,Agrita Kanepa,Agrita,Agrita Agrita Kanepa,True,agrita@example.com,False,\\xa9937a3658383605658e1ec4c3a4558502b793c324cd569f320054b85254bead,False,False,False,"{ ""theme"": ""defaultblue"", ""layout"": ""default"", ""dateformat"": ""m/d/yy"", ""timezoneoffset"": ""-8"", ""favoritesondashboard"": ""true"" }",(201) 555-0100,(201) 555-0101,agrita@example.com,\N,\N,\N,1,2013-11-02 08:00:00,2014-04-17 08:00:00
3196,Laszlo Gardenier,Laszlo,Laszlo Laszlo Gardenier,True,laszlo@example.com,False,\\x5bb798fe452969148eb44c38a5e5c1848bc1b828343a795630e4bef3cc430bca,False,False,False,"{ ""theme"": ""defaultblue"", ""layout"": ""default"", ""dateformat"": ""m/d/yy"", ""timezoneoffset"": ""-8"", ""favoritesondashboard"": ""true"" }",(215) 555-0100,(215) 555-0101,laszlo@example.com,\N,\N,\N,1,2014-03-04 08:00:00,2014-04-18 08:00:00
1289,Prasong Tuntayakul,Prasong,Prasong Prasong Tuntayakul,True,prasong@tailspintoys.com,False,\\x30bc048cc8a63cc96c3d62f6bd267477a1577ce59f473c30fbc626a4d604358b,False,False,False,"{ ""theme"": ""defaultblue"", ""layout"": ""default"", ""dateformat"": ""m/d/yy"", ""timezoneoffset"": ""-8"", ""favoritesondashboard"": ""true"" }",(201) 555-0100,(201) 555-0101,prasong@tailspintoys.com,\N,\N,\N,1,2014-03-17 08:00:00,2014-04-19 08:00:00
1215,Bhanu Thota,Bhanu,Bhanu Bhanu Thota,False,NO LOGON,False,\N,False,False,False,\N,(314) 555-0100,(314) 555-0101,bhanu@tailspintoys.com,\N,\N,\N,1,2013-01-01 00:00:00,2014-04-21 08:10:00
1358,Priya kaushal,Priya,Priya Priya kaushal,True,priya@tailspintoys.com,False,\\x318360adca8b603865721d93dd8bd46d75956a8e53e2f297a03af63426922c2c,False,False,False,"{ ""theme"": ""defaultblue"", ""layout"": ""default"", ""dateformat"": ""m/d/yy"", ""timezoneoffset"": ""-8"", ""favoritesondashboard"": ""true"" }",(319) 555-0100,(319) 555-0101,priya@tailspintoys.com,\N,\N,\N,1,2014-01-10 08:00:00,2014-04-22 08:00:00
15,Taj Shand,Taj,Taj Taj Shand,True,tajs@wideworldimporters.com,False,\\x9aefeec0dbb0ea6b25f0eb99c62c724f18428d45799dcd8a7b63b859b0f8fcb4,True,True,True,"{ ""theme"": ""defaultblue"", ""layout"": ""default"", ""dateformat"": ""m/d/yy"", ""timezoneoffset"": ""-8"", ""favoritesondashboard"": ""true"" }",(415) 555-0102,(415) 555-0103,tajs@wideworldimporters.com,\N,\N,\N,1,2013-12-06 08:00:00,2014-04-23 08:00:00
7,Amy Trefl,Amy,Amy Amy Trefl,True,amyt@wideworldimporters.com,False,\\x7a92bbea830c5ed027dcc1d710130eed9ea50fb3e6d5f793ddefc4b50215033f,True,True,True,"{ ""theme"": ""defaultblue"", ""layout"": ""default"", ""dateformat"": ""m/d/yy"", ""timezoneoffset"": ""-8"", ""favoritesondashboard"": ""true"" }",(415) 555-0102,(415) 555-0103,amyt@wideworldimporters.com,\N,\N,\N,1,2014-02-03 08:00:00,2014-04-23 08:00:00
17,Piper Koch,Piper,Piper Piper Koch,True,piperk@wideworldimporters.com,False,\\x61d8d0828e55e8895e216b88fe98cba6b5940992279d74992aaa2563f4e66715,True,True,False,"{ ""theme"": ""defaultblue"", ""layout"": ""default"", ""dateformat"": ""m/d/yy"", ""timezoneoffset"": ""-8"", ""favoritesondashboard"": ""true"" }",(415) 555-0102,(415) 555-0103,piperk@wideworldimporters.com,\N,\N,\N,1,2013-12-20 08:00:00,2014-04-24 08:00:00
10,Stella Rosenhain,Stella,Stella Stella Rosenhain,True,stellar@wideworldimporters.com,False,\\x1ba4b55887e2bdcb06087a20e1cc608addca538babec0441d2d6704dcafe2ea4,True,True,False,"{ ""theme"": ""defaultblue"", ""layout"": ""default"", ""dateformat"": ""m/d/yy"", ""timezoneoffset"": ""-8"", ""favoritesondashboard"": ""true"" }",(415) 555-0102,(415) 555-0103,stellar@wideworldimporters.com,\N,\N,\N,1,2013-12-24 08:00:00,2014-04-25 08:00:00
2284,Gulzar Parkar,Gulzar,Gulzar Gulzar Parkar,True,gulzar@wingtiptoys.com,False,\\x3416eddde3e8de7b9f5ad75b506de94e641b36321f8f7e3d554cc1382aa5062e,False,False,False,"{ ""theme"": ""defaultblue"", ""layout"": ""default"", ""dateformat"": ""m/d/yy"", ""timezoneoffset"": ""-8"", ""favoritesondashboard"": ""true"" }",(219) 555-0100,(219) 555-0101,gulzar@wingtiptoys.com,\N,\N,\N,1,2014-01-29 08:10:00,2014-04-25 08:00:00
38,Matheus Oliveira,Matheus,Matheus Matheus Oliveira,False,NO LOGON,False,\N,True,False,False,"{ ""theme"": ""defaultblue"", ""layout"": ""default"", ""dateformat"": ""m/d/yy"", ""timezoneoffset"": ""-8"", ""favoritesondashboard"": ""true"" }",(252) 555-0107,(252) 555-0101,matheuso@nodpublishers.com,\N,\N,\N,1,2013-01-01 00:00:00,2014-04-25 08:10:00
2281,Angelina Gormanston,Angelina,Angelina Angelina Gormanston,True,angelina@wingtiptoys.com,False,\\x812d484eaa94a512e5becdd3d65f01709ae95675d3c7a7d62a7b1dfcf4f71b40,False,False,False,"{ ""theme"": ""defaultblue"", ""layout"": ""default"", ""dateformat"": ""m/d/yy"", ""timezoneoffset"": ""-8"", ""favoritesondashboard"": ""true"" }",(201) 555-0100,(201) 555-0101,angelina@wingtiptoys.com,\N,\N,\N,1,2013-09-07 08:00:00,2014-04-26 08:00:00
3132,Nicolo Cattaneo,Nicolo,Nicolo Nicolo Cattaneo,True,nicolo@example.com,False,\\xc40e808b3da9623e9ebeb74d483818543ea84143fdf0399926b4302746fd614c,False,False,False,"{ ""theme"": ""defaultblue"", ""layout"": ""default"", ""dateformat"": ""m/d/yy"", ""timezoneoffset"": ""-8"", ""favoritesondashboard"": ""true"" }",(212) 555-0100,(212) 555-0101,nicolo@example.com,\N,\N,\N,1,2014-04-11 08:00:00,2014-04-26 08:00:00
2386,Mala Naicker,Mala,Mala Mala Naicker,False,NO LOGON,False,\N,False,False,False,\N,(505) 555-0100,(505) 555-0101,mala@wingtiptoys.com,\N,\N,\N,1,2013-01-01 00:00:00,2014-04-28 08:10:00
3188,Maksims Krastins,Maksims,Maksims Maksims Krastins,True,maksims@example.com,False,\\x56bce4898f0c91a9e1371c404dd1d67b3fdded2c79f9f4d404cfb9923ebfbe36,False,False,False,"{ ""theme"": ""defaultblue"", ""layout"": ""default"", ""dateformat"": ""m/d/yy"", ""timezoneoffset"": ""-8"", ""favoritesondashboard"": ""true"" }",(304) 555-0100,(304) 555-0101,maksims@example.com,\N,\N,\N,1,2014-03-09 08:00:00,2014-04-29 08:00:00
3017,Agrita Kanepa,Agrita,Agrita Agrita Kanepa,True,agrita@example.com,False,\\xa9937a3658383605658e1ec4c3a4558502b793c324cd569f320054b85254bead,False,False,False,"{ ""theme"": ""defaultblue"", ""layout"": ""default"", ""dateformat"": ""m/d/yy"", ""timezoneoffset"": ""-8"", ""favoritesondashboard"": ""true"" }",(201) 555-0100,(201) 555-0101,agrita@example.com,\N,\N,\N,1,2014-04-17 08:00:00,2014-04-30 08:00:00
2240,Antonio Trentini,Antonio,Antonio Antonio Trentini,True,antonio@wingtiptoys.com,False,\\x79383f2ed8f4952b610130e6ba4faada5bd630e39c31cdde997f0d38a7015ad2,False,False,False,"{ ""theme"": ""defaultblue"", ""layout"": ""default"", ""dateformat"": ""m/d/yy"", ""timezoneoffset"": ""-8"", ""favoritesondashboard"": ""true"" }",(270) 555-0100,(270) 555-0101,antonio@wingtiptoys.com,\N,\N,\N,1,2014-01-30 08:00:00,2014-05-01 08:00:00
2265,Vanita Bhowmick,Vanita,Vanita Vanita Bhowmick,True,vanita@wingtiptoys.com,False,\\xe079b6c3b24b2fea525a83e73aaf3549f40599fb211cf1e376f2eb761623b908,False,False,False,"{ ""theme"": ""defaultblue"", ""layout"": ""default"", ""dateformat"": ""m/d/yy"", ""timezoneoffset"": ""-8"", ""favoritesondashboard"": ""true"" }",(405) 555-0100,(405) 555-0101,vanita@wingtiptoys.com,\N,\N,\N,1,2014-03-19 08:00:00,2014-05-06 08:00:00
2298,Wander Ellenbroek,Wander,Wander Wander Ellenbroek,True,wander@wingtiptoys.com,False,\\x2cd57e45b1845b5e6423f2ea24199afbec8a71c6aeecbacf591c8c1a6d406b87,False,False,False,"{ ""theme"": ""defaultblue"", ""layout"": ""default"", ""dateformat"": ""m/d/yy"", ""timezoneoffset"": ""-8"", ""favoritesondashboard"": ""true"" }",(212) 555-0100,(212) 555-0101,wander@wingtiptoys.com,\N,\N,\N,1,2013-12-21 08:00:00,2014-05-07 08:00:00
19,Jai Shand,Jai,Jai Jai Shand,True,jais@wideworldimporters.com,False,\\x84901d360414cd9127e1b83a9f9e7c6b940aa8bd888699388c9fa465dbd297da,True,True,False,"{ ""theme"": ""defaultblue"", ""layout"": ""default"", ""dateformat"": ""m/d/yy"", ""timezoneoffset"": ""-8"", ""favoritesondashboard"": ""true"" }",(415) 555-0102,(415) 555-0103,jais@wideworldimporters.com,\N,\N,\N,1,2014-03-02 08:00:00,2014-05-07 08:00:00
9,Alica Fatnowna,Alica,Alica Alica Fatnowna,True,alicaf@wideworldimporters.com,False,\\x7dfab08e9ac574c5b15cf19d18e5b3eb466eac7392f4295815b08221e78ea790,True,True,False,"{ ""theme"": ""defaultblue"", ""layout"": ""default"", ""dateformat"": ""m/d/yy"", ""timezoneoffset"": ""-8"", ""favoritesondashboard"": ""true"" }",(415) 555-0102,(415) 555-0103,alicaf@wideworldimporters.com,\N,\N,\N,1,2013-11-16 08:00:00,2014-05-08 08:00:00
2378,Tess Seegers,Tess,Tess Tess Seegers,True,tess@wingtiptoys.com,False,\\x83f66558336fc722fd7e18011b5bcc7edaf59e8eca35187432ca0d45d7ceeb33,False,False,False,"{ ""theme"": ""defaultblue"", ""layout"": ""default"", ""dateformat"": ""m/d/yy"", ""timezoneoffset"": ""-8"", ""favoritesondashboard"": ""true"" }",(605) 555-0100,(605) 555-0101,tess@wingtiptoys.com,\N,\N,\N,1,2014-01-30 08:00:00,2014-05-09 08:00:00
2344,Arto Heikkinen,Arto,Arto Arto Heikkinen,True,arto@wingtiptoys.com,False,\\xe035a8dea1b62977f01075740ad8c3e32e3d09bae0214e4eefe1ef26e62aac2c,False,False,False,"{ ""theme"": ""defaultblue"", ""layout"": ""default"", ""dateformat"": ""m/d/yy"", ""timezoneoffset"": ""-8"", ""favoritesondashboard"": ""true"" }",(215) 555-0100,(215) 555-0101,arto@wingtiptoys.com,\N,\N,\N,1,2014-04-14 08:00:00,2014-05-11 08:00:00
12,Henry Forlonge,Henry,Henry Henry Forlonge,True,henryf@wideworldimporters.com,False,\\x3f74bad95bd9059efcf80f983899e24369959fd488113aa2d7616823a91659cf,True,True,False,"{ ""theme"": ""defaultblue"", ""layout"": ""default"", ""dateformat"": ""m/d/yy"", ""timezoneoffset"": ""-8"", ""favoritesondashboard"": ""true"" }",(415) 555-0102,(415) 555-0103,henryf@wideworldimporters.com,\N,\N,\N,1,2013-05-19 08:00:00,2014-05-12 08:00:00
3196,Laszlo Gardenier,Laszlo,Laszlo Laszlo Gardenier,True,laszlo@example.com,False,\\x5bb798fe452969148eb44c38a5e5c1848bc1b828343a795630e4bef3cc430bca,False,False,False,"{ ""theme"": ""defaultblue"", ""layout"": ""default"", ""dateformat"": ""m/d/yy"", ""timezoneoffset"": ""-8"", ""favoritesondashboard"": ""true"" }",(215) 555-0100,(215) 555-0101,laszlo@example.com,\N,\N,\N,1,2014-04-18 08:00:00,2014-05-12 08:00:00
3062,Lana Goransson,Lana,Lana Lana Goransson,False,NO LOGON,False,\N,False,False,False,\N,(212) 555-0100,(212) 555-0101,lana@example.com,\N,\N,\N,1,2013-01-01 00:00:00,2014-05-12 08:10:00
3002,Cosmina Vlad,Cosmina,Cosmina Cosmina Vlad,True,cosmina@example.com,False,\\x4c647554f5a7d66b1350606ef6c6e45724b895fe1ee7202119a42a483c7aef7d,False,False,False,"{ ""theme"": ""defaultblue"", ""layout"": ""default"", ""dateformat"": ""m/d/yy"", ""timezoneoffset"": ""-8"", ""favoritesondashboard"": ""true"" }",(505) 555-0100,(505) 555-0101,cosmina@example.com,\N,\N,\N,1,2013-11-22 08:10:00,2014-05-13 08:00:00
3022,Suparna Bhattacharya,Suparna,Suparna Suparna Bhattacharya,True,suparna@example.com,False,\\x993f573e9f4c4f2ca5860f64aa3c9d1ee7c96696118eec7c776962c93731ab89,False,False,False,"{ ""theme"": ""defaultblue"", ""layout"": ""default"", ""dateformat"": ""m/d/yy"", ""timezoneoffset"": ""-8"", ""favoritesondashboard"": ""true"" }",(314) 555-0100,(314) 555-0101,suparna@example.com,\N,\N,\N,1,2014-04-11 08:10:00,2014-05-13 08:00:00
2102,Sakchai Supitayaporn,Sakchai,Sakchai Sakchai Supitayaporn,True,sakchai@wingtiptoys.com,False,\\x1151944ba116378e1b3dbf65f8a73513b725abaa491a35c6294cf1d4f15c278d,False,False,False,"{ ""theme"": ""defaultblue"", ""layout"": ""default"", ""dateformat"": ""m/d/yy"", ""timezoneoffset"": ""-8"", ""favoritesondashboard"": ""true"" }",(307) 555-0100,(307) 555-0101,sakchai@wingtiptoys.com,\N,\N,\N,1,2014-02-08 08:00:00,2014-05-14 08:00:00
3017,Agrita Kanepa,Agrita,Agrita Agrita Kanepa,True,agrita@example.com,False,\\xa9937a3658383605658e1ec4c3a4558502b793c324cd569f320054b85254bead,False,False,False,"{ ""theme"": ""defaultblue"", ""layout"": ""default"", ""dateformat"": ""m/d/yy"", ""timezoneoffset"": ""-8"", ""favoritesondashboard"": ""true"" }",(201) 555-0100,(201) 555-0101,agrita@example.com,\N,\N,\N,1,2014-04-30 08:00:00,2014-05-14 08:00:00
19,Jai Shand,Jai,Jai Jai Shand,True,jais@wideworldimporters.com,False,\\x84901d360414cd9127e1b83a9f9e7c6b940aa8bd888699388c9fa465dbd297da,True,True,False,"{ ""theme"": ""defaultblue"", ""layout"": ""default"", ""dateformat"": ""m/d/yy"", ""timezoneoffset"": ""-8"", ""favoritesondashboard"": ""true"" }",(415) 555-0102,(415) 555-0103,jais@wideworldimporters.com,\N,\N,\N,1,2014-05-07 08:00:00,2014-05-15 08:00:00
2137,Sarmis Skujins,Sarmis,Sarmis Sarmis Skujins,True,sarmis@wingtiptoys.com,False,\\x2f98bfb837243af17a997960d2d156f10c584cd5e4cd73fb7c352bc0fc6b4c5c,False,False,False,"{ ""theme"": ""defaultblue"", ""layout"": ""default"", ""dateformat"": ""m/d/yy"", ""timezoneoffset"": ""-8"", ""favoritesondashboard"": ""true"" }",(270) 555-0100,(270) 555-0101,sarmis@wingtiptoys.com,\N,\N,\N,1,2014-01-09 08:00:00,2014-05-16 08:00:00
15,Taj Shand,Taj,Taj Taj Shand,True,tajs@wideworldimporters.com,False,\\x9aefeec0dbb0ea6b25f0eb99c62c724f18428d45799dcd8a7b63b859b0f8fcb4,True,True,True,"{ ""theme"": ""defaultblue"", ""layout"": ""default"", ""dateformat"": ""m/d/yy"", ""timezoneoffset"": ""-8"", ""favoritesondashboard"": ""true"" }",(415) 555-0102,(415) 555-0103,tajs@wideworldimporters.com,\N,\N,\N,1,2014-04-23 08:00:00,2014-05-16 08:00:00
1228,Surya Mishra,Surya,Surya Surya Mishra,True,surya@tailspintoys.com,False,\\x30e8bb2b9ee4bf33ed66db49ad3466d2326be50e4dc5eb27247284ffee3f0e63,False,False,False,"{ ""theme"": ""defaultblue"", ""layout"": ""default"", ""dateformat"": ""m/d/yy"", ""timezoneoffset"": ""-8"", ""favoritesondashboard"": ""true"" }",(803) 555-0100,(803) 555-0101,surya@tailspintoys.com,\N,\N,\N,1,2014-01-09 08:00:00,2014-05-17 08:00:00
3061,Amarasimha Vinjamuri,Amarasimha,Amarasimha Amarasimha Vinjamuri,True,amarasimha@example.com,False,\\x7a67cae4cc7b59df21dac3a52ac5879fabbc8aa33e245790d605cea35310102e,False,False,False,"{ ""theme"": ""defaultblue"", ""layout"": ""default"", ""dateformat"": ""m/d/yy"", ""timezoneoffset"": ""-8"", ""favoritesondashboard"": ""true"" }",(339) 555-0100,(339) 555-0101,amarasimha@example.com,\N,\N,\N,1,2014-03-02 08:00:00,2014-05-17 08:00:00
3023,Francisca Laureano,Francisca,Francisca Francisca Laureano,False,NO LOGON,False,\N,False,False,False,\N,(319) 555-0100,(319) 555-0101,francisca@example.com,\N,\N,\N,1,2013-01-01 00:00:00,2014-05-19 08:10:00
3182,Yves Belisle,Yves,Yves Yves Belisle,True,yves@example.com,False,\\xdcac4e7baee71e9c25461f6c3d5d82ce95dd1906471a0ae1d08a0e242ce4bd39,False,False,False,"{ ""theme"": ""defaultblue"", ""layout"": ""default"", ""dateformat"": ""m/d/yy"", ""timezoneoffset"": ""-8"", ""favoritesondashboard"": ""true"" }",(480) 555-0100,(480) 555-0101,yves@example.com,\N,\N,\N,1,2014-03-01 08:00:00,2014-05-20 08:00:00
3023,Francisca Laureano,Francisca,Francisca Francisca Laureano,True,francisca@example.com,False,\\xc27b24142be0660a89c07454ed9e0e2ca8b0f1faf0395ddbb46a76a8683f3755,False,False,False,"{ ""theme"": ""defaultblue"", ""layout"": ""default"", ""dateformat"": ""m/d/yy"", ""timezoneoffset"": ""-8"", ""favoritesondashboard"": ""true"" }",(319) 555-0100,(319) 555-0101,francisca@example.com,\N,\N,\N,1,2014-05-19 08:10:00,2014-05-20 08:00:00
1223,Ingrida Celmina,Ingrida,Ingrida Ingrida Celmina,False,NO LOGON,False,\N,False,False,False,\N,(316) 555-0100,(316) 555-0101,ingrida@tailspintoys.com,\N,\N,\N,1,2013-01-01 00:00:00,2014-05-20 08:10:00
1358,Priya kaushal,Priya,Priya Priya kaushal,True,priya@tailspintoys.com,False,\\x318360adca8b603865721d93dd8bd46d75956a8e53e2f297a03af63426922c2c,False,False,False,"{ ""theme"": ""defaultblue"", ""layout"": ""default"", ""dateformat"": ""m/d/yy"", ""timezoneoffset"": ""-8"", ""favoritesondashboard"": ""true"" }",(319) 555-0100,(319) 555-0101,priya@tailspintoys.com,\N,\N,\N,1,2014-04-22 08:00:00,2014-05-22 08:00:00
3017,Agrita Kanepa,Agrita,Agrita Agrita Kanepa,True,agrita@example.com,False,\\xa9937a3658383605658e1ec4c3a4558502b793c324cd569f320054b85254bead,False,False,False,"{ ""theme"": ""defaultblue"", ""layout"": ""default"", ""dateformat"": ""m/d/yy"", ""timezoneoffset"": ""-8"", ""favoritesondashboard"": ""true"" }",(201) 555-0100,(201) 555-0101,agrita@example.com,\N,\N,\N,1,2014-05-14 08:00:00,2014-05-22 08:00:00
1262,Prem Reddy,Prem,Prem Prem Reddy,True,prem@tailspintoys.com,False,\\x7e3f8f930789a13b88a7c7949c68a3ef4898ba0ad6b7ede52c0c249a295418ec,False,False,False,"{ ""theme"": ""defaultblue"", ""layout"": ""default"", ""dateformat"": ""m/d/yy"", ""timezoneoffset"": ""-8"", ""favoritesondashboard"": ""true"" }",(907) 555-0100,(907) 555-0101,prem@tailspintoys.com,\N,\N,\N,1,2013-11-07 08:00:00,2014-05-26 08:00:00
3002,Cosmina Vlad,Cosmina,Cosmina Cosmina Vlad,True,cosmina@example.com,False,\\x4c647554f5a7d66b1350606ef6c6e45724b895fe1ee7202119a42a483c7aef7d,False,False,False,"{ ""theme"": ""defaultblue"", ""layout"": ""default"", ""dateformat"": ""m/d/yy"", ""timezoneoffset"": ""-8"", ""favoritesondashboard"": ""true"" }",(505) 555-0100,(505) 555-0101,cosmina@example.com,\N,\N,\N,1,2014-05-13 08:00:00,2014-05-26 08:00:00
2291,Debraj Sanyal,Debraj,Debraj Debraj Sanyal,True,debraj@wingtiptoys.com,False,\\x14268816b91216bf1a654678140eb03e369da9b8f8055f33eae4d0822afbdb64,False,False,False,"{ ""theme"": ""defaultblue"", ""layout"": ""default"", ""dateformat"": ""m/d/yy"", ""timezoneoffset"": ""-8"", ""favoritesondashboard"": ""true"" }",(239) 555-0100,(239) 555-0101,debraj@wingtiptoys.com,\N,\N,\N,1,2013-08-05 08:00:00,2014-05-28 08:00:00
3188,Maksims Krastins,Maksims,Maksims Maksims Krastins,True,maksims@example.com,False,\\x56bce4898f0c91a9e1371c404dd1d67b3fdded2c79f9f4d404cfb9923ebfbe36,False,False,False,"{ ""theme"": ""defaultblue"", ""layout"": ""default"", ""dateformat"": ""m/d/yy"", ""timezoneoffset"": ""-8"", ""favoritesondashboard"": ""true"" }",(304) 555-0100,(304) 555-0101,maksims@example.com,\N,\N,\N,1,2014-04-29 08:00:00,2014-05-29 08:00:00
2344,Arto Heikkinen,Arto,Arto Arto Heikkinen,True,arto@wingtiptoys.com,False,\\xe035a8dea1b62977f01075740ad8c3e32e3d09bae0214e4eefe1ef26e62aac2c,False,False,False,"{ ""theme"": ""defaultblue"", ""layout"": ""default"", ""dateformat"": ""m/d/yy"", ""timezoneoffset"": ""-8"", ""favoritesondashboard"": ""true"" }",(215) 555-0100,(215) 555-0101,arto@wingtiptoys.com,\N,\N,\N,1,2014-05-11 08:00:00,2014-05-29 08:00:00
1229,Jagoda Vasiljevic,Jagoda,Jagoda Jagoda Vasiljevic,True,jagoda@tailspintoys.com,False,\\x016fb0f1c3667441a9a46ea0f04a4323acea511ab02538666d755fa44b27461b,False,False,False,"{ ""theme"": ""defaultblue"", ""layout"": ""default"", ""dateformat"": ""m/d/yy"", ""timezoneoffset"": ""-8"", ""favoritesondashboard"": ""true"" }",(252) 555-0100,(252) 555-0101,jagoda@tailspintoys.com,\N,\N,\N,1,2014-03-21 08:00:00,2014-05-30 08:00:00
2281,Angelina Gormanston,Angelina,Angelina Angelina Gormanston,True,angelina@wingtiptoys.com,False,\\x812d484eaa94a512e5becdd3d65f01709ae95675d3c7a7d62a7b1dfcf4f71b40,False,False,False,"{ ""theme"": ""defaultblue"", ""layout"": ""default"", ""dateformat"": ""m/d/yy"", ""timezoneoffset"": ""-8"", ""favoritesondashboard"": ""true"" }",(201) 555-0100,(201) 555-0101,angelina@wingtiptoys.com,\N,\N,\N,1,2014-04-26 08:00:00,2014-05-30 08:00:00
2,Kayla Woodcock,Kayla,Kayla Kayla Woodcock,True,kaylaw@wideworldimporters.com,False,\\x616e9b558976525e7f14d780ebae80c68586958dc97c506db418e2e2c49e340e,True,True,True,"{ ""theme"": ""defaultblue"", ""layout"": ""default"", ""dateformat"": ""m/d/yy"", ""timezoneoffset"": ""-8"", ""favoritesondashboard"": ""true"" }",(415) 555-0102,(415) 555-0103,kaylaw@wideworldimporters.com,\N,\N,\N,1,2013-07-28 08:00:00,2014-05-31 08:00:00
1104,Liia Mae,Liia,Liia Liia Mae,True,liia@tailspintoys.com,False,\\x7e280872fa8a542b0aa600a7698e352927b598821fc11f904e33c764b18c23de,False,False,False,"{ ""theme"": ""defaultblue"", ""layout"": ""default"", ""dateformat"": ""m/d/yy"", ""timezoneoffset"": ""-8"", ""favoritesondashboard"": ""true"" }",(209) 555-0100,(209) 555-0101,liia@tailspintoys.com,\N,\N,\N,1,2014-01-01 08:00:00,2014-05-31 08:00:00
1228,Surya Mishra,Surya,Surya Surya Mishra,True,surya@tailspintoys.com,False,\\x30e8bb2b9ee4bf33ed66db49ad3466d2326be50e4dc5eb27247284ffee3f0e63,False,False,False,"{ ""theme"": ""defaultblue"", ""layout"": ""default"", ""dateformat"": ""m/d/yy"", ""timezoneoffset"": ""-8"", ""favoritesondashboard"": ""true"" }",(803) 555-0100,(803) 555-0101,surya@tailspintoys.com,\N,\N,\N,1,2014-05-17 08:00:00,2014-06-01 08:00:00
3134,Ivan Sepulveda,Ivan,Ivan Ivan Sepulveda,True,ivan@example.com,False,\\x4d239e431e6ece568a474bb970119203d62d85004d9320f7a886f1f2c599edcf,False,False,False,"{ ""theme"": ""defaultblue"", ""layout"": ""default"", ""dateformat"": ""m/d/yy"", ""timezoneoffset"": ""-8"", ""favoritesondashboard"": ""true"" }",(218) 555-0100,(218) 555-0101,ivan@example.com,\N,\N,\N,1,2014-04-10 08:00:00,2014-06-04 08:00:00
2041,Nishant Patil,Nishant,Nishant Nishant Patil,False,NO LOGON,False,\N,False,False,False,\N,(205) 555-0100,(205) 555-0101,nishant@wingtiptoys.com,\N,\N,\N,1,2013-01-01 00:00:00,2014-06-05 08:10:00
1104,Liia Mae,Liia,Liia Liia Mae,True,liia@tailspintoys.com,False,\\x7e280872fa8a542b0aa600a7698e352927b598821fc11f904e33c764b18c23de,False,False,False,"{ ""theme"": ""defaultblue"", ""layout"": ""default"", ""dateformat"": ""m/d/yy"", ""timezoneoffset"": ""-8"", ""favoritesondashboard"": ""true"" }",(209) 555-0100,(209) 555-0101,liia@tailspintoys.com,\N,\N,\N,1,2014-05-31 08:00:00,2014-06-09 08:00:00
18,Katie Darwin,Katie,Katie Katie Darwin,True,katied@wideworldimporters.com,False,\\x47ad2c4a1c611756fb164de988c259e7e516dd48af9c3421dd0fe95b3f1e3f2b,True,True,False,"{ ""theme"": ""defaultblue"", ""layout"": ""default"", ""dateformat"": ""m/d/yy"", ""timezoneoffset"": ""-8"", ""favoritesondashboard"": ""true"" }",(415) 555-0102,(415) 555-0103,katied@wideworldimporters.com,\N,\N,\N,1,2013-08-22 08:00:00,2014-06-10 08:00:00
15,Taj Shand,Taj,Taj Taj Shand,True,tajs@wideworldimporters.com,False,\\x9aefeec0dbb0ea6b25f0eb99c62c724f18428d45799dcd8a7b63b859b0f8fcb4,True,True,True,"{ ""theme"": ""defaultblue"", ""layout"": ""default"", ""dateformat"": ""m/d/yy"", ""timezoneoffset"": ""-8"", ""favoritesondashboard"": ""true"" }",(415) 555-0102,(415) 555-0103,tajs@wideworldimporters.com,\N,\N,\N,1,2014-05-16 08:00:00,2014-06-11 08:00:00
2122,Hector Parra,Hector,Hector Hector Parra,True,hector@wingtiptoys.com,False,\\x5259a0d7004dad855270a05ec8ea2153e8cff0d853eafaea3e67a0a22f443d4b,False,False,False,"{ ""theme"": ""defaultblue"", ""layout"": ""default"", ""dateformat"": ""m/d/yy"", ""timezoneoffset"": ""-8"", ""favoritesondashboard"": ""true"" }",(210) 555-0100,(210) 555-0101,hector@wingtiptoys.com,\N,\N,\N,1,2013-09-23 08:00:00,2014-06-12 08:00:00
2265,Vanita Bhowmick,Vanita,Vanita Vanita Bhowmick,True,vanita@wingtiptoys.com,False,\\xe079b6c3b24b2fea525a83e73aaf3549f40599fb211cf1e376f2eb761623b908,False,False,False,"{ ""theme"": ""defaultblue"", ""layout"": ""default"", ""dateformat"": ""m/d/yy"", ""timezoneoffset"": ""-8"", ""favoritesondashboard"": ""true"" }",(405) 555-0100,(405) 555-0101,vanita@wingtiptoys.com,\N,\N,\N,1,2014-05-06 08:00:00,2014-06-15 08:00:00
2038,Stanislav Zeman,Stanislav,Stanislav Stanislav Zeman,True,stanislav@wingtiptoys.com,False,\\x9e5e8172a49079a982488c769fedd641c2017a2b518cc07b890fee538b8bb4b9,False,False,False,"{ ""theme"": ""defaultblue"", ""layout"": ""default"", ""dateformat"": ""m/d/yy"", ""timezoneoffset"": ""-8"", ""favoritesondashboard"": ""true"" }",(239) 555-0100,(239) 555-0101,stanislav@wingtiptoys.com,\N,\N,\N,1,2013-04-26 08:00:00,2014-06-16 08:00:00
1228,Surya Mishra,Surya,Surya Surya Mishra,True,surya@tailspintoys.com,False,\\x30e8bb2b9ee4bf33ed66db49ad3466d2326be50e4dc5eb27247284ffee3f0e63,False,False,False,"{ ""theme"": ""defaultblue"", ""layout"": ""default"", ""dateformat"": ""m/d/yy"", ""timezoneoffset"": ""-8"", ""favoritesondashboard"": ""true"" }",(803) 555-0100,(803) 555-0101,surya@tailspintoys.com,\N,\N,\N,1,2014-06-01 08:00:00,2014-06-16 08:00:00
1269,Gaurav Sikdar,Gaurav,Gaurav Gaurav Sikdar,False,NO LOGON,False,\N,False,False,False,\N,(314) 555-0100,(314) 555-0101,gaurav@tailspintoys.com,\N,\N,\N,1,2013-01-01 00:00:00,2014-06-16 08:10:00
2041,Nishant Patil,Nishant,Nishant Nishant Patil,True,nishant@wingtiptoys.com,False,\\x6992800e25d674edf9a6ad287a6009cc0ec4cd17ad641a2cc6b0324bde90001d,False,False,False,"{ ""theme"": ""defaultblue"", ""layout"": ""default"", ""dateformat"": ""m/d/yy"", ""timezoneoffset"": ""-8"", ""favoritesondashboard"": ""true"" }",(205) 555-0100,(205) 555-0101,nishant@wingtiptoys.com,\N,\N,\N,1,2014-06-05 08:10:00,2014-06-18 08:00:00
3017,Agrita Kanepa,Agrita,Agrita Agrita Kanepa,True,agrita@example.com,False,\\xa9937a3658383605658e1ec4c3a4558502b793c324cd569f320054b85254bead,False,False,False,"{ ""theme"": ""defaultblue"", ""layout"": ""default"", ""dateformat"": ""m/d/yy"", ""timezoneoffset"": ""-8"", ""favoritesondashboard"": ""true"" }",(201) 555-0100,(201) 555-0101,agrita@example.com,\N,\N,\N,1,2014-05-22 08:00:00,2014-06-19 08:00:00
2344,Arto Heikkinen,Arto,Arto Arto Heikkinen,True,arto@wingtiptoys.com,False,\\xe035a8dea1b62977f01075740ad8c3e32e3d09bae0214e4eefe1ef26e62aac2c,False,False,False,"{ ""theme"": ""defaultblue"", ""layout"": ""default"", ""dateformat"": ""m/d/yy"", ""timezoneoffset"": ""-8"", ""favoritesondashboard"": ""true"" }",(215) 555-0100,(215) 555-0101,arto@wingtiptoys.com,\N,\N,\N,1,2014-05-29 08:00:00,2014-06-19 08:00:00
2366,Constanta Dita,Constanta,Constanta Constanta Dita,False,NO LOGON,False,\N,False,False,False,\N,(209) 555-0100,(209) 555-0101,constanta@wingtiptoys.com,\N,\N,\N,1,2013-01-01 00:00:00,2014-06-22 08:10:00
2291,Debraj Sanyal,Debraj,Debraj Debraj Sanyal,True,debraj@wingtiptoys.com,False,\\x14268816b91216bf1a654678140eb03e369da9b8f8055f33eae4d0822afbdb64,False,False,False,"{ ""theme"": ""defaultblue"", ""layout"": ""default"", ""dateformat"": ""m/d/yy"", ""timezoneoffset"": ""-8"", ""favoritesondashboard"": ""true"" }",(239) 555-0100,(239) 555-0101,debraj@wingtiptoys.com,\N,\N,\N,1,2014-05-28 08:00:00,2014-06-23 08:00:00
1397,Cezar Pavel,Cezar,Cezar Cezar Pavel,False,NO LOGON,False,\N,False,False,False,\N,(303) 555-0100,(303) 555-0101,cezar@tailspintoys.com,\N,\N,\N,1,2013-01-01 00:00:00,2014-06-23 08:10:00
2272,Diego Buccho,Diego,Diego Diego Buccho,False,NO LOGON,False,\N,False,False,False,\N,(605) 555-0100,(605) 555-0101,diego@wingtiptoys.com,\N,\N,\N,1,2013-01-01 00:00:00,2014-06-24 08:10:00
2025,Raine Knihtila,Raine,Raine Raine Knihtila,False,NO LOGON,False,\N,False,False,False,\N,(210) 555-0100,(210) 555-0101,raine@wingtiptoys.com,\N,\N,\N,1,2013-01-01 00:00:00,2014-06-25 08:10:00
1082,Kalpana Mukherjee,Kalpana,Kalpana Kalpana Mukherjee,True,kalpana@tailspintoys.com,False,\\x58eb5db1218f1695ccf80bd3732029b91014623ed63947624c5aab5817227704,False,False,False,"{ ""theme"": ""defaultblue"", ""layout"": ""default"", ""dateformat"": ""m/d/yy"", ""timezoneoffset"": ""-8"", ""favoritesondashboard"": ""true"" }",(314) 555-0100,(314) 555-0101,kalpana@tailspintoys.com,\N,\N,\N,1,2014-03-20 08:00:00,2014-06-27 08:00:00
1057,Karel Hanak,Karel,Karel Karel Hanak,False,NO LOGON,False,\N,False,False,False,\N,(205) 555-0100,(205) 555-0101,karel@tailspintoys.com,\N,\N,\N,1,2013-01-01 00:00:00,2014-06-30 08:10:00
2109,Ilse Sandell,Ilse,Ilse Ilse Sandell,True,ilse@wingtiptoys.com,False,\\x55f57e4f7128d52a46f7f6b0540f82fa1afe89bb819d3484e9265f0435552c48,False,False,False,"{ ""theme"": ""defaultblue"", ""layout"": ""default"", ""dateformat"": ""m/d/yy"", ""timezoneoffset"": ""-8"", ""favoritesondashboard"": ""true"" }",(209) 555-0100,(209) 555-0101,ilse@wingtiptoys.com,\N,\N,\N,1,2014-03-17 08:10:00,2014-07-03 08:00:00
1057,Karel Hanak,Karel,Karel Karel Hanak,True,karel@tailspintoys.com,False,\\xa24dd795a3024fef1330a312731843ac1fa4219c9f238916336ac7fd05696030,False,False,False,"{ ""theme"": ""defaultblue"", ""layout"": ""default"", ""dateformat"": ""m/d/yy"", ""timezoneoffset"": ""-8"", ""favoritesondashboard"": ""true"" }",(205) 555-0100,(205) 555-0101,karel@tailspintoys.com,\N,\N,\N,1,2014-06-30 08:10:00,2014-07-04 08:00:00
3122,Sumati Chatterjee,Sumati,Sumati Sumati Chatterjee,False,NO LOGON,False,\N,False,False,False,\N,(231) 555-0100,(231) 555-0101,sumati@example.com,\N,\N,\N,1,2013-01-01 00:00:00,2014-07-04 08:10:00
2366,Constanta Dita,Constanta,Constanta Constanta Dita,True,constanta@wingtiptoys.com,False,\\x7415a4b167f68d4ffcce2305e2b6ac9c95ec31c995eaf5eaa3dbe3c70be959be,False,False,False,"{ ""theme"": ""defaultblue"", ""layout"": ""default"", ""dateformat"": ""m/d/yy"", ""timezoneoffset"": ""-8"", ""favoritesondashboard"": ""true"" }",(209) 555-0100,(209) 555-0101,constanta@wingtiptoys.com,\N,\N,\N,1,2014-06-22 08:10:00,2014-07-06 08:00:00
1287,Pramod Nishad,Pramod,Pramod Pramod Nishad,False,NO LOGON,False,\N,False,False,False,\N,(225) 555-0100,(225) 555-0101,pramod@tailspintoys.com,\N,\N,\N,1,2013-01-01 00:00:00,2014-07-06 08:10:00
1104,Liia Mae,Liia,Liia Liia Mae,True,liia@tailspintoys.com,False,\\x7e280872fa8a542b0aa600a7698e352927b598821fc11f904e33c764b18c23de,False,False,False,"{ ""theme"": ""defaultblue"", ""layout"": ""default"", ""dateformat"": ""m/d/yy"", ""timezoneoffset"": ""-8"", ""favoritesondashboard"": ""true"" }",(209) 555-0100,(209) 555-0101,liia@tailspintoys.com,\N,\N,\N,1,2014-06-09 08:00:00,2014-07-07 08:00:00
8,Anthony Grosse,Anthony,Anthony Anthony Grosse,True,anthonyg@wideworldimporters.com,False,\\x2fd8b838a3c77778c990f464073aa23c0eee019763ed6a99c77457e8691819de,True,True,True,"{ ""theme"": ""defaultblue"", ""layout"": ""default"", ""dateformat"": ""m/d/yy"", ""timezoneoffset"": ""-8"", ""favoritesondashboard"": ""true"" }",(415) 555-0102,(415) 555-0103,anthonyg@wideworldimporters.com,\N,\N,\N,1,2014-04-14 08:00:00,2014-07-08 08:00:00
2298,Wander Ellenbroek,Wander,Wander Wander Ellenbroek,True,wander@wingtiptoys.com,False,\\x2cd57e45b1845b5e6423f2ea24199afbec8a71c6aeecbacf591c8c1a6d406b87,False,False,False,"{ ""theme"": ""defaultblue"", ""layout"": ""default"", ""dateformat"": ""m/d/yy"", ""timezoneoffset"": ""-8"", ""favoritesondashboard"": ""true"" }",(212) 555-0100,(212) 555-0101,wander@wingtiptoys.com,\N,\N,\N,1,2014-05-07 08:00:00,2014-07-08 08:00:00
2330,Carla Osorio,Carla,Carla Carla Osorio,True,carla@wingtiptoys.com,False,\\xb3e85a121bc5cc7521e6afdbbb5a7b267fdf550683099a02bfb9c0f1ea4f1aff,False,False,False,"{ ""theme"": ""defaultblue"", ""layout"": ""default"", ""dateformat"": ""m/d/yy"", ""timezoneoffset"": ""-8"", ""favoritesondashboard"": ""true"" }",(307) 555-0100,(307) 555-0101,carla@wingtiptoys.com,\N,\N,\N,1,2014-04-12 08:00:00,2014-07-09 08:00:00
2238,Ngu Hoa,Ngu,Ngu Ngu Hoa,False,NO LOGON,False,\N,False,False,False,\N,(405) 555-0100,(405) 555-0101,ngu@wingtiptoys.com,\N,\N,\N,1,2013-01-01 00:00:00,2014-07-12 08:10:00
2231,Adriana Horackova,Adriana,Adriana Adriana Horackova,True,adriana@wingtiptoys.com,False,\\x1054fe3ec1808c4d8483442b6b9f91a3c05ca49b4b25f9dda307968de9f7bef3,False,False,False,"{ ""theme"": ""defaultblue"", ""layout"": ""default"", ""dateformat"": ""m/d/yy"", ""timezoneoffset"": ""-8"", ""favoritesondashboard"": ""true"" }",(252) 555-0100,(252) 555-0101,adriana@wingtiptoys.com,\N,\N,\N,1,2013-12-10 08:10:00,2014-07-13 08:00:00
1104,Liia Mae,Liia,Liia Liia Mae,True,liia@tailspintoys.com,False,\\x7e280872fa8a542b0aa600a7698e352927b598821fc11f904e33c764b18c23de,False,False,False,"{ ""theme"": ""defaultblue"", ""layout"": ""default"", ""dateformat"": ""m/d/yy"", ""timezoneoffset"": ""-8"", ""favoritesondashboard"": ""true"" }",(209) 555-0100,(209) 555-0101,liia@tailspintoys.com,\N,\N,\N,1,2014-07-07 08:00:00,2014-07-14 08:00:00
2238,Ngu Hoa,Ngu,Ngu Ngu Hoa,True,ngu@wingtiptoys.com,False,\\x30a68eadadce00f0b9086c2c902e24518180aa55f5312bd74aaadae8de76351e,False,False,False,"{ ""theme"": ""defaultblue"", ""layout"": ""default"", ""dateformat"": ""m/d/yy"", ""timezoneoffset"": ""-8"", ""favoritesondashboard"": ""true"" }",(405) 555-0100,(405) 555-0101,ngu@wingtiptoys.com,\N,\N,\N,1,2014-07-12 08:10:00,2014-07-14 08:00:00
1252,Markus Kantee,Markus,Markus Markus Kantee,False,NO LOGON,False,\N,False,False,False,\N,(201) 555-0100,(201) 555-0101,markus@tailspintoys.com,\N,\N,\N,1,2013-01-01 00:00:00,2014-07-16 08:10:00
10,Stella Rosenhain,Stella,Stella Stella Rosenhain,True,stellar@wideworldimporters.com,False,\\x1ba4b55887e2bdcb06087a20e1cc608addca538babec0441d2d6704dcafe2ea4,True,True,False,"{ ""theme"": ""defaultblue"", ""layout"": ""default"", ""dateformat"": ""m/d/yy"", ""timezoneoffset"": ""-8"", ""favoritesondashboard"": ""true"" }",(415) 555-0102,(415) 555-0103,stellar@wideworldimporters.com,\N,\N,\N,1,2014-04-25 08:00:00,2014-07-18 08:00:00
2109,Ilse Sandell,Ilse,Ilse Ilse Sandell,True,ilse@wingtiptoys.com,False,\\x55f57e4f7128d52a46f7f6b0540f82fa1afe89bb819d3484e9265f0435552c48,False,False,False,"{ ""theme"": ""defaultblue"", ""layout"": ""default"", ""dateformat"": ""m/d/yy"", ""timezoneoffset"": ""-8"", ""favoritesondashboard"": ""true"" }",(209) 555-0100,(209) 555-0101,ilse@wingtiptoys.com,\N,\N,\N,1,2014-07-03 08:00:00,2014-07-18 08:00:00
9,Alica Fatnowna,Alica,Alica Alica Fatnowna,True,alicaf@wideworldimporters.com,False,\\x7dfab08e9ac574c5b15cf19d18e5b3eb466eac7392f4295815b08221e78ea790,True,True,False,"{ ""theme"": ""defaultblue"", ""layout"": ""default"", ""dateformat"": ""m/d/yy"", ""timezoneoffset"": ""-8"", ""favoritesondashboard"": ""true"" }",(415) 555-0102,(415) 555-0103,alicaf@wideworldimporters.com,\N,\N,\N,1,2014-05-08 08:00:00,2014-07-19 08:00:00
1098,Raimonds Kalnins,Raimonds,Raimonds Raimonds Kalnins,False,NO LOGON,False,\N,False,False,False,\N,(231) 555-0100,(231) 555-0101,raimonds@tailspintoys.com,\N,\N,\N,1,2013-01-01 00:00:00,2014-07-19 08:10:00
14,Lily Code,Lily,Lily Lily Code,True,lilyc@wideworldimporters.com,False,\\xd00658893b3f96277088b3c71dcfbf4df6e3947eedbf0c8da285efd5c7d4badd,True,True,True,"{ ""theme"": ""defaultblue"", ""layout"": ""default"", ""dateformat"": ""m/d/yy"", ""timezoneoffset"": ""-8"", ""favoritesondashboard"": ""true"" }",(415) 555-0102,(415) 555-0103,lilyc@wideworldimporters.com,\N,\N,\N,1,2013-09-14 08:00:00,2014-07-22 08:00:00
1397,Cezar Pavel,Cezar,Cezar Cezar Pavel,True,cezar@tailspintoys.com,False,\\xafc47a6846824f8baa84adca1379a0e99dfc06cff1292f55c1858f03c81eea71,False,False,False,"{ ""theme"": ""defaultblue"", ""layout"": ""default"", ""dateformat"": ""m/d/yy"", ""timezoneoffset"": ""-8"", ""favoritesondashboard"": ""true"" }",(303) 555-0100,(303) 555-0101,cezar@tailspintoys.com,\N,\N,\N,1,2014-06-23 08:10:00,2014-07-22 08:00:00
2386,Mala Naicker,Mala,Mala Mala Naicker,True,mala@wingtiptoys.com,False,\\xac3eb1d9cad8ff6bcb86c59035ed840477c1c6a24186583cef07f8eb0fa81827,False,False,False,"{ ""theme"": ""defaultblue"", ""layout"": ""default"", ""dateformat"": ""m/d/yy"", ""timezoneoffset"": ""-8"", ""favoritesondashboard"": ""true"" }",(505) 555-0100,(505) 555-0101,mala@wingtiptoys.com,\N,\N,\N,1,2014-04-28 08:10:00,2014-07-27 08:00:00
1334,Amalendu Veturi,Amalendu,Amalendu Amalendu Veturi,True,amalendu@tailspintoys.com,False,\\xaef75431ad5f43c267600c197583712b23646f0fb35973e664fa55f4da4450eb,False,False,False,"{ ""theme"": ""defaultblue"", ""layout"": ""default"", ""dateformat"": ""m/d/yy"", ""timezoneoffset"": ""-8"", ""favoritesondashboard"": ""true"" }",(210) 555-0100,(210) 555-0101,amalendu@tailspintoys.com,\N,\N,\N,1,2013-07-29 08:00:00,2014-07-28 08:00:00
1138,Chaowalit Pornpipatpong,Chaowalit,Chaowalit Chaowalit Pornpipatpong,True,chaowalit@tailspintoys.com,False,\\x08100e03488e2dcaa95c62164963b28ba11dcaea6c98af05f8e92c613f2e15dd,False,False,False,"{ ""theme"": ""defaultblue"", ""layout"": ""default"", ""dateformat"": ""m/d/yy"", ""timezoneoffset"": ""-8"", ""favoritesondashboard"": ""true"" }",(209) 555-0100,(209) 555-0101,chaowalit@tailspintoys.com,\N,\N,\N,1,2014-02-26 08:00:00,2014-07-30 08:00:00
1269,Gaurav Sikdar,Gaurav,Gaurav Gaurav Sikdar,True,gaurav@tailspintoys.com,False,\\x138f0b341c854729c4a8962eb87b2feeffb035e29f23bbed0a81066f42bcf148,False,False,False,"{ ""theme"": ""defaultblue"", ""layout"": ""default"", ""dateformat"": ""m/d/yy"", ""timezoneoffset"": ""-8"", ""favoritesondashboard"": ""true"" }",(314) 555-0100,(314) 555-0101,gaurav@tailspintoys.com,\N,\N,\N,1,2014-06-16 08:10:00,2014-07-30 08:00:00
1138,Chaowalit Pornpipatpong,Chaowalit,Chaowalit Chaowalit Pornpipatpong,True,chaowalit@tailspintoys.com,False,\\x08100e03488e2dcaa95c62164963b28ba11dcaea6c98af05f8e92c613f2e15dd,False,False,False,"{ ""theme"": ""defaultblue"", ""layout"": ""default"", ""dateformat"": ""m/d/yy"", ""timezoneoffset"": ""-8"", ""favoritesondashboard"": ""true"" }",(209) 555-0100,(209) 555-0101,chaowalit@tailspintoys.com,\N,\N,\N,1,2014-07-30 08:00:00,2014-08-04 08:00:00
3017,Agrita Kanepa,Agrita,Agrita Agrita Kanepa,True,agrita@example.com,False,\\xa9937a3658383605658e1ec4c3a4558502b793c324cd569f320054b85254bead,False,False,False,"{ ""theme"": ""defaultblue"", ""layout"": ""default"", ""dateformat"": ""m/d/yy"", ""timezoneoffset"": ""-8"", ""favoritesondashboard"": ""true"" }",(201) 555-0100,(201) 555-0101,agrita@example.com,\N,\N,\N,1,2014-06-19 08:00:00,2014-08-05 08:00:00
1358,Priya kaushal,Priya,Priya Priya kaushal,True,priya@tailspintoys.com,False,\\x318360adca8b603865721d93dd8bd46d75956a8e53e2f297a03af63426922c2c,False,False,False,"{ ""theme"": ""defaultblue"", ""layout"": ""default"", ""dateformat"": ""m/d/yy"", ""timezoneoffset"": ""-8"", ""favoritesondashboard"": ""true"" }",(319) 555-0100,(319) 555-0101,priya@tailspintoys.com,\N,\N,\N,1,2014-05-22 08:00:00,2014-08-06 08:00:00
1350,Hamsapriya Nandamuri,Hamsapriya,Hamsapriya Hamsapriya Nandamuri,True,hamsapriya@tailspintoys.com,False,\\x1c62883fbb7545aef98d25361e130b29ce07330affb506fab7dd8c162efee5c9,False,False,False,"{ ""theme"": ""defaultblue"", ""layout"": ""default"", ""dateformat"": ""m/d/yy"", ""timezoneoffset"": ""-8"", ""favoritesondashboard"": ""true"" }",(505) 555-0100,(505) 555-0101,hamsapriya@tailspintoys.com,\N,\N,\N,1,2014-03-17 08:00:00,2014-08-09 08:00:00
1358,Priya kaushal,Priya,Priya Priya kaushal,True,priya@tailspintoys.com,False,\\x318360adca8b603865721d93dd8bd46d75956a8e53e2f297a03af63426922c2c,False,False,False,"{ ""theme"": ""defaultblue"", ""layout"": ""default"", ""dateformat"": ""m/d/yy"", ""timezoneoffset"": ""-8"", ""favoritesondashboard"": ""true"" }",(319) 555-0100,(319) 555-0101,priya@tailspintoys.com,\N,\N,\N,1,2014-08-06 08:00:00,2014-08-10 08:00:00
1107,Vitezslav Rehak,Vitezslav,Vitezslav Vitezslav Rehak,False,NO LOGON,False,\N,False,False,False,\N,(215) 555-0100,(215) 555-0101,vitezslav@tailspintoys.com,\N,\N,\N,1,2013-01-01 00:00:00,2014-08-10 08:10:00
1104,Liia Mae,Liia,Liia Liia Mae,True,liia@tailspintoys.com,False,\\x7e280872fa8a542b0aa600a7698e352927b598821fc11f904e33c764b18c23de,False,False,False,"{ ""theme"": ""defaultblue"", ""layout"": ""default"", ""dateformat"": ""m/d/yy"", ""timezoneoffset"": ""-8"", ""favoritesondashboard"": ""true"" }",(209) 555-0100,(209) 555-0101,liia@tailspintoys.com,\N,\N,\N,1,2014-07-14 08:00:00,2014-08-11 08:00:00
1397,Cezar Pavel,Cezar,Cezar Cezar Pavel,True,cezar@tailspintoys.com,False,\\xafc47a6846824f8baa84adca1379a0e99dfc06cff1292f55c1858f03c81eea71,False,False,False,"{ ""theme"": ""defaultblue"", ""layout"": ""default"", ""dateformat"": ""m/d/yy"", ""timezoneoffset"": ""-8"", ""favoritesondashboard"": ""true"" }",(303) 555-0100,(303) 555-0101,cezar@tailspintoys.com,\N,\N,\N,1,2014-07-22 08:00:00,2014-08-11 08:00:00
2270,Trishna Benipal,Trishna,Trishna Trishna Benipal,False,NO LOGON,False,\N,False,False,False,\N,(304) 555-0100,(304) 555-0101,trishna@wingtiptoys.com,\N,\N,\N,1,2013-01-01 00:00:00,2014-08-11 08:10:00
2333,Severins Polis,Severins,Severins Severins Polis,True,severins@wingtiptoys.com,False,\\x3fae99a17cb466614c47264755c2c386d41fafcfba7850c4761503a7e9bebb36,False,False,False,"{ ""theme"": ""defaultblue"", ""layout"": ""default"", ""dateformat"": ""m/d/yy"", ""timezoneoffset"": ""-8"", ""favoritesondashboard"": ""true"" }",(216) 555-0100,(216) 555-0101,severins@wingtiptoys.com,\N,\N,\N,1,2014-03-22 08:10:00,2014-08-12 08:00:00
2291,Debraj Sanyal,Debraj,Debraj Debraj Sanyal,True,debraj@wingtiptoys.com,False,\\x14268816b91216bf1a654678140eb03e369da9b8f8055f33eae4d0822afbdb64,False,False,False,"{ ""theme"": ""defaultblue"", ""layout"": ""default"", ""dateformat"": ""m/d/yy"", ""timezoneoffset"": ""-8"", ""favoritesondashboard"": ""true"" }",(239) 555-0100,(239) 555-0101,debraj@wingtiptoys.com,\N,\N,\N,1,2014-06-23 08:00:00,2014-08-12 08:00:00
2012,Maxime Westerink,Maxime,Maxime Maxime Westerink,False,NO LOGON,False,\N,False,False,False,\N,(205) 555-0100,(205) 555-0101,maxime@wingtiptoys.com,\N,\N,\N,1,2013-01-01 00:00:00,2014-08-12 08:10:00
1223,Ingrida Celmina,Ingrida,Ingrida Ingrida Celmina,True,ingrida@tailspintoys.com,False,\\x7a32ac0bd4f01bf8524352ce31ea42336df054d9f53604b5cf479d3ebd038db7,False,False,False,"{ ""theme"": ""defaultblue"", ""layout"": ""default"", ""dateformat"": ""m/d/yy"", ""timezoneoffset"": ""-8"", ""favoritesondashboard"": ""true"" }",(316) 555-0100,(316) 555-0101,ingrida@tailspintoys.com,\N,\N,\N,1,2014-05-20 08:10:00,2014-08-16 08:00:00
3191,Valter Viiding,Valter,Valter Valter Viiding,True,valter@example.com,False,\\x820fc0fc69cadc42cee2c095373d2b5c18d7d8c5cb0a557f7e3a76a5915cf5b9,False,False,False,"{ ""theme"": ""defaultblue"", ""layout"": ""default"", ""dateformat"": ""m/d/yy"", ""timezoneoffset"": ""-8"", ""favoritesondashboard"": ""true"" }",(216) 555-0100,(216) 555-0101,valter@example.com,\N,\N,\N,1,2014-03-11 08:00:00,2014-08-17 08:00:00
10,Stella Rosenhain,Stella,Stella Stella Rosenhain,True,stellar@wideworldimporters.com,False,\\x1ba4b55887e2bdcb06087a20e1cc608addca538babec0441d2d6704dcafe2ea4,True,True,False,"{ ""theme"": ""defaultblue"", ""layout"": ""default"", ""dateformat"": ""m/d/yy"", ""timezoneoffset"": ""-8"", ""favoritesondashboard"": ""true"" }",(415) 555-0102,(415) 555-0103,stellar@wideworldimporters.com,\N,\N,\N,1,2014-07-18 08:00:00,2014-08-20 08:00:00
3196,Laszlo Gardenier,Laszlo,Laszlo Laszlo Gardenier,True,laszlo@example.com,False,\\x5bb798fe452969148eb44c38a5e5c1848bc1b828343a795630e4bef3cc430bca,False,False,False,"{ ""theme"": ""defaultblue"", ""layout"": ""default"", ""dateformat"": ""m/d/yy"", ""timezoneoffset"": ""-8"", ""favoritesondashboard"": ""true"" }",(215) 555-0100,(215) 555-0101,laszlo@example.com,\N,\N,\N,1,2014-05-12 08:00:00,2014-08-25 08:00:00
3061,Amarasimha Vinjamuri,Amarasimha,Amarasimha Amarasimha Vinjamuri,True,amarasimha@example.com,False,\\x7a67cae4cc7b59df21dac3a52ac5879fabbc8aa33e245790d605cea35310102e,False,False,False,"{ ""theme"": ""defaultblue"", ""layout"": ""default"", ""dateformat"": ""m/d/yy"", ""timezoneoffset"": ""-8"", ""favoritesondashboard"": ""true"" }",(339) 555-0100,(339) 555-0101,amarasimha@example.com,\N,\N,\N,1,2014-05-17 08:00:00,2014-08-25 08:00:00
3062,Lana Goransson,Lana,Lana Lana Goransson,True,lana@example.com,False,\\x17a4dbbe7d13cfd1533b17988c0069bd6b7de4600443e871b360098442ad4e74,False,False,False,"{ ""theme"": ""defaultblue"", ""layout"": ""default"", ""dateformat"": ""m/d/yy"", ""timezoneoffset"": ""-8"", ""favoritesondashboard"": ""true"" }",(212) 555-0100,(212) 555-0101,lana@example.com,\N,\N,\N,1,2014-05-12 08:10:00,2014-08-28 08:00:00
2109,Ilse Sandell,Ilse,Ilse Ilse Sandell,True,ilse@wingtiptoys.com,False,\\x55f57e4f7128d52a46f7f6b0540f82fa1afe89bb819d3484e9265f0435552c48,False,False,False,"{ ""theme"": ""defaultblue"", ""layout"": ""default"", ""dateformat"": ""m/d/yy"", ""timezoneoffset"": ""-8"", ""favoritesondashboard"": ""true"" }",(209) 555-0100,(209) 555-0101,ilse@wingtiptoys.com,\N,\N,\N,1,2014-07-18 08:00:00,2014-08-28 08:00:00
2102,Sakchai Supitayaporn,Sakchai,Sakchai Sakchai Supitayaporn,True,sakchai@wingtiptoys.com,False,\\x1151944ba116378e1b3dbf65f8a73513b725abaa491a35c6294cf1d4f15c278d,False,False,False,"{ ""theme"": ""defaultblue"", ""layout"": ""default"", ""dateformat"": ""m/d/yy"", ""timezoneoffset"": ""-8"", ""favoritesondashboard"": ""true"" }",(307) 555-0100,(307) 555-0101,sakchai@wingtiptoys.com,\N,\N,\N,1,2014-05-14 08:00:00,2014-08-31 08:00:00
3017,Agrita Kanepa,Agrita,Agrita Agrita Kanepa,True,agrita@example.com,False,\\xa9937a3658383605658e1ec4c3a4558502b793c324cd569f320054b85254bead,False,False,False,"{ ""theme"": ""defaultblue"", ""layout"": ""default"", ""dateformat"": ""m/d/yy"", ""timezoneoffset"": ""-8"", ""favoritesondashboard"": ""true"" }",(201) 555-0100,(201) 555-0101,agrita@example.com,\N,\N,\N,1,2014-08-05 08:00:00,2014-09-01 08:00:00
2291,Debraj Sanyal,Debraj,Debraj Debraj Sanyal,True,debraj@wingtiptoys.com,False,\\x14268816b91216bf1a654678140eb03e369da9b8f8055f33eae4d0822afbdb64,False,False,False,"{ ""theme"": ""defaultblue"", ""layout"": ""default"", ""dateformat"": ""m/d/yy"", ""timezoneoffset"": ""-8"", ""favoritesondashboard"": ""true"" }",(239) 555-0100,(239) 555-0101,debraj@wingtiptoys.com,\N,\N,\N,1,2014-08-12 08:00:00,2014-09-01 08:00:00
2281,Angelina Gormanston,Angelina,Angelina Angelina Gormanston,True,angelina@wingtiptoys.com,False,\\x812d484eaa94a512e5becdd3d65f01709ae95675d3c7a7d62a7b1dfcf4f71b40,False,False,False,"{ ""theme"": ""defaultblue"", ""layout"": ""default"", ""dateformat"": ""m/d/yy"", ""timezoneoffset"": ""-8"", ""favoritesondashboard"": ""true"" }",(201) 555-0100,(201) 555-0101,angelina@wingtiptoys.com,\N,\N,\N,1,2014-05-30 08:00:00,2014-09-02 08:00:00
2170,Shiva Nair,Shiva,Shiva Shiva Nair,False,NO LOGON,False,\N,False,False,False,\N,(316) 555-0100,(316) 555-0101,shiva@wingtiptoys.com,\N,\N,\N,1,2013-01-01 00:00:00,2014-09-05 08:10:00
3216,Aive Petrov,Aive,Aive Aive Petrov,False,NO LOGON,False,\N,False,False,False,\N,(316) 555-0100,(316) 555-0101,aive@example.com,\N,\N,\N,1,2013-08-10 00:00:00,2014-09-10 08:10:00
2238,Ngu Hoa,Ngu,Ngu Ngu Hoa,True,ngu@wingtiptoys.com,False,\\x30a68eadadce00f0b9086c2c902e24518180aa55f5312bd74aaadae8de76351e,False,False,False,"{ ""theme"": ""defaultblue"", ""layout"": ""default"", ""dateformat"": ""m/d/yy"", ""timezoneoffset"": ""-8"", ""favoritesondashboard"": ""true"" }",(405) 555-0100,(405) 555-0101,ngu@wingtiptoys.com,\N,\N,\N,1,2014-07-14 08:00:00,2014-09-11 08:00:00
2231,Adriana Horackova,Adriana,Adriana Adriana Horackova,True,adriana@wingtiptoys.com,False,\\x1054fe3ec1808c4d8483442b6b9f91a3c05ca49b4b25f9dda307968de9f7bef3,False,False,False,"{ ""theme"": ""defaultblue"", ""layout"": ""default"", ""dateformat"": ""m/d/yy"", ""timezoneoffset"": ""-8"", ""favoritesondashboard"": ""true"" }",(252) 555-0100,(252) 555-0101,adriana@wingtiptoys.com,\N,\N,\N,1,2014-07-13 08:00:00,2014-09-12 08:00:00
3196,Laszlo Gardenier,Laszlo,Laszlo Laszlo Gardenier,True,laszlo@example.com,False,\\x5bb798fe452969148eb44c38a5e5c1848bc1b828343a795630e4bef3cc430bca,False,False,False,"{ ""theme"": ""defaultblue"", ""layout"": ""default"", ""dateformat"": ""m/d/yy"", ""timezoneoffset"": ""-8"", ""favoritesondashboard"": ""true"" }",(215) 555-0100,(215) 555-0101,laszlo@example.com,\N,\N,\N,1,2014-08-25 08:00:00,2014-09-13 08:00:00
1228,Surya Mishra,Surya,Surya Surya Mishra,True,surya@tailspintoys.com,False,\\x30e8bb2b9ee4bf33ed66db49ad3466d2326be50e4dc5eb27247284ffee3f0e63,False,False,False,"{ ""theme"": ""defaultblue"", ""layout"": ""default"", ""dateformat"": ""m/d/yy"", ""timezoneoffset"": ""-8"", ""favoritesondashboard"": ""true"" }",(803) 555-0100,(803) 555-0101,surya@tailspintoys.com,\N,\N,\N,1,2014-06-16 08:00:00,2014-09-14 08:00:00
2330,Carla Osorio,Carla,Carla Carla Osorio,True,carla@wingtiptoys.com,False,\\xb3e85a121bc5cc7521e6afdbbb5a7b267fdf550683099a02bfb9c0f1ea4f1aff,False,False,False,"{ ""theme"": ""defaultblue"", ""layout"": ""default"", ""dateformat"": ""m/d/yy"", ""timezoneoffset"": ""-8"", ""favoritesondashboard"": ""true"" }",(307) 555-0100,(307) 555-0101,carla@wingtiptoys.com,\N,\N,\N,1,2014-07-09 08:00:00,2014-09-14 08:00:00
4,Isabella Rupp,Isabella,Isabella Isabella Rupp,True,isabellar@wideworldimporters.com,False,\\xb45e7c4e37c32fa9a5a3161b9db1c9c1e787bb7db424e7fd7a20895d4bfb5d31,True,True,False,"{ ""theme"": ""defaultblue"", ""layout"": ""default"", ""dateformat"": ""m/d/yy"", ""timezoneoffset"": ""-8"", ""favoritesondashboard"": ""true"" }",(415) 555-0102,(415) 555-0103,isabellar@wideworldimporters.com,\N,\N,\N,1,2013-10-23 08:00:00,2014-09-16 08:00:00
18,Katie Darwin,Katie,Katie Katie Darwin,True,katied@wideworldimporters.com,False,\\x47ad2c4a1c611756fb164de988c259e7e516dd48af9c3421dd0fe95b3f1e3f2b,True,True,False,"{ ""theme"": ""defaultblue"", ""layout"": ""default"", ""dateformat"": ""m/d/yy"", ""timezoneoffset"": ""-8"", ""favoritesondashboard"": ""true"" }",(415) 555-0102,(415) 555-0103,katied@wideworldimporters.com,\N,\N,\N,1,2014-06-10 08:00:00,2014-09-16 08:00:00
2231,Adriana Horackova,Adriana,Adriana Adriana Horackova,True,adriana@wingtiptoys.com,False,\\x1054fe3ec1808c4d8483442b6b9f91a3c05ca49b4b25f9dda307968de9f7bef3,False,False,False,"{ ""theme"": ""defaultblue"", ""layout"": ""default"", ""dateformat"": ""m/d/yy"", ""timezoneoffset"": ""-8"", ""favoritesondashboard"": ""true"" }",(252) 555-0100,(252) 555-0101,adriana@wingtiptoys.com,\N,\N,\N,1,2014-09-12 08:00:00,2014-09-17 08:00:00
1350,Hamsapriya Nandamuri,Hamsapriya,Hamsapriya Hamsapriya Nandamuri,True,hamsapriya@tailspintoys.com,False,\\x1c62883fbb7545aef98d25361e130b29ce07330affb506fab7dd8c162efee5c9,False,False,False,"{ ""theme"": ""defaultblue"", ""layout"": ""default"", ""dateformat"": ""m/d/yy"", ""timezoneoffset"": ""-8"", ""favoritesondashboard"": ""true"" }",(505) 555-0100,(505) 555-0101,hamsapriya@tailspintoys.com,\N,\N,\N,1,2014-08-09 08:00:00,2014-09-18 08:00:00
3191,Valter Viiding,Valter,Valter Valter Viiding,True,valter@example.com,False,\\x820fc0fc69cadc42cee2c095373d2b5c18d7d8c5cb0a557f7e3a76a5915cf5b9,False,False,False,"{ ""theme"": ""defaultblue"", ""layout"": ""default"", ""dateformat"": ""m/d/yy"", ""timezoneoffset"": ""-8"", ""favoritesondashboard"": ""true"" }",(216) 555-0100,(216) 555-0101,valter@example.com,\N,\N,\N,1,2014-08-17 08:00:00,2014-09-19 08:00:00
3170,Isidora Urias,Isidora,Isidora Isidora Urias,True,isidora@example.com,False,\\xc9ce85c340fd4935157e5c7eb26a3820d33175949ba2a04ed668c6e1d32af88f,False,False,False,"{ ""theme"": ""defaultblue"", ""layout"": ""default"", ""dateformat"": ""m/d/yy"", ""timezoneoffset"": ""-8"", ""favoritesondashboard"": ""true"" }",(239) 555-0100,(239) 555-0101,isidora@example.com,\N,\N,\N,1,2014-01-31 08:00:00,2014-09-21 08:00:00
2029,Maurice English,Maurice,Maurice Maurice English,False,NO LOGON,False,\N,False,False,False,\N,(229) 555-0100,(229) 555-0101,maurice@wingtiptoys.com,\N,\N,\N,1,2013-01-01 00:00:00,2014-09-22 08:10:00
3017,Agrita Kanepa,Agrita,Agrita Agrita Kanepa,True,agrita@example.com,False,\\xa9937a3658383605658e1ec4c3a4558502b793c324cd569f320054b85254bead,False,False,False,"{ ""theme"": ""defaultblue"", ""layout"": ""default"", ""dateformat"": ""m/d/yy"", ""timezoneoffset"": ""-8"", ""favoritesondashboard"": ""true"" }",(201) 555-0100,(201) 555-0101,agrita@example.com,\N,\N,\N,1,2014-09-01 08:00:00,2014-09-25 08:00:00
2102,Sakchai Supitayaporn,Sakchai,Sakchai Sakchai Supitayaporn,True,sakchai@wingtiptoys.com,False,\\x1151944ba116378e1b3dbf65f8a73513b725abaa491a35c6294cf1d4f15c278d,False,False,False,"{ ""theme"": ""defaultblue"", ""layout"": ""default"", ""dateformat"": ""m/d/yy"", ""timezoneoffset"": ""-8"", ""favoritesondashboard"": ""true"" }",(307) 555-0100,(307) 555-0101,sakchai@wingtiptoys.com,\N,\N,\N,1,2014-08-31 08:00:00,2014-09-26 08:00:00
1262,Prem Reddy,Prem,Prem Prem Reddy,True,prem@tailspintoys.com,False,\\x7e3f8f930789a13b88a7c7949c68a3ef4898ba0ad6b7ede52c0c249a295418ec,False,False,False,"{ ""theme"": ""defaultblue"", ""layout"": ""default"", ""dateformat"": ""m/d/yy"", ""timezoneoffset"": ""-8"", ""favoritesondashboard"": ""true"" }",(907) 555-0100,(907) 555-0101,prem@tailspintoys.com,\N,\N,\N,1,2014-05-26 08:00:00,2014-09-29 08:00:00
39,Eliza Soderberg,Eliza,Eliza Eliza Soderberg,False,NO LOGON,False,\N,True,False,False,"{ ""theme"": ""defaultblue"", ""layout"": ""default"", ""dateformat"": ""m/d/yy"", ""timezoneoffset"": ""-8"", ""favoritesondashboard"": ""true"" }",(201) 555-0101,(201) 555-0106,elizas@northwindelectriccars.com,\N,\N,\N,1,2013-01-01 00:00:00,2014-09-30 08:10:00
6,Sophia Hinton,Sophia,Sophia Sophia Hinton,True,sophiah@wideworldimporters.com,False,\\x451bb10a515f06331540db392031f9d9bc4ef536a1f86d1ca6c7394556baa3c0,True,True,True,"{ ""theme"": ""defaultblue"", ""layout"": ""default"", ""dateformat"": ""m/d/yy"", ""timezoneoffset"": ""-8"", ""favoritesondashboard"": ""true"" }",(415) 555-0102,(415) 555-0103,sophiah@wideworldimporters.com,\N,\N,\N,1,2013-11-23 08:00:00,2014-10-04 08:00:00
14,Lily Code,Lily,Lily Lily Code,True,lilyc@wideworldimporters.com,False,\\xd00658893b3f96277088b3c71dcfbf4df6e3947eedbf0c8da285efd5c7d4badd,True,True,True,"{ ""theme"": ""defaultblue"", ""layout"": ""default"", ""dateformat"": ""m/d/yy"", ""timezoneoffset"": ""-8"", ""favoritesondashboard"": ""true"" }",(415) 555-0102,(415) 555-0103,lilyc@wideworldimporters.com,\N,\N,\N,1,2014-07-22 08:00:00,2014-10-04 08:00:00
3182,Yves Belisle,Yves,Yves Yves Belisle,True,yves@example.com,False,\\xdcac4e7baee71e9c25461f6c3d5d82ce95dd1906471a0ae1d08a0e242ce4bd39,False,False,False,"{ ""theme"": ""defaultblue"", ""layout"": ""default"", ""dateformat"": ""m/d/yy"", ""timezoneoffset"": ""-8"", ""favoritesondashboard"": ""true"" }",(480) 555-0100,(480) 555-0101,yves@example.com,\N,\N,\N,1,2014-05-20 08:00:00,2014-10-07 08:00:00
2353,Taner YÄ±lmaz,Taner,Taner Taner YÄ±lmaz,True,taner@wingtiptoys.com,False,\\x7080cc5b299d9c1012d4d4961e92721c50a4125f3f80ba10b902f8f206908f60,False,False,False,"{ ""theme"": ""defaultblue"", ""layout"": ""default"", ""dateformat"": ""m/d/yy"", ""timezoneoffset"": ""-8"", ""favoritesondashboard"": ""true"" }",(212) 555-0100,(212) 555-0101,taner@wingtiptoys.com,\N,\N,\N,1,2014-01-24 08:00:00,2014-10-11 08:00:00
2308,Ngon Ta,Ngon,Ngon Ngon Ta,False,NO LOGON,False,\N,False,False,False,\N,(219) 555-0100,(219) 555-0101,ngon@wingtiptoys.com,\N,\N,\N,1,2013-01-01 00:00:00,2014-10-12 08:10:00
1256,Chompunut Jetjirawat,Chompunut,Chompunut Chompunut Jetjirawat,True,chompunut@tailspintoys.com,False,\\x7d4eecd17fd9c68bbd242f85ff26d9c203acd2348c1183690e67cf29bfe0f290,False,False,False,"{ ""theme"": ""defaultblue"", ""layout"": ""default"", ""dateformat"": ""m/d/yy"", ""timezoneoffset"": ""-8"", ""favoritesondashboard"": ""true"" }",(303) 555-0100,(303) 555-0101,chompunut@tailspintoys.com,\N,\N,\N,1,2013-07-26 08:00:00,2014-10-17 08:00:00
2344,Arto Heikkinen,Arto,Arto Arto Heikkinen,True,arto@wingtiptoys.com,False,\\xe035a8dea1b62977f01075740ad8c3e32e3d09bae0214e4eefe1ef26e62aac2c,False,False,False,"{ ""theme"": ""defaultblue"", ""layout"": ""default"", ""dateformat"": ""m/d/yy"", ""timezoneoffset"": ""-8"", ""favoritesondashboard"": ""true"" }",(215) 555-0100,(215) 555-0101,arto@wingtiptoys.com,\N,\N,\N,1,2014-06-19 08:00:00,2014-10-20 08:00:00
1269,Gaurav Sikdar,Gaurav,Gaurav Gaurav Sikdar,True,gaurav@tailspintoys.com,False,\\x138f0b341c854729c4a8962eb87b2feeffb035e29f23bbed0a81066f42bcf148,False,False,False,"{ ""theme"": ""defaultblue"", ""layout"": ""default"", ""dateformat"": ""m/d/yy"", ""timezoneoffset"": ""-8"", ""favoritesondashboard"": ""true"" }",(314) 555-0100,(314) 555-0101,gaurav@tailspintoys.com,\N,\N,\N,1,2014-07-30 08:00:00,2014-10-21 08:00:00
1207,Laboni Deb,Laboni,Laboni Laboni Deb,True,laboni@tailspintoys.com,False,\\x79d0c3889dbc311007e3a18ab4a37e90d4a6a69f1c73986d8ecbbb496b278ac0,False,False,False,"{ ""theme"": ""defaultblue"", ""layout"": ""default"", ""dateformat"": ""m/d/yy"", ""timezoneoffset"": ""-8"", ""favoritesondashboard"": ""true"" }",(207) 555-0100,(207) 555-0101,laboni@tailspintoys.com,\N,\N,\N,1,2014-01-08 08:00:00,2014-10-24 08:00:00
1048,Young-Tae Kim,Young-Tae,Young-Tae Young-Tae Kim,False,NO LOGON,False,\N,False,False,False,\N,(252) 555-0100,(252) 555-0101,young-tae@tailspintoys.com,\N,\N,\N,1,2013-01-01 00:00:00,2014-10-24 08:10:00
2170,Shiva Nair,Shiva,Shiva Shiva Nair,True,shiva@wingtiptoys.com,False,\\x63ec65b39f7723e28e57af050d3619cf2f63d0ab6dcffc90dee25a18418cdc0f,False,False,False,"{ ""theme"": ""defaultblue"", ""layout"": ""default"", ""dateformat"": ""m/d/yy"", ""timezoneoffset"": ""-8"", ""favoritesondashboard"": ""true"" }",(316) 555-0100,(316) 555-0101,shiva@wingtiptoys.com,\N,\N,\N,1,2014-09-05 08:10:00,2014-10-26 08:00:00
1082,Kalpana Mukherjee,Kalpana,Kalpana Kalpana Mukherjee,True,kalpana@tailspintoys.com,False,\\x58eb5db1218f1695ccf80bd3732029b91014623ed63947624c5aab5817227704,False,False,False,"{ ""theme"": ""defaultblue"", ""layout"": ""default"", ""dateformat"": ""m/d/yy"", ""timezoneoffset"": ""-8"", ""favoritesondashboard"": ""true"" }",(314) 555-0100,(314) 555-0101,kalpana@tailspintoys.com,\N,\N,\N,1,2014-06-27 08:00:00,2014-10-27 08:00:00
9,Alica Fatnowna,Alica,Alica Alica Fatnowna,True,alicaf@wideworldimporters.com,False,\\x7dfab08e9ac574c5b15cf19d18e5b3eb466eac7392f4295815b08221e78ea790,True,True,False,"{ ""theme"": ""defaultblue"", ""layout"": ""default"", ""dateformat"": ""m/d/yy"", ""timezoneoffset"": ""-8"", ""favoritesondashboard"": ""true"" }",(415) 555-0102,(415) 555-0103,alicaf@wideworldimporters.com,\N,\N,\N,1,2014-07-19 08:00:00,2014-10-27 08:00:00
1057,Karel Hanak,Karel,Karel Karel Hanak,True,karel@tailspintoys.com,False,\\xa24dd795a3024fef1330a312731843ac1fa4219c9f238916336ac7fd05696030,False,False,False,"{ ""theme"": ""defaultblue"", ""layout"": ""default"", ""dateformat"": ""m/d/yy"", ""timezoneoffset"": ""-8"", ""favoritesondashboard"": ""true"" }",(205) 555-0100,(205) 555-0101,karel@tailspintoys.com,\N,\N,\N,1,2014-07-04 08:00:00,2014-10-28 08:00:00
2227,Anda Liepa,Anda,Anda Anda Liepa,False,NO LOGON,False,\N,False,False,False,\N,(603) 555-0100,(603) 555-0101,anda@wingtiptoys.com,\N,\N,\N,1,2013-01-01 00:00:00,2014-10-28 08:10:00
2041,Nishant Patil,Nishant,Nishant Nishant Patil,True,nishant@wingtiptoys.com,False,\\x6992800e25d674edf9a6ad287a6009cc0ec4cd17ad641a2cc6b0324bde90001d,False,False,False,"{ ""theme"": ""defaultblue"", ""layout"": ""default"", ""dateformat"": ""m/d/yy"", ""timezoneoffset"": ""-8"", ""favoritesondashboard"": ""true"" }",(205) 555-0100,(205) 555-0101,nishant@wingtiptoys.com,\N,\N,\N,1,2014-06-18 08:00:00,2014-11-01 08:00:00
1289,Prasong Tuntayakul,Prasong,Prasong Prasong Tuntayakul,True,prasong@tailspintoys.com,False,\\x30bc048cc8a63cc96c3d62f6bd267477a1577ce59f473c30fbc626a4d604358b,False,False,False,"{ ""theme"": ""defaultblue"", ""layout"": ""default"", ""dateformat"": ""m/d/yy"", ""timezoneoffset"": ""-8"", ""favoritesondashboard"": ""true"" }",(201) 555-0100,(201) 555-0101,prasong@tailspintoys.com,\N,\N,\N,1,2014-04-19 08:00:00,2014-11-02 08:00:00
2320,Vitezslav Drdla,Vitezslav,Vitezslav Vitezslav Drdla,False,NO LOGON,False,\N,False,False,False,\N,(787) 555-0100,(787) 555-0101,vitezslav@wingtiptoys.com,\N,\N,\N,1,2013-01-01 00:00:00,2014-11-04 08:10:00
15,Taj Shand,Taj,Taj Taj Shand,True,tajs@wideworldimporters.com,False,\\x9aefeec0dbb0ea6b25f0eb99c62c724f18428d45799dcd8a7b63b859b0f8fcb4,True,True,True,"{ ""theme"": ""defaultblue"", ""layout"": ""default"", ""dateformat"": ""m/d/yy"", ""timezoneoffset"": ""-8"", ""favoritesondashboard"": ""true"" }",(415) 555-0102,(415) 555-0103,tajs@wideworldimporters.com,\N,\N,\N,1,2014-06-11 08:00:00,2014-11-07 08:00:00
3023,Francisca Laureano,Francisca,Francisca Francisca Laureano,True,francisca@example.com,False,\\xc27b24142be0660a89c07454ed9e0e2ca8b0f1faf0395ddbb46a76a8683f3755,False,False,False,"{ ""theme"": ""defaultblue"", ""layout"": ""default"", ""dateformat"": ""m/d/yy"", ""timezoneoffset"": ""-8"", ""favoritesondashboard"": ""true"" }",(319) 555-0100,(319) 555-0101,francisca@example.com,\N,\N,\N,1,2014-05-20 08:00:00,2014-11-09 08:00:00
3122,Sumati Chatterjee,Sumati,Sumati Sumati Chatterjee,True,sumati@example.com,False,\\x9a55477db8ed13cef780760caadca2a3b29d04a5f9972cee2e4d8b611a82ec7e,False,False,False,"{ ""theme"": ""defaultblue"", ""layout"": ""default"", ""dateformat"": ""m/d/yy"", ""timezoneoffset"": ""-8"", ""favoritesondashboard"": ""true"" }",(231) 555-0100,(231) 555-0101,sumati@example.com,\N,\N,\N,1,2014-07-04 08:10:00,2014-11-11 08:00:00
13,Hudson Hollinworth,Hudson,Hudson Hudson Hollinworth,True,hudsonh@wideworldimporters.com,False,\\x4ac0a24180c54f425ac88ca33b62136a37b6aaa1943bea14fc34e228eccc35c4,True,True,True,"{ ""theme"": ""defaultblue"", ""layout"": ""default"", ""dateformat"": ""m/d/yy"", ""timezoneoffset"": ""-8"", ""favoritesondashboard"": ""true"" }",(415) 555-0102,(415) 555-0103,hudsonh@wideworldimporters.com,\N,\N,\N,1,2013-11-04 08:00:00,2014-11-12 08:00:00
19,Jai Shand,Jai,Jai Jai Shand,True,jais@wideworldimporters.com,False,\\x84901d360414cd9127e1b83a9f9e7c6b940aa8bd888699388c9fa465dbd297da,True,True,False,"{ ""theme"": ""defaultblue"", ""layout"": ""default"", ""dateformat"": ""m/d/yy"", ""timezoneoffset"": ""-8"", ""favoritesondashboard"": ""true"" }",(415) 555-0102,(415) 555-0103,jais@wideworldimporters.com,\N,\N,\N,1,2014-05-15 08:00:00,2014-11-12 08:00:00
12,Henry Forlonge,Henry,Henry Henry Forlonge,True,henryf@wideworldimporters.com,False,\\x3f74bad95bd9059efcf80f983899e24369959fd488113aa2d7616823a91659cf,True,True,False,"{ ""theme"": ""defaultblue"", ""layout"": ""default"", ""dateformat"": ""m/d/yy"", ""timezoneoffset"": ""-8"", ""favoritesondashboard"": ""true"" }",(415) 555-0102,(415) 555-0103,henryf@wideworldimporters.com,\N,\N,\N,1,2014-05-12 08:00:00,2014-11-13 08:00:00
4,Isabella Rupp,Isabella,Isabella Isabella Rupp,True,isabellar@wideworldimporters.com,False,\\xb45e7c4e37c32fa9a5a3161b9db1c9c1e787bb7db424e7fd7a20895d4bfb5d31,True,True,False,"{ ""theme"": ""defaultblue"", ""layout"": ""default"", ""dateformat"": ""m/d/yy"", ""timezoneoffset"": ""-8"", ""favoritesondashboard"": ""true"" }",(415) 555-0102,(415) 555-0103,isabellar@wideworldimporters.com,\N,\N,\N,1,2014-09-16 08:00:00,2014-11-14 08:00:00
13,Hudson Hollinworth,Hudson,Hudson Hudson Hollinworth,True,hudsonh@wideworldimporters.com,False,\\x4ac0a24180c54f425ac88ca33b62136a37b6aaa1943bea14fc34e228eccc35c4,True,True,True,"{ ""theme"": ""defaultblue"", ""layout"": ""default"", ""dateformat"": ""m/d/yy"", ""timezoneoffset"": ""-8"", ""favoritesondashboard"": ""true"" }",(415) 555-0102,(415) 555-0103,hudsonh@wideworldimporters.com,\N,\N,\N,1,2014-11-12 08:00:00,2014-11-16 08:00:00
2373,Daniela Sal,Daniela,Daniela Daniela Sal,True,daniela@wingtiptoys.com,False,\\xeec53ed3eae7dc2ac179e11cc066b2df045e4e42cc8b27dac2468e5cc725ea93,False,False,False,"{ ""theme"": ""defaultblue"", ""layout"": ""default"", ""dateformat"": ""m/d/yy"", ""timezoneoffset"": ""-8"", ""favoritesondashboard"": ""true"" }",(210) 555-0100,(210) 555-0101,daniela@wingtiptoys.com,\N,\N,\N,1,2014-03-01 08:00:00,2014-11-19 08:00:00
2240,Antonio Trentini,Antonio,Antonio Antonio Trentini,True,antonio@wingtiptoys.com,False,\\x79383f2ed8f4952b610130e6ba4faada5bd630e39c31cdde997f0d38a7015ad2,False,False,False,"{ ""theme"": ""defaultblue"", ""layout"": ""default"", ""dateformat"": ""m/d/yy"", ""timezoneoffset"": ""-8"", ""favoritesondashboard"": ""true"" }",(270) 555-0100,(270) 555-0101,antonio@wingtiptoys.com,\N,\N,\N,1,2014-05-01 08:00:00,2014-11-21 08:00:00
2378,Tess Seegers,Tess,Tess Tess Seegers,True,tess@wingtiptoys.com,False,\\x83f66558336fc722fd7e18011b5bcc7edaf59e8eca35187432ca0d45d7ceeb33,False,False,False,"{ ""theme"": ""defaultblue"", ""layout"": ""default"", ""dateformat"": ""m/d/yy"", ""timezoneoffset"": ""-8"", ""favoritesondashboard"": ""true"" }",(605) 555-0100,(605) 555-0101,tess@wingtiptoys.com,\N,\N,\N,1,2014-05-09 08:00:00,2014-11-24 08:00:00
3122,Sumati Chatterjee,Sumati,Sumati Sumati Chatterjee,True,sumati@example.com,False,\\x9a55477db8ed13cef780760caadca2a3b29d04a5f9972cee2e4d8b611a82ec7e,False,False,False,"{ ""theme"": ""defaultblue"", ""layout"": ""default"", ""dateformat"": ""m/d/yy"", ""timezoneoffset"": ""-8"", ""favoritesondashboard"": ""true"" }",(231) 555-0100,(231) 555-0101,sumati@example.com,\N,\N,\N,1,2014-11-11 08:00:00,2014-11-24 08:00:00
2344,Arto Heikkinen,Arto,Arto Arto Heikkinen,True,arto@wingtiptoys.com,False,\\xe035a8dea1b62977f01075740ad8c3e32e3d09bae0214e4eefe1ef26e62aac2c,False,False,False,"{ ""theme"": ""defaultblue"", ""layout"": ""default"", ""dateformat"": ""m/d/yy"", ""timezoneoffset"": ""-8"", ""favoritesondashboard"": ""true"" }",(215) 555-0100,(215) 555-0101,arto@wingtiptoys.com,\N,\N,\N,1,2014-10-20 08:00:00,2014-11-25 08:00:00
9,Alica Fatnowna,Alica,Alica Alica Fatnowna,True,alicaf@wideworldimporters.com,False,\\x7dfab08e9ac574c5b15cf19d18e5b3eb466eac7392f4295815b08221e78ea790,True,True,False,"{ ""theme"": ""defaultblue"", ""layout"": ""default"", ""dateformat"": ""m/d/yy"", ""timezoneoffset"": ""-8"", ""favoritesondashboard"": ""true"" }",(415) 555-0102,(415) 555-0103,alicaf@wideworldimporters.com,\N,\N,\N,1,2014-10-27 08:00:00,2014-11-26 08:00:00
2240,Antonio Trentini,Antonio,Antonio Antonio Trentini,True,antonio@wingtiptoys.com,False,\\x79383f2ed8f4952b610130e6ba4faada5bd630e39c31cdde997f0d38a7015ad2,False,False,False,"{ ""theme"": ""defaultblue"", ""layout"": ""default"", ""dateformat"": ""m/d/yy"", ""timezoneoffset"": ""-8"", ""favoritesondashboard"": ""true"" }",(270) 555-0100,(270) 555-0101,antonio@wingtiptoys.com,\N,\N,\N,1,2014-11-21 08:00:00,2014-11-26 08:00:00
3022,Suparna Bhattacharya,Suparna,Suparna Suparna Bhattacharya,True,suparna@example.com,False,\\x993f573e9f4c4f2ca5860f64aa3c9d1ee7c96696118eec7c776962c93731ab89,False,False,False,"{ ""theme"": ""defaultblue"", ""layout"": ""default"", ""dateformat"": ""m/d/yy"", ""timezoneoffset"": ""-8"", ""favoritesondashboard"": ""true"" }",(314) 555-0100,(314) 555-0101,suparna@example.com,\N,\N,\N,1,2014-05-13 08:00:00,2014-11-27 08:00:00
2333,Severins Polis,Severins,Severins Severins Polis,True,severins@wingtiptoys.com,False,\\x3fae99a17cb466614c47264755c2c386d41fafcfba7850c4761503a7e9bebb36,False,False,False,"{ ""theme"": ""defaultblue"", ""layout"": ""default"", ""dateformat"": ""m/d/yy"", ""timezoneoffset"": ""-8"", ""favoritesondashboard"": ""true"" }",(216) 555-0100,(216) 555-0101,severins@wingtiptoys.com,\N,\N,\N,1,2014-08-12 08:00:00,2014-11-28 08:00:00
20,Jack Potter,Jack,Jack Jack Potter,True,jackp@wideworldimporters.com,False,\\x8024e8041c1f5bd98fe46983f98c2f5e53e2cd75bf4a6ef6ac13a299f10f714a,True,True,True,"{ ""theme"": ""defaultblue"", ""layout"": ""default"", ""dateformat"": ""m/d/yy"", ""timezoneoffset"": ""-8"", ""favoritesondashboard"": ""true"" }",(415) 555-0102,(415) 555-0103,jackp@wideworldimporters.com,\N,\N,\N,1,2014-01-28 08:00:00,2014-12-03 08:00:00
1256,Chompunut Jetjirawat,Chompunut,Chompunut Chompunut Jetjirawat,True,chompunut@tailspintoys.com,False,\\x7d4eecd17fd9c68bbd242f85ff26d9c203acd2348c1183690e67cf29bfe0f290,False,False,False,"{ ""theme"": ""defaultblue"", ""layout"": ""default"", ""dateformat"": ""m/d/yy"", ""timezoneoffset"": ""-8"", ""favoritesondashboard"": ""true"" }",(303) 555-0100,(303) 555-0101,chompunut@tailspintoys.com,\N,\N,\N,1,2014-10-17 08:00:00,2014-12-04 08:00:00
1229,Jagoda Vasiljevic,Jagoda,Jagoda Jagoda Vasiljevic,True,jagoda@tailspintoys.com,False,\\x016fb0f1c3667441a9a46ea0f04a4323acea511ab02538666d755fa44b27461b,False,False,False,"{ ""theme"": ""defaultblue"", ""layout"": ""default"", ""dateformat"": ""m/d/yy"", ""timezoneoffset"": ""-8"", ""favoritesondashboard"": ""true"" }",(252) 555-0100,(252) 555-0101,jagoda@tailspintoys.com,\N,\N,\N,1,2014-05-30 08:00:00,2014-12-06 08:00:00
1116,Marcel Marquis,Marcel,Marcel Marcel Marquis,False,NO LOGON,False,\N,False,False,False,\N,(276) 555-0100,(276) 555-0101,marcel@tailspintoys.com,\N,\N,\N,1,2013-01-01 00:00:00,2014-12-06 08:10:00
2012,Maxime Westerink,Maxime,Maxime Maxime Westerink,True,maxime@wingtiptoys.com,False,\\xb3b4406fbf78db50f08175147c894a308a4e2f56adfb002f73c599ee2f61fb4d,False,False,False,"{ ""theme"": ""defaultblue"", ""layout"": ""default"", ""dateformat"": ""m/d/yy"", ""timezoneoffset"": ""-8"", ""favoritesondashboard"": ""true"" }",(205) 555-0100,(205) 555-0101,maxime@wingtiptoys.com,\N,\N,\N,1,2014-08-12 08:10:00,2014-12-07 08:00:00
1057,Karel Hanak,Karel,Karel Karel Hanak,True,karel@tailspintoys.com,False,\\xa24dd795a3024fef1330a312731843ac1fa4219c9f238916336ac7fd05696030,False,False,False,"{ ""theme"": ""defaultblue"", ""layout"": ""default"", ""dateformat"": ""m/d/yy"", ""timezoneoffset"": ""-8"", ""favoritesondashboard"": ""true"" }",(205) 555-0100,(205) 555-0101,karel@tailspintoys.com,\N,\N,\N,1,2014-10-28 08:00:00,2014-12-07 08:00:00
19,Jai Shand,Jai,Jai Jai Shand,True,jais@wideworldimporters.com,False,\\x84901d360414cd9127e1b83a9f9e7c6b940aa8bd888699388c9fa465dbd297da,True,True,False,"{ ""theme"": ""defaultblue"", ""layout"": ""default"", ""dateformat"": ""m/d/yy"", ""timezoneoffset"": ""-8"", ""favoritesondashboard"": ""true"" }",(415) 555-0102,(415) 555-0103,jais@wideworldimporters.com,\N,\N,\N,1,2014-11-12 08:00:00,2014-12-08 08:00:00
20,Jack Potter,Jack,Jack Jack Potter,True,jackp@wideworldimporters.com,False,\\x8024e8041c1f5bd98fe46983f98c2f5e53e2cd75bf4a6ef6ac13a299f10f714a,True,True,True,"{ ""theme"": ""defaultblue"", ""layout"": ""default"", ""dateformat"": ""m/d/yy"", ""timezoneoffset"": ""-8"", ""favoritesondashboard"": ""true"" }",(415) 555-0102,(415) 555-0103,jackp@wideworldimporters.com,\N,\N,\N,1,2014-12-03 08:00:00,2014-12-09 08:00:00
9,Alica Fatnowna,Alica,Alica Alica Fatnowna,True,alicaf@wideworldimporters.com,False,\\x7dfab08e9ac574c5b15cf19d18e5b3eb466eac7392f4295815b08221e78ea790,True,True,False,"{ ""theme"": ""defaultblue"", ""layout"": ""default"", ""dateformat"": ""m/d/yy"", ""timezoneoffset"": ""-8"", ""favoritesondashboard"": ""true"" }",(415) 555-0102,(415) 555-0103,alicaf@wideworldimporters.com,\N,\N,\N,1,2014-11-26 08:00:00,2014-12-10 08:00:00
14,Lily Code,Lily,Lily Lily Code,True,lilyc@wideworldimporters.com,False,\\xd00658893b3f96277088b3c71dcfbf4df6e3947eedbf0c8da285efd5c7d4badd,True,True,True,"{ ""theme"": ""defaultblue"", ""layout"": ""default"", ""dateformat"": ""m/d/yy"", ""timezoneoffset"": ""-8"", ""favoritesondashboard"": ""true"" }",(415) 555-0102,(415) 555-0103,lilyc@wideworldimporters.com,\N,\N,\N,1,2014-10-04 08:00:00,2014-12-12 08:00:00
2320,Vitezslav Drdla,Vitezslav,Vitezslav Vitezslav Drdla,True,vitezslav@wingtiptoys.com,False,\\x395427ca6231c686c0e4306a596dabbb676e7610a05e1f8c8f97855c168f9937,False,False,False,"{ ""theme"": ""defaultblue"", ""layout"": ""default"", ""dateformat"": ""m/d/yy"", ""timezoneoffset"": ""-8"", ""favoritesondashboard"": ""true"" }",(787) 555-0100,(787) 555-0101,vitezslav@wingtiptoys.com,\N,\N,\N,1,2014-11-04 08:10:00,2014-12-13 08:00:00
3216,Aive Petrov,Aive,Aive Aive Petrov,True,aive@example.com,False,\\xe5200c985fac5a1e0614f36ebb0ecfa0f7c2125027bfa1c90a6fc01a6bce5b19,False,False,False,"{ ""theme"": ""defaultblue"", ""layout"": ""default"", ""dateformat"": ""m/d/yy"", ""timezoneoffset"": ""-8"", ""favoritesondashboard"": ""true"" }",(316) 555-0100,(316) 555-0101,aive@example.com,\N,\N,\N,1,2014-09-10 08:10:00,2014-12-14 08:00:00
1390,Gita Dutta,Gita,Gita Gita Dutta,False,NO LOGON,False,\N,False,False,False,\N,(803) 555-0100,(803) 555-0101,gita@tailspintoys.com,\N,\N,\N,1,2013-01-01 00:00:00,2014-12-15 08:10:00
2170,Shiva Nair,Shiva,Shiva Shiva Nair,True,shiva@wingtiptoys.com,False,\\x63ec65b39f7723e28e57af050d3619cf2f63d0ab6dcffc90dee25a18418cdc0f,False,False,False,"{ ""theme"": ""defaultblue"", ""layout"": ""default"", ""dateformat"": ""m/d/yy"", ""timezoneoffset"": ""-8"", ""favoritesondashboard"": ""true"" }",(316) 555-0100,(316) 555-0101,shiva@wingtiptoys.com,\N,\N,\N,1,2014-10-26 08:00:00,2014-12-16 08:00:00
3170,Isidora Urias,Isidora,Isidora Isidora Urias,True,isidora@example.com,False,\\xc9ce85c340fd4935157e5c7eb26a3820d33175949ba2a04ed668c6e1d32af88f,False,False,False,"{ ""theme"": ""defaultblue"", ""layout"": ""default"", ""dateformat"": ""m/d/yy"", ""timezoneoffset"": ""-8"", ""favoritesondashboard"": ""true"" }",(239) 555-0100,(239) 555-0101,isidora@example.com,\N,\N,\N,1,2014-09-21 08:00:00,2014-12-25 08:00:00
19,Jai Shand,Jai,Jai Jai Shand,True,jais@wideworldimporters.com,False,\\x84901d360414cd9127e1b83a9f9e7c6b940aa8bd888699388c9fa465dbd297da,True,True,False,"{ ""theme"": ""defaultblue"", ""layout"": ""default"", ""dateformat"": ""m/d/yy"", ""timezoneoffset"": ""-8"", ""favoritesondashboard"": ""true"" }",(415) 555-0102,(415) 555-0103,jais@wideworldimporters.com,\N,\N,\N,1,2014-12-08 08:00:00,2014-12-25 08:00:00
4,Isabella Rupp,Isabella,Isabella Isabella Rupp,True,isabellar@wideworldimporters.com,False,\\xb45e7c4e37c32fa9a5a3161b9db1c9c1e787bb7db424e7fd7a20895d4bfb5d31,True,True,False,"{ ""theme"": ""defaultblue"", ""layout"": ""default"", ""dateformat"": ""m/d/yy"", ""timezoneoffset"": ""-8"", ""favoritesondashboard"": ""true"" }",(415) 555-0102,(415) 555-0103,isabellar@wideworldimporters.com,\N,\N,\N,1,2014-11-14 08:00:00,2015-01-02 08:00:00
2344,Arto Heikkinen,Arto,Arto Arto Heikkinen,True,arto@wingtiptoys.com,False,\\xe035a8dea1b62977f01075740ad8c3e32e3d09bae0214e4eefe1ef26e62aac2c,False,False,False,"{ ""theme"": ""defaultblue"", ""layout"": ""default"", ""dateformat"": ""m/d/yy"", ""timezoneoffset"": ""-8"", ""favoritesondashboard"": ""true"" }",(215) 555-0100,(215) 555-0101,arto@wingtiptoys.com,\N,\N,\N,1,2014-11-25 08:00:00,2015-01-04 08:00:00
2170,Shiva Nair,Shiva,Shiva Shiva Nair,True,shiva@wingtiptoys.com,False,\\x63ec65b39f7723e28e57af050d3619cf2f63d0ab6dcffc90dee25a18418cdc0f,False,False,False,"{ ""theme"": ""defaultblue"", ""layout"": ""default"", ""dateformat"": ""m/d/yy"", ""timezoneoffset"": ""-8"", ""favoritesondashboard"": ""true"" }",(316) 555-0100,(316) 555-0101,shiva@wingtiptoys.com,\N,\N,\N,1,2014-12-16 08:00:00,2015-01-05 08:00:00
1269,Gaurav Sikdar,Gaurav,Gaurav Gaurav Sikdar,True,gaurav@tailspintoys.com,False,\\x138f0b341c854729c4a8962eb87b2feeffb035e29f23bbed0a81066f42bcf148,False,False,False,"{ ""theme"": ""defaultblue"", ""layout"": ""default"", ""dateformat"": ""m/d/yy"", ""timezoneoffset"": ""-8"", ""favoritesondashboard"": ""true"" }",(314) 555-0100,(314) 555-0101,gaurav@tailspintoys.com,\N,\N,\N,1,2014-10-21 08:00:00,2015-01-09 08:00:00
2227,Anda Liepa,Anda,Anda Anda Liepa,True,anda@wingtiptoys.com,False,\\xda7139587c9eaa854628e7f72dcfd34aed0b8e5e508a86ec59c616c5c91dfd9f,False,False,False,"{ ""theme"": ""defaultblue"", ""layout"": ""default"", ""dateformat"": ""m/d/yy"", ""timezoneoffset"": ""-8"", ""favoritesondashboard"": ""true"" }",(603) 555-0100,(603) 555-0101,anda@wingtiptoys.com,\N,\N,\N,1,2014-10-28 08:10:00,2015-01-13 08:00:00
2,Kayla Woodcock,Kayla,Kayla Kayla Woodcock,True,kaylaw@wideworldimporters.com,False,\\x616e9b558976525e7f14d780ebae80c68586958dc97c506db418e2e2c49e340e,True,True,True,"{ ""theme"": ""defaultblue"", ""layout"": ""default"", ""dateformat"": ""m/d/yy"", ""timezoneoffset"": ""-8"", ""favoritesondashboard"": ""true"" }",(415) 555-0102,(415) 555-0103,kaylaw@wideworldimporters.com,\N,\N,\N,1,2014-05-31 08:00:00,2015-01-15 08:00:00
2265,Vanita Bhowmick,Vanita,Vanita Vanita Bhowmick,True,vanita@wingtiptoys.com,False,\\xe079b6c3b24b2fea525a83e73aaf3549f40599fb211cf1e376f2eb761623b908,False,False,False,"{ ""theme"": ""defaultblue"", ""layout"": ""default"", ""dateformat"": ""m/d/yy"", ""timezoneoffset"": ""-8"", ""favoritesondashboard"": ""true"" }",(405) 555-0100,(405) 555-0101,vanita@wingtiptoys.com,\N,\N,\N,1,2014-06-15 08:00:00,2015-01-17 08:00:00
2206,Lana Larsson,Lana,Lana Lana Larsson,True,lana@wingtiptoys.com,False,\\xd6a383758ba31967f1a8044859c5460281408aac4f444c809f0df91f85d8852e,False,False,False,"{ ""theme"": ""defaultblue"", ""layout"": ""default"", ""dateformat"": ""m/d/yy"", ""timezoneoffset"": ""-8"", ""favoritesondashboard"": ""true"" }",(252) 555-0100,(252) 555-0101,lana@wingtiptoys.com,\N,\N,\N,1,2013-12-24 08:00:00,2015-01-18 08:00:00
2366,Constanta Dita,Constanta,Constanta Constanta Dita,True,constanta@wingtiptoys.com,False,\\x7415a4b167f68d4ffcce2305e2b6ac9c95ec31c995eaf5eaa3dbe3c70be959be,False,False,False,"{ ""theme"": ""defaultblue"", ""layout"": ""default"", ""dateformat"": ""m/d/yy"", ""timezoneoffset"": ""-8"", ""favoritesondashboard"": ""true"" }",(209) 555-0100,(209) 555-0101,constanta@wingtiptoys.com,\N,\N,\N,1,2014-07-06 08:00:00,2015-01-19 08:00:00
3216,Aive Petrov,Aive,Aive Aive Petrov,True,aive@example.com,False,\\xe5200c985fac5a1e0614f36ebb0ecfa0f7c2125027bfa1c90a6fc01a6bce5b19,False,False,False,"{ ""theme"": ""defaultblue"", ""layout"": ""default"", ""dateformat"": ""m/d/yy"", ""timezoneoffset"": ""-8"", ""favoritesondashboard"": ""true"" }",(316) 555-0100,(316) 555-0101,aive@example.com,\N,\N,\N,1,2014-12-14 08:00:00,2015-01-20 08:00:00
2109,Ilse Sandell,Ilse,Ilse Ilse Sandell,True,ilse@wingtiptoys.com,False,\\x55f57e4f7128d52a46f7f6b0540f82fa1afe89bb819d3484e9265f0435552c48,False,False,False,"{ ""theme"": ""defaultblue"", ""layout"": ""default"", ""dateformat"": ""m/d/yy"", ""timezoneoffset"": ""-8"", ""favoritesondashboard"": ""true"" }",(209) 555-0100,(209) 555-0101,ilse@wingtiptoys.com,\N,\N,\N,1,2014-08-28 08:00:00,2015-01-22 08:00:00
1339,Daniella Barbosa,Daniella,Daniella Daniella Barbosa,True,daniella@tailspintoys.com,False,\\xabe5e48dc5339724c6832dbdfe467781e534e01aa40e51a858db3ba0d60b8a6c,False,False,False,"{ ""theme"": ""defaultblue"", ""layout"": ""default"", ""dateformat"": ""m/d/yy"", ""timezoneoffset"": ""-8"", ""favoritesondashboard"": ""true"" }",(212) 555-0100,(212) 555-0101,daniella@tailspintoys.com,\N,\N,\N,1,2014-02-24 08:00:00,2015-01-26 08:00:00
1057,Karel Hanak,Karel,Karel Karel Hanak,True,karel@tailspintoys.com,False,\\xa24dd795a3024fef1330a312731843ac1fa4219c9f238916336ac7fd05696030,False,False,False,"{ ""theme"": ""defaultblue"", ""layout"": ""default"", ""dateformat"": ""m/d/yy"", ""timezoneoffset"": ""-8"", ""favoritesondashboard"": ""true"" }",(205) 555-0100,(205) 555-0101,karel@tailspintoys.com,\N,\N,\N,1,2014-12-07 08:00:00,2015-01-27 08:00:00
2109,Ilse Sandell,Ilse,Ilse Ilse Sandell,True,ilse@wingtiptoys.com,False,\\x55f57e4f7128d52a46f7f6b0540f82fa1afe89bb819d3484e9265f0435552c48,False,False,False,"{ ""theme"": ""defaultblue"", ""layout"": ""default"", ""dateformat"": ""m/d/yy"", ""timezoneoffset"": ""-8"", ""favoritesondashboard"": ""true"" }",(209) 555-0100,(209) 555-0101,ilse@wingtiptoys.com,\N,\N,\N,1,2015-01-22 08:00:00,2015-01-29 08:00:00
1057,Karel Hanak,Karel,Karel Karel Hanak,True,karel@tailspintoys.com,False,\\xa24dd795a3024fef1330a312731843ac1fa4219c9f238916336ac7fd05696030,False,False,False,"{ ""theme"": ""defaultblue"", ""layout"": ""default"", ""dateformat"": ""m/d/yy"", ""timezoneoffset"": ""-8"", ""favoritesondashboard"": ""true"" }",(205) 555-0100,(205) 555-0101,karel@tailspintoys.com,\N,\N,\N,1,2015-01-27 08:00:00,2015-01-29 08:00:00
2041,Nishant Patil,Nishant,Nishant Nishant Patil,True,nishant@wingtiptoys.com,False,\\x6992800e25d674edf9a6ad287a6009cc0ec4cd17ad641a2cc6b0324bde90001d,False,False,False,"{ ""theme"": ""defaultblue"", ""layout"": ""default"", ""dateformat"": ""m/d/yy"", ""timezoneoffset"": ""-8"", ""favoritesondashboard"": ""true"" }",(205) 555-0100,(205) 555-0101,nishant@wingtiptoys.com,\N,\N,\N,1,2014-11-01 08:00:00,2015-01-31 08:00:00
1224,Be Dang,Be,Be Be Dang,False,NO LOGON,False,\N,False,False,False,\N,(316) 555-0100,(316) 555-0101,be@tailspintoys.com,\N,\N,\N,1,2013-01-01 00:00:00,2015-01-31 08:10:00
20,Jack Potter,Jack,Jack Jack Potter,True,jackp@wideworldimporters.com,False,\\x8024e8041c1f5bd98fe46983f98c2f5e53e2cd75bf4a6ef6ac13a299f10f714a,True,True,True,"{ ""theme"": ""defaultblue"", ""layout"": ""default"", ""dateformat"": ""m/d/yy"", ""timezoneoffset"": ""-8"", ""favoritesondashboard"": ""true"" }",(415) 555-0102,(415) 555-0103,jackp@wideworldimporters.com,\N,\N,\N,1,2014-12-09 08:00:00,2015-02-02 08:00:00
2241,omer ozbek,omer,omer omer ozbek,True,omer@wingtiptoys.com,False,\\xa13eaf24b4106d72f5a8dc159295581d219b490b6349973d2a5b7077f8731a3d,False,False,False,"{ ""theme"": ""defaultblue"", ""layout"": ""default"", ""dateformat"": ""m/d/yy"", ""timezoneoffset"": ""-8"", ""favoritesondashboard"": ""true"" }",(205) 555-0100,(205) 555-0101,omer@wingtiptoys.com,\N,\N,\N,1,2014-03-24 08:10:00,2015-02-03 08:00:00
1229,Jagoda Vasiljevic,Jagoda,Jagoda Jagoda Vasiljevic,True,jagoda@tailspintoys.com,False,\\x016fb0f1c3667441a9a46ea0f04a4323acea511ab02538666d755fa44b27461b,False,False,False,"{ ""theme"": ""defaultblue"", ""layout"": ""default"", ""dateformat"": ""m/d/yy"", ""timezoneoffset"": ""-8"", ""favoritesondashboard"": ""true"" }",(252) 555-0100,(252) 555-0101,jagoda@tailspintoys.com,\N,\N,\N,1,2014-12-06 08:00:00,2015-02-05 08:00:00
3194,Libuse Kuchtova,Libuse,Libuse Libuse Kuchtova,False,NO LOGON,False,\N,False,False,False,\N,(210) 555-0100,(210) 555-0101,libuse@example.com,\N,\N,\N,1,2013-01-01 00:00:00,2015-02-05 08:10:00
3,Hudson Onslow,Hudson,Hudson Hudson Onslow,True,hudsono@wideworldimporters.com,False,\\x23668ccc579015ea934736c3d7b87e86360eb5eee164c4368a7b103c11e3436e,True,True,True,"{ ""theme"": ""defaultblue"", ""layout"": ""default"", ""dateformat"": ""m/d/yy"", ""timezoneoffset"": ""-8"", ""favoritesondashboard"": ""true"" }",(415) 555-0102,(415) 555-0103,hudsono@wideworldimporters.com,\N,\N,\N,1,2014-03-24 08:00:00,2015-02-06 08:00:00
1289,Prasong Tuntayakul,Prasong,Prasong Prasong Tuntayakul,True,prasong@tailspintoys.com,False,\\x30bc048cc8a63cc96c3d62f6bd267477a1577ce59f473c30fbc626a4d604358b,False,False,False,"{ ""theme"": ""defaultblue"", ""layout"": ""default"", ""dateformat"": ""m/d/yy"", ""timezoneoffset"": ""-8"", ""favoritesondashboard"": ""true"" }",(201) 555-0100,(201) 555-0101,prasong@tailspintoys.com,\N,\N,\N,1,2014-11-02 08:00:00,2015-02-06 08:00:00
2227,Anda Liepa,Anda,Anda Anda Liepa,True,anda@wingtiptoys.com,False,\\xda7139587c9eaa854628e7f72dcfd34aed0b8e5e508a86ec59c616c5c91dfd9f,False,False,False,"{ ""theme"": ""defaultblue"", ""layout"": ""default"", ""dateformat"": ""m/d/yy"", ""timezoneoffset"": ""-8"", ""favoritesondashboard"": ""true"" }",(603) 555-0100,(603) 555-0101,anda@wingtiptoys.com,\N,\N,\N,1,2015-01-13 08:00:00,2015-02-10 08:00:00
2109,Ilse Sandell,Ilse,Ilse Ilse Sandell,True,ilse@wingtiptoys.com,False,\\x55f57e4f7128d52a46f7f6b0540f82fa1afe89bb819d3484e9265f0435552c48,False,False,False,"{ ""theme"": ""defaultblue"", ""layout"": ""default"", ""dateformat"": ""m/d/yy"", ""timezoneoffset"": ""-8"", ""favoritesondashboard"": ""true"" }",(209) 555-0100,(209) 555-0101,ilse@wingtiptoys.com,\N,\N,\N,1,2015-01-29 08:00:00,2015-02-10 08:00:00
1314,Nasrin Fard,Nasrin,Nasrin Nasrin Fard,False,NO LOGON,False,\N,False,False,False,\N,(205) 555-0100,(205) 555-0101,nasrin@tailspintoys.com,\N,\N,\N,1,2013-01-01 00:00:00,2015-02-11 08:10:00
3132,Nicolo Cattaneo,Nicolo,Nicolo Nicolo Cattaneo,True,nicolo@example.com,False,\\xc40e808b3da9623e9ebeb74d483818543ea84143fdf0399926b4302746fd614c,False,False,False,"{ ""theme"": ""defaultblue"", ""layout"": ""default"", ""dateformat"": ""m/d/yy"", ""timezoneoffset"": ""-8"", ""favoritesondashboard"": ""true"" }",(212) 555-0100,(212) 555-0101,nicolo@example.com,\N,\N,\N,1,2014-04-26 08:00:00,2015-02-12 08:00:00
2298,Wander Ellenbroek,Wander,Wander Wander Ellenbroek,True,wander@wingtiptoys.com,False,\\x2cd57e45b1845b5e6423f2ea24199afbec8a71c6aeecbacf591c8c1a6d406b87,False,False,False,"{ ""theme"": ""defaultblue"", ""layout"": ""default"", ""dateformat"": ""m/d/yy"", ""timezoneoffset"": ""-8"", ""favoritesondashboard"": ""true"" }",(212) 555-0100,(212) 555-0101,wander@wingtiptoys.com,\N,\N,\N,1,2014-07-08 08:00:00,2015-02-12 08:00:00
1104,Liia Mae,Liia,Liia Liia Mae,True,liia@tailspintoys.com,False,\\x7e280872fa8a542b0aa600a7698e352927b598821fc11f904e33c764b18c23de,False,False,False,"{ ""theme"": ""defaultblue"", ""layout"": ""default"", ""dateformat"": ""m/d/yy"", ""timezoneoffset"": ""-8"", ""favoritesondashboard"": ""true"" }",(209) 555-0100,(209) 555-0101,liia@tailspintoys.com,\N,\N,\N,1,2014-08-11 08:00:00,2015-02-13 08:00:00
3022,Suparna Bhattacharya,Suparna,Suparna Suparna Bhattacharya,True,suparna@example.com,False,\\x993f573e9f4c4f2ca5860f64aa3c9d1ee7c96696118eec7c776962c93731ab89,False,False,False,"{ ""theme"": ""defaultblue"", ""layout"": ""default"", ""dateformat"": ""m/d/yy"", ""timezoneoffset"": ""-8"", ""favoritesondashboard"": ""true"" }",(314) 555-0100,(314) 555-0101,suparna@example.com,\N,\N,\N,1,2014-11-27 08:00:00,2015-02-13 08:00:00
2170,Shiva Nair,Shiva,Shiva Shiva Nair,True,shiva@wingtiptoys.com,False,\\x63ec65b39f7723e28e57af050d3619cf2f63d0ab6dcffc90dee25a18418cdc0f,False,False,False,"{ ""theme"": ""defaultblue"", ""layout"": ""default"", ""dateformat"": ""m/d/yy"", ""timezoneoffset"": ""-8"", ""favoritesondashboard"": ""true"" }",(316) 555-0100,(316) 555-0101,shiva@wingtiptoys.com,\N,\N,\N,1,2015-01-05 08:00:00,2015-02-21 08:00:00
2265,Vanita Bhowmick,Vanita,Vanita Vanita Bhowmick,True,vanita@wingtiptoys.com,False,\\xe079b6c3b24b2fea525a83e73aaf3549f40599fb211cf1e376f2eb761623b908,False,False,False,"{ ""theme"": ""defaultblue"", ""layout"": ""default"", ""dateformat"": ""m/d/yy"", ""timezoneoffset"": ""-8"", ""favoritesondashboard"": ""true"" }",(405) 555-0100,(405) 555-0101,vanita@wingtiptoys.com,\N,\N,\N,1,2015-01-17 08:00:00,2015-02-23 08:00:00
1252,Markus Kantee,Markus,Markus Markus Kantee,True,markus@tailspintoys.com,False,\\x23354c16e4ecc18e107a070a1d6bed07505f14608ef87400a1523ec74fbee5a9,False,False,False,"{ ""theme"": ""defaultblue"", ""layout"": ""default"", ""dateformat"": ""m/d/yy"", ""timezoneoffset"": ""-8"", ""favoritesondashboard"": ""true"" }",(201) 555-0100,(201) 555-0101,markus@tailspintoys.com,\N,\N,\N,1,2014-07-16 08:10:00,2015-02-25 08:00:00
3062,Lana Goransson,Lana,Lana Lana Goransson,True,lana@example.com,False,\\x17a4dbbe7d13cfd1533b17988c0069bd6b7de4600443e871b360098442ad4e74,False,False,False,"{ ""theme"": ""defaultblue"", ""layout"": ""default"", ""dateformat"": ""m/d/yy"", ""timezoneoffset"": ""-8"", ""favoritesondashboard"": ""true"" }",(212) 555-0100,(212) 555-0101,lana@example.com,\N,\N,\N,1,2014-08-28 08:00:00,2015-02-25 08:00:00
1231,Toma Nastase,Toma,Toma Toma Nastase,False,NO LOGON,False,\N,False,False,False,\N,(787) 555-0100,(787) 555-0101,toma@tailspintoys.com,\N,\N,\N,1,2013-01-01 00:00:00,2015-02-26 08:10:00
39,Eliza Soderberg,Eliza,Eliza Eliza Soderberg,True,elizas@northwindelectriccars.com,False,\\x2787527c41f2131b0c1314fa84d727bca95a6af9f7f3dd5a028344e4bd5e1b87,True,False,False,"{ ""theme"": ""defaultblue"", ""layout"": ""default"", ""dateformat"": ""m/d/yy"", ""timezoneoffset"": ""-8"", ""favoritesondashboard"": ""true"" }",(201) 555-0101,(201) 555-0106,elizas@northwindelectriccars.com,\N,\N,\N,1,2014-09-30 08:10:00,2015-02-28 08:00:00
17,Piper Koch,Piper,Piper Piper Koch,True,piperk@wideworldimporters.com,False,\\x61d8d0828e55e8895e216b88fe98cba6b5940992279d74992aaa2563f4e66715,True,True,False,"{ ""theme"": ""defaultblue"", ""layout"": ""default"", ""dateformat"": ""m/d/yy"", ""timezoneoffset"": ""-8"", ""favoritesondashboard"": ""true"" }",(415) 555-0102,(415) 555-0103,piperk@wideworldimporters.com,\N,\N,\N,1,2014-04-24 08:00:00,2015-03-03 08:00:00
38,Matheus Oliveira,Matheus,Matheus Matheus Oliveira,True,matheuso@nodpublishers.com,False,\\x80de4f3879785996d9754010c8e90c24c3d82bf929d5726e9a69418d772ac046,True,False,False,"{ ""theme"": ""defaultblue"", ""layout"": ""default"", ""dateformat"": ""m/d/yy"", ""timezoneoffset"": ""-8"", ""favoritesondashboard"": ""true"" }",(252) 555-0107,(252) 555-0101,matheuso@nodpublishers.com,\N,\N,\N,1,2014-04-25 08:10:00,2015-03-03 08:00:00
3023,Francisca Laureano,Francisca,Francisca Francisca Laureano,True,francisca@example.com,False,\\xc27b24142be0660a89c07454ed9e0e2ca8b0f1faf0395ddbb46a76a8683f3755,False,False,False,"{ ""theme"": ""defaultblue"", ""layout"": ""default"", ""dateformat"": ""m/d/yy"", ""timezoneoffset"": ""-8"", ""favoritesondashboard"": ""true"" }",(319) 555-0100,(319) 555-0101,francisca@example.com,\N,\N,\N,1,2014-11-09 08:00:00,2015-03-04 08:00:00
3202,Stefan Selezeanu,Stefan,Stefan Stefan Selezeanu,False,NO LOGON,False,\N,False,False,False,\N,(212) 555-0100,(212) 555-0101,stefan@example.com,\N,\N,\N,1,2013-02-22 00:00:00,2015-03-04 08:10:00
1352,Sudhir Yadav,Sudhir,Sudhir Sudhir Yadav,False,NO LOGON,False,\N,False,False,False,\N,(206) 555-0100,(206) 555-0101,sudhir@tailspintoys.com,\N,\N,\N,1,2013-01-01 00:00:00,2015-03-05 08:10:00
3196,Laszlo Gardenier,Laszlo,Laszlo Laszlo Gardenier,True,laszlo@example.com,False,\\x5bb798fe452969148eb44c38a5e5c1848bc1b828343a795630e4bef3cc430bca,False,False,False,"{ ""theme"": ""defaultblue"", ""layout"": ""default"", ""dateformat"": ""m/d/yy"", ""timezoneoffset"": ""-8"", ""favoritesondashboard"": ""true"" }",(215) 555-0100,(215) 555-0101,laszlo@example.com,\N,\N,\N,1,2014-09-13 08:00:00,2015-03-07 08:00:00
2024,Tajana Lovric,Tajana,Tajana Tajana Lovric,False,NO LOGON,False,\N,False,False,False,\N,(406) 555-0100,(406) 555-0101,tajana@wingtiptoys.com,\N,\N,\N,1,2013-01-01 00:00:00,2015-03-07 08:10:00
2320,Vitezslav Drdla,Vitezslav,Vitezslav Vitezslav Drdla,True,vitezslav@wingtiptoys.com,False,\\x395427ca6231c686c0e4306a596dabbb676e7610a05e1f8c8f97855c168f9937,False,False,False,"{ ""theme"": ""defaultblue"", ""layout"": ""default"", ""dateformat"": ""m/d/yy"", ""timezoneoffset"": ""-8"", ""favoritesondashboard"": ""true"" }",(787) 555-0100,(787) 555-0101,vitezslav@wingtiptoys.com,\N,\N,\N,1,2014-12-13 08:00:00,2015-03-08 08:00:00
2206,Lana Larsson,Lana,Lana Lana Larsson,True,lana@wingtiptoys.com,False,\\xd6a383758ba31967f1a8044859c5460281408aac4f444c809f0df91f85d8852e,False,False,False,"{ ""theme"": ""defaultblue"", ""layout"": ""default"", ""dateformat"": ""m/d/yy"", ""timezoneoffset"": ""-8"", ""favoritesondashboard"": ""true"" }",(252) 555-0100,(252) 555-0101,lana@wingtiptoys.com,\N,\N,\N,1,2015-01-18 08:00:00,2015-03-12 08:00:00
2109,Ilse Sandell,Ilse,Ilse Ilse Sandell,True,ilse@wingtiptoys.com,False,\\x55f57e4f7128d52a46f7f6b0540f82fa1afe89bb819d3484e9265f0435552c48,False,False,False,"{ ""theme"": ""defaultblue"", ""layout"": ""default"", ""dateformat"": ""m/d/yy"", ""timezoneoffset"": ""-8"", ""favoritesondashboard"": ""true"" }",(209) 555-0100,(209) 555-0101,ilse@wingtiptoys.com,\N,\N,\N,1,2015-02-10 08:00:00,2015-03-13 08:00:00
2041,Nishant Patil,Nishant,Nishant Nishant Patil,True,nishant@wingtiptoys.com,False,\\x6992800e25d674edf9a6ad287a6009cc0ec4cd17ad641a2cc6b0324bde90001d,False,False,False,"{ ""theme"": ""defaultblue"", ""layout"": ""default"", ""dateformat"": ""m/d/yy"", ""timezoneoffset"": ""-8"", ""favoritesondashboard"": ""true"" }",(205) 555-0100,(205) 555-0101,nishant@wingtiptoys.com,\N,\N,\N,1,2015-01-31 08:00:00,2015-03-15 08:00:00
1314,Nasrin Fard,Nasrin,Nasrin Nasrin Fard,True,nasrin@tailspintoys.com,False,\\x6e0c8af2e955bfd02744b86bcbc562b97c3b8486ecb7001f419c8d646a11f95d,False,False,False,"{ ""theme"": ""defaultblue"", ""layout"": ""default"", ""dateformat"": ""m/d/yy"", ""timezoneoffset"": ""-8"", ""favoritesondashboard"": ""true"" }",(205) 555-0100,(205) 555-0101,nasrin@tailspintoys.com,\N,\N,\N,1,2015-02-11 08:10:00,2015-03-16 08:00:00
1098,Raimonds Kalnins,Raimonds,Raimonds Raimonds Kalnins,True,raimonds@tailspintoys.com,False,\\x3e4618ee9ab5fdc0f7d33cdfec2e971723a3bb554f32e4ff8c5d0d7d95503885,False,False,False,"{ ""theme"": ""defaultblue"", ""layout"": ""default"", ""dateformat"": ""m/d/yy"", ""timezoneoffset"": ""-8"", ""favoritesondashboard"": ""true"" }",(231) 555-0100,(231) 555-0101,raimonds@tailspintoys.com,\N,\N,\N,1,2014-07-19 08:10:00,2015-03-18 08:00:00
2353,Taner YÄ±lmaz,Taner,Taner Taner YÄ±lmaz,True,taner@wingtiptoys.com,False,\\x7080cc5b299d9c1012d4d4961e92721c50a4125f3f80ba10b902f8f206908f60,False,False,False,"{ ""theme"": ""defaultblue"", ""layout"": ""default"", ""dateformat"": ""m/d/yy"", ""timezoneoffset"": ""-8"", ""favoritesondashboard"": ""true"" }",(212) 555-0100,(212) 555-0101,taner@wingtiptoys.com,\N,\N,\N,1,2014-10-11 08:00:00,2015-03-21 08:00:00
3029,Jack Walker,Jack,Jack Jack Walker,False,NO LOGON,False,\N,False,False,False,\N,(316) 555-0100,(316) 555-0101,jack@example.com,\N,\N,\N,1,2013-01-01 00:00:00,2015-03-22 08:10:00
2272,Diego Buccho,Diego,Diego Diego Buccho,True,diego@wingtiptoys.com,False,\\x3c76c2d4c3fb3209fe645e3939dbcae1dcb54bec316c64e266c10a424a3d296b,False,False,False,"{ ""theme"": ""defaultblue"", ""layout"": ""default"", ""dateformat"": ""m/d/yy"", ""timezoneoffset"": ""-8"", ""favoritesondashboard"": ""true"" }",(605) 555-0100,(605) 555-0101,diego@wingtiptoys.com,\N,\N,\N,1,2014-06-24 08:10:00,2015-03-23 08:00:00
1223,Ingrida Celmina,Ingrida,Ingrida Ingrida Celmina,True,ingrida@tailspintoys.com,False,\\x7a32ac0bd4f01bf8524352ce31ea42336df054d9f53604b5cf479d3ebd038db7,False,False,False,"{ ""theme"": ""defaultblue"", ""layout"": ""default"", ""dateformat"": ""m/d/yy"", ""timezoneoffset"": ""-8"", ""favoritesondashboard"": ""true"" }",(316) 555-0100,(316) 555-0101,ingrida@tailspintoys.com,\N,\N,\N,1,2014-08-16 08:00:00,2015-03-24 08:00:00
3062,Lana Goransson,Lana,Lana Lana Goransson,True,lana@example.com,False,\\x17a4dbbe7d13cfd1533b17988c0069bd6b7de4600443e871b360098442ad4e74,False,False,False,"{ ""theme"": ""defaultblue"", ""layout"": ""default"", ""dateformat"": ""m/d/yy"", ""timezoneoffset"": ""-8"", ""favoritesondashboard"": ""true"" }",(212) 555-0100,(212) 555-0101,lana@example.com,\N,\N,\N,1,2015-02-25 08:00:00,2015-03-24 08:00:00
3102,Kamila Michnova,Kamila,Kamila Kamila Michnova,False,NO LOGON,False,\N,False,False,False,\N,(210) 555-0100,(210) 555-0101,kamila@example.com,\N,\N,\N,1,2013-01-01 00:00:00,2015-03-24 08:10:00
17,Piper Koch,Piper,Piper Piper Koch,True,piperk@wideworldimporters.com,False,\\x61d8d0828e55e8895e216b88fe98cba6b5940992279d74992aaa2563f4e66715,True,True,False,"{ ""theme"": ""defaultblue"", ""layout"": ""default"", ""dateformat"": ""m/d/yy"", ""timezoneoffset"": ""-8"", ""favoritesondashboard"": ""true"" }",(415) 555-0102,(415) 555-0103,piperk@wideworldimporters.com,\N,\N,\N,1,2015-03-03 08:00:00,2015-03-26 08:00:00
2156,Roman Tomek,Roman,Roman Roman Tomek,False,NO LOGON,False,\N,False,False,False,\N,(215) 555-0100,(215) 555-0101,roman@wingtiptoys.com,\N,\N,\N,1,2013-01-01 00:00:00,2015-03-26 08:10:00
3186,Neil Farrelly,Neil,Neil Neil Farrelly,False,NO LOGON,False,\N,False,False,False,\N,(215) 555-0100,(215) 555-0101,neil@example.com,\N,\N,\N,1,2013-01-01 00:00:00,2015-03-27 08:10:00
3126,Richard Friar,Richard,Richard Richard Friar,False,NO LOGON,False,\N,False,False,False,\N,(339) 555-0100,(339) 555-0101,richard@example.com,\N,\N,\N,1,2013-01-01 00:00:00,2015-03-28 08:10:00
3170,Isidora Urias,Isidora,Isidora Isidora Urias,True,isidora@example.com,False,\\xc9ce85c340fd4935157e5c7eb26a3820d33175949ba2a04ed668c6e1d32af88f,False,False,False,"{ ""theme"": ""defaultblue"", ""layout"": ""default"", ""dateformat"": ""m/d/yy"", ""timezoneoffset"": ""-8"", ""favoritesondashboard"": ""true"" }",(239) 555-0100,(239) 555-0101,isidora@example.com,\N,\N,\N,1,2014-12-25 08:00:00,2015-03-29 08:00:00
2298,Wander Ellenbroek,Wander,Wander Wander Ellenbroek,True,wander@wingtiptoys.com,False,\\x2cd57e45b1845b5e6423f2ea24199afbec8a71c6aeecbacf591c8c1a6d406b87,False,False,False,"{ ""theme"": ""defaultblue"", ""layout"": ""default"", ""dateformat"": ""m/d/yy"", ""timezoneoffset"": ""-8"", ""favoritesondashboard"": ""true"" }",(212) 555-0100,(212) 555-0101,wander@wingtiptoys.com,\N,\N,\N,1,2015-02-12 08:00:00,2015-03-30 08:00:00
2270,Trishna Benipal,Trishna,Trishna Trishna Benipal,True,trishna@wingtiptoys.com,False,\\xe33420e601e303daea4bc60ecb7c826a1e94261ab57c3743a1c90a548955dc85,False,False,False,"{ ""theme"": ""defaultblue"", ""layout"": ""default"", ""dateformat"": ""m/d/yy"", ""timezoneoffset"": ""-8"", ""favoritesondashboard"": ""true"" }",(304) 555-0100,(304) 555-0101,trishna@wingtiptoys.com,\N,\N,\N,1,2014-08-11 08:10:00,2015-03-31 08:00:00
1228,Surya Mishra,Surya,Surya Surya Mishra,True,surya@tailspintoys.com,False,\\x30e8bb2b9ee4bf33ed66db49ad3466d2326be50e4dc5eb27247284ffee3f0e63,False,False,False,"{ ""theme"": ""defaultblue"", ""layout"": ""default"", ""dateformat"": ""m/d/yy"", ""timezoneoffset"": ""-8"", ""favoritesondashboard"": ""true"" }",(803) 555-0100,(803) 555-0101,surya@tailspintoys.com,\N,\N,\N,1,2014-09-14 08:00:00,2015-04-04 08:00:00
11,Ethan Onslow,Ethan,Ethan Ethan Onslow,True,ethano@wideworldimporters.com,False,\\xd70f37f5c019499959ddf987e5343b957feb58959a0270e06919d47f2e84d409,True,True,False,"{ ""theme"": ""defaultblue"", ""layout"": ""default"", ""dateformat"": ""m/d/yy"", ""timezoneoffset"": ""-8"", ""favoritesondashboard"": ""true"" }",(415) 555-0102,(415) 555-0103,ethano@wideworldimporters.com,\N,\N,\N,1,2013-10-06 08:00:00,2015-04-05 08:00:00
1048,Young-Tae Kim,Young-Tae,Young-Tae Young-Tae Kim,True,young-tae@tailspintoys.com,False,\\x493758eb3925ec2215a0222fcc7e6bfad6f89b1bf1c961403b86b2ce32baef67,False,False,False,"{ ""theme"": ""defaultblue"", ""layout"": ""default"", ""dateformat"": ""m/d/yy"", ""timezoneoffset"": ""-8"", ""favoritesondashboard"": ""true"" }",(252) 555-0100,(252) 555-0101,young-tae@tailspintoys.com,\N,\N,\N,1,2014-10-24 08:10:00,2015-04-05 08:00:00
1086,Parsa Blijleven,Parsa,Parsa Parsa Blijleven,False,NO LOGON,False,\N,False,False,False,\N,(206) 555-0100,(206) 555-0101,parsa@tailspintoys.com,\N,\N,\N,1,2013-01-01 00:00:00,2015-04-05 08:10:00
3102,Kamila Michnova,Kamila,Kamila Kamila Michnova,True,kamila@example.com,False,\\x8f318996c73158a4ba9a8fb1ddb82eb3c69ecf7e2306a4b8fa2d054a61c1a1ce,False,False,False,"{ ""theme"": ""defaultblue"", ""layout"": ""default"", ""dateformat"": ""m/d/yy"", ""timezoneoffset"": ""-8"", ""favoritesondashboard"": ""true"" }",(210) 555-0100,(210) 555-0101,kamila@example.com,\N,\N,\N,1,2015-03-24 08:10:00,2015-04-06 08:00:00
1346,Cezar Preda,Cezar,Cezar Cezar Preda,False,NO LOGON,False,\N,False,False,False,\N,(212) 555-0100,(212) 555-0101,cezar@tailspintoys.com,\N,\N,\N,1,2013-01-01 00:00:00,2015-04-06 08:10:00
2170,Shiva Nair,Shiva,Shiva Shiva Nair,True,shiva@wingtiptoys.com,False,\\x63ec65b39f7723e28e57af050d3619cf2f63d0ab6dcffc90dee25a18418cdc0f,False,False,False,"{ ""theme"": ""defaultblue"", ""layout"": ""default"", ""dateformat"": ""m/d/yy"", ""timezoneoffset"": ""-8"", ""favoritesondashboard"": ""true"" }",(316) 555-0100,(316) 555-0101,shiva@wingtiptoys.com,\N,\N,\N,1,2015-02-21 08:00:00,2015-04-08 08:00:00
3216,Aive Petrov,Aive,Aive Aive Petrov,True,aive@example.com,False,\\xe5200c985fac5a1e0614f36ebb0ecfa0f7c2125027bfa1c90a6fc01a6bce5b19,False,False,False,"{ ""theme"": ""defaultblue"", ""layout"": ""default"", ""dateformat"": ""m/d/yy"", ""timezoneoffset"": ""-8"", ""favoritesondashboard"": ""true"" }",(316) 555-0100,(316) 555-0101,aive@example.com,\N,\N,\N,1,2015-01-20 08:00:00,2015-04-11 08:00:00
2366,Constanta Dita,Constanta,Constanta Constanta Dita,True,constanta@wingtiptoys.com,False,\\x7415a4b167f68d4ffcce2305e2b6ac9c95ec31c995eaf5eaa3dbe3c70be959be,False,False,False,"{ ""theme"": ""defaultblue"", ""layout"": ""default"", ""dateformat"": ""m/d/yy"", ""timezoneoffset"": ""-8"", ""favoritesondashboard"": ""true"" }",(209) 555-0100,(209) 555-0101,constanta@wingtiptoys.com,\N,\N,\N,1,2015-01-19 08:00:00,2015-04-13 08:00:00
2265,Vanita Bhowmick,Vanita,Vanita Vanita Bhowmick,True,vanita@wingtiptoys.com,False,\\xe079b6c3b24b2fea525a83e73aaf3549f40599fb211cf1e376f2eb761623b908,False,False,False,"{ ""theme"": ""defaultblue"", ""layout"": ""default"", ""dateformat"": ""m/d/yy"", ""timezoneoffset"": ""-8"", ""favoritesondashboard"": ""true"" }",(405) 555-0100,(405) 555-0101,vanita@wingtiptoys.com,\N,\N,\N,1,2015-02-23 08:00:00,2015-04-13 08:00:00
3218,Nils Kaulins,Nils,Nils Nils Kaulins,False,NO LOGON,False,\N,False,False,False,\N,(406) 555-0100,(406) 555-0101,nils@example.com,\N,\N,\N,1,2013-09-08 00:00:00,2015-04-13 08:10:00
3062,Lana Goransson,Lana,Lana Lana Goransson,True,lana@example.com,False,\\x17a4dbbe7d13cfd1533b17988c0069bd6b7de4600443e871b360098442ad4e74,False,False,False,"{ ""theme"": ""defaultblue"", ""layout"": ""default"", ""dateformat"": ""m/d/yy"", ""timezoneoffset"": ""-8"", ""favoritesondashboard"": ""true"" }",(212) 555-0100,(212) 555-0101,lana@example.com,\N,\N,\N,1,2015-03-24 08:00:00,2015-04-15 08:00:00
3002,Cosmina Vlad,Cosmina,Cosmina Cosmina Vlad,True,cosmina@example.com,False,\\x4c647554f5a7d66b1350606ef6c6e45724b895fe1ee7202119a42a483c7aef7d,False,False,False,"{ ""theme"": ""defaultblue"", ""layout"": ""default"", ""dateformat"": ""m/d/yy"", ""timezoneoffset"": ""-8"", ""favoritesondashboard"": ""true"" }",(505) 555-0100,(505) 555-0101,cosmina@example.com,\N,\N,\N,1,2014-05-26 08:00:00,2015-04-20 08:00:00
20,Jack Potter,Jack,Jack Jack Potter,True,jackp@wideworldimporters.com,False,\\x8024e8041c1f5bd98fe46983f98c2f5e53e2cd75bf4a6ef6ac13a299f10f714a,True,True,True,"{ ""theme"": ""defaultblue"", ""layout"": ""default"", ""dateformat"": ""m/d/yy"", ""timezoneoffset"": ""-8"", ""favoritesondashboard"": ""true"" }",(415) 555-0102,(415) 555-0103,jackp@wideworldimporters.com,\N,\N,\N,1,2015-02-02 08:00:00,2015-04-22 08:00:00
2277,Bich Banh,Bich,Bich Bich Banh,False,NO LOGON,False,\N,False,False,False,\N,(215) 555-0100,(215) 555-0101,bich@wingtiptoys.com,\N,\N,\N,1,2013-01-01 00:00:00,2015-04-23 08:10:00
1390,Gita Dutta,Gita,Gita Gita Dutta,True,gita@tailspintoys.com,False,\\xca799e42638f70691fe06dc107c2843a3925d174d197350ddec97dc544169b62,False,False,False,"{ ""theme"": ""defaultblue"", ""layout"": ""default"", ""dateformat"": ""m/d/yy"", ""timezoneoffset"": ""-8"", ""favoritesondashboard"": ""true"" }",(803) 555-0100,(803) 555-0101,gita@tailspintoys.com,\N,\N,\N,1,2014-12-15 08:10:00,2015-04-25 08:00:00
1057,Karel Hanak,Karel,Karel Karel Hanak,True,karel@tailspintoys.com,False,\\xa24dd795a3024fef1330a312731843ac1fa4219c9f238916336ac7fd05696030,False,False,False,"{ ""theme"": ""defaultblue"", ""layout"": ""default"", ""dateformat"": ""m/d/yy"", ""timezoneoffset"": ""-8"", ""favoritesondashboard"": ""true"" }",(205) 555-0100,(205) 555-0101,karel@tailspintoys.com,\N,\N,\N,1,2015-01-29 08:00:00,2015-04-28 08:00:00
2240,Antonio Trentini,Antonio,Antonio Antonio Trentini,True,antonio@wingtiptoys.com,False,\\x79383f2ed8f4952b610130e6ba4faada5bd630e39c31cdde997f0d38a7015ad2,False,False,False,"{ ""theme"": ""defaultblue"", ""layout"": ""default"", ""dateformat"": ""m/d/yy"", ""timezoneoffset"": ""-8"", ""favoritesondashboard"": ""true"" }",(270) 555-0100,(270) 555-0101,antonio@wingtiptoys.com,\N,\N,\N,1,2014-11-26 08:00:00,2015-04-30 08:00:00
1228,Surya Mishra,Surya,Surya Surya Mishra,True,surya@tailspintoys.com,False,\\x30e8bb2b9ee4bf33ed66db49ad3466d2326be50e4dc5eb27247284ffee3f0e63,False,False,False,"{ ""theme"": ""defaultblue"", ""layout"": ""default"", ""dateformat"": ""m/d/yy"", ""timezoneoffset"": ""-8"", ""favoritesondashboard"": ""true"" }",(803) 555-0100,(803) 555-0101,surya@tailspintoys.com,\N,\N,\N,1,2015-04-04 08:00:00,2015-04-30 08:00:00
2238,Ngu Hoa,Ngu,Ngu Ngu Hoa,True,ngu@wingtiptoys.com,False,\\x30a68eadadce00f0b9086c2c902e24518180aa55f5312bd74aaadae8de76351e,False,False,False,"{ ""theme"": ""defaultblue"", ""layout"": ""default"", ""dateformat"": ""m/d/yy"", ""timezoneoffset"": ""-8"", ""favoritesondashboard"": ""true"" }",(405) 555-0100,(405) 555-0101,ngu@wingtiptoys.com,\N,\N,\N,1,2014-09-11 08:00:00,2015-05-01 08:00:00
2298,Wander Ellenbroek,Wander,Wander Wander Ellenbroek,True,wander@wingtiptoys.com,False,\\x2cd57e45b1845b5e6423f2ea24199afbec8a71c6aeecbacf591c8c1a6d406b87,False,False,False,"{ ""theme"": ""defaultblue"", ""layout"": ""default"", ""dateformat"": ""m/d/yy"", ""timezoneoffset"": ""-8"", ""favoritesondashboard"": ""true"" }",(212) 555-0100,(212) 555-0101,wander@wingtiptoys.com,\N,\N,\N,1,2015-03-30 08:00:00,2015-05-01 08:00:00
1289,Prasong Tuntayakul,Prasong,Prasong Prasong Tuntayakul,True,prasong@tailspintoys.com,False,\\x30bc048cc8a63cc96c3d62f6bd267477a1577ce59f473c30fbc626a4d604358b,False,False,False,"{ ""theme"": ""defaultblue"", ""layout"": ""default"", ""dateformat"": ""m/d/yy"", ""timezoneoffset"": ""-8"", ""favoritesondashboard"": ""true"" }",(201) 555-0100,(201) 555-0101,prasong@tailspintoys.com,\N,\N,\N,1,2015-02-06 08:00:00,2015-05-03 08:00:00
2024,Tajana Lovric,Tajana,Tajana Tajana Lovric,True,tajana@wingtiptoys.com,False,\\x0f9b10fc4a8bd04e65a41f08de3bd71510c5916db25decdef15e2b62df4a7f0d,False,False,False,"{ ""theme"": ""defaultblue"", ""layout"": ""default"", ""dateformat"": ""m/d/yy"", ""timezoneoffset"": ""-8"", ""favoritesondashboard"": ""true"" }",(406) 555-0100,(406) 555-0101,tajana@wingtiptoys.com,\N,\N,\N,1,2015-03-07 08:10:00,2015-05-03 08:00:00
2276,Indu Chowdary,Indu,Indu Indu Chowdary,False,NO LOGON,False,\N,False,False,False,\N,(228) 555-0100,(228) 555-0101,indu@wingtiptoys.com,\N,\N,\N,1,2013-01-01 00:00:00,2015-05-06 08:10:00
2295,Crina Nechita,Crina,Crina Crina Nechita,False,NO LOGON,False,\N,False,False,False,\N,(217) 555-0100,(217) 555-0101,crina@wingtiptoys.com,\N,\N,\N,1,2013-01-01 00:00:00,2015-05-09 08:10:00
3188,Maksims Krastins,Maksims,Maksims Maksims Krastins,True,maksims@example.com,False,\\x56bce4898f0c91a9e1371c404dd1d67b3fdded2c79f9f4d404cfb9923ebfbe36,False,False,False,"{ ""theme"": ""defaultblue"", ""layout"": ""default"", ""dateformat"": ""m/d/yy"", ""timezoneoffset"": ""-8"", ""favoritesondashboard"": ""true"" }",(304) 555-0100,(304) 555-0101,maksims@example.com,\N,\N,\N,1,2014-05-29 08:00:00,2015-05-12 08:00:00
3022,Suparna Bhattacharya,Suparna,Suparna Suparna Bhattacharya,True,suparna@example.com,False,\\x993f573e9f4c4f2ca5860f64aa3c9d1ee7c96696118eec7c776962c93731ab89,False,False,False,"{ ""theme"": ""defaultblue"", ""layout"": ""default"", ""dateformat"": ""m/d/yy"", ""timezoneoffset"": ""-8"", ""favoritesondashboard"": ""true"" }",(314) 555-0100,(314) 555-0101,suparna@example.com,\N,\N,\N,1,2015-02-13 08:00:00,2015-05-12 08:00:00
1376,Bholanath Das,Bholanath,Bholanath Bholanath Das,True,bholanath@tailspintoys.com,False,\\x7dba71676fcb0b8a7a8900329b2f244f6417d3f5e2ff1ebd0b70d8eddf74316d,False,False,False,"{ ""theme"": ""defaultblue"", ""layout"": ""default"", ""dateformat"": ""m/d/yy"", ""timezoneoffset"": ""-8"", ""favoritesondashboard"": ""true"" }",(210) 555-0100,(210) 555-0101,bholanath@tailspintoys.com,\N,\N,\N,1,2014-02-21 08:10:00,2015-05-14 08:00:00
2029,Maurice English,Maurice,Maurice Maurice English,True,maurice@wingtiptoys.com,False,\\x05e97e093b07c9e938358027e2faaed6a24d46508ed66bfba1cf8f7d464b6295,False,False,False,"{ ""theme"": ""defaultblue"", ""layout"": ""default"", ""dateformat"": ""m/d/yy"", ""timezoneoffset"": ""-8"", ""favoritesondashboard"": ""true"" }",(229) 555-0100,(229) 555-0101,maurice@wingtiptoys.com,\N,\N,\N,1,2014-09-22 08:10:00,2015-05-15 08:00:00
3202,Stefan Selezeanu,Stefan,Stefan Stefan Selezeanu,True,stefan@example.com,False,\\xed002edd39a56e04a7716d1a817c64a25ea2e1f75c7d8ed998443a6bea14da1b,False,False,False,"{ ""theme"": ""defaultblue"", ""layout"": ""default"", ""dateformat"": ""m/d/yy"", ""timezoneoffset"": ""-8"", ""favoritesondashboard"": ""true"" }",(212) 555-0100,(212) 555-0101,stefan@example.com,\N,\N,\N,1,2015-03-04 08:10:00,2015-05-15 08:00:00
20,Jack Potter,Jack,Jack Jack Potter,True,jackp@wideworldimporters.com,False,\\x8024e8041c1f5bd98fe46983f98c2f5e53e2cd75bf4a6ef6ac13a299f10f714a,True,True,True,"{ ""theme"": ""defaultblue"", ""layout"": ""default"", ""dateformat"": ""m/d/yy"", ""timezoneoffset"": ""-8"", ""favoritesondashboard"": ""true"" }",(415) 555-0102,(415) 555-0103,jackp@wideworldimporters.com,\N,\N,\N,1,2015-04-22 08:00:00,2015-05-16 08:00:00
1107,Vitezslav Rehak,Vitezslav,Vitezslav Vitezslav Rehak,True,vitezslav@tailspintoys.com,False,\\xc9a2c9058f59f07b2a0bb9629bfce752a774c2b0c63b371bbd1c87f922773c1e,False,False,False,"{ ""theme"": ""defaultblue"", ""layout"": ""default"", ""dateformat"": ""m/d/yy"", ""timezoneoffset"": ""-8"", ""favoritesondashboard"": ""true"" }",(215) 555-0100,(215) 555-0101,vitezslav@tailspintoys.com,\N,\N,\N,1,2014-08-10 08:10:00,2015-05-19 08:00:00
13,Hudson Hollinworth,Hudson,Hudson Hudson Hollinworth,True,hudsonh@wideworldimporters.com,False,\\x4ac0a24180c54f425ac88ca33b62136a37b6aaa1943bea14fc34e228eccc35c4,True,True,True,"{ ""theme"": ""defaultblue"", ""layout"": ""default"", ""dateformat"": ""m/d/yy"", ""timezoneoffset"": ""-8"", ""favoritesondashboard"": ""true"" }",(415) 555-0102,(415) 555-0103,hudsonh@wideworldimporters.com,\N,\N,\N,1,2014-11-16 08:00:00,2015-05-25 08:00:00
1107,Vitezslav Rehak,Vitezslav,Vitezslav Vitezslav Rehak,True,vitezslav@tailspintoys.com,False,\\xc9a2c9058f59f07b2a0bb9629bfce752a774c2b0c63b371bbd1c87f922773c1e,False,False,False,"{ ""theme"": ""defaultblue"", ""layout"": ""default"", ""dateformat"": ""m/d/yy"", ""timezoneoffset"": ""-8"", ""favoritesondashboard"": ""true"" }",(215) 555-0100,(215) 555-0101,vitezslav@tailspintoys.com,\N,\N,\N,1,2015-05-19 08:00:00,2015-05-25 08:00:00
14,Lily Code,Lily,Lily Lily Code,True,lilyc@wideworldimporters.com,False,\\xd00658893b3f96277088b3c71dcfbf4df6e3947eedbf0c8da285efd5c7d4badd,True,True,True,"{ ""theme"": ""defaultblue"", ""layout"": ""default"", ""dateformat"": ""m/d/yy"", ""timezoneoffset"": ""-8"", ""favoritesondashboard"": ""true"" }",(415) 555-0102,(415) 555-0103,lilyc@wideworldimporters.com,\N,\N,\N,1,2014-12-12 08:00:00,2015-05-28 08:00:00
39,Eliza Soderberg,Eliza,Eliza Eliza Soderberg,True,elizas@northwindelectriccars.com,False,\\x2787527c41f2131b0c1314fa84d727bca95a6af9f7f3dd5a028344e4bd5e1b87,True,False,False,"{ ""theme"": ""defaultblue"", ""layout"": ""default"", ""dateformat"": ""m/d/yy"", ""timezoneoffset"": ""-8"", ""favoritesondashboard"": ""true"" }",(201) 555-0101,(201) 555-0106,elizas@northwindelectriccars.com,\N,\N,\N,1,2015-02-28 08:00:00,2015-05-31 08:00:00
3058,Bimla PrabhupÄda,Bimla,Bimla Bimla PrabhupÄda,False,NO LOGON,False,\N,False,False,False,\N,(209) 555-0100,(209) 555-0101,bimla@example.com,\N,\N,\N,1,2013-01-01 00:00:00,2015-05-31 08:10:00
2041,Nishant Patil,Nishant,Nishant Nishant Patil,True,nishant@wingtiptoys.com,False,\\x6992800e25d674edf9a6ad287a6009cc0ec4cd17ad641a2cc6b0324bde90001d,False,False,False,"{ ""theme"": ""defaultblue"", ""layout"": ""default"", ""dateformat"": ""m/d/yy"", ""timezoneoffset"": ""-8"", ""favoritesondashboard"": ""true"" }",(205) 555-0100,(205) 555-0101,nishant@wingtiptoys.com,\N,\N,\N,1,2015-03-15 08:00:00,2015-06-01 08:00:00
1138,Chaowalit Pornpipatpong,Chaowalit,Chaowalit Chaowalit Pornpipatpong,True,chaowalit@tailspintoys.com,False,\\x08100e03488e2dcaa95c62164963b28ba11dcaea6c98af05f8e92c613f2e15dd,False,False,False,"{ ""theme"": ""defaultblue"", ""layout"": ""default"", ""dateformat"": ""m/d/yy"", ""timezoneoffset"": ""-8"", ""favoritesondashboard"": ""true"" }",(209) 555-0100,(209) 555-0101,chaowalit@tailspintoys.com,\N,\N,\N,1,2014-08-04 08:00:00,2015-06-02 08:00:00
3102,Kamila Michnova,Kamila,Kamila Kamila Michnova,True,kamila@example.com,False,\\x8f318996c73158a4ba9a8fb1ddb82eb3c69ecf7e2306a4b8fa2d054a61c1a1ce,False,False,False,"{ ""theme"": ""defaultblue"", ""layout"": ""default"", ""dateformat"": ""m/d/yy"", ""timezoneoffset"": ""-8"", ""favoritesondashboard"": ""true"" }",(210) 555-0100,(210) 555-0101,kamila@example.com,\N,\N,\N,1,2015-04-06 08:00:00,2015-06-02 08:00:00
3029,Jack Walker,Jack,Jack Jack Walker,True,jack@example.com,False,\\xdfea34f63f87b971a9d9ce83a0f0b4202df07774f421b9584a139c80ff9a83e0,False,False,False,"{ ""theme"": ""defaultblue"", ""layout"": ""default"", ""dateformat"": ""m/d/yy"", ""timezoneoffset"": ""-8"", ""favoritesondashboard"": ""true"" }",(316) 555-0100,(316) 555-0101,jack@example.com,\N,\N,\N,1,2015-03-22 08:10:00,2015-06-04 08:00:00
1194,Lorenzo Lee,Lorenzo,Lorenzo Lorenzo Lee,False,NO LOGON,False,\N,False,False,False,\N,(802) 555-0100,(802) 555-0101,lorenzo@tailspintoys.com,\N,\N,\N,1,2013-01-01 00:00:00,2015-06-06 08:10:00
1231,Toma Nastase,Toma,Toma Toma Nastase,True,toma@tailspintoys.com,False,\\x37533a475be64c6268f778879e05dd3ddfdb4f702a43d42a34a10b5d23e3cb4d,False,False,False,"{ ""theme"": ""defaultblue"", ""layout"": ""default"", ""dateformat"": ""m/d/yy"", ""timezoneoffset"": ""-8"", ""favoritesondashboard"": ""true"" }",(787) 555-0100,(787) 555-0101,toma@tailspintoys.com,\N,\N,\N,1,2015-02-26 08:10:00,2015-06-07 08:00:00
1228,Surya Mishra,Surya,Surya Surya Mishra,True,surya@tailspintoys.com,False,\\x30e8bb2b9ee4bf33ed66db49ad3466d2326be50e4dc5eb27247284ffee3f0e63,False,False,False,"{ ""theme"": ""defaultblue"", ""layout"": ""default"", ""dateformat"": ""m/d/yy"", ""timezoneoffset"": ""-8"", ""favoritesondashboard"": ""true"" }",(803) 555-0100,(803) 555-0101,surya@tailspintoys.com,\N,\N,\N,1,2015-04-30 08:00:00,2015-06-07 08:00:00
1358,Priya kaushal,Priya,Priya Priya kaushal,True,priya@tailspintoys.com,False,\\x318360adca8b603865721d93dd8bd46d75956a8e53e2f297a03af63426922c2c,False,False,False,"{ ""theme"": ""defaultblue"", ""layout"": ""default"", ""dateformat"": ""m/d/yy"", ""timezoneoffset"": ""-8"", ""favoritesondashboard"": ""true"" }",(319) 555-0100,(319) 555-0101,priya@tailspintoys.com,\N,\N,\N,1,2014-08-10 08:00:00,2015-06-08 08:00:00
11,Ethan Onslow,Ethan,Ethan Ethan Onslow,True,ethano@wideworldimporters.com,False,\\xd70f37f5c019499959ddf987e5343b957feb58959a0270e06919d47f2e84d409,True,True,False,"{ ""theme"": ""defaultblue"", ""layout"": ""default"", ""dateformat"": ""m/d/yy"", ""timezoneoffset"": ""-8"", ""favoritesondashboard"": ""true"" }",(415) 555-0102,(415) 555-0103,ethano@wideworldimporters.com,\N,\N,\N,1,2015-04-05 08:00:00,2015-06-08 08:00:00
2366,Constanta Dita,Constanta,Constanta Constanta Dita,True,constanta@wingtiptoys.com,False,\\x7415a4b167f68d4ffcce2305e2b6ac9c95ec31c995eaf5eaa3dbe3c70be959be,False,False,False,"{ ""theme"": ""defaultblue"", ""layout"": ""default"", ""dateformat"": ""m/d/yy"", ""timezoneoffset"": ""-8"", ""favoritesondashboard"": ""true"" }",(209) 555-0100,(209) 555-0101,constanta@wingtiptoys.com,\N,\N,\N,1,2015-04-13 08:00:00,2015-06-11 08:00:00
6,Sophia Hinton,Sophia,Sophia Sophia Hinton,True,sophiah@wideworldimporters.com,False,\\x451bb10a515f06331540db392031f9d9bc4ef536a1f86d1ca6c7394556baa3c0,True,True,True,"{ ""theme"": ""defaultblue"", ""layout"": ""default"", ""dateformat"": ""m/d/yy"", ""timezoneoffset"": ""-8"", ""favoritesondashboard"": ""true"" }",(415) 555-0102,(415) 555-0103,sophiah@wideworldimporters.com,\N,\N,\N,1,2014-10-04 08:00:00,2015-06-12 08:00:00
1104,Liia Mae,Liia,Liia Liia Mae,True,liia@tailspintoys.com,False,\\x7e280872fa8a542b0aa600a7698e352927b598821fc11f904e33c764b18c23de,False,False,False,"{ ""theme"": ""defaultblue"", ""layout"": ""default"", ""dateformat"": ""m/d/yy"", ""timezoneoffset"": ""-8"", ""favoritesondashboard"": ""true"" }",(209) 555-0100,(209) 555-0101,liia@tailspintoys.com,\N,\N,\N,1,2015-02-13 08:00:00,2015-06-12 08:00:00
1086,Parsa Blijleven,Parsa,Parsa Parsa Blijleven,True,parsa@tailspintoys.com,False,\\x17d4856e41386868b75ebeb4336069e4212897e94a0178b0b8a013ddc3419f15,False,False,False,"{ ""theme"": ""defaultblue"", ""layout"": ""default"", ""dateformat"": ""m/d/yy"", ""timezoneoffset"": ""-8"", ""favoritesondashboard"": ""true"" }",(206) 555-0100,(206) 555-0101,parsa@tailspintoys.com,\N,\N,\N,1,2015-04-05 08:10:00,2015-06-14 08:00:00
3217,David Novacek ,David,David David Novacek ,False,NO LOGON,False,\N,False,False,False,\N,(423) 555-0100,(423) 555-0101,david@example.com,\N,\N,\N,1,2013-08-15 00:00:00,2015-06-14 08:10:00
7,Amy Trefl,Amy,Amy Amy Trefl,True,amyt@wideworldimporters.com,False,\\x7a92bbea830c5ed027dcc1d710130eed9ea50fb3e6d5f793ddefc4b50215033f,True,True,True,"{ ""theme"": ""defaultblue"", ""layout"": ""default"", ""dateformat"": ""m/d/yy"", ""timezoneoffset"": ""-8"", ""favoritesondashboard"": ""true"" }",(415) 555-0102,(415) 555-0103,amyt@wideworldimporters.com,\N,\N,\N,1,2014-04-23 08:00:00,2015-06-15 08:00:00
3122,Sumati Chatterjee,Sumati,Sumati Sumati Chatterjee,True,sumati@example.com,False,\\x9a55477db8ed13cef780760caadca2a3b29d04a5f9972cee2e4d8b611a82ec7e,False,False,False,"{ ""theme"": ""defaultblue"", ""layout"": ""default"", ""dateformat"": ""m/d/yy"", ""timezoneoffset"": ""-8"", ""favoritesondashboard"": ""true"" }",(231) 555-0100,(231) 555-0101,sumati@example.com,\N,\N,\N,1,2014-11-24 08:00:00,2015-06-16 08:00:00
2156,Roman Tomek,Roman,Roman Roman Tomek,True,roman@wingtiptoys.com,False,\\xa9a6fb229d30962bd09c01e0e4ac4913a721b5b555651b30413313de1ac1c452,False,False,False,"{ ""theme"": ""defaultblue"", ""layout"": ""default"", ""dateformat"": ""m/d/yy"", ""timezoneoffset"": ""-8"", ""favoritesondashboard"": ""true"" }",(215) 555-0100,(215) 555-0101,roman@wingtiptoys.com,\N,\N,\N,1,2015-03-26 08:10:00,2015-06-18 08:00:00
3062,Lana Goransson,Lana,Lana Lana Goransson,True,lana@example.com,False,\\x17a4dbbe7d13cfd1533b17988c0069bd6b7de4600443e871b360098442ad4e74,False,False,False,"{ ""theme"": ""defaultblue"", ""layout"": ""default"", ""dateformat"": ""m/d/yy"", ""timezoneoffset"": ""-8"", ""favoritesondashboard"": ""true"" }",(212) 555-0100,(212) 555-0101,lana@example.com,\N,\N,\N,1,2015-04-15 08:00:00,2015-06-19 08:00:00
1254,Lovro Kulaga,Lovro,Lovro Lovro Kulaga,False,NO LOGON,False,\N,False,False,False,\N,(206) 555-0100,(206) 555-0101,lovro@tailspintoys.com,\N,\N,\N,1,2013-01-01 00:00:00,2015-06-19 08:10:00
1318,Hele Semjonov,Hele,Hele Hele Semjonov,False,NO LOGON,False,\N,False,False,False,\N,(218) 555-0100,(218) 555-0101,hele@tailspintoys.com,\N,\N,\N,1,2013-01-01 00:00:00,2015-06-20 08:10:00
3037,Anil Sarkar,Anil,Anil Anil Sarkar,False,NO LOGON,False,\N,False,False,False,\N,(215) 555-0100,(215) 555-0101,anil@example.com,\N,\N,\N,1,2013-01-01 00:00:00,2015-06-21 08:10:00
3202,Stefan Selezeanu,Stefan,Stefan Stefan Selezeanu,True,stefan@example.com,False,\\xed002edd39a56e04a7716d1a817c64a25ea2e1f75c7d8ed998443a6bea14da1b,False,False,False,"{ ""theme"": ""defaultblue"", ""layout"": ""default"", ""dateformat"": ""m/d/yy"", ""timezoneoffset"": ""-8"", ""favoritesondashboard"": ""true"" }",(212) 555-0100,(212) 555-0101,stefan@example.com,\N,\N,\N,1,2015-05-15 08:00:00,2015-06-22 08:00:00
3217,David Novacek ,David,David David Novacek ,True,david@example.com,False,\\x4247d350022d466271561ef54c793d674e5f0bc0775b416e8e0b45e6fc2ef389,False,False,False,"{ ""theme"": ""defaultblue"", ""layout"": ""default"", ""dateformat"": ""m/d/yy"", ""timezoneoffset"": ""-8"", ""favoritesondashboard"": ""true"" }",(423) 555-0100,(423) 555-0101,david@example.com,\N,\N,\N,1,2015-06-14 08:10:00,2015-06-25 08:00:00
1376,Bholanath Das,Bholanath,Bholanath Bholanath Das,True,bholanath@tailspintoys.com,False,\\x7dba71676fcb0b8a7a8900329b2f244f6417d3f5e2ff1ebd0b70d8eddf74316d,False,False,False,"{ ""theme"": ""defaultblue"", ""layout"": ""default"", ""dateformat"": ""m/d/yy"", ""timezoneoffset"": ""-8"", ""favoritesondashboard"": ""true"" }",(210) 555-0100,(210) 555-0101,bholanath@tailspintoys.com,\N,\N,\N,1,2015-05-14 08:00:00,2015-06-27 08:00:00
3017,Agrita Kanepa,Agrita,Agrita Agrita Kanepa,True,agrita@example.com,False,\\xa9937a3658383605658e1ec4c3a4558502b793c324cd569f320054b85254bead,False,False,False,"{ ""theme"": ""defaultblue"", ""layout"": ""default"", ""dateformat"": ""m/d/yy"", ""timezoneoffset"": ""-8"", ""favoritesondashboard"": ""true"" }",(201) 555-0100,(201) 555-0101,agrita@example.com,\N,\N,\N,1,2014-09-25 08:00:00,2015-06-29 08:00:00
3,Hudson Onslow,Hudson,Hudson Hudson Onslow,True,hudsono@wideworldimporters.com,False,\\x23668ccc579015ea934736c3d7b87e86360eb5eee164c4368a7b103c11e3436e,True,True,True,"{ ""theme"": ""defaultblue"", ""layout"": ""default"", ""dateformat"": ""m/d/yy"", ""timezoneoffset"": ""-8"", ""favoritesondashboard"": ""true"" }",(415) 555-0102,(415) 555-0103,hudsono@wideworldimporters.com,\N,\N,\N,1,2015-02-06 08:00:00,2015-07-02 08:00:00
2238,Ngu Hoa,Ngu,Ngu Ngu Hoa,True,ngu@wingtiptoys.com,False,\\x30a68eadadce00f0b9086c2c902e24518180aa55f5312bd74aaadae8de76351e,False,False,False,"{ ""theme"": ""defaultblue"", ""layout"": ""default"", ""dateformat"": ""m/d/yy"", ""timezoneoffset"": ""-8"", ""favoritesondashboard"": ""true"" }",(405) 555-0100,(405) 555-0101,ngu@wingtiptoys.com,\N,\N,\N,1,2015-05-01 08:00:00,2015-07-08 08:00:00
3095,Geza Roman,Geza,Geza Geza Roman,False,NO LOGON,False,\N,False,False,False,\N,(215) 555-0100,(215) 555-0101,geza@example.com,\N,\N,\N,1,2013-01-01 00:00:00,2015-07-16 08:10:00
2295,Crina Nechita,Crina,Crina Crina Nechita,True,crina@wingtiptoys.com,False,\\x3858f00bd6e2b76ed57a729c1fe3149f403924d1ee84f31eb21bec0b8c1cf98a,False,False,False,"{ ""theme"": ""defaultblue"", ""layout"": ""default"", ""dateformat"": ""m/d/yy"", ""timezoneoffset"": ""-8"", ""favoritesondashboard"": ""true"" }",(217) 555-0100,(217) 555-0101,crina@wingtiptoys.com,\N,\N,\N,1,2015-05-09 08:10:00,2015-07-17 08:00:00
1104,Liia Mae,Liia,Liia Liia Mae,True,liia@tailspintoys.com,False,\\x7e280872fa8a542b0aa600a7698e352927b598821fc11f904e33c764b18c23de,False,False,False,"{ ""theme"": ""defaultblue"", ""layout"": ""default"", ""dateformat"": ""m/d/yy"", ""timezoneoffset"": ""-8"", ""favoritesondashboard"": ""true"" }",(209) 555-0100,(209) 555-0101,liia@tailspintoys.com,\N,\N,\N,1,2015-06-12 08:00:00,2015-07-17 08:00:00
1397,Cezar Pavel,Cezar,Cezar Cezar Pavel,True,cezar@tailspintoys.com,False,\\xafc47a6846824f8baa84adca1379a0e99dfc06cff1292f55c1858f03c81eea71,False,False,False,"{ ""theme"": ""defaultblue"", ""layout"": ""default"", ""dateformat"": ""m/d/yy"", ""timezoneoffset"": ""-8"", ""favoritesondashboard"": ""true"" }",(303) 555-0100,(303) 555-0101,cezar@tailspintoys.com,\N,\N,\N,1,2014-08-11 08:00:00,2015-07-20 08:00:00
2344,Arto Heikkinen,Arto,Arto Arto Heikkinen,True,arto@wingtiptoys.com,False,\\xe035a8dea1b62977f01075740ad8c3e32e3d09bae0214e4eefe1ef26e62aac2c,False,False,False,"{ ""theme"": ""defaultblue"", ""layout"": ""default"", ""dateformat"": ""m/d/yy"", ""timezoneoffset"": ""-8"", ""favoritesondashboard"": ""true"" }",(215) 555-0100,(215) 555-0101,arto@wingtiptoys.com,\N,\N,\N,1,2015-01-04 08:00:00,2015-07-20 08:00:00
3182,Yves Belisle,Yves,Yves Yves Belisle,True,yves@example.com,False,\\xdcac4e7baee71e9c25461f6c3d5d82ce95dd1906471a0ae1d08a0e242ce4bd39,False,False,False,"{ ""theme"": ""defaultblue"", ""layout"": ""default"", ""dateformat"": ""m/d/yy"", ""timezoneoffset"": ""-8"", ""favoritesondashboard"": ""true"" }",(480) 555-0100,(480) 555-0101,yves@example.com,\N,\N,\N,1,2014-10-07 08:00:00,2015-07-22 08:00:00
1115,Pratap Varghese,Pratap,Pratap Pratap Varghese,False,NO LOGON,False,\N,False,False,False,\N,(276) 555-0100,(276) 555-0101,pratap@tailspintoys.com,\N,\N,\N,1,2013-01-01 00:00:00,2015-07-22 08:10:00
3095,Geza Roman,Geza,Geza Geza Roman,True,geza@example.com,False,\\x8bbb2eee2de1d6c19de14c2b22b5316b0ca87f259e36b2191fc41089e2ab39bb,False,False,False,"{ ""theme"": ""defaultblue"", ""layout"": ""default"", ""dateformat"": ""m/d/yy"", ""timezoneoffset"": ""-8"", ""favoritesondashboard"": ""true"" }",(215) 555-0100,(215) 555-0101,geza@example.com,\N,\N,\N,1,2015-07-16 08:10:00,2015-07-23 08:00:00
2109,Ilse Sandell,Ilse,Ilse Ilse Sandell,True,ilse@wingtiptoys.com,False,\\x55f57e4f7128d52a46f7f6b0540f82fa1afe89bb819d3484e9265f0435552c48,False,False,False,"{ ""theme"": ""defaultblue"", ""layout"": ""default"", ""dateformat"": ""m/d/yy"", ""timezoneoffset"": ""-8"", ""favoritesondashboard"": ""true"" }",(209) 555-0100,(209) 555-0101,ilse@wingtiptoys.com,\N,\N,\N,1,2015-03-13 08:00:00,2015-07-25 08:00:00
39,Eliza Soderberg,Eliza,Eliza Eliza Soderberg,True,elizas@northwindelectriccars.com,False,\\x2787527c41f2131b0c1314fa84d727bca95a6af9f7f3dd5a028344e4bd5e1b87,True,False,False,"{ ""theme"": ""defaultblue"", ""layout"": ""default"", ""dateformat"": ""m/d/yy"", ""timezoneoffset"": ""-8"", ""favoritesondashboard"": ""true"" }",(201) 555-0101,(201) 555-0106,elizas@northwindelectriccars.com,\N,\N,\N,1,2015-05-31 08:00:00,2015-07-25 08:00:00
1207,Laboni Deb,Laboni,Laboni Laboni Deb,True,laboni@tailspintoys.com,False,\\x79d0c3889dbc311007e3a18ab4a37e90d4a6a69f1c73986d8ecbbb496b278ac0,False,False,False,"{ ""theme"": ""defaultblue"", ""layout"": ""default"", ""dateformat"": ""m/d/yy"", ""timezoneoffset"": ""-8"", ""favoritesondashboard"": ""true"" }",(207) 555-0100,(207) 555-0101,laboni@tailspintoys.com,\N,\N,\N,1,2014-10-24 08:00:00,2015-07-27 08:00:00
2231,Adriana Horackova,Adriana,Adriana Adriana Horackova,True,adriana@wingtiptoys.com,False,\\x1054fe3ec1808c4d8483442b6b9f91a3c05ca49b4b25f9dda307968de9f7bef3,False,False,False,"{ ""theme"": ""defaultblue"", ""layout"": ""default"", ""dateformat"": ""m/d/yy"", ""timezoneoffset"": ""-8"", ""favoritesondashboard"": ""true"" }",(252) 555-0100,(252) 555-0101,adriana@wingtiptoys.com,\N,\N,\N,1,2014-09-17 08:00:00,2015-07-28 08:00:00
3132,Nicolo Cattaneo,Nicolo,Nicolo Nicolo Cattaneo,True,nicolo@example.com,False,\\xc40e808b3da9623e9ebeb74d483818543ea84143fdf0399926b4302746fd614c,False,False,False,"{ ""theme"": ""defaultblue"", ""layout"": ""default"", ""dateformat"": ""m/d/yy"", ""timezoneoffset"": ""-8"", ""favoritesondashboard"": ""true"" }",(212) 555-0100,(212) 555-0101,nicolo@example.com,\N,\N,\N,1,2015-02-12 08:00:00,2015-08-01 08:00:00
19,Jai Shand,Jai,Jai Jai Shand,True,jais@wideworldimporters.com,False,\\x84901d360414cd9127e1b83a9f9e7c6b940aa8bd888699388c9fa465dbd297da,True,True,False,"{ ""theme"": ""defaultblue"", ""layout"": ""default"", ""dateformat"": ""m/d/yy"", ""timezoneoffset"": ""-8"", ""favoritesondashboard"": ""true"" }",(415) 555-0102,(415) 555-0103,jais@wideworldimporters.com,\N,\N,\N,1,2014-12-25 08:00:00,2015-08-02 08:00:00
3126,Richard Friar,Richard,Richard Richard Friar,True,richard@example.com,False,\\x9a29d1dee23ba28f64f45a1501aed232bde3740ec96ba98888672a150f8ac6b5,False,False,False,"{ ""theme"": ""defaultblue"", ""layout"": ""default"", ""dateformat"": ""m/d/yy"", ""timezoneoffset"": ""-8"", ""favoritesondashboard"": ""true"" }",(339) 555-0100,(339) 555-0101,richard@example.com,\N,\N,\N,1,2015-03-28 08:10:00,2015-08-03 08:00:00
3029,Jack Walker,Jack,Jack Jack Walker,True,jack@example.com,False,\\xdfea34f63f87b971a9d9ce83a0f0b4202df07774f421b9584a139c80ff9a83e0,False,False,False,"{ ""theme"": ""defaultblue"", ""layout"": ""default"", ""dateformat"": ""m/d/yy"", ""timezoneoffset"": ""-8"", ""favoritesondashboard"": ""true"" }",(316) 555-0100,(316) 555-0101,jack@example.com,\N,\N,\N,1,2015-06-04 08:00:00,2015-08-03 08:00:00
1077,Ashish Acharya,Ashish,Ashish Ashish Acharya,False,NO LOGON,False,\N,False,False,False,\N,(270) 555-0100,(270) 555-0101,ashish@tailspintoys.com,\N,\N,\N,1,2013-01-01 00:00:00,2015-08-09 08:10:00
1376,Bholanath Das,Bholanath,Bholanath Bholanath Das,True,bholanath@tailspintoys.com,False,\\x7dba71676fcb0b8a7a8900329b2f244f6417d3f5e2ff1ebd0b70d8eddf74316d,False,False,False,"{ ""theme"": ""defaultblue"", ""layout"": ""default"", ""dateformat"": ""m/d/yy"", ""timezoneoffset"": ""-8"", ""favoritesondashboard"": ""true"" }",(210) 555-0100,(210) 555-0101,bholanath@tailspintoys.com,\N,\N,\N,1,2015-06-27 08:00:00,2015-08-11 08:00:00
1330,Mariano Costa,Mariano,Mariano Mariano Costa,False,NO LOGON,False,\N,False,False,False,\N,(203) 555-0100,(203) 555-0101,mariano@tailspintoys.com,\N,\N,\N,1,2013-01-01 00:00:00,2015-08-11 08:10:00
2038,Stanislav Zeman,Stanislav,Stanislav Stanislav Zeman,True,stanislav@wingtiptoys.com,False,\\x9e5e8172a49079a982488c769fedd641c2017a2b518cc07b890fee538b8bb4b9,False,False,False,"{ ""theme"": ""defaultblue"", ""layout"": ""default"", ""dateformat"": ""m/d/yy"", ""timezoneoffset"": ""-8"", ""favoritesondashboard"": ""true"" }",(239) 555-0100,(239) 555-0101,stanislav@wingtiptoys.com,\N,\N,\N,1,2014-06-16 08:00:00,2015-08-14 08:00:00
3061,Amarasimha Vinjamuri,Amarasimha,Amarasimha Amarasimha Vinjamuri,True,amarasimha@example.com,False,\\x7a67cae4cc7b59df21dac3a52ac5879fabbc8aa33e245790d605cea35310102e,False,False,False,"{ ""theme"": ""defaultblue"", ""layout"": ""default"", ""dateformat"": ""m/d/yy"", ""timezoneoffset"": ""-8"", ""favoritesondashboard"": ""true"" }",(339) 555-0100,(339) 555-0101,amarasimha@example.com,\N,\N,\N,1,2014-08-25 08:00:00,2015-08-14 08:00:00
1121,Abhoy PrabhupÄda,Abhoy,Abhoy Abhoy PrabhupÄda,False,NO LOGON,False,\N,False,False,False,\N,(423) 555-0100,(423) 555-0101,abhoy@tailspintoys.com,\N,\N,\N,1,2013-01-01 00:00:00,2015-08-16 08:10:00
2012,Maxime Westerink,Maxime,Maxime Maxime Westerink,True,maxime@wingtiptoys.com,False,\\xb3b4406fbf78db50f08175147c894a308a4e2f56adfb002f73c599ee2f61fb4d,False,False,False,"{ ""theme"": ""defaultblue"", ""layout"": ""default"", ""dateformat"": ""m/d/yy"", ""timezoneoffset"": ""-8"", ""favoritesondashboard"": ""true"" }",(205) 555-0100,(205) 555-0101,maxime@wingtiptoys.com,\N,\N,\N,1,2014-12-07 08:00:00,2015-08-19 08:00:00
1115,Pratap Varghese,Pratap,Pratap Pratap Varghese,True,pratap@tailspintoys.com,False,\\x7ad78a76c37026604f1d7e1216cf2bc8067014488a7f792dbac2b7a3e7a2a597,False,False,False,"{ ""theme"": ""defaultblue"", ""layout"": ""default"", ""dateformat"": ""m/d/yy"", ""timezoneoffset"": ""-8"", ""favoritesondashboard"": ""true"" }",(276) 555-0100,(276) 555-0101,pratap@tailspintoys.com,\N,\N,\N,1,2015-07-22 08:10:00,2015-08-21 08:00:00
2344,Arto Heikkinen,Arto,Arto Arto Heikkinen,True,arto@wingtiptoys.com,False,\\xe035a8dea1b62977f01075740ad8c3e32e3d09bae0214e4eefe1ef26e62aac2c,False,False,False,"{ ""theme"": ""defaultblue"", ""layout"": ""default"", ""dateformat"": ""m/d/yy"", ""timezoneoffset"": ""-8"", ""favoritesondashboard"": ""true"" }",(215) 555-0100,(215) 555-0101,arto@wingtiptoys.com,\N,\N,\N,1,2015-07-20 08:00:00,2015-08-22 08:00:00
1314,Nasrin Fard,Nasrin,Nasrin Nasrin Fard,True,nasrin@tailspintoys.com,False,\\x6e0c8af2e955bfd02744b86bcbc562b97c3b8486ecb7001f419c8d646a11f95d,False,False,False,"{ ""theme"": ""defaultblue"", ""layout"": ""default"", ""dateformat"": ""m/d/yy"", ""timezoneoffset"": ""-8"", ""favoritesondashboard"": ""true"" }",(205) 555-0100,(205) 555-0101,nasrin@tailspintoys.com,\N,\N,\N,1,2015-03-16 08:00:00,2015-08-24 08:00:00
1121,Abhoy PrabhupÄda,Abhoy,Abhoy Abhoy PrabhupÄda,True,abhoy@tailspintoys.com,False,\\xb69b3677609e3fa9f464f7b0821d80ac81ccf1680a37db36039eb9c8435efe6c,False,False,False,"{ ""theme"": ""defaultblue"", ""layout"": ""default"", ""dateformat"": ""m/d/yy"", ""timezoneoffset"": ""-8"", ""favoritesondashboard"": ""true"" }",(423) 555-0100,(423) 555-0101,abhoy@tailspintoys.com,\N,\N,\N,1,2015-08-16 08:10:00,2015-08-24 08:00:00
1263,Akanksha Sarma,Akanksha,Akanksha Akanksha Sarma,False,NO LOGON,False,\N,False,False,False,\N,(208) 555-0100,(208) 555-0101,akanksha@tailspintoys.com,\N,\N,\N,1,2013-01-01 00:00:00,2015-08-25 08:10:00
1318,Hele Semjonov,Hele,Hele Hele Semjonov,True,hele@tailspintoys.com,False,\\x61b7c9c8d624065cb8298e99e79abb5cc354600e129bb26681d42458063d16eb,False,False,False,"{ ""theme"": ""defaultblue"", ""layout"": ""default"", ""dateformat"": ""m/d/yy"", ""timezoneoffset"": ""-8"", ""favoritesondashboard"": ""true"" }",(218) 555-0100,(218) 555-0101,hele@tailspintoys.com,\N,\N,\N,1,2015-06-20 08:10:00,2015-08-29 08:00:00
1121,Abhoy PrabhupÄda,Abhoy,Abhoy Abhoy PrabhupÄda,True,abhoy@tailspintoys.com,False,\\xb69b3677609e3fa9f464f7b0821d80ac81ccf1680a37db36039eb9c8435efe6c,False,False,False,"{ ""theme"": ""defaultblue"", ""layout"": ""default"", ""dateformat"": ""m/d/yy"", ""timezoneoffset"": ""-8"", ""favoritesondashboard"": ""true"" }",(423) 555-0100,(423) 555-0101,abhoy@tailspintoys.com,\N,\N,\N,1,2015-08-24 08:00:00,2015-08-29 08:00:00
1001,Waldemar Fisar,Waldemar,Waldemar Waldemar Fisar,False,NO LOGON,False,\N,False,False,False,\N,(308) 555-0100,(308) 555-0101,waldemar@tailspintoys.com,\N,\N,\N,1,2013-01-01 00:00:00,2015-08-31 08:10:00
1087,Adrijana Blagojevic,Adrijana,Adrijana Adrijana Blagojevic,False,NO LOGON,False,\N,False,False,False,\N,(206) 555-0100,(206) 555-0101,adrijana@tailspintoys.com,\N,\N,\N,1,2013-01-01 00:00:00,2015-09-01 08:10:00
3194,Libuse Kuchtova,Libuse,Libuse Libuse Kuchtova,True,libuse@example.com,False,\\x234e904aa157f30b39bcc971f6be93e83bfa9c83340cba18b53be22f0734e6eb,False,False,False,"{ ""theme"": ""defaultblue"", ""layout"": ""default"", ""dateformat"": ""m/d/yy"", ""timezoneoffset"": ""-8"", ""favoritesondashboard"": ""true"" }",(210) 555-0100,(210) 555-0101,libuse@example.com,\N,\N,\N,1,2015-02-05 08:10:00,2015-09-03 08:00:00
1116,Marcel Marquis,Marcel,Marcel Marcel Marquis,True,marcel@tailspintoys.com,False,\\xe929ac64fcd488dde9e7c818456a9bf02e622b6be795d8bd1ffa52d2698ca84c,False,False,False,"{ ""theme"": ""defaultblue"", ""layout"": ""default"", ""dateformat"": ""m/d/yy"", ""timezoneoffset"": ""-8"", ""favoritesondashboard"": ""true"" }",(276) 555-0100,(276) 555-0101,marcel@tailspintoys.com,\N,\N,\N,1,2014-12-06 08:10:00,2015-09-04 08:00:00
1077,Ashish Acharya,Ashish,Ashish Ashish Acharya,True,ashish@tailspintoys.com,False,\\x6d5c0f19756e0ff994663e0d217c42a991125e184128c668e3b36b502936fbdd,False,False,False,"{ ""theme"": ""defaultblue"", ""layout"": ""default"", ""dateformat"": ""m/d/yy"", ""timezoneoffset"": ""-8"", ""favoritesondashboard"": ""true"" }",(270) 555-0100,(270) 555-0101,ashish@tailspintoys.com,\N,\N,\N,1,2015-08-09 08:10:00,2015-09-04 08:00:00
1287,Pramod Nishad,Pramod,Pramod Pramod Nishad,True,pramod@tailspintoys.com,False,\\x5d16e6926727c238c38d31e07697449cc154ec97331e73c6e5581edc9baac2d6,False,False,False,"{ ""theme"": ""defaultblue"", ""layout"": ""default"", ""dateformat"": ""m/d/yy"", ""timezoneoffset"": ""-8"", ""favoritesondashboard"": ""true"" }",(225) 555-0100,(225) 555-0101,pramod@tailspintoys.com,\N,\N,\N,1,2014-07-06 08:10:00,2015-09-05 08:00:00
2330,Carla Osorio,Carla,Carla Carla Osorio,True,carla@wingtiptoys.com,False,\\xb3e85a121bc5cc7521e6afdbbb5a7b267fdf550683099a02bfb9c0f1ea4f1aff,False,False,False,"{ ""theme"": ""defaultblue"", ""layout"": ""default"", ""dateformat"": ""m/d/yy"", ""timezoneoffset"": ""-8"", ""favoritesondashboard"": ""true"" }",(307) 555-0100,(307) 555-0101,carla@wingtiptoys.com,\N,\N,\N,1,2014-09-14 08:00:00,2015-09-07 08:00:00
1084,Ivan Castellanos,Ivan,Ivan Ivan Castellanos,False,NO LOGON,False,\N,False,False,False,\N,(212) 555-0100,(212) 555-0101,ivan@tailspintoys.com,\N,\N,\N,1,2013-01-01 00:00:00,2015-09-07 08:10:00
1289,Prasong Tuntayakul,Prasong,Prasong Prasong Tuntayakul,True,prasong@tailspintoys.com,False,\\x30bc048cc8a63cc96c3d62f6bd267477a1577ce59f473c30fbc626a4d604358b,False,False,False,"{ ""theme"": ""defaultblue"", ""layout"": ""default"", ""dateformat"": ""m/d/yy"", ""timezoneoffset"": ""-8"", ""favoritesondashboard"": ""true"" }",(201) 555-0100,(201) 555-0101,prasong@tailspintoys.com,\N,\N,\N,1,2015-05-03 08:00:00,2015-09-08 08:00:00
3095,Geza Roman,Geza,Geza Geza Roman,True,geza@example.com,False,\\x8bbb2eee2de1d6c19de14c2b22b5316b0ca87f259e36b2191fc41089e2ab39bb,False,False,False,"{ ""theme"": ""defaultblue"", ""layout"": ""default"", ""dateformat"": ""m/d/yy"", ""timezoneoffset"": ""-8"", ""favoritesondashboard"": ""true"" }",(215) 555-0100,(215) 555-0101,geza@example.com,\N,\N,\N,1,2015-07-23 08:00:00,2015-09-09 08:00:00
2012,Maxime Westerink,Maxime,Maxime Maxime Westerink,True,maxime@wingtiptoys.com,False,\\xb3b4406fbf78db50f08175147c894a308a4e2f56adfb002f73c599ee2f61fb4d,False,False,False,"{ ""theme"": ""defaultblue"", ""layout"": ""default"", ""dateformat"": ""m/d/yy"", ""timezoneoffset"": ""-8"", ""favoritesondashboard"": ""true"" }",(205) 555-0100,(205) 555-0101,maxime@wingtiptoys.com,\N,\N,\N,1,2015-08-19 08:00:00,2015-09-09 08:00:00
2231,Adriana Horackova,Adriana,Adriana Adriana Horackova,True,adriana@wingtiptoys.com,False,\\x1054fe3ec1808c4d8483442b6b9f91a3c05ca49b4b25f9dda307968de9f7bef3,False,False,False,"{ ""theme"": ""defaultblue"", ""layout"": ""default"", ""dateformat"": ""m/d/yy"", ""timezoneoffset"": ""-8"", ""favoritesondashboard"": ""true"" }",(252) 555-0100,(252) 555-0101,adriana@wingtiptoys.com,\N,\N,\N,1,2015-07-28 08:00:00,2015-09-10 08:00:00
2330,Carla Osorio,Carla,Carla Carla Osorio,True,carla@wingtiptoys.com,False,\\xb3e85a121bc5cc7521e6afdbbb5a7b267fdf550683099a02bfb9c0f1ea4f1aff,False,False,False,"{ ""theme"": ""defaultblue"", ""layout"": ""default"", ""dateformat"": ""m/d/yy"", ""timezoneoffset"": ""-8"", ""favoritesondashboard"": ""true"" }",(307) 555-0100,(307) 555-0101,carla@wingtiptoys.com,\N,\N,\N,1,2015-09-07 08:00:00,2015-09-10 08:00:00
8,Anthony Grosse,Anthony,Anthony Anthony Grosse,True,anthonyg@wideworldimporters.com,False,\\x2fd8b838a3c77778c990f464073aa23c0eee019763ed6a99c77457e8691819de,True,True,True,"{ ""theme"": ""defaultblue"", ""layout"": ""default"", ""dateformat"": ""m/d/yy"", ""timezoneoffset"": ""-8"", ""favoritesondashboard"": ""true"" }",(415) 555-0102,(415) 555-0103,anthonyg@wideworldimporters.com,\N,\N,\N,1,2014-07-08 08:00:00,2015-09-12 08:00:00
1087,Adrijana Blagojevic,Adrijana,Adrijana Adrijana Blagojevic,True,adrijana@tailspintoys.com,False,\\x8832dbc3064673d5df7c5b79d54b2ce47dd8b1847f99e6a163e8d1dd578001fd,False,False,False,"{ ""theme"": ""defaultblue"", ""layout"": ""default"", ""dateformat"": ""m/d/yy"", ""timezoneoffset"": ""-8"", ""favoritesondashboard"": ""true"" }",(206) 555-0100,(206) 555-0101,adrijana@tailspintoys.com,\N,\N,\N,1,2015-09-01 08:10:00,2015-09-12 08:00:00
3163,Be Trang,Be,Be Be Trang,False,NO LOGON,False,\N,False,False,False,\N,(405) 555-0100,(405) 555-0101,be@example.com,\N,\N,\N,1,2013-01-01 00:00:00,2015-09-15 08:10:00
3134,Ivan Sepulveda,Ivan,Ivan Ivan Sepulveda,True,ivan@example.com,False,\\x4d239e431e6ece568a474bb970119203d62d85004d9320f7a886f1f2c599edcf,False,False,False,"{ ""theme"": ""defaultblue"", ""layout"": ""default"", ""dateformat"": ""m/d/yy"", ""timezoneoffset"": ""-8"", ""favoritesondashboard"": ""true"" }",(218) 555-0100,(218) 555-0101,ivan@example.com,\N,\N,\N,1,2014-06-04 08:00:00,2015-09-17 08:00:00
1231,Toma Nastase,Toma,Toma Toma Nastase,True,toma@tailspintoys.com,False,\\x37533a475be64c6268f778879e05dd3ddfdb4f702a43d42a34a10b5d23e3cb4d,False,False,False,"{ ""theme"": ""defaultblue"", ""layout"": ""default"", ""dateformat"": ""m/d/yy"", ""timezoneoffset"": ""-8"", ""favoritesondashboard"": ""true"" }",(787) 555-0100,(787) 555-0101,toma@tailspintoys.com,\N,\N,\N,1,2015-06-07 08:00:00,2015-09-17 08:00:00
3127,Matyas Sedlar,Matyas,Matyas Matyas Sedlar,False,NO LOGON,False,\N,False,False,False,\N,(270) 555-0100,(270) 555-0101,matyas@example.com,\N,\N,\N,1,2013-01-01 00:00:00,2015-09-17 08:10:00
2206,Lana Larsson,Lana,Lana Lana Larsson,True,lana@wingtiptoys.com,False,\\xd6a383758ba31967f1a8044859c5460281408aac4f444c809f0df91f85d8852e,False,False,False,"{ ""theme"": ""defaultblue"", ""layout"": ""default"", ""dateformat"": ""m/d/yy"", ""timezoneoffset"": ""-8"", ""favoritesondashboard"": ""true"" }",(252) 555-0100,(252) 555-0101,lana@wingtiptoys.com,\N,\N,\N,1,2015-03-12 08:00:00,2015-09-19 08:00:00
2025,Raine Knihtila,Raine,Raine Raine Knihtila,True,raine@wingtiptoys.com,False,\\x9a08fa6a5d65a9eaef62fd54246716733feeb8006f3a528a9542b6e74f7bbc59,False,False,False,"{ ""theme"": ""defaultblue"", ""layout"": ""default"", ""dateformat"": ""m/d/yy"", ""timezoneoffset"": ""-8"", ""favoritesondashboard"": ""true"" }",(210) 555-0100,(210) 555-0101,raine@wingtiptoys.com,\N,\N,\N,1,2014-06-25 08:10:00,2015-09-21 08:00:00
1376,Bholanath Das,Bholanath,Bholanath Bholanath Das,True,bholanath@tailspintoys.com,False,\\x7dba71676fcb0b8a7a8900329b2f244f6417d3f5e2ff1ebd0b70d8eddf74316d,False,False,False,"{ ""theme"": ""defaultblue"", ""layout"": ""default"", ""dateformat"": ""m/d/yy"", ""timezoneoffset"": ""-8"", ""favoritesondashboard"": ""true"" }",(210) 555-0100,(210) 555-0101,bholanath@tailspintoys.com,\N,\N,\N,1,2015-08-11 08:00:00,2015-09-21 08:00:00
1352,Sudhir Yadav,Sudhir,Sudhir Sudhir Yadav,True,sudhir@tailspintoys.com,False,\\x8abbcef7314ef5ec6a8269d4125b07b04097aac128df12e21252e7173fc11a5a,False,False,False,"{ ""theme"": ""defaultblue"", ""layout"": ""default"", ""dateformat"": ""m/d/yy"", ""timezoneoffset"": ""-8"", ""favoritesondashboard"": ""true"" }",(206) 555-0100,(206) 555-0101,sudhir@tailspintoys.com,\N,\N,\N,1,2015-03-05 08:10:00,2015-09-22 08:00:00
1287,Pramod Nishad,Pramod,Pramod Pramod Nishad,True,pramod@tailspintoys.com,False,\\x5d16e6926727c238c38d31e07697449cc154ec97331e73c6e5581edc9baac2d6,False,False,False,"{ ""theme"": ""defaultblue"", ""layout"": ""default"", ""dateformat"": ""m/d/yy"", ""timezoneoffset"": ""-8"", ""favoritesondashboard"": ""true"" }",(225) 555-0100,(225) 555-0101,pramod@tailspintoys.com,\N,\N,\N,1,2015-09-05 08:00:00,2015-09-22 08:00:00
2277,Bich Banh,Bich,Bich Bich Banh,True,bich@wingtiptoys.com,False,\\x7845fc29bf61f2b89c9306f9791d225c746d7632441d848ccb642c3dd0eae8ee,False,False,False,"{ ""theme"": ""defaultblue"", ""layout"": ""default"", ""dateformat"": ""m/d/yy"", ""timezoneoffset"": ""-8"", ""favoritesondashboard"": ""true"" }",(215) 555-0100,(215) 555-0101,bich@wingtiptoys.com,\N,\N,\N,1,2015-04-23 08:10:00,2015-09-23 08:00:00
2025,Raine Knihtila,Raine,Raine Raine Knihtila,True,raine@wingtiptoys.com,False,\\x9a08fa6a5d65a9eaef62fd54246716733feeb8006f3a528a9542b6e74f7bbc59,False,False,False,"{ ""theme"": ""defaultblue"", ""layout"": ""default"", ""dateformat"": ""m/d/yy"", ""timezoneoffset"": ""-8"", ""favoritesondashboard"": ""true"" }",(210) 555-0100,(210) 555-0101,raine@wingtiptoys.com,\N,\N,\N,1,2015-09-21 08:00:00,2015-09-24 08:00:00
3167,Meera Patel,Meera,Meera Meera Patel,False,NO LOGON,False,\N,False,False,False,\N,(217) 555-0100,(217) 555-0101,meera@example.com,\N,\N,\N,1,2013-01-01 00:00:00,2015-09-25 08:10:00
1376,Bholanath Das,Bholanath,Bholanath Bholanath Das,True,bholanath@tailspintoys.com,False,\\x7dba71676fcb0b8a7a8900329b2f244f6417d3f5e2ff1ebd0b70d8eddf74316d,False,False,False,"{ ""theme"": ""defaultblue"", ""layout"": ""default"", ""dateformat"": ""m/d/yy"", ""timezoneoffset"": ""-8"", ""favoritesondashboard"": ""true"" }",(210) 555-0100,(210) 555-0101,bholanath@tailspintoys.com,\N,\N,\N,1,2015-09-21 08:00:00,2015-09-26 08:00:00
1350,Hamsapriya Nandamuri,Hamsapriya,Hamsapriya Hamsapriya Nandamuri,True,hamsapriya@tailspintoys.com,False,\\x1c62883fbb7545aef98d25361e130b29ce07330affb506fab7dd8c162efee5c9,False,False,False,"{ ""theme"": ""defaultblue"", ""layout"": ""default"", ""dateformat"": ""m/d/yy"", ""timezoneoffset"": ""-8"", ""favoritesondashboard"": ""true"" }",(505) 555-0100,(505) 555-0101,hamsapriya@tailspintoys.com,\N,\N,\N,1,2014-09-18 08:00:00,2015-09-27 08:00:00
1364,Magda Ciora,Magda,Magda Magda Ciora,False,NO LOGON,False,\N,False,False,False,\N,(308) 555-0100,(308) 555-0101,magda@tailspintoys.com,\N,\N,\N,1,2013-01-01 00:00:00,2015-09-29 08:10:00
3202,Stefan Selezeanu,Stefan,Stefan Stefan Selezeanu,True,stefan@example.com,False,\\xed002edd39a56e04a7716d1a817c64a25ea2e1f75c7d8ed998443a6bea14da1b,False,False,False,"{ ""theme"": ""defaultblue"", ""layout"": ""default"", ""dateformat"": ""m/d/yy"", ""timezoneoffset"": ""-8"", ""favoritesondashboard"": ""true"" }",(212) 555-0100,(212) 555-0101,stefan@example.com,\N,\N,\N,1,2015-06-22 08:00:00,2015-10-02 08:00:00
1082,Kalpana Mukherjee,Kalpana,Kalpana Kalpana Mukherjee,True,kalpana@tailspintoys.com,False,\\x58eb5db1218f1695ccf80bd3732029b91014623ed63947624c5aab5817227704,False,False,False,"{ ""theme"": ""defaultblue"", ""layout"": ""default"", ""dateformat"": ""m/d/yy"", ""timezoneoffset"": ""-8"", ""favoritesondashboard"": ""true"" }",(314) 555-0100,(314) 555-0101,kalpana@tailspintoys.com,\N,\N,\N,1,2014-10-27 08:00:00,2015-10-03 08:00:00
3038,Pavel Bogdanov,Pavel,Pavel Pavel Bogdanov,False,NO LOGON,False,\N,False,False,False,\N,(339) 555-0100,(339) 555-0101,pavel@example.com,\N,\N,\N,1,2013-01-01 00:00:00,2015-10-03 08:10:00
3029,Jack Walker,Jack,Jack Jack Walker,True,jack@example.com,False,\\xdfea34f63f87b971a9d9ce83a0f0b4202df07774f421b9584a139c80ff9a83e0,False,False,False,"{ ""theme"": ""defaultblue"", ""layout"": ""default"", ""dateformat"": ""m/d/yy"", ""timezoneoffset"": ""-8"", ""favoritesondashboard"": ""true"" }",(316) 555-0100,(316) 555-0101,jack@example.com,\N,\N,\N,1,2015-08-03 08:00:00,2015-10-07 08:00:00
2243,Akshayakeerti Jandhyala,Akshayakeerti,Akshayakeerti Akshayakeerti Jandhyala,False,NO LOGON,False,\N,False,False,False,\N,(240) 555-0100,(240) 555-0101,akshayakeerti@wingtiptoys.com,\N,\N,\N,1,2013-01-01 00:00:00,2015-10-10 08:10:00
1397,Cezar Pavel,Cezar,Cezar Cezar Pavel,True,cezar@tailspintoys.com,False,\\xafc47a6846824f8baa84adca1379a0e99dfc06cff1292f55c1858f03c81eea71,False,False,False,"{ ""theme"": ""defaultblue"", ""layout"": ""default"", ""dateformat"": ""m/d/yy"", ""timezoneoffset"": ""-8"", ""favoritesondashboard"": ""true"" }",(303) 555-0100,(303) 555-0101,cezar@tailspintoys.com,\N,\N,\N,1,2015-07-20 08:00:00,2015-10-13 08:00:00
3163,Be Trang,Be,Be Be Trang,True,be@example.com,False,\\x0ed6052630e72610d7309d28382d4f8f796ab8c5d8b40ab43a47ea5f8657997c,False,False,False,"{ ""theme"": ""defaultblue"", ""layout"": ""default"", ""dateformat"": ""m/d/yy"", ""timezoneoffset"": ""-8"", ""favoritesondashboard"": ""true"" }",(405) 555-0100,(405) 555-0101,be@example.com,\N,\N,\N,1,2015-09-15 08:10:00,2015-10-14 08:00:00
3167,Meera Patel,Meera,Meera Meera Patel,True,meera@example.com,False,\\x84db7abdf042da3762c37ccc10bc4987654cc5b479288806719ab505fb3d17ff,False,False,False,"{ ""theme"": ""defaultblue"", ""layout"": ""default"", ""dateformat"": ""m/d/yy"", ""timezoneoffset"": ""-8"", ""favoritesondashboard"": ""true"" }",(217) 555-0100,(217) 555-0101,meera@example.com,\N,\N,\N,1,2015-09-25 08:10:00,2015-10-21 08:00:00
2041,Nishant Patil,Nishant,Nishant Nishant Patil,True,nishant@wingtiptoys.com,False,\\x6992800e25d674edf9a6ad287a6009cc0ec4cd17ad641a2cc6b0324bde90001d,False,False,False,"{ ""theme"": ""defaultblue"", ""layout"": ""default"", ""dateformat"": ""m/d/yy"", ""timezoneoffset"": ""-8"", ""favoritesondashboard"": ""true"" }",(205) 555-0100,(205) 555-0101,nishant@wingtiptoys.com,\N,\N,\N,1,2015-06-01 08:00:00,2015-10-22 08:00:00
1084,Ivan Castellanos,Ivan,Ivan Ivan Castellanos,True,ivan@tailspintoys.com,False,\\xe7f5bd8e5e4860050e04e72b4ec83e94af88e083729280028348e17e96bdb028,False,False,False,"{ ""theme"": ""defaultblue"", ""layout"": ""default"", ""dateformat"": ""m/d/yy"", ""timezoneoffset"": ""-8"", ""favoritesondashboard"": ""true"" }",(212) 555-0100,(212) 555-0101,ivan@tailspintoys.com,\N,\N,\N,1,2015-09-07 08:10:00,2015-10-22 08:00:00
3217,David Novacek ,David,David David Novacek ,True,david@example.com,False,\\x4247d350022d466271561ef54c793d674e5f0bc0775b416e8e0b45e6fc2ef389,False,False,False,"{ ""theme"": ""defaultblue"", ""layout"": ""default"", ""dateformat"": ""m/d/yy"", ""timezoneoffset"": ""-8"", ""favoritesondashboard"": ""true"" }",(423) 555-0100,(423) 555-0101,david@example.com,\N,\N,\N,1,2015-06-25 08:00:00,2015-10-25 08:00:00
1121,Abhoy PrabhupÄda,Abhoy,Abhoy Abhoy PrabhupÄda,True,abhoy@tailspintoys.com,False,\\xb69b3677609e3fa9f464f7b0821d80ac81ccf1680a37db36039eb9c8435efe6c,False,False,False,"{ ""theme"": ""defaultblue"", ""layout"": ""default"", ""dateformat"": ""m/d/yy"", ""timezoneoffset"": ""-8"", ""favoritesondashboard"": ""true"" }",(423) 555-0100,(423) 555-0101,abhoy@tailspintoys.com,\N,\N,\N,1,2015-08-29 08:00:00,2015-10-25 08:00:00
1057,Karel Hanak,Karel,Karel Karel Hanak,True,karel@tailspintoys.com,False,\\xa24dd795a3024fef1330a312731843ac1fa4219c9f238916336ac7fd05696030,False,False,False,"{ ""theme"": ""defaultblue"", ""layout"": ""default"", ""dateformat"": ""m/d/yy"", ""timezoneoffset"": ""-8"", ""favoritesondashboard"": ""true"" }",(205) 555-0100,(205) 555-0101,karel@tailspintoys.com,\N,\N,\N,1,2015-04-28 08:00:00,2015-10-26 08:00:00
2238,Ngu Hoa,Ngu,Ngu Ngu Hoa,True,ngu@wingtiptoys.com,False,\\x30a68eadadce00f0b9086c2c902e24518180aa55f5312bd74aaadae8de76351e,False,False,False,"{ ""theme"": ""defaultblue"", ""layout"": ""default"", ""dateformat"": ""m/d/yy"", ""timezoneoffset"": ""-8"", ""favoritesondashboard"": ""true"" }",(405) 555-0100,(405) 555-0101,ngu@wingtiptoys.com,\N,\N,\N,1,2015-07-08 08:00:00,2015-10-26 08:00:00
1288,Avani Aggarwal,Avani,Avani Avani Aggarwal,False,NO LOGON,False,\N,False,False,False,\N,(225) 555-0100,(225) 555-0101,avani@tailspintoys.com,\N,\N,\N,1,2013-01-01 00:00:00,2015-10-26 08:10:00
38,Matheus Oliveira,Matheus,Matheus Matheus Oliveira,True,matheuso@nodpublishers.com,False,\\x80de4f3879785996d9754010c8e90c24c3d82bf929d5726e9a69418d772ac046,True,False,False,"{ ""theme"": ""defaultblue"", ""layout"": ""default"", ""dateformat"": ""m/d/yy"", ""timezoneoffset"": ""-8"", ""favoritesondashboard"": ""true"" }",(252) 555-0107,(252) 555-0101,matheuso@nodpublishers.com,\N,\N,\N,1,2015-03-03 08:00:00,2015-10-27 08:00:00
2306,Emine Gungor,Emine,Emine Emine Gungor,False,NO LOGON,False,\N,False,False,False,\N,(210) 555-0100,(210) 555-0101,emine@wingtiptoys.com,\N,\N,\N,1,2013-01-01 00:00:00,2015-10-30 08:10:00
1350,Hamsapriya Nandamuri,Hamsapriya,Hamsapriya Hamsapriya Nandamuri,True,hamsapriya@tailspintoys.com,False,\\x1c62883fbb7545aef98d25361e130b29ce07330affb506fab7dd8c162efee5c9,False,False,False,"{ ""theme"": ""defaultblue"", ""layout"": ""default"", ""dateformat"": ""m/d/yy"", ""timezoneoffset"": ""-8"", ""favoritesondashboard"": ""true"" }",(505) 555-0100,(505) 555-0101,hamsapriya@tailspintoys.com,\N,\N,\N,1,2015-09-27 08:00:00,2015-11-03 08:00:00
2221,Pracha Nantakarn,Pracha,Pracha Pracha Nantakarn,False,NO LOGON,False,\N,False,False,False,\N,(231) 555-0100,(231) 555-0101,pracha@wingtiptoys.com,\N,\N,\N,1,2013-01-01 00:00:00,2015-11-04 08:10:00
1358,Priya kaushal,Priya,Priya Priya kaushal,True,priya@tailspintoys.com,False,\\x318360adca8b603865721d93dd8bd46d75956a8e53e2f297a03af63426922c2c,False,False,False,"{ ""theme"": ""defaultblue"", ""layout"": ""default"", ""dateformat"": ""m/d/yy"", ""timezoneoffset"": ""-8"", ""favoritesondashboard"": ""true"" }",(319) 555-0100,(319) 555-0101,priya@tailspintoys.com,\N,\N,\N,1,2015-06-08 08:00:00,2015-11-06 08:00:00
1153,Airi Vassiljev,Airi,Airi Airi Vassiljev,False,NO LOGON,False,\N,False,False,False,\N,(229) 555-0100,(229) 555-0101,airi@tailspintoys.com,\N,\N,\N,1,2013-01-01 00:00:00,2015-11-06 08:10:00
1254,Lovro Kulaga,Lovro,Lovro Lovro Kulaga,True,lovro@tailspintoys.com,False,\\x720526ed914b6e0c9be12c7fa823ea80ac5db0cb58f6a18f5bc1abae84567074,False,False,False,"{ ""theme"": ""defaultblue"", ""layout"": ""default"", ""dateformat"": ""m/d/yy"", ""timezoneoffset"": ""-8"", ""favoritesondashboard"": ""true"" }",(206) 555-0100,(206) 555-0101,lovro@tailspintoys.com,\N,\N,\N,1,2015-06-19 08:10:00,2015-11-07 08:00:00
2109,Ilse Sandell,Ilse,Ilse Ilse Sandell,True,ilse@wingtiptoys.com,False,\\x55f57e4f7128d52a46f7f6b0540f82fa1afe89bb819d3484e9265f0435552c48,False,False,False,"{ ""theme"": ""defaultblue"", ""layout"": ""default"", ""dateformat"": ""m/d/yy"", ""timezoneoffset"": ""-8"", ""favoritesondashboard"": ""true"" }",(209) 555-0100,(209) 555-0101,ilse@wingtiptoys.com,\N,\N,\N,1,2015-07-25 08:00:00,2015-11-12 08:00:00
1130,Paola Loggia,Paola,Paola Paola Loggia,False,NO LOGON,False,\N,False,False,False,\N,(210) 555-0100,(210) 555-0101,paola@tailspintoys.com,\N,\N,\N,1,2013-01-01 00:00:00,2015-11-17 08:10:00
11,Ethan Onslow,Ethan,Ethan Ethan Onslow,True,ethano@wideworldimporters.com,False,\\xd70f37f5c019499959ddf987e5343b957feb58959a0270e06919d47f2e84d409,True,True,False,"{ ""theme"": ""defaultblue"", ""layout"": ""default"", ""dateformat"": ""m/d/yy"", ""timezoneoffset"": ""-8"", ""favoritesondashboard"": ""true"" }",(415) 555-0102,(415) 555-0103,ethano@wideworldimporters.com,\N,\N,\N,1,2015-06-08 08:00:00,2015-11-19 08:00:00
2227,Anda Liepa,Anda,Anda Anda Liepa,True,anda@wingtiptoys.com,False,\\xda7139587c9eaa854628e7f72dcfd34aed0b8e5e508a86ec59c616c5c91dfd9f,False,False,False,"{ ""theme"": ""defaultblue"", ""layout"": ""default"", ""dateformat"": ""m/d/yy"", ""timezoneoffset"": ""-8"", ""favoritesondashboard"": ""true"" }",(603) 555-0100,(603) 555-0101,anda@wingtiptoys.com,\N,\N,\N,1,2015-02-10 08:00:00,2015-11-24 08:00:00
3095,Geza Roman,Geza,Geza Geza Roman,True,geza@example.com,False,\\x8bbb2eee2de1d6c19de14c2b22b5316b0ca87f259e36b2191fc41089e2ab39bb,False,False,False,"{ ""theme"": ""defaultblue"", ""layout"": ""default"", ""dateformat"": ""m/d/yy"", ""timezoneoffset"": ""-8"", ""favoritesondashboard"": ""true"" }",(215) 555-0100,(215) 555-0101,geza@example.com,\N,\N,\N,1,2015-09-09 08:00:00,2015-11-24 08:00:00
2261,Javier Caraballo,Javier,Javier Javier Caraballo,False,NO LOGON,False,\N,False,False,False,\N,(231) 555-0100,(231) 555-0101,javier@wingtiptoys.com,\N,\N,\N,1,2013-01-01 00:00:00,2015-12-02 08:10:00
11,Ethan Onslow,Ethan,Ethan Ethan Onslow,True,ethano@wideworldimporters.com,False,\\xd70f37f5c019499959ddf987e5343b957feb58959a0270e06919d47f2e84d409,True,True,False,"{ ""theme"": ""defaultblue"", ""layout"": ""default"", ""dateformat"": ""m/d/yy"", ""timezoneoffset"": ""-8"", ""favoritesondashboard"": ""true"" }",(415) 555-0102,(415) 555-0103,ethano@wideworldimporters.com,\N,\N,\N,1,2015-11-19 08:00:00,2015-12-03 08:00:00
6,Sophia Hinton,Sophia,Sophia Sophia Hinton,True,sophiah@wideworldimporters.com,False,\\x451bb10a515f06331540db392031f9d9bc4ef536a1f86d1ca6c7394556baa3c0,True,True,True,"{ ""theme"": ""defaultblue"", ""layout"": ""default"", ""dateformat"": ""m/d/yy"", ""timezoneoffset"": ""-8"", ""favoritesondashboard"": ""true"" }",(415) 555-0102,(415) 555-0103,sophiah@wideworldimporters.com,\N,\N,\N,1,2015-06-12 08:00:00,2015-12-05 08:00:00
3022,Suparna Bhattacharya,Suparna,Suparna Suparna Bhattacharya,True,suparna@example.com,False,\\x993f573e9f4c4f2ca5860f64aa3c9d1ee7c96696118eec7c776962c93731ab89,False,False,False,"{ ""theme"": ""defaultblue"", ""layout"": ""default"", ""dateformat"": ""m/d/yy"", ""timezoneoffset"": ""-8"", ""favoritesondashboard"": ""true"" }",(314) 555-0100,(314) 555-0101,suparna@example.com,\N,\N,\N,1,2015-05-12 08:00:00,2015-12-06 08:00:00
2270,Trishna Benipal,Trishna,Trishna Trishna Benipal,True,trishna@wingtiptoys.com,False,\\xe33420e601e303daea4bc60ecb7c826a1e94261ab57c3743a1c90a548955dc85,False,False,False,"{ ""theme"": ""defaultblue"", ""layout"": ""default"", ""dateformat"": ""m/d/yy"", ""timezoneoffset"": ""-8"", ""favoritesondashboard"": ""true"" }",(304) 555-0100,(304) 555-0101,trishna@wingtiptoys.com,\N,\N,\N,1,2015-03-31 08:00:00,2015-12-08 08:00:00
1086,Parsa Blijleven,Parsa,Parsa Parsa Blijleven,True,parsa@tailspintoys.com,False,\\x17d4856e41386868b75ebeb4336069e4212897e94a0178b0b8a013ddc3419f15,False,False,False,"{ ""theme"": ""defaultblue"", ""layout"": ""default"", ""dateformat"": ""m/d/yy"", ""timezoneoffset"": ""-8"", ""favoritesondashboard"": ""true"" }",(206) 555-0100,(206) 555-0101,parsa@tailspintoys.com,\N,\N,\N,1,2015-06-14 08:00:00,2015-12-08 08:00:00
1164,Huu Hoa,Huu,Huu Huu Hoa,False,NO LOGON,False,\N,False,False,False,\N,(505) 555-0100,(505) 555-0101,huu@tailspintoys.com,\N,\N,\N,1,2013-01-01 00:00:00,2015-12-08 08:10:00
2024,Tajana Lovric,Tajana,Tajana Tajana Lovric,True,tajana@wingtiptoys.com,False,\\x0f9b10fc4a8bd04e65a41f08de3bd71510c5916db25decdef15e2b62df4a7f0d,False,False,False,"{ ""theme"": ""defaultblue"", ""layout"": ""default"", ""dateformat"": ""m/d/yy"", ""timezoneoffset"": ""-8"", ""favoritesondashboard"": ""true"" }",(406) 555-0100,(406) 555-0101,tajana@wingtiptoys.com,\N,\N,\N,1,2015-05-03 08:00:00,2015-12-10 08:00:00
3,Hudson Onslow,Hudson,Hudson Hudson Onslow,True,hudsono@wideworldimporters.com,False,\\x23668ccc579015ea934736c3d7b87e86360eb5eee164c4368a7b103c11e3436e,True,True,True,"{ ""theme"": ""defaultblue"", ""layout"": ""default"", ""dateformat"": ""m/d/yy"", ""timezoneoffset"": ""-8"", ""favoritesondashboard"": ""true"" }",(415) 555-0102,(415) 555-0103,hudsono@wideworldimporters.com,\N,\N,\N,1,2015-07-02 08:00:00,2015-12-11 08:00:00
3,Hudson Onslow,Hudson,Hudson Hudson Onslow,True,hudsono@wideworldimporters.com,False,\\x23668ccc579015ea934736c3d7b87e86360eb5eee164c4368a7b103c11e3436e,True,True,True,"{ ""theme"": ""defaultblue"", ""layout"": ""default"", ""dateformat"": ""m/d/yy"", ""timezoneoffset"": ""-8"", ""favoritesondashboard"": ""true"" }",(415) 555-0102,(415) 555-0103,hudsono@wideworldimporters.com,\N,\N,\N,1,2015-12-11 08:00:00,2015-12-12 08:00:00
2304,Aet Kasesalu,Aet,Aet Aet Kasesalu,False,NO LOGON,False,\N,False,False,False,\N,(215) 555-0100,(215) 555-0101,aet@wingtiptoys.com,\N,\N,\N,1,2013-01-01 00:00:00,2015-12-14 08:10:00
3182,Yves Belisle,Yves,Yves Yves Belisle,True,yves@example.com,False,\\xdcac4e7baee71e9c25461f6c3d5d82ce95dd1906471a0ae1d08a0e242ce4bd39,False,False,False,"{ ""theme"": ""defaultblue"", ""layout"": ""default"", ""dateformat"": ""m/d/yy"", ""timezoneoffset"": ""-8"", ""favoritesondashboard"": ""true"" }",(480) 555-0100,(480) 555-0101,yves@example.com,\N,\N,\N,1,2015-07-22 08:00:00,2015-12-15 08:00:00
2024,Tajana Lovric,Tajana,Tajana Tajana Lovric,True,tajana@wingtiptoys.com,False,\\x0f9b10fc4a8bd04e65a41f08de3bd71510c5916db25decdef15e2b62df4a7f0d,False,False,False,"{ ""theme"": ""defaultblue"", ""layout"": ""default"", ""dateformat"": ""m/d/yy"", ""timezoneoffset"": ""-8"", ""favoritesondashboard"": ""true"" }",(406) 555-0100,(406) 555-0101,tajana@wingtiptoys.com,\N,\N,\N,1,2015-12-10 08:00:00,2015-12-15 08:00:00
2373,Daniela Sal,Daniela,Daniela Daniela Sal,True,daniela@wingtiptoys.com,False,\\xeec53ed3eae7dc2ac179e11cc066b2df045e4e42cc8b27dac2468e5cc725ea93,False,False,False,"{ ""theme"": ""defaultblue"", ""layout"": ""default"", ""dateformat"": ""m/d/yy"", ""timezoneoffset"": ""-8"", ""favoritesondashboard"": ""true"" }",(210) 555-0100,(210) 555-0101,daniela@wingtiptoys.com,\N,\N,\N,1,2014-11-19 08:00:00,2015-12-16 08:00:00
3023,Francisca Laureano,Francisca,Francisca Francisca Laureano,True,francisca@example.com,False,\\xc27b24142be0660a89c07454ed9e0e2ca8b0f1faf0395ddbb46a76a8683f3755,False,False,False,"{ ""theme"": ""defaultblue"", ""layout"": ""default"", ""dateformat"": ""m/d/yy"", ""timezoneoffset"": ""-8"", ""favoritesondashboard"": ""true"" }",(319) 555-0100,(319) 555-0101,francisca@example.com,\N,\N,\N,1,2015-03-04 08:00:00,2015-12-16 08:00:00
3186,Neil Farrelly,Neil,Neil Neil Farrelly,True,neil@example.com,False,\\x0efe383c11e4e85d5203f90a79d2731137b08451343d8569b0885cc5bd1a7dcf,False,False,False,"{ ""theme"": ""defaultblue"", ""layout"": ""default"", ""dateformat"": ""m/d/yy"", ""timezoneoffset"": ""-8"", ""favoritesondashboard"": ""true"" }",(215) 555-0100,(215) 555-0101,neil@example.com,\N,\N,\N,1,2015-03-27 08:10:00,2015-12-18 08:00:00
2109,Ilse Sandell,Ilse,Ilse Ilse Sandell,True,ilse@wingtiptoys.com,False,\\x55f57e4f7128d52a46f7f6b0540f82fa1afe89bb819d3484e9265f0435552c48,False,False,False,"{ ""theme"": ""defaultblue"", ""layout"": ""default"", ""dateformat"": ""m/d/yy"", ""timezoneoffset"": ""-8"", ""favoritesondashboard"": ""true"" }",(209) 555-0100,(209) 555-0101,ilse@wingtiptoys.com,\N,\N,\N,1,2015-11-12 08:00:00,2015-12-18 08:00:00
1289,Prasong Tuntayakul,Prasong,Prasong Prasong Tuntayakul,True,prasong@tailspintoys.com,False,\\x30bc048cc8a63cc96c3d62f6bd267477a1577ce59f473c30fbc626a4d604358b,False,False,False,"{ ""theme"": ""defaultblue"", ""layout"": ""default"", ""dateformat"": ""m/d/yy"", ""timezoneoffset"": ""-8"", ""favoritesondashboard"": ""true"" }",(201) 555-0100,(201) 555-0101,prasong@tailspintoys.com,\N,\N,\N,1,2015-09-08 08:00:00,2015-12-20 08:00:00
11,Ethan Onslow,Ethan,Ethan Ethan Onslow,True,ethano@wideworldimporters.com,False,\\xd70f37f5c019499959ddf987e5343b957feb58959a0270e06919d47f2e84d409,True,True,False,"{ ""theme"": ""defaultblue"", ""layout"": ""default"", ""dateformat"": ""m/d/yy"", ""timezoneoffset"": ""-8"", ""favoritesondashboard"": ""true"" }",(415) 555-0102,(415) 555-0103,ethano@wideworldimporters.com,\N,\N,\N,1,2015-12-03 08:00:00,2015-12-24 08:00:00
1339,Daniella Barbosa,Daniella,Daniella Daniella Barbosa,True,daniella@tailspintoys.com,False,\\xabe5e48dc5339724c6832dbdfe467781e534e01aa40e51a858db3ba0d60b8a6c,False,False,False,"{ ""theme"": ""defaultblue"", ""layout"": ""default"", ""dateformat"": ""m/d/yy"", ""timezoneoffset"": ""-8"", ""favoritesondashboard"": ""true"" }",(212) 555-0100,(212) 555-0101,daniella@tailspintoys.com,\N,\N,\N,1,2015-01-26 08:00:00,2015-12-27 08:00:00
1352,Sudhir Yadav,Sudhir,Sudhir Sudhir Yadav,True,sudhir@tailspintoys.com,False,\\x8abbcef7314ef5ec6a8269d4125b07b04097aac128df12e21252e7173fc11a5a,False,False,False,"{ ""theme"": ""defaultblue"", ""layout"": ""default"", ""dateformat"": ""m/d/yy"", ""timezoneoffset"": ""-8"", ""favoritesondashboard"": ""true"" }",(206) 555-0100,(206) 555-0101,sudhir@tailspintoys.com,\N,\N,\N,1,2015-09-22 08:00:00,2015-12-27 08:00:00
3237,David Jaramillo,David,David David Jaramillo,False,NO LOGON,False,\N,False,False,False,\N,(803) 555-0100,(803) 555-0101,david@example.com,\N,\N,\N,1,2014-11-21 00:00:00,2015-12-29 08:10:00
2298,Wander Ellenbroek,Wander,Wander Wander Ellenbroek,True,wander@wingtiptoys.com,False,\\x2cd57e45b1845b5e6423f2ea24199afbec8a71c6aeecbacf591c8c1a6d406b87,False,False,False,"{ ""theme"": ""defaultblue"", ""layout"": ""default"", ""dateformat"": ""m/d/yy"", ""timezoneoffset"": ""-8"", ""favoritesondashboard"": ""true"" }",(212) 555-0100,(212) 555-0101,wander@wingtiptoys.com,\N,\N,\N,1,2015-05-01 08:00:00,2016-01-02 08:00:00
1164,Huu Hoa,Huu,Huu Huu Hoa,True,huu@tailspintoys.com,False,\\x6ceae6e236a2ebee563ec2a941e439b9069e172eedd67d8a0243a5fecd9ddb99,False,False,False,"{ ""theme"": ""defaultblue"", ""layout"": ""default"", ""dateformat"": ""m/d/yy"", ""timezoneoffset"": ""-8"", ""favoritesondashboard"": ""true"" }",(505) 555-0100,(505) 555-0101,huu@tailspintoys.com,\N,\N,\N,1,2015-12-08 08:10:00,2016-01-04 08:00:00
1177,Aakarsha Nookala,Aakarsha,Aakarsha Aakarsha Nookala,False,NO LOGON,False,\N,False,False,False,\N,(201) 555-0100,(201) 555-0101,aakarsha@tailspintoys.com,\N,\N,\N,1,2013-01-01 00:00:00,2016-01-04 08:10:00
3029,Jack Walker,Jack,Jack Jack Walker,True,jack@example.com,False,\\xdfea34f63f87b971a9d9ce83a0f0b4202df07774f421b9584a139c80ff9a83e0,False,False,False,"{ ""theme"": ""defaultblue"", ""layout"": ""default"", ""dateformat"": ""m/d/yy"", ""timezoneoffset"": ""-8"", ""favoritesondashboard"": ""true"" }",(316) 555-0100,(316) 555-0101,jack@example.com,\N,\N,\N,1,2015-10-07 08:00:00,2016-01-05 08:00:00
2109,Ilse Sandell,Ilse,Ilse Ilse Sandell,True,ilse@wingtiptoys.com,False,\\x55f57e4f7128d52a46f7f6b0540f82fa1afe89bb819d3484e9265f0435552c48,False,False,False,"{ ""theme"": ""defaultblue"", ""layout"": ""default"", ""dateformat"": ""m/d/yy"", ""timezoneoffset"": ""-8"", ""favoritesondashboard"": ""true"" }",(209) 555-0100,(209) 555-0101,ilse@wingtiptoys.com,\N,\N,\N,1,2015-12-18 08:00:00,2016-01-05 08:00:00
3216,Aive Petrov,Aive,Aive Aive Petrov,True,aive@example.com,False,\\xe5200c985fac5a1e0614f36ebb0ecfa0f7c2125027bfa1c90a6fc01a6bce5b19,False,False,False,"{ ""theme"": ""defaultblue"", ""layout"": ""default"", ""dateformat"": ""m/d/yy"", ""timezoneoffset"": ""-8"", ""favoritesondashboard"": ""true"" }",(316) 555-0100,(316) 555-0101,aive@example.com,\N,\N,\N,1,2015-04-11 08:00:00,2016-01-06 08:00:00
1159,Bharat Ankitham,Bharat,Bharat Bharat Ankitham,False,NO LOGON,False,\N,False,False,False,\N,(252) 555-0100,(252) 555-0101,bharat@tailspintoys.com,\N,\N,\N,1,2013-01-01 00:00:00,2016-01-07 08:10:00
1087,Adrijana Blagojevic,Adrijana,Adrijana Adrijana Blagojevic,True,adrijana@tailspintoys.com,False,\\x8832dbc3064673d5df7c5b79d54b2ce47dd8b1847f99e6a163e8d1dd578001fd,False,False,False,"{ ""theme"": ""defaultblue"", ""layout"": ""default"", ""dateformat"": ""m/d/yy"", ""timezoneoffset"": ""-8"", ""favoritesondashboard"": ""true"" }",(206) 555-0100,(206) 555-0101,adrijana@tailspintoys.com,\N,\N,\N,1,2015-09-12 08:00:00,2016-01-08 08:00:00
1082,Kalpana Mukherjee,Kalpana,Kalpana Kalpana Mukherjee,True,kalpana@tailspintoys.com,False,\\x58eb5db1218f1695ccf80bd3732029b91014623ed63947624c5aab5817227704,False,False,False,"{ ""theme"": ""defaultblue"", ""layout"": ""default"", ""dateformat"": ""m/d/yy"", ""timezoneoffset"": ""-8"", ""favoritesondashboard"": ""true"" }",(314) 555-0100,(314) 555-0101,kalpana@tailspintoys.com,\N,\N,\N,1,2015-10-03 08:00:00,2016-01-08 08:00:00
1159,Bharat Ankitham,Bharat,Bharat Bharat Ankitham,True,bharat@tailspintoys.com,False,\\xd5adb8354779d1b1e190e23d380bfa6844d8a7012cfccae1cdf3f9fe26018bc7,False,False,False,"{ ""theme"": ""defaultblue"", ""layout"": ""default"", ""dateformat"": ""m/d/yy"", ""timezoneoffset"": ""-8"", ""favoritesondashboard"": ""true"" }",(252) 555-0100,(252) 555-0101,bharat@tailspintoys.com,\N,\N,\N,1,2016-01-07 08:10:00,2016-01-10 08:00:00
3017,Agrita Kanepa,Agrita,Agrita Agrita Kanepa,True,agrita@example.com,False,\\xa9937a3658383605658e1ec4c3a4558502b793c324cd569f320054b85254bead,False,False,False,"{ ""theme"": ""defaultblue"", ""layout"": ""default"", ""dateformat"": ""m/d/yy"", ""timezoneoffset"": ""-8"", ""favoritesondashboard"": ""true"" }",(201) 555-0100,(201) 555-0101,agrita@example.com,\N,\N,\N,1,2015-06-29 08:00:00,2016-01-12 08:00:00
1116,Marcel Marquis,Marcel,Marcel Marcel Marquis,True,marcel@tailspintoys.com,False,\\xe929ac64fcd488dde9e7c818456a9bf02e622b6be795d8bd1ffa52d2698ca84c,False,False,False,"{ ""theme"": ""defaultblue"", ""layout"": ""default"", ""dateformat"": ""m/d/yy"", ""timezoneoffset"": ""-8"", ""favoritesondashboard"": ""true"" }",(276) 555-0100,(276) 555-0101,marcel@tailspintoys.com,\N,\N,\N,1,2015-09-04 08:00:00,2016-01-12 08:00:00
1138,Chaowalit Pornpipatpong,Chaowalit,Chaowalit Chaowalit Pornpipatpong,True,chaowalit@tailspintoys.com,False,\\x08100e03488e2dcaa95c62164963b28ba11dcaea6c98af05f8e92c613f2e15dd,False,False,False,"{ ""theme"": ""defaultblue"", ""layout"": ""default"", ""dateformat"": ""m/d/yy"", ""timezoneoffset"": ""-8"", ""favoritesondashboard"": ""true"" }",(209) 555-0100,(209) 555-0101,chaowalit@tailspintoys.com,\N,\N,\N,1,2015-06-02 08:00:00,2016-01-15 08:00:00
2276,Indu Chowdary,Indu,Indu Indu Chowdary,True,indu@wingtiptoys.com,False,\\xbdb315d04675ffa0d9ed425d97329d18b2cbd8bef4c7f4f2b5edaba657f11c7b,False,False,False,"{ ""theme"": ""defaultblue"", ""layout"": ""default"", ""dateformat"": ""m/d/yy"", ""timezoneoffset"": ""-8"", ""favoritesondashboard"": ""true"" }",(228) 555-0100,(228) 555-0101,indu@wingtiptoys.com,\N,\N,\N,1,2015-05-06 08:10:00,2016-01-17 08:00:00
1107,Vitezslav Rehak,Vitezslav,Vitezslav Vitezslav Rehak,True,vitezslav@tailspintoys.com,False,\\xc9a2c9058f59f07b2a0bb9629bfce752a774c2b0c63b371bbd1c87f922773c1e,False,False,False,"{ ""theme"": ""defaultblue"", ""layout"": ""default"", ""dateformat"": ""m/d/yy"", ""timezoneoffset"": ""-8"", ""favoritesondashboard"": ""true"" }",(215) 555-0100,(215) 555-0101,vitezslav@tailspintoys.com,\N,\N,\N,1,2015-05-25 08:00:00,2016-01-17 08:00:00
1177,Aakarsha Nookala,Aakarsha,Aakarsha Aakarsha Nookala,True,aakarsha@tailspintoys.com,False,\\xcb200a535bff77394c556e909f35158b7c45d318e7e0100e4b98899abc5797c5,False,False,False,"{ ""theme"": ""defaultblue"", ""layout"": ""default"", ""dateformat"": ""m/d/yy"", ""timezoneoffset"": ""-8"", ""favoritesondashboard"": ""true"" }",(201) 555-0100,(201) 555-0101,aakarsha@tailspintoys.com,\N,\N,\N,1,2016-01-04 08:10:00,2016-01-20 08:00:00
38,Matheus Oliveira,Matheus,Matheus Matheus Oliveira,True,matheuso@nodpublishers.com,False,\\x80de4f3879785996d9754010c8e90c24c3d82bf929d5726e9a69418d772ac046,True,False,False,"{ ""theme"": ""defaultblue"", ""layout"": ""default"", ""dateformat"": ""m/d/yy"", ""timezoneoffset"": ""-8"", ""favoritesondashboard"": ""true"" }",(252) 555-0107,(252) 555-0101,matheuso@nodpublishers.com,\N,\N,\N,1,2015-10-27 08:00:00,2016-01-23 08:00:00
1159,Bharat Ankitham,Bharat,Bharat Bharat Ankitham,True,bharat@tailspintoys.com,False,\\xd5adb8354779d1b1e190e23d380bfa6844d8a7012cfccae1cdf3f9fe26018bc7,False,False,False,"{ ""theme"": ""defaultblue"", ""layout"": ""default"", ""dateformat"": ""m/d/yy"", ""timezoneoffset"": ""-8"", ""favoritesondashboard"": ""true"" }",(252) 555-0100,(252) 555-0101,bharat@tailspintoys.com,\N,\N,\N,1,2016-01-10 08:00:00,2016-01-23 08:00:00
2122,Hector Parra,Hector,Hector Hector Parra,True,hector@wingtiptoys.com,False,\\x5259a0d7004dad855270a05ec8ea2153e8cff0d853eafaea3e67a0a22f443d4b,False,False,False,"{ ""theme"": ""defaultblue"", ""layout"": ""default"", ""dateformat"": ""m/d/yy"", ""timezoneoffset"": ""-8"", ""favoritesondashboard"": ""true"" }",(210) 555-0100,(210) 555-0101,hector@wingtiptoys.com,\N,\N,\N,1,2014-06-12 08:00:00,2016-01-29 08:00:00
1286,Georg Valbe,Georg,Georg Georg Valbe,False,NO LOGON,False,\N,False,False,False,\N,(216) 555-0100,(216) 555-0101,georg@tailspintoys.com,\N,\N,\N,1,2013-01-01 00:00:00,2016-01-29 08:10:00
1288,Avani Aggarwal,Avani,Avani Avani Aggarwal,True,avani@tailspintoys.com,False,\\x673f4074fa095fad6fbdb32c42003c0bc2ca12814e84b69e679c59f51d88b45e,False,False,False,"{ ""theme"": ""defaultblue"", ""layout"": ""default"", ""dateformat"": ""m/d/yy"", ""timezoneoffset"": ""-8"", ""favoritesondashboard"": ""true"" }",(225) 555-0100,(225) 555-0101,avani@tailspintoys.com,\N,\N,\N,1,2015-10-26 08:10:00,2016-01-30 08:00:00
1084,Ivan Castellanos,Ivan,Ivan Ivan Castellanos,True,ivan@tailspintoys.com,False,\\xe7f5bd8e5e4860050e04e72b4ec83e94af88e083729280028348e17e96bdb028,False,False,False,"{ ""theme"": ""defaultblue"", ""layout"": ""default"", ""dateformat"": ""m/d/yy"", ""timezoneoffset"": ""-8"", ""favoritesondashboard"": ""true"" }",(212) 555-0100,(212) 555-0101,ivan@tailspintoys.com,\N,\N,\N,1,2015-10-22 08:00:00,2016-02-02 08:00:00
1286,Georg Valbe,Georg,Georg Georg Valbe,True,georg@tailspintoys.com,False,\\xfbf469b0e38663243bb141ae80f893edae22e04af66d040d17b492536c9d5136,False,False,False,"{ ""theme"": ""defaultblue"", ""layout"": ""default"", ""dateformat"": ""m/d/yy"", ""timezoneoffset"": ""-8"", ""favoritesondashboard"": ""true"" }",(216) 555-0100,(216) 555-0101,georg@tailspintoys.com,\N,\N,\N,1,2016-01-29 08:10:00,2016-02-10 08:00:00
1130,Paola Loggia,Paola,Paola Paola Loggia,True,paola@tailspintoys.com,False,\\x9925577e614312000cfcba2c41456b57e67fd61e227ce10c3ce454312ff06e83,False,False,False,"{ ""theme"": ""defaultblue"", ""layout"": ""default"", ""dateformat"": ""m/d/yy"", ""timezoneoffset"": ""-8"", ""favoritesondashboard"": ""true"" }",(210) 555-0100,(210) 555-0101,paola@tailspintoys.com,\N,\N,\N,1,2015-11-17 08:10:00,2016-02-14 08:00:00
3216,Aive Petrov,Aive,Aive Aive Petrov,True,aive@example.com,False,\\xe5200c985fac5a1e0614f36ebb0ecfa0f7c2125027bfa1c90a6fc01a6bce5b19,False,False,False,"{ ""theme"": ""defaultblue"", ""layout"": ""default"", ""dateformat"": ""m/d/yy"", ""timezoneoffset"": ""-8"", ""favoritesondashboard"": ""true"" }",(316) 555-0100,(316) 555-0101,aive@example.com,\N,\N,\N,1,2016-01-06 08:00:00,2016-02-14 08:00:00
15,Taj Shand,Taj,Taj Taj Shand,True,tajs@wideworldimporters.com,False,\\x9aefeec0dbb0ea6b25f0eb99c62c724f18428d45799dcd8a7b63b859b0f8fcb4,True,True,True,"{ ""theme"": ""defaultblue"", ""layout"": ""default"", ""dateformat"": ""m/d/yy"", ""timezoneoffset"": ""-8"", ""favoritesondashboard"": ""true"" }",(415) 555-0102,(415) 555-0103,tajs@wideworldimporters.com,\N,\N,\N,1,2014-11-07 08:00:00,2016-02-15 08:00:00
3061,Amarasimha Vinjamuri,Amarasimha,Amarasimha Amarasimha Vinjamuri,True,amarasimha@example.com,False,\\x7a67cae4cc7b59df21dac3a52ac5879fabbc8aa33e245790d605cea35310102e,False,False,False,"{ ""theme"": ""defaultblue"", ""layout"": ""default"", ""dateformat"": ""m/d/yy"", ""timezoneoffset"": ""-8"", ""favoritesondashboard"": ""true"" }",(339) 555-0100,(339) 555-0101,amarasimha@example.com,\N,\N,\N,1,2015-08-14 08:00:00,2016-02-15 08:00:00
2272,Diego Buccho,Diego,Diego Diego Buccho,True,diego@wingtiptoys.com,False,\\x3c76c2d4c3fb3209fe645e3939dbcae1dcb54bec316c64e266c10a424a3d296b,False,False,False,"{ ""theme"": ""defaultblue"", ""layout"": ""default"", ""dateformat"": ""m/d/yy"", ""timezoneoffset"": ""-8"", ""favoritesondashboard"": ""true"" }",(605) 555-0100,(605) 555-0101,diego@wingtiptoys.com,\N,\N,\N,1,2015-03-23 08:00:00,2016-02-17 08:00:00
1263,Akanksha Sarma,Akanksha,Akanksha Akanksha Sarma,True,akanksha@tailspintoys.com,False,\\x814d82cb878aabd3e865872190281a1230eff54e9a01903bd1ca44fbcf26d3ac,False,False,False,"{ ""theme"": ""defaultblue"", ""layout"": ""default"", ""dateformat"": ""m/d/yy"", ""timezoneoffset"": ""-8"", ""favoritesondashboard"": ""true"" }",(208) 555-0100,(208) 555-0101,akanksha@tailspintoys.com,\N,\N,\N,1,2015-08-25 08:10:00,2016-02-25 08:00:00
11,Ethan Onslow,Ethan,Ethan Ethan Onslow,True,ethano@wideworldimporters.com,False,\\xd70f37f5c019499959ddf987e5343b957feb58959a0270e06919d47f2e84d409,True,True,False,"{ ""theme"": ""defaultblue"", ""layout"": ""default"", ""dateformat"": ""m/d/yy"", ""timezoneoffset"": ""-8"", ""favoritesondashboard"": ""true"" }",(415) 555-0102,(415) 555-0103,ethano@wideworldimporters.com,\N,\N,\N,1,2015-12-24 08:00:00,2016-02-25 08:00:00
1111,Juan Bezanson,Juan,Juan Juan Bezanson,False,NO LOGON,False,\N,False,False,False,\N,(206) 555-0100,(206) 555-0101,juan@tailspintoys.com,\N,\N,\N,1,2013-01-01 00:00:00,2016-02-25 08:10:00
3182,Yves Belisle,Yves,Yves Yves Belisle,True,yves@example.com,False,\\xdcac4e7baee71e9c25461f6c3d5d82ce95dd1906471a0ae1d08a0e242ce4bd39,False,False,False,"{ ""theme"": ""defaultblue"", ""layout"": ""default"", ""dateformat"": ""m/d/yy"", ""timezoneoffset"": ""-8"", ""favoritesondashboard"": ""true"" }",(480) 555-0100,(480) 555-0101,yves@example.com,\N,\N,\N,1,2015-12-15 08:00:00,2016-02-29 08:00:00
1263,Akanksha Sarma,Akanksha,Akanksha Akanksha Sarma,True,akanksha@tailspintoys.com,False,\\x814d82cb878aabd3e865872190281a1230eff54e9a01903bd1ca44fbcf26d3ac,False,False,False,"{ ""theme"": ""defaultblue"", ""layout"": ""default"", ""dateformat"": ""m/d/yy"", ""timezoneoffset"": ""-8"", ""favoritesondashboard"": ""true"" }",(208) 555-0100,(208) 555-0101,akanksha@tailspintoys.com,\N,\N,\N,1,2016-02-25 08:00:00,2016-03-01 08:00:00
3217,David Novacek ,David,David David Novacek ,True,david@example.com,False,\\x4247d350022d466271561ef54c793d674e5f0bc0775b416e8e0b45e6fc2ef389,False,False,False,"{ ""theme"": ""defaultblue"", ""layout"": ""default"", ""dateformat"": ""m/d/yy"", ""timezoneoffset"": ""-8"", ""favoritesondashboard"": ""true"" }",(423) 555-0100,(423) 555-0101,david@example.com,\N,\N,\N,1,2015-10-25 08:00:00,2016-03-03 08:00:00
3138,Anna Gyarmathi,Anna,Anna Anna Gyarmathi,False,NO LOGON,False,\N,False,False,False,\N,(252) 555-0100,(252) 555-0101,anna@example.com,\N,\N,\N,1,2013-01-01 00:00:00,2016-03-07 08:10:00
13,Hudson Hollinworth,Hudson,Hudson Hudson Hollinworth,True,hudsonh@wideworldimporters.com,False,\\x4ac0a24180c54f425ac88ca33b62136a37b6aaa1943bea14fc34e228eccc35c4,True,True,True,"{ ""theme"": ""defaultblue"", ""layout"": ""default"", ""dateformat"": ""m/d/yy"", ""timezoneoffset"": ""-8"", ""favoritesondashboard"": ""true"" }",(415) 555-0102,(415) 555-0103,hudsonh@wideworldimporters.com,\N,\N,\N,1,2015-05-25 08:00:00,2016-03-10 08:00:00
20,Jack Potter,Jack,Jack Jack Potter,True,jackp@wideworldimporters.com,False,\\x8024e8041c1f5bd98fe46983f98c2f5e53e2cd75bf4a6ef6ac13a299f10f714a,True,True,True,"{ ""theme"": ""defaultblue"", ""layout"": ""default"", ""dateformat"": ""m/d/yy"", ""timezoneoffset"": ""-8"", ""favoritesondashboard"": ""true"" }",(415) 555-0102,(415) 555-0103,jackp@wideworldimporters.com,\N,\N,\N,1,2015-05-16 08:00:00,2016-03-11 08:00:00
9,Alica Fatnowna,Alica,Alica Alica Fatnowna,True,alicaf@wideworldimporters.com,False,\\x7dfab08e9ac574c5b15cf19d18e5b3eb466eac7392f4295815b08221e78ea790,True,True,False,"{ ""theme"": ""defaultblue"", ""layout"": ""default"", ""dateformat"": ""m/d/yy"", ""timezoneoffset"": ""-8"", ""favoritesondashboard"": ""true"" }",(415) 555-0102,(415) 555-0103,alicaf@wideworldimporters.com,\N,\N,\N,1,2014-12-10 08:00:00,2016-03-13 08:00:00
1082,Kalpana Mukherjee,Kalpana,Kalpana Kalpana Mukherjee,True,kalpana@tailspintoys.com,False,\\x58eb5db1218f1695ccf80bd3732029b91014623ed63947624c5aab5817227704,False,False,False,"{ ""theme"": ""defaultblue"", ""layout"": ""default"", ""dateformat"": ""m/d/yy"", ""timezoneoffset"": ""-8"", ""favoritesondashboard"": ""true"" }",(314) 555-0100,(314) 555-0101,kalpana@tailspintoys.com,\N,\N,\N,1,2016-01-08 08:00:00,2016-03-13 08:00:00
2227,Anda Liepa,Anda,Anda Anda Liepa,True,anda@wingtiptoys.com,False,\\xda7139587c9eaa854628e7f72dcfd34aed0b8e5e508a86ec59c616c5c91dfd9f,False,False,False,"{ ""theme"": ""defaultblue"", ""layout"": ""default"", ""dateformat"": ""m/d/yy"", ""timezoneoffset"": ""-8"", ""favoritesondashboard"": ""true"" }",(603) 555-0100,(603) 555-0101,anda@wingtiptoys.com,\N,\N,\N,1,2015-11-24 08:00:00,2016-03-18 08:00:00
2270,Trishna Benipal,Trishna,Trishna Trishna Benipal,True,trishna@wingtiptoys.com,False,\\xe33420e601e303daea4bc60ecb7c826a1e94261ab57c3743a1c90a548955dc85,False,False,False,"{ ""theme"": ""defaultblue"", ""layout"": ""default"", ""dateformat"": ""m/d/yy"", ""timezoneoffset"": ""-8"", ""favoritesondashboard"": ""true"" }",(304) 555-0100,(304) 555-0101,trishna@wingtiptoys.com,\N,\N,\N,1,2015-12-08 08:00:00,2016-03-18 08:00:00
7,Amy Trefl,Amy,Amy Amy Trefl,True,amyt@wideworldimporters.com,False,\\x7a92bbea830c5ed027dcc1d710130eed9ea50fb3e6d5f793ddefc4b50215033f,True,True,True,"{ ""theme"": ""defaultblue"", ""layout"": ""default"", ""dateformat"": ""m/d/yy"", ""timezoneoffset"": ""-8"", ""favoritesondashboard"": ""true"" }",(415) 555-0102,(415) 555-0103,amyt@wideworldimporters.com,\N,\N,\N,1,2015-06-15 08:00:00,2016-03-20 08:00:00
1086,Parsa Blijleven,Parsa,Parsa Parsa Blijleven,True,parsa@tailspintoys.com,False,\\x17d4856e41386868b75ebeb4336069e4212897e94a0178b0b8a013ddc3419f15,False,False,False,"{ ""theme"": ""defaultblue"", ""layout"": ""default"", ""dateformat"": ""m/d/yy"", ""timezoneoffset"": ""-8"", ""favoritesondashboard"": ""true"" }",(206) 555-0100,(206) 555-0101,parsa@tailspintoys.com,\N,\N,\N,1,2015-12-08 08:00:00,2016-03-22 08:00:00
2227,Anda Liepa,Anda,Anda Anda Liepa,True,anda@wingtiptoys.com,False,\\xda7139587c9eaa854628e7f72dcfd34aed0b8e5e508a86ec59c616c5c91dfd9f,False,False,False,"{ ""theme"": ""defaultblue"", ""layout"": ""default"", ""dateformat"": ""m/d/yy"", ""timezoneoffset"": ""-8"", ""favoritesondashboard"": ""true"" }",(603) 555-0100,(603) 555-0101,anda@wingtiptoys.com,\N,\N,\N,1,2016-03-18 08:00:00,2016-03-22 08:00:00
2325,Samuel Almaraz,Samuel,Samuel Samuel Almaraz,False,NO LOGON,False,\N,False,False,False,\N,(458) 555-0100,(458) 555-0101,samuel@wingtiptoys.com,\N,\N,\N,1,2013-01-01 00:00:00,2016-03-24 08:10:00
2,Kayla Woodcock,Kayla,Kayla Kayla Woodcock,True,kaylaw@wideworldimporters.com,False,\\x616e9b558976525e7f14d780ebae80c68586958dc97c506db418e2e2c49e340e,True,True,True,"{ ""theme"": ""defaultblue"", ""layout"": ""default"", ""dateformat"": ""m/d/yy"", ""timezoneoffset"": ""-8"", ""favoritesondashboard"": ""true"" }",(415) 555-0102,(415) 555-0103,kaylaw@wideworldimporters.com,\N,\N,\N,1,2015-01-15 08:00:00,2016-03-25 08:00:00
13,Hudson Hollinworth,Hudson,Hudson Hudson Hollinworth,True,hudsonh@wideworldimporters.com,False,\\x4ac0a24180c54f425ac88ca33b62136a37b6aaa1943bea14fc34e228eccc35c4,True,True,True,"{ ""theme"": ""defaultblue"", ""layout"": ""default"", ""dateformat"": ""m/d/yy"", ""timezoneoffset"": ""-8"", ""favoritesondashboard"": ""true"" }",(415) 555-0102,(415) 555-0103,hudsonh@wideworldimporters.com,\N,\N,\N,1,2016-03-10 08:00:00,2016-03-27 08:00:00
10,Stella Rosenhain,Stella,Stella Stella Rosenhain,True,stellar@wideworldimporters.com,False,\\x1ba4b55887e2bdcb06087a20e1cc608addca538babec0441d2d6704dcafe2ea4,True,True,False,"{ ""theme"": ""defaultblue"", ""layout"": ""default"", ""dateformat"": ""m/d/yy"", ""timezoneoffset"": ""-8"", ""favoritesondashboard"": ""true"" }",(415) 555-0102,(415) 555-0103,stellar@wideworldimporters.com,\N,\N,\N,1,2014-08-20 08:00:00,2016-04-02 08:00:00
3017,Agrita Kanepa,Agrita,Agrita Agrita Kanepa,True,agrita@example.com,False,\\xa9937a3658383605658e1ec4c3a4558502b793c324cd569f320054b85254bead,False,False,False,"{ ""theme"": ""defaultblue"", ""layout"": ""default"", ""dateformat"": ""m/d/yy"", ""timezoneoffset"": ""-8"", ""favoritesondashboard"": ""true"" }",(201) 555-0100,(201) 555-0101,agrita@example.com,\N,\N,\N,1,2016-01-12 08:00:00,2016-04-02 08:00:00
3202,Stefan Selezeanu,Stefan,Stefan Stefan Selezeanu,True,stefan@example.com,False,\\xed002edd39a56e04a7716d1a817c64a25ea2e1f75c7d8ed998443a6bea14da1b,False,False,False,"{ ""theme"": ""defaultblue"", ""layout"": ""default"", ""dateformat"": ""m/d/yy"", ""timezoneoffset"": ""-8"", ""favoritesondashboard"": ""true"" }",(212) 555-0100,(212) 555-0101,stefan@example.com,\N,\N,\N,1,2015-10-02 08:00:00,2016-04-03 08:00:00
2265,Vanita Bhowmick,Vanita,Vanita Vanita Bhowmick,True,vanita@wingtiptoys.com,False,\\xe079b6c3b24b2fea525a83e73aaf3549f40599fb211cf1e376f2eb761623b908,False,False,False,"{ ""theme"": ""defaultblue"", ""layout"": ""default"", ""dateformat"": ""m/d/yy"", ""timezoneoffset"": ""-8"", ""favoritesondashboard"": ""true"" }",(405) 555-0100,(405) 555-0101,vanita@wingtiptoys.com,\N,\N,\N,1,2015-04-13 08:00:00,2016-04-04 08:00:00
1374,Dhanishta Kidambi,Dhanishta,Dhanishta Dhanishta Kidambi,False,NO LOGON,False,\N,False,False,False,\N,(231) 555-0100,(231) 555-0101,dhanishta@tailspintoys.com,\N,\N,\N,1,2013-01-01 00:00:00,2016-04-05 08:10:00
3186,Neil Farrelly,Neil,Neil Neil Farrelly,True,neil@example.com,False,\\x0efe383c11e4e85d5203f90a79d2731137b08451343d8569b0885cc5bd1a7dcf,False,False,False,"{ ""theme"": ""defaultblue"", ""layout"": ""default"", ""dateformat"": ""m/d/yy"", ""timezoneoffset"": ""-8"", ""favoritesondashboard"": ""true"" }",(215) 555-0100,(215) 555-0101,neil@example.com,\N,\N,\N,1,2015-12-18 08:00:00,2016-04-09 08:00:00
1339,Daniella Barbosa,Daniella,Daniella Daniella Barbosa,True,daniella@tailspintoys.com,False,\\xabe5e48dc5339724c6832dbdfe467781e534e01aa40e51a858db3ba0d60b8a6c,False,False,False,"{ ""theme"": ""defaultblue"", ""layout"": ""default"", ""dateformat"": ""m/d/yy"", ""timezoneoffset"": ""-8"", ""favoritesondashboard"": ""true"" }",(212) 555-0100,(212) 555-0101,daniella@tailspintoys.com,\N,\N,\N,1,2015-12-27 08:00:00,2016-04-10 08:00:00
3237,David Jaramillo,David,David David Jaramillo,True,david@example.com,False,\\xcd34765a4ec289d3a8983c2071983a4b0dcf97084e859df2278c8c3b90871966,False,False,False,"{ ""theme"": ""defaultblue"", ""layout"": ""default"", ""dateformat"": ""m/d/yy"", ""timezoneoffset"": ""-8"", ""favoritesondashboard"": ""true"" }",(803) 555-0100,(803) 555-0101,david@example.com,\N,\N,\N,1,2015-12-29 08:10:00,2016-04-12 08:00:00
3188,Maksims Krastins,Maksims,Maksims Maksims Krastins,True,maksims@example.com,False,\\x56bce4898f0c91a9e1371c404dd1d67b3fdded2c79f9f4d404cfb9923ebfbe36,False,False,False,"{ ""theme"": ""defaultblue"", ""layout"": ""default"", ""dateformat"": ""m/d/yy"", ""timezoneoffset"": ""-8"", ""favoritesondashboard"": ""true"" }",(304) 555-0100,(304) 555-0101,maksims@example.com,\N,\N,\N,1,2015-05-12 08:00:00,2016-04-14 08:00:00
2070,Vicente Cabrera,Vicente,Vicente Vicente Cabrera,False,NO LOGON,False,\N,False,False,False,\N,(217) 555-0100,(217) 555-0101,vicente@wingtiptoys.com,\N,\N,\N,1,2013-01-01 00:00:00,2016-04-18 08:10:00
2298,Wander Ellenbroek,Wander,Wander Wander Ellenbroek,True,wander@wingtiptoys.com,False,\\x2cd57e45b1845b5e6423f2ea24199afbec8a71c6aeecbacf591c8c1a6d406b87,False,False,False,"{ ""theme"": ""defaultblue"", ""layout"": ""default"", ""dateformat"": ""m/d/yy"", ""timezoneoffset"": ""-8"", ""favoritesondashboard"": ""true"" }",(212) 555-0100,(212) 555-0101,wander@wingtiptoys.com,\N,\N,\N,1,2016-01-02 08:00:00,2016-04-20 08:00:00
2071,Enes Olsson,Enes,Enes Enes Olsson,False,NO LOGON,False,\N,False,False,False,\N,(276) 555-0100,(276) 555-0101,enes@wingtiptoys.com,\N,\N,\N,1,2013-01-01 00:00:00,2016-04-21 08:10:00
1115,Pratap Varghese,Pratap,Pratap Pratap Varghese,True,pratap@tailspintoys.com,False,\\x7ad78a76c37026604f1d7e1216cf2bc8067014488a7f792dbac2b7a3e7a2a597,False,False,False,"{ ""theme"": ""defaultblue"", ""layout"": ""default"", ""dateformat"": ""m/d/yy"", ""timezoneoffset"": ""-8"", ""favoritesondashboard"": ""true"" }",(276) 555-0100,(276) 555-0101,pratap@tailspintoys.com,\N,\N,\N,1,2015-08-21 08:00:00,2016-04-22 08:00:00
2012,Maxime Westerink,Maxime,Maxime Maxime Westerink,True,maxime@wingtiptoys.com,False,\\xb3b4406fbf78db50f08175147c894a308a4e2f56adfb002f73c599ee2f61fb4d,False,False,False,"{ ""theme"": ""defaultblue"", ""layout"": ""default"", ""dateformat"": ""m/d/yy"", ""timezoneoffset"": ""-8"", ""favoritesondashboard"": ""true"" }",(205) 555-0100,(205) 555-0101,maxime@wingtiptoys.com,\N,\N,\N,1,2015-09-09 08:00:00,2016-04-23 08:00:00
2277,Bich Banh,Bich,Bich Bich Banh,True,bich@wingtiptoys.com,False,\\x7845fc29bf61f2b89c9306f9791d225c746d7632441d848ccb642c3dd0eae8ee,False,False,False,"{ ""theme"": ""defaultblue"", ""layout"": ""default"", ""dateformat"": ""m/d/yy"", ""timezoneoffset"": ""-8"", ""favoritesondashboard"": ""true"" }",(215) 555-0100,(215) 555-0101,bich@wingtiptoys.com,\N,\N,\N,1,2015-09-23 08:00:00,2016-04-26 08:00:00
2277,Bich Banh,Bich,Bich Bich Banh,True,bich@wingtiptoys.com,False,\\x7845fc29bf61f2b89c9306f9791d225c746d7632441d848ccb642c3dd0eae8ee,False,False,False,"{ ""theme"": ""defaultblue"", ""layout"": ""default"", ""dateformat"": ""m/d/yy"", ""timezoneoffset"": ""-8"", ""favoritesondashboard"": ""true"" }",(215) 555-0100,(215) 555-0101,bich@wingtiptoys.com,\N,\N,\N,1,2016-04-26 08:00:00,2016-04-27 08:00:00
1077,Ashish Acharya,Ashish,Ashish Ashish Acharya,True,ashish@tailspintoys.com,False,\\x6d5c0f19756e0ff994663e0d217c42a991125e184128c668e3b36b502936fbdd,False,False,False,"{ ""theme"": ""defaultblue"", ""layout"": ""default"", ""dateformat"": ""m/d/yy"", ""timezoneoffset"": ""-8"", ""favoritesondashboard"": ""true"" }",(270) 555-0100,(270) 555-0101,ashish@tailspintoys.com,\N,\N,\N,1,2015-09-04 08:00:00,2016-04-28 08:00:00
2320,Vitezslav Drdla,Vitezslav,Vitezslav Vitezslav Drdla,True,vitezslav@wingtiptoys.com,False,\\x395427ca6231c686c0e4306a596dabbb676e7610a05e1f8c8f97855c168f9937,False,False,False,"{ ""theme"": ""defaultblue"", ""layout"": ""default"", ""dateformat"": ""m/d/yy"", ""timezoneoffset"": ""-8"", ""favoritesondashboard"": ""true"" }",(787) 555-0100,(787) 555-0101,vitezslav@wingtiptoys.com,\N,\N,\N,1,2015-03-08 08:00:00,2016-05-04 08:00:00
3029,Jack Walker,Jack,Jack Jack Walker,True,jack@example.com,False,\\xdfea34f63f87b971a9d9ce83a0f0b4202df07774f421b9584a139c80ff9a83e0,False,False,False,"{ ""theme"": ""defaultblue"", ""layout"": ""default"", ""dateformat"": ""m/d/yy"", ""timezoneoffset"": ""-8"", ""favoritesondashboard"": ""true"" }",(316) 555-0100,(316) 555-0101,jack@example.com,\N,\N,\N,1,2016-01-05 08:00:00,2016-05-05 08:00:00
2276,Indu Chowdary,Indu,Indu Indu Chowdary,True,indu@wingtiptoys.com,False,\\xbdb315d04675ffa0d9ed425d97329d18b2cbd8bef4c7f4f2b5edaba657f11c7b,False,False,False,"{ ""theme"": ""defaultblue"", ""layout"": ""default"", ""dateformat"": ""m/d/yy"", ""timezoneoffset"": ""-8"", ""favoritesondashboard"": ""true"" }",(228) 555-0100,(228) 555-0101,indu@wingtiptoys.com,\N,\N,\N,1,2016-01-17 08:00:00,2016-05-07 08:00:00
3107,Eugen Agafitei,Eugen,Eugen Eugen Agafitei,False,NO LOGON,False,\N,False,False,False,\N,(252) 555-0100,(252) 555-0101,eugen@example.com,\N,\N,\N,1,2013-01-01 00:00:00,2016-05-07 08:10:00
14,Lily Code,Lily,Lily Lily Code,True,lilyc@wideworldimporters.com,False,\\xd00658893b3f96277088b3c71dcfbf4df6e3947eedbf0c8da285efd5c7d4badd,True,True,True,"{ ""theme"": ""defaultblue"", ""layout"": ""default"", ""dateformat"": ""m/d/yy"", ""timezoneoffset"": ""-8"", ""favoritesondashboard"": ""true"" }",(415) 555-0102,(415) 555-0103,lilyc@wideworldimporters.com,\N,\N,\N,1,2015-05-28 08:00:00,2016-05-08 08:00:00
2330,Carla Osorio,Carla,Carla Carla Osorio,True,carla@wingtiptoys.com,False,\\xb3e85a121bc5cc7521e6afdbbb5a7b267fdf550683099a02bfb9c0f1ea4f1aff,False,False,False,"{ ""theme"": ""defaultblue"", ""layout"": ""default"", ""dateformat"": ""m/d/yy"", ""timezoneoffset"": ""-8"", ""favoritesondashboard"": ""true"" }",(307) 555-0100,(307) 555-0101,carla@wingtiptoys.com,\N,\N,\N,1,2015-09-10 08:00:00,2016-05-08 08:00:00
3218,Nils Kaulins,Nils,Nils Nils Kaulins,True,nils@example.com,False,\\xb64c862152ba2d3652a30d647fc403732637134ee302e2bdf4fcdf2a78dde991,False,False,False,"{ ""theme"": ""defaultblue"", ""layout"": ""default"", ""dateformat"": ""m/d/yy"", ""timezoneoffset"": ""-8"", ""favoritesondashboard"": ""true"" }",(406) 555-0100,(406) 555-0101,nils@example.com,\N,\N,\N,1,2015-04-13 08:10:00,2016-05-11 08:00:00
3237,David Jaramillo,David,David David Jaramillo,True,david@example.com,False,\\xcd34765a4ec289d3a8983c2071983a4b0dcf97084e859df2278c8c3b90871966,False,False,False,"{ ""theme"": ""defaultblue"", ""layout"": ""default"", ""dateformat"": ""m/d/yy"", ""timezoneoffset"": ""-8"", ""favoritesondashboard"": ""true"" }",(803) 555-0100,(803) 555-0101,david@example.com,\N,\N,\N,1,2016-04-12 08:00:00,2016-05-12 08:00:00
3037,Anil Sarkar,Anil,Anil Anil Sarkar,True,anil@example.com,False,\\x0aa0c93799150731eacd628d5421ffb3d0184af828cb5e3bf62f12e06665d00f,False,False,False,"{ ""theme"": ""defaultblue"", ""layout"": ""default"", ""dateformat"": ""m/d/yy"", ""timezoneoffset"": ""-8"", ""favoritesondashboard"": ""true"" }",(215) 555-0100,(215) 555-0101,anil@example.com,\N,\N,\N,1,2015-06-21 08:10:00,2016-05-13 08:00:00
1104,Liia Mae,Liia,Liia Liia Mae,True,liia@tailspintoys.com,False,\\x7e280872fa8a542b0aa600a7698e352927b598821fc11f904e33c764b18c23de,False,False,False,"{ ""theme"": ""defaultblue"", ""layout"": ""default"", ""dateformat"": ""m/d/yy"", ""timezoneoffset"": ""-8"", ""favoritesondashboard"": ""true"" }",(209) 555-0100,(209) 555-0101,liia@tailspintoys.com,\N,\N,\N,1,2015-07-17 08:00:00,2016-05-14 08:00:00
2170,Shiva Nair,Shiva,Shiva Shiva Nair,True,shiva@wingtiptoys.com,False,\\x63ec65b39f7723e28e57af050d3619cf2f63d0ab6dcffc90dee25a18418cdc0f,False,False,False,"{ ""theme"": ""defaultblue"", ""layout"": ""default"", ""dateformat"": ""m/d/yy"", ""timezoneoffset"": ""-8"", ""favoritesondashboard"": ""true"" }",(316) 555-0100,(316) 555-0101,shiva@wingtiptoys.com,\N,\N,\N,1,2015-04-08 08:00:00,2016-05-15 08:00:00
3237,David Jaramillo,David,David David Jaramillo,True,david@example.com,False,\\xcd34765a4ec289d3a8983c2071983a4b0dcf97084e859df2278c8c3b90871966,False,False,False,"{ ""theme"": ""defaultblue"", ""layout"": ""default"", ""dateformat"": ""m/d/yy"", ""timezoneoffset"": ""-8"", ""favoritesondashboard"": ""true"" }",(803) 555-0100,(803) 555-0101,david@example.com,\N,\N,\N,1,2016-05-12 08:00:00,2016-05-15 08:00:00
3155,Raghu Sandhu,Raghu,Raghu Raghu Sandhu,False,NO LOGON,False,\N,False,False,False,\N,(240) 555-0100,(240) 555-0101,raghu@example.com,\N,\N,\N,1,2013-01-01 00:00:00,2016-05-16 08:10:00
3134,Ivan Sepulveda,Ivan,Ivan Ivan Sepulveda,True,ivan@example.com,False,\\x4d239e431e6ece568a474bb970119203d62d85004d9320f7a886f1f2c599edcf,False,False,False,"{ ""theme"": ""defaultblue"", ""layout"": ""default"", ""dateformat"": ""m/d/yy"", ""timezoneoffset"": ""-8"", ""favoritesondashboard"": ""true"" }",(218) 555-0100,(218) 555-0101,ivan@example.com,\N,\N,\N,1,2015-09-17 08:00:00,2016-05-17 08:00:00
1130,Paola Loggia,Paola,Paola Paola Loggia,True,paola@tailspintoys.com,False,\\x9925577e614312000cfcba2c41456b57e67fd61e227ce10c3ce454312ff06e83,False,False,False,"{ ""theme"": ""defaultblue"", ""layout"": ""default"", ""dateformat"": ""m/d/yy"", ""timezoneoffset"": ""-8"", ""favoritesondashboard"": ""true"" }",(210) 555-0100,(210) 555-0101,paola@tailspintoys.com,\N,\N,\N,1,2016-02-14 08:00:00,2016-05-20 08:00:00
3061,Amarasimha Vinjamuri,Amarasimha,Amarasimha Amarasimha Vinjamuri,True,amarasimha@example.com,False,\\x7a67cae4cc7b59df21dac3a52ac5879fabbc8aa33e245790d605cea35310102e,False,False,False,"{ ""theme"": ""defaultblue"", ""layout"": ""default"", ""dateformat"": ""m/d/yy"", ""timezoneoffset"": ""-8"", ""favoritesondashboard"": ""true"" }",(339) 555-0100,(339) 555-0101,amarasimha@example.com,\N,\N,\N,1,2016-02-15 08:00:00,2016-05-20 08:00:00
2105,Bryan Helms,Bryan,Bryan Bryan Helms,False,NO LOGON,False,\N,False,False,False,\N,(276) 555-0100,(276) 555-0101,bryan@wingtiptoys.com,\N,\N,\N,1,2013-01-01 00:00:00,2016-05-25 08:10:00
1288,Avani Aggarwal,Avani,Avani Avani Aggarwal,True,avani@tailspintoys.com,False,\\x673f4074fa095fad6fbdb32c42003c0bc2ca12814e84b69e679c59f51d88b45e,False,False,False,"{ ""theme"": ""defaultblue"", ""layout"": ""default"", ""dateformat"": ""m/d/yy"", ""timezoneoffset"": ""-8"", ""favoritesondashboard"": ""true"" }",(225) 555-0100,(225) 555-0101,avani@tailspintoys.com,\N,\N,\N,1,2016-01-30 08:00:00,2016-05-27 08:00:00
5,Eva Muirden,Eva,Eva Eva Muirden,False,evam@wideworldimporters.com,False,\\xe682d36e43b6a3940ed6428b2de3ceedd1763c5e0ec02ffbdc35671f9b3e5f3a,True,True,False,"{ ""theme"": ""defaultblue"", ""layout"": ""default"", ""dateformat"": ""m/d/yy"", ""timezoneoffset"": ""-8"", ""favoritesondashboard"": ""true"" }",(415) 555-0102,(415) 555-0103,evam@wideworldimporters.com,\N,\N,\N,1,2013-01-01 00:00:00,2016-05-31 23:13:00
16,Archer Lamble,Archer,Archer Archer Lamble,False,archerl@wideworldimporters.com,False,\\x06187f68631295411b022c48b07338f20f4c5c73b31db67c056c0ae07b8f6ef6,True,True,True,"{ ""theme"": ""defaultblue"", ""layout"": ""default"", ""dateformat"": ""m/d/yy"", ""timezoneoffset"": ""-8"", ""favoritesondashboard"": ""true"" }",(415) 555-0102,(415) 555-0103,archerl@wideworldimporters.com,\N,\N,\N,1,2013-01-01 00:00:00,2016-05-31 23:13:00
18,Katie Darwin,Katie,Katie Katie Darwin,True,katied@wideworldimporters.com,False,\\x47ad2c4a1c611756fb164de988c259e7e516dd48af9c3421dd0fe95b3f1e3f2b,True,True,False,"{ ""theme"": ""defaultblue"", ""layout"": ""default"", ""dateformat"": ""m/d/yy"", ""timezoneoffset"": ""-8"", ""favoritesondashboard"": ""true"" }",(415) 555-0102,(415) 555-0103,katied@wideworldimporters.com,\N,\N,\N,1,2014-09-16 08:00:00,2016-05-31 23:13:00
12,Henry Forlonge,Henry,Henry Henry Forlonge,True,henryf@wideworldimporters.com,False,\\x3f74bad95bd9059efcf80f983899e24369959fd488113aa2d7616823a91659cf,True,True,False,"{ ""theme"": ""defaultblue"", ""layout"": ""default"", ""dateformat"": ""m/d/yy"", ""timezoneoffset"": ""-8"", ""favoritesondashboard"": ""true"" }",(415) 555-0102,(415) 555-0103,henryf@wideworldimporters.com,\N,\N,\N,1,2014-11-13 08:00:00,2016-05-31 23:13:00
4,Isabella Rupp,Isabella,Isabella Isabella Rupp,True,isabellar@wideworldimporters.com,False,\\xb45e7c4e37c32fa9a5a3161b9db1c9c1e787bb7db424e7fd7a20895d4bfb5d31,True,True,False,"{ ""theme"": ""defaultblue"", ""layout"": ""default"", ""dateformat"": ""m/d/yy"", ""timezoneoffset"": ""-8"", ""favoritesondashboard"": ""true"" }",(415) 555-0102,(415) 555-0103,isabellar@wideworldimporters.com,\N,\N,\N,1,2015-01-02 08:00:00,2016-05-31 23:13:00
17,Piper Koch,Piper,Piper Piper Koch,True,piperk@wideworldimporters.com,False,\\x61d8d0828e55e8895e216b88fe98cba6b5940992279d74992aaa2563f4e66715,True,True,False,"{ ""theme"": ""defaultblue"", ""layout"": ""default"", ""dateformat"": ""m/d/yy"", ""timezoneoffset"": ""-8"", ""favoritesondashboard"": ""true"" }",(415) 555-0102,(415) 555-0103,piperk@wideworldimporters.com,\N,\N,\N,1,2015-03-26 08:00:00,2016-05-31 23:13:00
19,Jai Shand,Jai,Jai Jai Shand,True,jais@wideworldimporters.com,False,\\x84901d360414cd9127e1b83a9f9e7c6b940aa8bd888699388c9fa465dbd297da,True,True,False,"{ ""theme"": ""defaultblue"", ""layout"": ""default"", ""dateformat"": ""m/d/yy"", ""timezoneoffset"": ""-8"", ""favoritesondashboard"": ""true"" }",(415) 555-0102,(415) 555-0103,jais@wideworldimporters.com,\N,\N,\N,1,2015-08-02 08:00:00,2016-05-31 23:13:00
8,Anthony Grosse,Anthony,Anthony Anthony Grosse,True,anthonyg@wideworldimporters.com,False,\\x2fd8b838a3c77778c990f464073aa23c0eee019763ed6a99c77457e8691819de,True,True,True,"{ ""theme"": ""defaultblue"", ""layout"": ""default"", ""dateformat"": ""m/d/yy"", ""timezoneoffset"": ""-8"", ""favoritesondashboard"": ""true"" }",(415) 555-0102,(415) 555-0103,anthonyg@wideworldimporters.com,\N,\N,\N,1,2015-09-12 08:00:00,2016-05-31 23:13:00
6,Sophia Hinton,Sophia,Sophia Sophia Hinton,True,sophiah@wideworldimporters.com,False,\\x451bb10a515f06331540db392031f9d9bc4ef536a1f86d1ca6c7394556baa3c0,True,True,True,"{ ""theme"": ""defaultblue"", ""layout"": ""default"", ""dateformat"": ""m/d/yy"", ""timezoneoffset"": ""-8"", ""favoritesondashboard"": ""true"" }",(415) 555-0102,(415) 555-0103,sophiah@wideworldimporters.com,\N,\N,\N,1,2015-12-05 08:00:00,2016-05-31 23:13:00
3,Hudson Onslow,Hudson,Hudson Hudson Onslow,True,hudsono@wideworldimporters.com,False,\\x23668ccc579015ea934736c3d7b87e86360eb5eee164c4368a7b103c11e3436e,True,True,True,"{ ""theme"": ""defaultblue"", ""layout"": ""default"", ""dateformat"": ""m/d/yy"", ""timezoneoffset"": ""-8"", ""favoritesondashboard"": ""true"" }",(415) 555-0102,(415) 555-0103,hudsono@wideworldimporters.com,\N,\N,\N,1,2015-12-12 08:00:00,2016-05-31 23:13:00
15,Taj Shand,Taj,Taj Taj Shand,True,tajs@wideworldimporters.com,False,\\x9aefeec0dbb0ea6b25f0eb99c62c724f18428d45799dcd8a7b63b859b0f8fcb4,True,True,True,"{ ""theme"": ""defaultblue"", ""layout"": ""default"", ""dateformat"": ""m/d/yy"", ""timezoneoffset"": ""-8"", ""favoritesondashboard"": ""true"" }",(415) 555-0102,(415) 555-0103,tajs@wideworldimporters.com,\N,\N,\N,1,2016-02-15 08:00:00,2016-05-31 23:13:00
11,Ethan Onslow,Ethan,Ethan Ethan Onslow,True,ethano@wideworldimporters.com,False,\\xd70f37f5c019499959ddf987e5343b957feb58959a0270e06919d47f2e84d409,True,True,False,"{ ""theme"": ""defaultblue"", ""layout"": ""default"", ""dateformat"": ""m/d/yy"", ""timezoneoffset"": ""-8"", ""favoritesondashboard"": ""true"" }",(415) 555-0102,(415) 555-0103,ethano@wideworldimporters.com,\N,\N,\N,1,2016-02-25 08:00:00,2016-05-31 23:13:00
20,Jack Potter,Jack,Jack Jack Potter,True,jackp@wideworldimporters.com,False,\\x8024e8041c1f5bd98fe46983f98c2f5e53e2cd75bf4a6ef6ac13a299f10f714a,True,True,True,"{ ""theme"": ""defaultblue"", ""layout"": ""default"", ""dateformat"": ""m/d/yy"", ""timezoneoffset"": ""-8"", ""favoritesondashboard"": ""true"" }",(415) 555-0102,(415) 555-0103,jackp@wideworldimporters.com,\N,\N,\N,1,2016-03-11 08:00:00,2016-05-31 23:13:00
9,Alica Fatnowna,Alica,Alica Alica Fatnowna,True,alicaf@wideworldimporters.com,False,\\x7dfab08e9ac574c5b15cf19d18e5b3eb466eac7392f4295815b08221e78ea790,True,True,False,"{ ""theme"": ""defaultblue"", ""layout"": ""default"", ""dateformat"": ""m/d/yy"", ""timezoneoffset"": ""-8"", ""favoritesondashboard"": ""true"" }",(415) 555-0102,(415) 555-0103,alicaf@wideworldimporters.com,\N,\N,\N,1,2016-03-13 08:00:00,2016-05-31 23:13:00
7,Amy Trefl,Amy,Amy Amy Trefl,True,amyt@wideworldimporters.com,False,\\x7a92bbea830c5ed027dcc1d710130eed9ea50fb3e6d5f793ddefc4b50215033f,True,True,True,"{ ""theme"": ""defaultblue"", ""layout"": ""default"", ""dateformat"": ""m/d/yy"", ""timezoneoffset"": ""-8"", ""favoritesondashboard"": ""true"" }",(415) 555-0102,(415) 555-0103,amyt@wideworldimporters.com,\N,\N,\N,1,2016-03-20 08:00:00,2016-05-31 23:13:00
2,Kayla Woodcock,Kayla,Kayla Kayla Woodcock,True,kaylaw@wideworldimporters.com,False,\\x616e9b558976525e7f14d780ebae80c68586958dc97c506db418e2e2c49e340e,True,True,True,"{ ""theme"": ""defaultblue"", ""layout"": ""default"", ""dateformat"": ""m/d/yy"", ""timezoneoffset"": ""-8"", ""favoritesondashboard"": ""true"" }",(415) 555-0102,(415) 555-0103,kaylaw@wideworldimporters.com,\N,\N,\N,1,2016-03-25 08:00:00,2016-05-31 23:13:00
13,Hudson Hollinworth,Hudson,Hudson Hudson Hollinworth,True,hudsonh@wideworldimporters.com,False,\\x4ac0a24180c54f425ac88ca33b62136a37b6aaa1943bea14fc34e228eccc35c4,True,True,True,"{ ""theme"": ""defaultblue"", ""layout"": ""default"", ""dateformat"": ""m/d/yy"", ""timezoneoffset"": ""-8"", ""favoritesondashboard"": ""true"" }",(415) 555-0102,(415) 555-0103,hudsonh@wideworldimporters.com,\N,\N,\N,1,2016-03-27 08:00:00,2016-05-31 23:13:00
10,Stella Rosenhain,Stella,Stella Stella Rosenhain,True,stellar@wideworldimporters.com,False,\\x1ba4b55887e2bdcb06087a20e1cc608addca538babec0441d2d6704dcafe2ea4,True,True,False,"{ ""theme"": ""defaultblue"", ""layout"": ""default"", ""dateformat"": ""m/d/yy"", ""timezoneoffset"": ""-8"", ""favoritesondashboard"": ""true"" }",(415) 555-0102,(415) 555-0103,stellar@wideworldimporters.com,\N,\N,\N,1,2016-04-02 08:00:00,2016-05-31 23:13:00
14,Lily Code,Lily,Lily Lily Code,True,lilyc@wideworldimporters.com,False,\\xd00658893b3f96277088b3c71dcfbf4df6e3947eedbf0c8da285efd5c7d4badd,True,True,True,"{ ""theme"": ""defaultblue"", ""layout"": ""default"", ""dateformat"": ""m/d/yy"", ""timezoneoffset"": ""-8"", ""favoritesondashboard"": ""true"" }",(415) 555-0102,(415) 555-0103,lilyc@wideworldimporters.com,\N,\N,\N,1,2016-05-08 08:00:00,2016-05-31 23:13:00
46,Donald Small,Donald,Donald Donald Small,False,NO LOGON,False,\N,True,False,False,"{ ""theme"": ""defaultblue"", ""layout"": ""default"", ""dateformat"": ""m/d/yy"", ""timezoneoffset"": ""-8"", ""favoritesondashboard"": ""true"" }",(415) 555-0105,(415) 555-0104,donalds@woodgrovebank.com,\N,\N,\N,1,2013-01-01 00:00:00,2016-05-31 23:14:00
45,Hubert Helms,Hubert,Hubert Hubert Helms,False,NO LOGON,False,\N,True,False,False,"{ ""theme"": ""defaultblue"", ""layout"": ""default"", ""dateformat"": ""m/d/yy"", ""timezoneoffset"": ""-8"", ""favoritesondashboard"": ""true"" }",(415) 555-0103,(415) 555-0104,huberth@woodgrovebank.com,\N,\N,\N,1,2013-01-01 00:00:00,2016-05-31 23:14:00
44,Thanh Dinh,Thanh,Thanh Thanh Dinh,False,NO LOGON,False,\N,True,False,False,"{ ""theme"": ""defaultblue"", ""layout"": ""default"", ""dateformat"": ""m/d/yy"", ""timezoneoffset"": ""-8"", ""favoritesondashboard"": ""true"" }",(218) 555-0104,(218) 555-0108,thanhd@thephone-company.com,\N,\N,\N,1,2013-01-01 00:00:00,2016-05-31 23:14:00
43,Hai Dam,Hai,Hai Hai Dam,False,NO LOGON,False,\N,True,False,False,"{ ""theme"": ""defaultblue"", ""layout"": ""default"", ""dateformat"": ""m/d/yy"", ""timezoneoffset"": ""-8"", ""favoritesondashboard"": ""true"" }",(218) 555-0101,(218) 555-0108,haid@thephone-company.com,\N,\N,\N,1,2013-01-01 00:00:00,2016-05-31 23:14:00
42,Sharon Graham,Sharon,Sharon Sharon Graham,False,NO LOGON,False,\N,True,False,False,"{ ""theme"": ""defaultblue"", ""layout"": ""default"", ""dateformat"": ""m/d/yy"", ""timezoneoffset"": ""-8"", ""favoritesondashboard"": ""true"" }",(605) 555-0106,(605) 555-0101,sharong@treyresearch.net,\N,\N,\N,1,2013-01-01 00:00:00,2016-05-31 23:14:00
41,Donald Jones,Donald,Donald Donald Jones,False,NO LOGON,False,\N,True,False,False,"{ ""theme"": ""defaultblue"", ""layout"": ""default"", ""dateformat"": ""m/d/yy"", ""timezoneoffset"": ""-8"", ""favoritesondashboard"": ""true"" }",(605) 555-0101,(605) 555-0101,donaldj@treyresearch.net,\N,\N,\N,1,2013-01-01 00:00:00,2016-05-31 23:14:00
40,Sara Karlsson,Sara,Sara Sara Karlsson,False,NO LOGON,False,\N,True,False,False,"{ ""theme"": ""defaultblue"", ""layout"": ""default"", ""dateformat"": ""m/d/yy"", ""timezoneoffset"": ""-8"", ""favoritesondashboard"": ""true"" }",(201) 555-0100,(201) 555-0106,sarak@northwindelectriccars.com,\N,\N,\N,1,2013-01-01 00:00:00,2016-05-31 23:14:00
37,Marcos Costa,Marcos,Marcos Marcos Costa,False,NO LOGON,False,\N,True,False,False,"{ ""theme"": ""defaultblue"", ""layout"": ""default"", ""dateformat"": ""m/d/yy"", ""timezoneoffset"": ""-8"", ""favoritesondashboard"": ""true"" }",(252) 555-0106,(252) 555-0101,marcosc@nodpublishers.com,\N,\N,\N,1,2013-01-01 00:00:00,2016-05-31 23:14:00
36,Sunita Jadhav,Sunita,Sunita Sunita Jadhav,False,NO LOGON,False,\N,True,False,False,"{ ""theme"": ""defaultblue"", ""layout"": ""default"", ""dateformat"": ""m/d/yy"", ""timezoneoffset"": ""-8"", ""favoritesondashboard"": ""true"" }",(423) 555-0101,(423) 555-0108,sunitaj@lucernepublishing.com,\N,\N,\N,1,2013-01-01 00:00:00,2016-05-31 23:14:00
35,Prem Prabhu,Prem,Prem Prem Prabhu,False,NO LOGON,False,\N,True,False,False,"{ ""theme"": ""defaultblue"", ""layout"": ""default"", ""dateformat"": ""m/d/yy"", ""timezoneoffset"": ""-8"", ""favoritesondashboard"": ""true"" }",(423) 555-0102,(423) 555-0108,premp@lucernepublishing.com,\N,\N,\N,1,2013-01-01 00:00:00,2016-05-31 23:14:00
34,Vilma Niva,Vilma,Vilma Vilma Niva,False,NO LOGON,False,\N,True,False,False,"{ ""theme"": ""defaultblue"", ""layout"": ""default"", ""dateformat"": ""m/d/yy"", ""timezoneoffset"": ""-8"", ""favoritesondashboard"": ""true"" }",(209) 555-0103,(209) 555-0106,vilman@litwareinc.com,\N,\N,\N,1,2013-01-01 00:00:00,2016-05-31 23:14:00
33,Elias Myllari,Elias,Elias Elias Myllari,False,NO LOGON,False,\N,True,False,False,"{ ""theme"": ""defaultblue"", ""layout"": ""default"", ""dateformat"": ""m/d/yy"", ""timezoneoffset"": ""-8"", ""favoritesondashboard"": ""true"" }",(209) 555-0101,(209) 555-0106,eliasm@litwareinc.com,\N,\N,\N,1,2013-01-01 00:00:00,2016-05-31 23:14:00
32,Annette Talon,Annette,Annette Annette Talon,False,NO LOGON,False,\N,True,False,False,"{ ""theme"": ""defaultblue"", ""layout"": ""default"", ""dateformat"": ""m/d/yy"", ""timezoneoffset"": ""-8"", ""favoritesondashboard"": ""true"" }",(423) 555-0106,(423) 555-0100,annettet@humongousinsurance.com,\N,\N,\N,1,2013-01-01 00:00:00,2016-05-31 23:14:00
31,Madelaine  Cartier,Madelaine,Madelaine Madelaine  Cartier,False,NO LOGON,False,\N,True,False,False,"{ ""theme"": ""defaultblue"", ""layout"": ""default"", ""dateformat"": ""m/d/yy"", ""timezoneoffset"": ""-8"", ""favoritesondashboard"": ""true"" }",(423) 555-0101,(423) 555-0100,madelainec@humongousinsurance.com,\N,\N,\N,1,2013-01-01 00:00:00,2016-05-31 23:14:00
30,Donna Smith,Donna,Donna Donna Smith,False,NO LOGON,False,\N,True,False,False,"{ ""theme"": ""defaultblue"", ""layout"": ""default"", ""dateformat"": ""m/d/yy"", ""timezoneoffset"": ""-8"", ""favoritesondashboard"": ""true"" }",(406) 555-0101,(406) 555-0109,donnas@graphicdesigninstitute.com,\N,\N,\N,1,2013-01-01 00:00:00,2016-05-31 23:14:00
29,Penny Buck,Penny,Penny Penny Buck,False,NO LOGON,False,\N,True,False,False,"{ ""theme"": ""defaultblue"", ""layout"": ""default"", ""dateformat"": ""m/d/yy"", ""timezoneoffset"": ""-8"", ""favoritesondashboard"": ""true"" }",(406) 555-0107,(406) 555-0109,pennyb@graphicdesigninstitute.com,\N,\N,\N,1,2013-01-01 00:00:00,2016-05-31 23:14:00
28,Helen Moore,Helen,Helen Helen Moore,False,NO LOGON,False,\N,True,False,False,"{ ""theme"": ""defaultblue"", ""layout"": ""default"", ""dateformat"": ""m/d/yy"", ""timezoneoffset"": ""-8"", ""favoritesondashboard"": ""true"" }",(203) 555-0104,(203) 555-0107,helenm@fabrikam.com,\N,\N,\N,1,2013-01-01 00:00:00,2016-05-31 23:14:00
27,Bill Lawson,Bill,Bill Bill Lawson,False,NO LOGON,False,\N,True,False,False,"{ ""theme"": ""defaultblue"", ""layout"": ""default"", ""dateformat"": ""m/d/yy"", ""timezoneoffset"": ""-8"", ""favoritesondashboard"": ""true"" }",(203) 555-0107,(203) 555-0107,billl@fabrikam.com,\N,\N,\N,1,2013-01-01 00:00:00,2016-05-31 23:14:00
26,Helen Ahven,Helen,Helen Helen Ahven,False,NO LOGON,False,\N,False,False,False,"{ ""theme"": ""defaultblue"", ""layout"": ""default"", ""dateformat"": ""m/d/yy"", ""timezoneoffset"": ""-8"", ""favoritesondashboard"": ""true"" }",(415) 555-0100,(415) 555-0101,helen@consolidatedmessenger.com,\N,\N,\N,1,2013-01-01 00:00:00,2016-05-31 23:14:00
25,Kerstin Parn,Kerstin,Kerstin Kerstin Parn,False,NO LOGON,False,\N,False,False,False,"{ ""theme"": ""defaultblue"", ""layout"": ""default"", ""dateformat"": ""m/d/yy"", ""timezoneoffset"": ""-8"", ""favoritesondashboard"": ""true"" }",(415) 555-0100,(415) 555-0101,kerstin@consolidatedmessenger.com,\N,\N,\N,1,2013-01-01 00:00:00,2016-05-31 23:14:00
24,Paulus Lippmaa,Paulus,Paulus Paulus Lippmaa,False,NO LOGON,False,\N,False,False,False,"{ ""theme"": ""defaultblue"", ""layout"": ""default"", ""dateformat"": ""m/d/yy"", ""timezoneoffset"": ""-8"", ""favoritesondashboard"": ""true"" }",(360) 555-0100,(360) 555-0101,paulusl@contoso.com,\N,\N,\N,1,2013-01-01 00:00:00,2016-05-31 23:14:00
23,Hanna Mihhailov,Hanna,Hanna Hanna Mihhailov,False,NO LOGON,False,\N,False,False,False,"{ ""theme"": ""defaultblue"", ""layout"": ""default"", ""dateformat"": ""m/d/yy"", ""timezoneoffset"": ""-8"", ""favoritesondashboard"": ""true"" }",(360) 555-0100,(360) 555-0101,hannam@contoso.com,\N,\N,\N,1,2013-01-01 00:00:00,2016-05-31 23:14:00
22,Oliver Kivi,Olly,Olly Oliver Kivi,False,NO LOGON,False,\N,False,False,False,"{ ""theme"": ""defaultblue"", ""layout"": ""default"", ""dateformat"": ""m/d/yy"", ""timezoneoffset"": ""-8"", ""favoritesondashboard"": ""true"" }",(847) 555-0100,(847) 555-0101,olly@adatum.com,\N,\N,\N,1,2013-01-01 00:00:00,2016-05-31 23:14:00
21,Reio Kabin,Reio,Reio Reio Kabin,False,NO LOGON,False,\N,False,False,False,"{ ""theme"": ""defaultblue"", ""layout"": ""default"", ""dateformat"": ""m/d/yy"", ""timezoneoffset"": ""-8"", ""favoritesondashboard"": ""true"" }",(847) 555-0100,(847) 555-0101,reio@adatum.com,\N,\N,\N,1,2013-01-01 00:00:00,2016-05-31 23:14:00
1,Data Conversion Only,Data Conversion Only,Data Conversion Only Data Conversion Only,False,NO LOGON,False,\N,False,False,False,"{ ""theme"": ""defaultblue"", ""layout"": ""default"", ""dateformat"": ""m/d/yy"", ""timezoneoffset"": ""-8"", ""favoritesondashboard"": ""true"" }",\N,\N,\N,\N,\N,\N,1,2013-01-01 00:00:00,2016-05-31 23:14:00
3141,Bishwa Chatterjee,Bishwa,Bishwa Bishwa Chatterjee,True,bishwa@example.com,False,\\x2328326a28d3441a5fd1cf639dbea5d14ea07591c24437473ce4b3606a4529d2,False,False,False,"{ ""theme"": ""defaultblue"", ""layout"": ""default"", ""dateformat"": ""m/d/yy"", ""timezoneoffset"": ""-8"", ""favoritesondashboard"": ""true"" }",(239) 555-0100,(239) 555-0101,bishwa@example.com,\N,\N,\N,1,2013-12-31 08:00:00,2016-05-31 23:14:00
1380,Byung-Hyun Gwak,Byung-Hyun,Byung-Hyun Byung-Hyun Gwak,True,byung-hyun@tailspintoys.com,False,\\x82fd934dbe176a9368df4da35f18383fbc58108da32b98420bf842209c7fa255,False,False,False,"{ ""theme"": ""defaultblue"", ""layout"": ""default"", ""dateformat"": ""m/d/yy"", ""timezoneoffset"": ""-8"", ""favoritesondashboard"": ""true"" }",(217) 555-0100,(217) 555-0101,byung-hyun@tailspintoys.com,\N,\N,\N,1,2014-04-11 08:00:00,2016-05-31 23:14:00
1215,Bhanu Thota,Bhanu,Bhanu Bhanu Thota,True,bhanu@tailspintoys.com,False,\\xcc73a28a9ace972a48dcd88fc85496cb881937b43ce9b7f0b54ac21dab368ac6,False,False,False,"{ ""theme"": ""defaultblue"", ""layout"": ""default"", ""dateformat"": ""m/d/yy"", ""timezoneoffset"": ""-8"", ""favoritesondashboard"": ""true"" }",(314) 555-0100,(314) 555-0101,bhanu@tailspintoys.com,\N,\N,\N,1,2014-04-21 08:10:00,2016-05-31 23:14:00
2284,Gulzar Parkar,Gulzar,Gulzar Gulzar Parkar,True,gulzar@wingtiptoys.com,False,\\x3416eddde3e8de7b9f5ad75b506de94e641b36321f8f7e3d554cc1382aa5062e,False,False,False,"{ ""theme"": ""defaultblue"", ""layout"": ""default"", ""dateformat"": ""m/d/yy"", ""timezoneoffset"": ""-8"", ""favoritesondashboard"": ""true"" }",(219) 555-0100,(219) 555-0101,gulzar@wingtiptoys.com,\N,\N,\N,1,2014-04-25 08:00:00,2016-05-31 23:14:00
2137,Sarmis Skujins,Sarmis,Sarmis Sarmis Skujins,True,sarmis@wingtiptoys.com,False,\\x2f98bfb837243af17a997960d2d156f10c584cd5e4cd73fb7c352bc0fc6b4c5c,False,False,False,"{ ""theme"": ""defaultblue"", ""layout"": ""default"", ""dateformat"": ""m/d/yy"", ""timezoneoffset"": ""-8"", ""favoritesondashboard"": ""true"" }",(270) 555-0100,(270) 555-0101,sarmis@wingtiptoys.com,\N,\N,\N,1,2014-05-16 08:00:00,2016-05-31 23:14:00
2386,Mala Naicker,Mala,Mala Mala Naicker,True,mala@wingtiptoys.com,False,\\xac3eb1d9cad8ff6bcb86c59035ed840477c1c6a24186583cef07f8eb0fa81827,False,False,False,"{ ""theme"": ""defaultblue"", ""layout"": ""default"", ""dateformat"": ""m/d/yy"", ""timezoneoffset"": ""-8"", ""favoritesondashboard"": ""true"" }",(505) 555-0100,(505) 555-0101,mala@wingtiptoys.com,\N,\N,\N,1,2014-07-27 08:00:00,2016-05-31 23:14:00
1334,Amalendu Veturi,Amalendu,Amalendu Amalendu Veturi,True,amalendu@tailspintoys.com,False,\\xaef75431ad5f43c267600c197583712b23646f0fb35973e664fa55f4da4450eb,False,False,False,"{ ""theme"": ""defaultblue"", ""layout"": ""default"", ""dateformat"": ""m/d/yy"", ""timezoneoffset"": ""-8"", ""favoritesondashboard"": ""true"" }",(210) 555-0100,(210) 555-0101,amalendu@tailspintoys.com,\N,\N,\N,1,2014-07-28 08:00:00,2016-05-31 23:14:00
2291,Debraj Sanyal,Debraj,Debraj Debraj Sanyal,True,debraj@wingtiptoys.com,False,\\x14268816b91216bf1a654678140eb03e369da9b8f8055f33eae4d0822afbdb64,False,False,False,"{ ""theme"": ""defaultblue"", ""layout"": ""default"", ""dateformat"": ""m/d/yy"", ""timezoneoffset"": ""-8"", ""favoritesondashboard"": ""true"" }",(239) 555-0100,(239) 555-0101,debraj@wingtiptoys.com,\N,\N,\N,1,2014-09-01 08:00:00,2016-05-31 23:14:00
2281,Angelina Gormanston,Angelina,Angelina Angelina Gormanston,True,angelina@wingtiptoys.com,False,\\x812d484eaa94a512e5becdd3d65f01709ae95675d3c7a7d62a7b1dfcf4f71b40,False,False,False,"{ ""theme"": ""defaultblue"", ""layout"": ""default"", ""dateformat"": ""m/d/yy"", ""timezoneoffset"": ""-8"", ""favoritesondashboard"": ""true"" }",(201) 555-0100,(201) 555-0101,angelina@wingtiptoys.com,\N,\N,\N,1,2014-09-02 08:00:00,2016-05-31 23:14:00
3191,Valter Viiding,Valter,Valter Valter Viiding,True,valter@example.com,False,\\x820fc0fc69cadc42cee2c095373d2b5c18d7d8c5cb0a557f7e3a76a5915cf5b9,False,False,False,"{ ""theme"": ""defaultblue"", ""layout"": ""default"", ""dateformat"": ""m/d/yy"", ""timezoneoffset"": ""-8"", ""favoritesondashboard"": ""true"" }",(216) 555-0100,(216) 555-0101,valter@example.com,\N,\N,\N,1,2014-09-19 08:00:00,2016-05-31 23:14:00
2102,Sakchai Supitayaporn,Sakchai,Sakchai Sakchai Supitayaporn,True,sakchai@wingtiptoys.com,False,\\x1151944ba116378e1b3dbf65f8a73513b725abaa491a35c6294cf1d4f15c278d,False,False,False,"{ ""theme"": ""defaultblue"", ""layout"": ""default"", ""dateformat"": ""m/d/yy"", ""timezoneoffset"": ""-8"", ""favoritesondashboard"": ""true"" }",(307) 555-0100,(307) 555-0101,sakchai@wingtiptoys.com,\N,\N,\N,1,2014-09-26 08:00:00,2016-05-31 23:14:00
1262,Prem Reddy,Prem,Prem Prem Reddy,True,prem@tailspintoys.com,False,\\x7e3f8f930789a13b88a7c7949c68a3ef4898ba0ad6b7ede52c0c249a295418ec,False,False,False,"{ ""theme"": ""defaultblue"", ""layout"": ""default"", ""dateformat"": ""m/d/yy"", ""timezoneoffset"": ""-8"", ""favoritesondashboard"": ""true"" }",(907) 555-0100,(907) 555-0101,prem@tailspintoys.com,\N,\N,\N,1,2014-09-29 08:00:00,2016-05-31 23:14:00
2308,Ngon Ta,Ngon,Ngon Ngon Ta,True,ngon@wingtiptoys.com,False,\\x85f1319c8d11e7a0ada0fc7e5391f25096f3f3dbab656386b827d9b2114fa676,False,False,False,"{ ""theme"": ""defaultblue"", ""layout"": ""default"", ""dateformat"": ""m/d/yy"", ""timezoneoffset"": ""-8"", ""favoritesondashboard"": ""true"" }",(219) 555-0100,(219) 555-0101,ngon@wingtiptoys.com,\N,\N,\N,1,2014-10-12 08:10:00,2016-05-31 23:14:00
2378,Tess Seegers,Tess,Tess Tess Seegers,True,tess@wingtiptoys.com,False,\\x83f66558336fc722fd7e18011b5bcc7edaf59e8eca35187432ca0d45d7ceeb33,False,False,False,"{ ""theme"": ""defaultblue"", ""layout"": ""default"", ""dateformat"": ""m/d/yy"", ""timezoneoffset"": ""-8"", ""favoritesondashboard"": ""true"" }",(605) 555-0100,(605) 555-0101,tess@wingtiptoys.com,\N,\N,\N,1,2014-11-24 08:00:00,2016-05-31 23:14:00
2333,Severins Polis,Severins,Severins Severins Polis,True,severins@wingtiptoys.com,False,\\x3fae99a17cb466614c47264755c2c386d41fafcfba7850c4761503a7e9bebb36,False,False,False,"{ ""theme"": ""defaultblue"", ""layout"": ""default"", ""dateformat"": ""m/d/yy"", ""timezoneoffset"": ""-8"", ""favoritesondashboard"": ""true"" }",(216) 555-0100,(216) 555-0101,severins@wingtiptoys.com,\N,\N,\N,1,2014-11-28 08:00:00,2016-05-31 23:14:00
1256,Chompunut Jetjirawat,Chompunut,Chompunut Chompunut Jetjirawat,True,chompunut@tailspintoys.com,False,\\x7d4eecd17fd9c68bbd242f85ff26d9c203acd2348c1183690e67cf29bfe0f290,False,False,False,"{ ""theme"": ""defaultblue"", ""layout"": ""default"", ""dateformat"": ""m/d/yy"", ""timezoneoffset"": ""-8"", ""favoritesondashboard"": ""true"" }",(303) 555-0100,(303) 555-0101,chompunut@tailspintoys.com,\N,\N,\N,1,2014-12-04 08:00:00,2016-05-31 23:14:00
1269,Gaurav Sikdar,Gaurav,Gaurav Gaurav Sikdar,True,gaurav@tailspintoys.com,False,\\x138f0b341c854729c4a8962eb87b2feeffb035e29f23bbed0a81066f42bcf148,False,False,False,"{ ""theme"": ""defaultblue"", ""layout"": ""default"", ""dateformat"": ""m/d/yy"", ""timezoneoffset"": ""-8"", ""favoritesondashboard"": ""true"" }",(314) 555-0100,(314) 555-0101,gaurav@tailspintoys.com,\N,\N,\N,1,2015-01-09 08:00:00,2016-05-31 23:14:00
1224,Be Dang,Be,Be Be Dang,True,be@tailspintoys.com,False,\\x87219463a786c2b6e1537b8e0c8f577a8a42a82136531ccbdd8fdb8d78d6f513,False,False,False,"{ ""theme"": ""defaultblue"", ""layout"": ""default"", ""dateformat"": ""m/d/yy"", ""timezoneoffset"": ""-8"", ""favoritesondashboard"": ""true"" }",(316) 555-0100,(316) 555-0101,be@tailspintoys.com,\N,\N,\N,1,2015-01-31 08:10:00,2016-05-31 23:14:00
2241,omer ozbek,omer,omer omer ozbek,True,omer@wingtiptoys.com,False,\\xa13eaf24b4106d72f5a8dc159295581d219b490b6349973d2a5b7077f8731a3d,False,False,False,"{ ""theme"": ""defaultblue"", ""layout"": ""default"", ""dateformat"": ""m/d/yy"", ""timezoneoffset"": ""-8"", ""favoritesondashboard"": ""true"" }",(205) 555-0100,(205) 555-0101,omer@wingtiptoys.com,\N,\N,\N,1,2015-02-03 08:00:00,2016-05-31 23:14:00
1229,Jagoda Vasiljevic,Jagoda,Jagoda Jagoda Vasiljevic,True,jagoda@tailspintoys.com,False,\\x016fb0f1c3667441a9a46ea0f04a4323acea511ab02538666d755fa44b27461b,False,False,False,"{ ""theme"": ""defaultblue"", ""layout"": ""default"", ""dateformat"": ""m/d/yy"", ""timezoneoffset"": ""-8"", ""favoritesondashboard"": ""true"" }",(252) 555-0100,(252) 555-0101,jagoda@tailspintoys.com,\N,\N,\N,1,2015-02-05 08:00:00,2016-05-31 23:14:00
1252,Markus Kantee,Markus,Markus Markus Kantee,True,markus@tailspintoys.com,False,\\x23354c16e4ecc18e107a070a1d6bed07505f14608ef87400a1523ec74fbee5a9,False,False,False,"{ ""theme"": ""defaultblue"", ""layout"": ""default"", ""dateformat"": ""m/d/yy"", ""timezoneoffset"": ""-8"", ""favoritesondashboard"": ""true"" }",(201) 555-0100,(201) 555-0101,markus@tailspintoys.com,\N,\N,\N,1,2015-02-25 08:00:00,2016-05-31 23:14:00
3196,Laszlo Gardenier,Laszlo,Laszlo Laszlo Gardenier,True,laszlo@example.com,False,\\x5bb798fe452969148eb44c38a5e5c1848bc1b828343a795630e4bef3cc430bca,False,False,False,"{ ""theme"": ""defaultblue"", ""layout"": ""default"", ""dateformat"": ""m/d/yy"", ""timezoneoffset"": ""-8"", ""favoritesondashboard"": ""true"" }",(215) 555-0100,(215) 555-0101,laszlo@example.com,\N,\N,\N,1,2015-03-07 08:00:00,2016-05-31 23:14:00
1098,Raimonds Kalnins,Raimonds,Raimonds Raimonds Kalnins,True,raimonds@tailspintoys.com,False,\\x3e4618ee9ab5fdc0f7d33cdfec2e971723a3bb554f32e4ff8c5d0d7d95503885,False,False,False,"{ ""theme"": ""defaultblue"", ""layout"": ""default"", ""dateformat"": ""m/d/yy"", ""timezoneoffset"": ""-8"", ""favoritesondashboard"": ""true"" }",(231) 555-0100,(231) 555-0101,raimonds@tailspintoys.com,\N,\N,\N,1,2015-03-18 08:00:00,2016-05-31 23:14:00
2353,Taner YÄ±lmaz,Taner,Taner Taner YÄ±lmaz,True,taner@wingtiptoys.com,False,\\x7080cc5b299d9c1012d4d4961e92721c50a4125f3f80ba10b902f8f206908f60,False,False,False,"{ ""theme"": ""defaultblue"", ""layout"": ""default"", ""dateformat"": ""m/d/yy"", ""timezoneoffset"": ""-8"", ""favoritesondashboard"": ""true"" }",(212) 555-0100,(212) 555-0101,taner@wingtiptoys.com,\N,\N,\N,1,2015-03-21 08:00:00,2016-05-31 23:14:00
1223,Ingrida Celmina,Ingrida,Ingrida Ingrida Celmina,True,ingrida@tailspintoys.com,False,\\x7a32ac0bd4f01bf8524352ce31ea42336df054d9f53604b5cf479d3ebd038db7,False,False,False,"{ ""theme"": ""defaultblue"", ""layout"": ""default"", ""dateformat"": ""m/d/yy"", ""timezoneoffset"": ""-8"", ""favoritesondashboard"": ""true"" }",(316) 555-0100,(316) 555-0101,ingrida@tailspintoys.com,\N,\N,\N,1,2015-03-24 08:00:00,2016-05-31 23:14:00
3170,Isidora Urias,Isidora,Isidora Isidora Urias,True,isidora@example.com,False,\\xc9ce85c340fd4935157e5c7eb26a3820d33175949ba2a04ed668c6e1d32af88f,False,False,False,"{ ""theme"": ""defaultblue"", ""layout"": ""default"", ""dateformat"": ""m/d/yy"", ""timezoneoffset"": ""-8"", ""favoritesondashboard"": ""true"" }",(239) 555-0100,(239) 555-0101,isidora@example.com,\N,\N,\N,1,2015-03-29 08:00:00,2016-05-31 23:14:00
1048,Young-Tae Kim,Young-Tae,Young-Tae Young-Tae Kim,True,young-tae@tailspintoys.com,False,\\x493758eb3925ec2215a0222fcc7e6bfad6f89b1bf1c961403b86b2ce32baef67,False,False,False,"{ ""theme"": ""defaultblue"", ""layout"": ""default"", ""dateformat"": ""m/d/yy"", ""timezoneoffset"": ""-8"", ""favoritesondashboard"": ""true"" }",(252) 555-0100,(252) 555-0101,young-tae@tailspintoys.com,\N,\N,\N,1,2015-04-05 08:00:00,2016-05-31 23:14:00
1346,Cezar Preda,Cezar,Cezar Cezar Preda,True,cezar@tailspintoys.com,False,\\x86c3c346fc557853d224f75974e744f3c0534ad61f03e62f6c54d4469959d368,False,False,False,"{ ""theme"": ""defaultblue"", ""layout"": ""default"", ""dateformat"": ""m/d/yy"", ""timezoneoffset"": ""-8"", ""favoritesondashboard"": ""true"" }",(212) 555-0100,(212) 555-0101,cezar@tailspintoys.com,\N,\N,\N,1,2015-04-06 08:10:00,2016-05-31 23:14:00
3002,Cosmina Vlad,Cosmina,Cosmina Cosmina Vlad,True,cosmina@example.com,False,\\x4c647554f5a7d66b1350606ef6c6e45724b895fe1ee7202119a42a483c7aef7d,False,False,False,"{ ""theme"": ""defaultblue"", ""layout"": ""default"", ""dateformat"": ""m/d/yy"", ""timezoneoffset"": ""-8"", ""favoritesondashboard"": ""true"" }",(505) 555-0100,(505) 555-0101,cosmina@example.com,\N,\N,\N,1,2015-04-20 08:00:00,2016-05-31 23:14:00
1390,Gita Dutta,Gita,Gita Gita Dutta,True,gita@tailspintoys.com,False,\\xca799e42638f70691fe06dc107c2843a3925d174d197350ddec97dc544169b62,False,False,False,"{ ""theme"": ""defaultblue"", ""layout"": ""default"", ""dateformat"": ""m/d/yy"", ""timezoneoffset"": ""-8"", ""favoritesondashboard"": ""true"" }",(803) 555-0100,(803) 555-0101,gita@tailspintoys.com,\N,\N,\N,1,2015-04-25 08:00:00,2016-05-31 23:14:00
2240,Antonio Trentini,Antonio,Antonio Antonio Trentini,True,antonio@wingtiptoys.com,False,\\x79383f2ed8f4952b610130e6ba4faada5bd630e39c31cdde997f0d38a7015ad2,False,False,False,"{ ""theme"": ""defaultblue"", ""layout"": ""default"", ""dateformat"": ""m/d/yy"", ""timezoneoffset"": ""-8"", ""favoritesondashboard"": ""true"" }",(270) 555-0100,(270) 555-0101,antonio@wingtiptoys.com,\N,\N,\N,1,2015-04-30 08:00:00,2016-05-31 23:14:00
2029,Maurice English,Maurice,Maurice Maurice English,True,maurice@wingtiptoys.com,False,\\x05e97e093b07c9e938358027e2faaed6a24d46508ed66bfba1cf8f7d464b6295,False,False,False,"{ ""theme"": ""defaultblue"", ""layout"": ""default"", ""dateformat"": ""m/d/yy"", ""timezoneoffset"": ""-8"", ""favoritesondashboard"": ""true"" }",(229) 555-0100,(229) 555-0101,maurice@wingtiptoys.com,\N,\N,\N,1,2015-05-15 08:00:00,2016-05-31 23:14:00
3058,Bimla PrabhupÄda,Bimla,Bimla Bimla PrabhupÄda,True,bimla@example.com,False,\\x56ea84f1d2a78b73c5d1e68e759701efcf82b0c3e367b348751d2ddc3451ab25,False,False,False,"{ ""theme"": ""defaultblue"", ""layout"": ""default"", ""dateformat"": ""m/d/yy"", ""timezoneoffset"": ""-8"", ""favoritesondashboard"": ""true"" }",(209) 555-0100,(209) 555-0101,bimla@example.com,\N,\N,\N,1,2015-05-31 08:10:00,2016-05-31 23:14:00
3102,Kamila Michnova,Kamila,Kamila Kamila Michnova,True,kamila@example.com,False,\\x8f318996c73158a4ba9a8fb1ddb82eb3c69ecf7e2306a4b8fa2d054a61c1a1ce,False,False,False,"{ ""theme"": ""defaultblue"", ""layout"": ""default"", ""dateformat"": ""m/d/yy"", ""timezoneoffset"": ""-8"", ""favoritesondashboard"": ""true"" }",(210) 555-0100,(210) 555-0101,kamila@example.com,\N,\N,\N,1,2015-06-02 08:00:00,2016-05-31 23:14:00
1194,Lorenzo Lee,Lorenzo,Lorenzo Lorenzo Lee,True,lorenzo@tailspintoys.com,False,\\xa152498b39e565fa66cff4fa0c0279a50e86a6cff5c1081edb8613fdc862ee88,False,False,False,"{ ""theme"": ""defaultblue"", ""layout"": ""default"", ""dateformat"": ""m/d/yy"", ""timezoneoffset"": ""-8"", ""favoritesondashboard"": ""true"" }",(802) 555-0100,(802) 555-0101,lorenzo@tailspintoys.com,\N,\N,\N,1,2015-06-06 08:10:00,2016-05-31 23:14:00
1228,Surya Mishra,Surya,Surya Surya Mishra,True,surya@tailspintoys.com,False,\\x30e8bb2b9ee4bf33ed66db49ad3466d2326be50e4dc5eb27247284ffee3f0e63,False,False,False,"{ ""theme"": ""defaultblue"", ""layout"": ""default"", ""dateformat"": ""m/d/yy"", ""timezoneoffset"": ""-8"", ""favoritesondashboard"": ""true"" }",(803) 555-0100,(803) 555-0101,surya@tailspintoys.com,\N,\N,\N,1,2015-06-07 08:00:00,2016-05-31 23:14:00
2366,Constanta Dita,Constanta,Constanta Constanta Dita,True,constanta@wingtiptoys.com,False,\\x7415a4b167f68d4ffcce2305e2b6ac9c95ec31c995eaf5eaa3dbe3c70be959be,False,False,False,"{ ""theme"": ""defaultblue"", ""layout"": ""default"", ""dateformat"": ""m/d/yy"", ""timezoneoffset"": ""-8"", ""favoritesondashboard"": ""true"" }",(209) 555-0100,(209) 555-0101,constanta@wingtiptoys.com,\N,\N,\N,1,2015-06-11 08:00:00,2016-05-31 23:14:00
3122,Sumati Chatterjee,Sumati,Sumati Sumati Chatterjee,True,sumati@example.com,False,\\x9a55477db8ed13cef780760caadca2a3b29d04a5f9972cee2e4d8b611a82ec7e,False,False,False,"{ ""theme"": ""defaultblue"", ""layout"": ""default"", ""dateformat"": ""m/d/yy"", ""timezoneoffset"": ""-8"", ""favoritesondashboard"": ""true"" }",(231) 555-0100,(231) 555-0101,sumati@example.com,\N,\N,\N,1,2015-06-16 08:00:00,2016-05-31 23:14:00
2156,Roman Tomek,Roman,Roman Roman Tomek,True,roman@wingtiptoys.com,False,\\xa9a6fb229d30962bd09c01e0e4ac4913a721b5b555651b30413313de1ac1c452,False,False,False,"{ ""theme"": ""defaultblue"", ""layout"": ""default"", ""dateformat"": ""m/d/yy"", ""timezoneoffset"": ""-8"", ""favoritesondashboard"": ""true"" }",(215) 555-0100,(215) 555-0101,roman@wingtiptoys.com,\N,\N,\N,1,2015-06-18 08:00:00,2016-05-31 23:14:00
3062,Lana Goransson,Lana,Lana Lana Goransson,True,lana@example.com,False,\\x17a4dbbe7d13cfd1533b17988c0069bd6b7de4600443e871b360098442ad4e74,False,False,False,"{ ""theme"": ""defaultblue"", ""layout"": ""default"", ""dateformat"": ""m/d/yy"", ""timezoneoffset"": ""-8"", ""favoritesondashboard"": ""true"" }",(212) 555-0100,(212) 555-0101,lana@example.com,\N,\N,\N,1,2015-06-19 08:00:00,2016-05-31 23:14:00
2295,Crina Nechita,Crina,Crina Crina Nechita,True,crina@wingtiptoys.com,False,\\x3858f00bd6e2b76ed57a729c1fe3149f403924d1ee84f31eb21bec0b8c1cf98a,False,False,False,"{ ""theme"": ""defaultblue"", ""layout"": ""default"", ""dateformat"": ""m/d/yy"", ""timezoneoffset"": ""-8"", ""favoritesondashboard"": ""true"" }",(217) 555-0100,(217) 555-0101,crina@wingtiptoys.com,\N,\N,\N,1,2015-07-17 08:00:00,2016-05-31 23:14:00
39,Eliza Soderberg,Eliza,Eliza Eliza Soderberg,True,elizas@northwindelectriccars.com,False,\\x2787527c41f2131b0c1314fa84d727bca95a6af9f7f3dd5a028344e4bd5e1b87,True,False,False,"{ ""theme"": ""defaultblue"", ""layout"": ""default"", ""dateformat"": ""m/d/yy"", ""timezoneoffset"": ""-8"", ""favoritesondashboard"": ""true"" }",(201) 555-0101,(201) 555-0106,elizas@northwindelectriccars.com,\N,\N,\N,1,2015-07-25 08:00:00,2016-05-31 23:14:00
1207,Laboni Deb,Laboni,Laboni Laboni Deb,True,laboni@tailspintoys.com,False,\\x79d0c3889dbc311007e3a18ab4a37e90d4a6a69f1c73986d8ecbbb496b278ac0,False,False,False,"{ ""theme"": ""defaultblue"", ""layout"": ""default"", ""dateformat"": ""m/d/yy"", ""timezoneoffset"": ""-8"", ""favoritesondashboard"": ""true"" }",(207) 555-0100,(207) 555-0101,laboni@tailspintoys.com,\N,\N,\N,1,2015-07-27 08:00:00,2016-05-31 23:14:00
3132,Nicolo Cattaneo,Nicolo,Nicolo Nicolo Cattaneo,True,nicolo@example.com,False,\\xc40e808b3da9623e9ebeb74d483818543ea84143fdf0399926b4302746fd614c,False,False,False,"{ ""theme"": ""defaultblue"", ""layout"": ""default"", ""dateformat"": ""m/d/yy"", ""timezoneoffset"": ""-8"", ""favoritesondashboard"": ""true"" }",(212) 555-0100,(212) 555-0101,nicolo@example.com,\N,\N,\N,1,2015-08-01 08:00:00,2016-05-31 23:14:00
3126,Richard Friar,Richard,Richard Richard Friar,True,richard@example.com,False,\\x9a29d1dee23ba28f64f45a1501aed232bde3740ec96ba98888672a150f8ac6b5,False,False,False,"{ ""theme"": ""defaultblue"", ""layout"": ""default"", ""dateformat"": ""m/d/yy"", ""timezoneoffset"": ""-8"", ""favoritesondashboard"": ""true"" }",(339) 555-0100,(339) 555-0101,richard@example.com,\N,\N,\N,1,2015-08-03 08:00:00,2016-05-31 23:14:00
1330,Mariano Costa,Mariano,Mariano Mariano Costa,True,mariano@tailspintoys.com,False,\\x73257e5b3555a7181f61ef07f519e82a9a70a61d67f4770be7cc7edeab1f9139,False,False,False,"{ ""theme"": ""defaultblue"", ""layout"": ""default"", ""dateformat"": ""m/d/yy"", ""timezoneoffset"": ""-8"", ""favoritesondashboard"": ""true"" }",(203) 555-0100,(203) 555-0101,mariano@tailspintoys.com,\N,\N,\N,1,2015-08-11 08:10:00,2016-05-31 23:14:00
2038,Stanislav Zeman,Stanislav,Stanislav Stanislav Zeman,True,stanislav@wingtiptoys.com,False,\\x9e5e8172a49079a982488c769fedd641c2017a2b518cc07b890fee538b8bb4b9,False,False,False,"{ ""theme"": ""defaultblue"", ""layout"": ""default"", ""dateformat"": ""m/d/yy"", ""timezoneoffset"": ""-8"", ""favoritesondashboard"": ""true"" }",(239) 555-0100,(239) 555-0101,stanislav@wingtiptoys.com,\N,\N,\N,1,2015-08-14 08:00:00,2016-05-31 23:14:00
2344,Arto Heikkinen,Arto,Arto Arto Heikkinen,True,arto@wingtiptoys.com,False,\\xe035a8dea1b62977f01075740ad8c3e32e3d09bae0214e4eefe1ef26e62aac2c,False,False,False,"{ ""theme"": ""defaultblue"", ""layout"": ""default"", ""dateformat"": ""m/d/yy"", ""timezoneoffset"": ""-8"", ""favoritesondashboard"": ""true"" }",(215) 555-0100,(215) 555-0101,arto@wingtiptoys.com,\N,\N,\N,1,2015-08-22 08:00:00,2016-05-31 23:14:00
1314,Nasrin Fard,Nasrin,Nasrin Nasrin Fard,True,nasrin@tailspintoys.com,False,\\x6e0c8af2e955bfd02744b86bcbc562b97c3b8486ecb7001f419c8d646a11f95d,False,False,False,"{ ""theme"": ""defaultblue"", ""layout"": ""default"", ""dateformat"": ""m/d/yy"", ""timezoneoffset"": ""-8"", ""favoritesondashboard"": ""true"" }",(205) 555-0100,(205) 555-0101,nasrin@tailspintoys.com,\N,\N,\N,1,2015-08-24 08:00:00,2016-05-31 23:14:00
1318,Hele Semjonov,Hele,Hele Hele Semjonov,True,hele@tailspintoys.com,False,\\x61b7c9c8d624065cb8298e99e79abb5cc354600e129bb26681d42458063d16eb,False,False,False,"{ ""theme"": ""defaultblue"", ""layout"": ""default"", ""dateformat"": ""m/d/yy"", ""timezoneoffset"": ""-8"", ""favoritesondashboard"": ""true"" }",(218) 555-0100,(218) 555-0101,hele@tailspintoys.com,\N,\N,\N,1,2015-08-29 08:00:00,2016-05-31 23:14:00
1001,Waldemar Fisar,Waldemar,Waldemar Waldemar Fisar,True,waldemar@tailspintoys.com,False,\\x6fa3340509935ad44efaca70900f3ac49c2e06bde77833f0d44a184080f1df63,False,False,False,"{ ""theme"": ""defaultblue"", ""layout"": ""default"", ""dateformat"": ""m/d/yy"", ""timezoneoffset"": ""-8"", ""favoritesondashboard"": ""true"" }",(308) 555-0100,(308) 555-0101,waldemar@tailspintoys.com,\N,\N,\N,1,2015-08-31 08:10:00,2016-05-31 23:14:00
3194,Libuse Kuchtova,Libuse,Libuse Libuse Kuchtova,True,libuse@example.com,False,\\x234e904aa157f30b39bcc971f6be93e83bfa9c83340cba18b53be22f0734e6eb,False,False,False,"{ ""theme"": ""defaultblue"", ""layout"": ""default"", ""dateformat"": ""m/d/yy"", ""timezoneoffset"": ""-8"", ""favoritesondashboard"": ""true"" }",(210) 555-0100,(210) 555-0101,libuse@example.com,\N,\N,\N,1,2015-09-03 08:00:00,2016-05-31 23:14:00
2231,Adriana Horackova,Adriana,Adriana Adriana Horackova,True,adriana@wingtiptoys.com,False,\\x1054fe3ec1808c4d8483442b6b9f91a3c05ca49b4b25f9dda307968de9f7bef3,False,False,False,"{ ""theme"": ""defaultblue"", ""layout"": ""default"", ""dateformat"": ""m/d/yy"", ""timezoneoffset"": ""-8"", ""favoritesondashboard"": ""true"" }",(252) 555-0100,(252) 555-0101,adriana@wingtiptoys.com,\N,\N,\N,1,2015-09-10 08:00:00,2016-05-31 23:14:00
1231,Toma Nastase,Toma,Toma Toma Nastase,True,toma@tailspintoys.com,False,\\x37533a475be64c6268f778879e05dd3ddfdb4f702a43d42a34a10b5d23e3cb4d,False,False,False,"{ ""theme"": ""defaultblue"", ""layout"": ""default"", ""dateformat"": ""m/d/yy"", ""timezoneoffset"": ""-8"", ""favoritesondashboard"": ""true"" }",(787) 555-0100,(787) 555-0101,toma@tailspintoys.com,\N,\N,\N,1,2015-09-17 08:00:00,2016-05-31 23:14:00
3127,Matyas Sedlar,Matyas,Matyas Matyas Sedlar,True,matyas@example.com,False,\\x7da658b3eef9174996ca1db660907ca2f1937758e8a59ad12d32d999e654c6a0,False,False,False,"{ ""theme"": ""defaultblue"", ""layout"": ""default"", ""dateformat"": ""m/d/yy"", ""timezoneoffset"": ""-8"", ""favoritesondashboard"": ""true"" }",(270) 555-0100,(270) 555-0101,matyas@example.com,\N,\N,\N,1,2015-09-17 08:10:00,2016-05-31 23:14:00
2206,Lana Larsson,Lana,Lana Lana Larsson,True,lana@wingtiptoys.com,False,\\xd6a383758ba31967f1a8044859c5460281408aac4f444c809f0df91f85d8852e,False,False,False,"{ ""theme"": ""defaultblue"", ""layout"": ""default"", ""dateformat"": ""m/d/yy"", ""timezoneoffset"": ""-8"", ""favoritesondashboard"": ""true"" }",(252) 555-0100,(252) 555-0101,lana@wingtiptoys.com,\N,\N,\N,1,2015-09-19 08:00:00,2016-05-31 23:14:00
1287,Pramod Nishad,Pramod,Pramod Pramod Nishad,True,pramod@tailspintoys.com,False,\\x5d16e6926727c238c38d31e07697449cc154ec97331e73c6e5581edc9baac2d6,False,False,False,"{ ""theme"": ""defaultblue"", ""layout"": ""default"", ""dateformat"": ""m/d/yy"", ""timezoneoffset"": ""-8"", ""favoritesondashboard"": ""true"" }",(225) 555-0100,(225) 555-0101,pramod@tailspintoys.com,\N,\N,\N,1,2015-09-22 08:00:00,2016-05-31 23:14:00
2025,Raine Knihtila,Raine,Raine Raine Knihtila,True,raine@wingtiptoys.com,False,\\x9a08fa6a5d65a9eaef62fd54246716733feeb8006f3a528a9542b6e74f7bbc59,False,False,False,"{ ""theme"": ""defaultblue"", ""layout"": ""default"", ""dateformat"": ""m/d/yy"", ""timezoneoffset"": ""-8"", ""favoritesondashboard"": ""true"" }",(210) 555-0100,(210) 555-0101,raine@wingtiptoys.com,\N,\N,\N,1,2015-09-24 08:00:00,2016-05-31 23:14:00
1376,Bholanath Das,Bholanath,Bholanath Bholanath Das,True,bholanath@tailspintoys.com,False,\\x7dba71676fcb0b8a7a8900329b2f244f6417d3f5e2ff1ebd0b70d8eddf74316d,False,False,False,"{ ""theme"": ""defaultblue"", ""layout"": ""default"", ""dateformat"": ""m/d/yy"", ""timezoneoffset"": ""-8"", ""favoritesondashboard"": ""true"" }",(210) 555-0100,(210) 555-0101,bholanath@tailspintoys.com,\N,\N,\N,1,2015-09-26 08:00:00,2016-05-31 23:14:00
1364,Magda Ciora,Magda,Magda Magda Ciora,True,magda@tailspintoys.com,False,\\xb76dd11e91f5111e98815aeef0c18d48c6aa448dffe05aecc1e5c48dbc95556b,False,False,False,"{ ""theme"": ""defaultblue"", ""layout"": ""default"", ""dateformat"": ""m/d/yy"", ""timezoneoffset"": ""-8"", ""favoritesondashboard"": ""true"" }",(308) 555-0100,(308) 555-0101,magda@tailspintoys.com,\N,\N,\N,1,2015-09-29 08:10:00,2016-05-31 23:14:00
3038,Pavel Bogdanov,Pavel,Pavel Pavel Bogdanov,True,pavel@example.com,False,\\x6e0268254248c093794954dc7a25f6c405808ccb51c4ec6a805d9874c15d00ff,False,False,False,"{ ""theme"": ""defaultblue"", ""layout"": ""default"", ""dateformat"": ""m/d/yy"", ""timezoneoffset"": ""-8"", ""favoritesondashboard"": ""true"" }",(339) 555-0100,(339) 555-0101,pavel@example.com,\N,\N,\N,1,2015-10-03 08:10:00,2016-05-31 23:14:00
2243,Akshayakeerti Jandhyala,Akshayakeerti,Akshayakeerti Akshayakeerti Jandhyala,True,akshayakeerti@wingtiptoys.com,False,\\xa875c0e0ce024155fe43e137d1b325bb295da6cdce7773aeb911b2b6c841fd06,False,False,False,"{ ""theme"": ""defaultblue"", ""layout"": ""default"", ""dateformat"": ""m/d/yy"", ""timezoneoffset"": ""-8"", ""favoritesondashboard"": ""true"" }",(240) 555-0100,(240) 555-0101,akshayakeerti@wingtiptoys.com,\N,\N,\N,1,2015-10-10 08:10:00,2016-05-31 23:14:00
1397,Cezar Pavel,Cezar,Cezar Cezar Pavel,True,cezar@tailspintoys.com,False,\\xafc47a6846824f8baa84adca1379a0e99dfc06cff1292f55c1858f03c81eea71,False,False,False,"{ ""theme"": ""defaultblue"", ""layout"": ""default"", ""dateformat"": ""m/d/yy"", ""timezoneoffset"": ""-8"", ""favoritesondashboard"": ""true"" }",(303) 555-0100,(303) 555-0101,cezar@tailspintoys.com,\N,\N,\N,1,2015-10-13 08:00:00,2016-05-31 23:14:00
3163,Be Trang,Be,Be Be Trang,True,be@example.com,False,\\x0ed6052630e72610d7309d28382d4f8f796ab8c5d8b40ab43a47ea5f8657997c,False,False,False,"{ ""theme"": ""defaultblue"", ""layout"": ""default"", ""dateformat"": ""m/d/yy"", ""timezoneoffset"": ""-8"", ""favoritesondashboard"": ""true"" }",(405) 555-0100,(405) 555-0101,be@example.com,\N,\N,\N,1,2015-10-14 08:00:00,2016-05-31 23:14:00
3167,Meera Patel,Meera,Meera Meera Patel,True,meera@example.com,False,\\x84db7abdf042da3762c37ccc10bc4987654cc5b479288806719ab505fb3d17ff,False,False,False,"{ ""theme"": ""defaultblue"", ""layout"": ""default"", ""dateformat"": ""m/d/yy"", ""timezoneoffset"": ""-8"", ""favoritesondashboard"": ""true"" }",(217) 555-0100,(217) 555-0101,meera@example.com,\N,\N,\N,1,2015-10-21 08:00:00,2016-05-31 23:14:00
2041,Nishant Patil,Nishant,Nishant Nishant Patil,True,nishant@wingtiptoys.com,False,\\x6992800e25d674edf9a6ad287a6009cc0ec4cd17ad641a2cc6b0324bde90001d,False,False,False,"{ ""theme"": ""defaultblue"", ""layout"": ""default"", ""dateformat"": ""m/d/yy"", ""timezoneoffset"": ""-8"", ""favoritesondashboard"": ""true"" }",(205) 555-0100,(205) 555-0101,nishant@wingtiptoys.com,\N,\N,\N,1,2015-10-22 08:00:00,2016-05-31 23:14:00
1121,Abhoy PrabhupÄda,Abhoy,Abhoy Abhoy PrabhupÄda,True,abhoy@tailspintoys.com,False,\\xb69b3677609e3fa9f464f7b0821d80ac81ccf1680a37db36039eb9c8435efe6c,False,False,False,"{ ""theme"": ""defaultblue"", ""layout"": ""default"", ""dateformat"": ""m/d/yy"", ""timezoneoffset"": ""-8"", ""favoritesondashboard"": ""true"" }",(423) 555-0100,(423) 555-0101,abhoy@tailspintoys.com,\N,\N,\N,1,2015-10-25 08:00:00,2016-05-31 23:14:00
2238,Ngu Hoa,Ngu,Ngu Ngu Hoa,True,ngu@wingtiptoys.com,False,\\x30a68eadadce00f0b9086c2c902e24518180aa55f5312bd74aaadae8de76351e,False,False,False,"{ ""theme"": ""defaultblue"", ""layout"": ""default"", ""dateformat"": ""m/d/yy"", ""timezoneoffset"": ""-8"", ""favoritesondashboard"": ""true"" }",(405) 555-0100,(405) 555-0101,ngu@wingtiptoys.com,\N,\N,\N,1,2015-10-26 08:00:00,2016-05-31 23:14:00
1057,Karel Hanak,Karel,Karel Karel Hanak,True,karel@tailspintoys.com,False,\\xa24dd795a3024fef1330a312731843ac1fa4219c9f238916336ac7fd05696030,False,False,False,"{ ""theme"": ""defaultblue"", ""layout"": ""default"", ""dateformat"": ""m/d/yy"", ""timezoneoffset"": ""-8"", ""favoritesondashboard"": ""true"" }",(205) 555-0100,(205) 555-0101,karel@tailspintoys.com,\N,\N,\N,1,2015-10-26 08:00:00,2016-05-31 23:14:00
2306,Emine Gungor,Emine,Emine Emine Gungor,True,emine@wingtiptoys.com,False,\\x5cf12f2be625bf6adcb0be46cdf1b6ad700e0d50a4ebf0b3e78478372161a11b,False,False,False,"{ ""theme"": ""defaultblue"", ""layout"": ""default"", ""dateformat"": ""m/d/yy"", ""timezoneoffset"": ""-8"", ""favoritesondashboard"": ""true"" }",(210) 555-0100,(210) 555-0101,emine@wingtiptoys.com,\N,\N,\N,1,2015-10-30 08:10:00,2016-05-31 23:14:00
1350,Hamsapriya Nandamuri,Hamsapriya,Hamsapriya Hamsapriya Nandamuri,True,hamsapriya@tailspintoys.com,False,\\x1c62883fbb7545aef98d25361e130b29ce07330affb506fab7dd8c162efee5c9,False,False,False,"{ ""theme"": ""defaultblue"", ""layout"": ""default"", ""dateformat"": ""m/d/yy"", ""timezoneoffset"": ""-8"", ""favoritesondashboard"": ""true"" }",(505) 555-0100,(505) 555-0101,hamsapriya@tailspintoys.com,\N,\N,\N,1,2015-11-03 08:00:00,2016-05-31 23:14:00
2221,Pracha Nantakarn,Pracha,Pracha Pracha Nantakarn,True,pracha@wingtiptoys.com,False,\\x21d3cb2281d50e732c99306c753dee5bec70a305d18992a192ce37950b901ad1,False,False,False,"{ ""theme"": ""defaultblue"", ""layout"": ""default"", ""dateformat"": ""m/d/yy"", ""timezoneoffset"": ""-8"", ""favoritesondashboard"": ""true"" }",(231) 555-0100,(231) 555-0101,pracha@wingtiptoys.com,\N,\N,\N,1,2015-11-04 08:10:00,2016-05-31 23:14:00
1358,Priya kaushal,Priya,Priya Priya kaushal,True,priya@tailspintoys.com,False,\\x318360adca8b603865721d93dd8bd46d75956a8e53e2f297a03af63426922c2c,False,False,False,"{ ""theme"": ""defaultblue"", ""layout"": ""default"", ""dateformat"": ""m/d/yy"", ""timezoneoffset"": ""-8"", ""favoritesondashboard"": ""true"" }",(319) 555-0100,(319) 555-0101,priya@tailspintoys.com,\N,\N,\N,1,2015-11-06 08:00:00,2016-05-31 23:14:00
1153,Airi Vassiljev,Airi,Airi Airi Vassiljev,True,airi@tailspintoys.com,False,\\x43b6cbf6000604f71ac48c7224e4bf39e851a48e3b2022389285427055f8687e,False,False,False,"{ ""theme"": ""defaultblue"", ""layout"": ""default"", ""dateformat"": ""m/d/yy"", ""timezoneoffset"": ""-8"", ""favoritesondashboard"": ""true"" }",(229) 555-0100,(229) 555-0101,airi@tailspintoys.com,\N,\N,\N,1,2015-11-06 08:10:00,2016-05-31 23:14:00
1254,Lovro Kulaga,Lovro,Lovro Lovro Kulaga,True,lovro@tailspintoys.com,False,\\x720526ed914b6e0c9be12c7fa823ea80ac5db0cb58f6a18f5bc1abae84567074,False,False,False,"{ ""theme"": ""defaultblue"", ""layout"": ""default"", ""dateformat"": ""m/d/yy"", ""timezoneoffset"": ""-8"", ""favoritesondashboard"": ""true"" }",(206) 555-0100,(206) 555-0101,lovro@tailspintoys.com,\N,\N,\N,1,2015-11-07 08:00:00,2016-05-31 23:14:00
3095,Geza Roman,Geza,Geza Geza Roman,True,geza@example.com,False,\\x8bbb2eee2de1d6c19de14c2b22b5316b0ca87f259e36b2191fc41089e2ab39bb,False,False,False,"{ ""theme"": ""defaultblue"", ""layout"": ""default"", ""dateformat"": ""m/d/yy"", ""timezoneoffset"": ""-8"", ""favoritesondashboard"": ""true"" }",(215) 555-0100,(215) 555-0101,geza@example.com,\N,\N,\N,1,2015-11-24 08:00:00,2016-05-31 23:14:00
2261,Javier Caraballo,Javier,Javier Javier Caraballo,True,javier@wingtiptoys.com,False,\\x79cb40966409bde33143eba0ba0535b8ae573b46e68468f0942efa887c67e78f,False,False,False,"{ ""theme"": ""defaultblue"", ""layout"": ""default"", ""dateformat"": ""m/d/yy"", ""timezoneoffset"": ""-8"", ""favoritesondashboard"": ""true"" }",(231) 555-0100,(231) 555-0101,javier@wingtiptoys.com,\N,\N,\N,1,2015-12-02 08:10:00,2016-05-31 23:14:00
3022,Suparna Bhattacharya,Suparna,Suparna Suparna Bhattacharya,True,suparna@example.com,False,\\x993f573e9f4c4f2ca5860f64aa3c9d1ee7c96696118eec7c776962c93731ab89,False,False,False,"{ ""theme"": ""defaultblue"", ""layout"": ""default"", ""dateformat"": ""m/d/yy"", ""timezoneoffset"": ""-8"", ""favoritesondashboard"": ""true"" }",(314) 555-0100,(314) 555-0101,suparna@example.com,\N,\N,\N,1,2015-12-06 08:00:00,2016-05-31 23:14:00
2304,Aet Kasesalu,Aet,Aet Aet Kasesalu,True,aet@wingtiptoys.com,False,\\xf857ecfbb71b8337efae8440c6b44cdd25d210c3d687b3b073fa2a6d980a540f,False,False,False,"{ ""theme"": ""defaultblue"", ""layout"": ""default"", ""dateformat"": ""m/d/yy"", ""timezoneoffset"": ""-8"", ""favoritesondashboard"": ""true"" }",(215) 555-0100,(215) 555-0101,aet@wingtiptoys.com,\N,\N,\N,1,2015-12-14 08:10:00,2016-05-31 23:14:00
2024,Tajana Lovric,Tajana,Tajana Tajana Lovric,True,tajana@wingtiptoys.com,False,\\x0f9b10fc4a8bd04e65a41f08de3bd71510c5916db25decdef15e2b62df4a7f0d,False,False,False,"{ ""theme"": ""defaultblue"", ""layout"": ""default"", ""dateformat"": ""m/d/yy"", ""timezoneoffset"": ""-8"", ""favoritesondashboard"": ""true"" }",(406) 555-0100,(406) 555-0101,tajana@wingtiptoys.com,\N,\N,\N,1,2015-12-15 08:00:00,2016-05-31 23:14:00
3023,Francisca Laureano,Francisca,Francisca Francisca Laureano,True,francisca@example.com,False,\\xc27b24142be0660a89c07454ed9e0e2ca8b0f1faf0395ddbb46a76a8683f3755,False,False,False,"{ ""theme"": ""defaultblue"", ""layout"": ""default"", ""dateformat"": ""m/d/yy"", ""timezoneoffset"": ""-8"", ""favoritesondashboard"": ""true"" }",(319) 555-0100,(319) 555-0101,francisca@example.com,\N,\N,\N,1,2015-12-16 08:00:00,2016-05-31 23:14:00
2373,Daniela Sal,Daniela,Daniela Daniela Sal,True,daniela@wingtiptoys.com,False,\\xeec53ed3eae7dc2ac179e11cc066b2df045e4e42cc8b27dac2468e5cc725ea93,False,False,False,"{ ""theme"": ""defaultblue"", ""layout"": ""default"", ""dateformat"": ""m/d/yy"", ""timezoneoffset"": ""-8"", ""favoritesondashboard"": ""true"" }",(210) 555-0100,(210) 555-0101,daniela@wingtiptoys.com,\N,\N,\N,1,2015-12-16 08:00:00,2016-05-31 23:14:00
1289,Prasong Tuntayakul,Prasong,Prasong Prasong Tuntayakul,True,prasong@tailspintoys.com,False,\\x30bc048cc8a63cc96c3d62f6bd267477a1577ce59f473c30fbc626a4d604358b,False,False,False,"{ ""theme"": ""defaultblue"", ""layout"": ""default"", ""dateformat"": ""m/d/yy"", ""timezoneoffset"": ""-8"", ""favoritesondashboard"": ""true"" }",(201) 555-0100,(201) 555-0101,prasong@tailspintoys.com,\N,\N,\N,1,2015-12-20 08:00:00,2016-05-31 23:14:00
1352,Sudhir Yadav,Sudhir,Sudhir Sudhir Yadav,True,sudhir@tailspintoys.com,False,\\x8abbcef7314ef5ec6a8269d4125b07b04097aac128df12e21252e7173fc11a5a,False,False,False,"{ ""theme"": ""defaultblue"", ""layout"": ""default"", ""dateformat"": ""m/d/yy"", ""timezoneoffset"": ""-8"", ""favoritesondashboard"": ""true"" }",(206) 555-0100,(206) 555-0101,sudhir@tailspintoys.com,\N,\N,\N,1,2015-12-27 08:00:00,2016-05-31 23:14:00
1164,Huu Hoa,Huu,Huu Huu Hoa,True,huu@tailspintoys.com,False,\\x6ceae6e236a2ebee563ec2a941e439b9069e172eedd67d8a0243a5fecd9ddb99,False,False,False,"{ ""theme"": ""defaultblue"", ""layout"": ""default"", ""dateformat"": ""m/d/yy"", ""timezoneoffset"": ""-8"", ""favoritesondashboard"": ""true"" }",(505) 555-0100,(505) 555-0101,huu@tailspintoys.com,\N,\N,\N,1,2016-01-04 08:00:00,2016-05-31 23:14:00
2109,Ilse Sandell,Ilse,Ilse Ilse Sandell,True,ilse@wingtiptoys.com,False,\\x55f57e4f7128d52a46f7f6b0540f82fa1afe89bb819d3484e9265f0435552c48,False,False,False,"{ ""theme"": ""defaultblue"", ""layout"": ""default"", ""dateformat"": ""m/d/yy"", ""timezoneoffset"": ""-8"", ""favoritesondashboard"": ""true"" }",(209) 555-0100,(209) 555-0101,ilse@wingtiptoys.com,\N,\N,\N,1,2016-01-05 08:00:00,2016-05-31 23:14:00
1087,Adrijana Blagojevic,Adrijana,Adrijana Adrijana Blagojevic,True,adrijana@tailspintoys.com,False,\\x8832dbc3064673d5df7c5b79d54b2ce47dd8b1847f99e6a163e8d1dd578001fd,False,False,False,"{ ""theme"": ""defaultblue"", ""layout"": ""default"", ""dateformat"": ""m/d/yy"", ""timezoneoffset"": ""-8"", ""favoritesondashboard"": ""true"" }",(206) 555-0100,(206) 555-0101,adrijana@tailspintoys.com,\N,\N,\N,1,2016-01-08 08:00:00,2016-05-31 23:14:00
1116,Marcel Marquis,Marcel,Marcel Marcel Marquis,True,marcel@tailspintoys.com,False,\\xe929ac64fcd488dde9e7c818456a9bf02e622b6be795d8bd1ffa52d2698ca84c,False,False,False,"{ ""theme"": ""defaultblue"", ""layout"": ""default"", ""dateformat"": ""m/d/yy"", ""timezoneoffset"": ""-8"", ""favoritesondashboard"": ""true"" }",(276) 555-0100,(276) 555-0101,marcel@tailspintoys.com,\N,\N,\N,1,2016-01-12 08:00:00,2016-05-31 23:14:00
1138,Chaowalit Pornpipatpong,Chaowalit,Chaowalit Chaowalit Pornpipatpong,True,chaowalit@tailspintoys.com,False,\\x08100e03488e2dcaa95c62164963b28ba11dcaea6c98af05f8e92c613f2e15dd,False,False,False,"{ ""theme"": ""defaultblue"", ""layout"": ""default"", ""dateformat"": ""m/d/yy"", ""timezoneoffset"": ""-8"", ""favoritesondashboard"": ""true"" }",(209) 555-0100,(209) 555-0101,chaowalit@tailspintoys.com,\N,\N,\N,1,2016-01-15 08:00:00,2016-05-31 23:14:00
1107,Vitezslav Rehak,Vitezslav,Vitezslav Vitezslav Rehak,True,vitezslav@tailspintoys.com,False,\\xc9a2c9058f59f07b2a0bb9629bfce752a774c2b0c63b371bbd1c87f922773c1e,False,False,False,"{ ""theme"": ""defaultblue"", ""layout"": ""default"", ""dateformat"": ""m/d/yy"", ""timezoneoffset"": ""-8"", ""favoritesondashboard"": ""true"" }",(215) 555-0100,(215) 555-0101,vitezslav@tailspintoys.com,\N,\N,\N,1,2016-01-17 08:00:00,2016-05-31 23:14:00
1177,Aakarsha Nookala,Aakarsha,Aakarsha Aakarsha Nookala,True,aakarsha@tailspintoys.com,False,\\xcb200a535bff77394c556e909f35158b7c45d318e7e0100e4b98899abc5797c5,False,False,False,"{ ""theme"": ""defaultblue"", ""layout"": ""default"", ""dateformat"": ""m/d/yy"", ""timezoneoffset"": ""-8"", ""favoritesondashboard"": ""true"" }",(201) 555-0100,(201) 555-0101,aakarsha@tailspintoys.com,\N,\N,\N,1,2016-01-20 08:00:00,2016-05-31 23:14:00
1159,Bharat Ankitham,Bharat,Bharat Bharat Ankitham,True,bharat@tailspintoys.com,False,\\xd5adb8354779d1b1e190e23d380bfa6844d8a7012cfccae1cdf3f9fe26018bc7,False,False,False,"{ ""theme"": ""defaultblue"", ""layout"": ""default"", ""dateformat"": ""m/d/yy"", ""timezoneoffset"": ""-8"", ""favoritesondashboard"": ""true"" }",(252) 555-0100,(252) 555-0101,bharat@tailspintoys.com,\N,\N,\N,1,2016-01-23 08:00:00,2016-05-31 23:14:00
38,Matheus Oliveira,Matheus,Matheus Matheus Oliveira,True,matheuso@nodpublishers.com,False,\\x80de4f3879785996d9754010c8e90c24c3d82bf929d5726e9a69418d772ac046,True,False,False,"{ ""theme"": ""defaultblue"", ""layout"": ""default"", ""dateformat"": ""m/d/yy"", ""timezoneoffset"": ""-8"", ""favoritesondashboard"": ""true"" }",(252) 555-0107,(252) 555-0101,matheuso@nodpublishers.com,\N,\N,\N,1,2016-01-23 08:00:00,2016-05-31 23:14:00
2122,Hector Parra,Hector,Hector Hector Parra,True,hector@wingtiptoys.com,False,\\x5259a0d7004dad855270a05ec8ea2153e8cff0d853eafaea3e67a0a22f443d4b,False,False,False,"{ ""theme"": ""defaultblue"", ""layout"": ""default"", ""dateformat"": ""m/d/yy"", ""timezoneoffset"": ""-8"", ""favoritesondashboard"": ""true"" }",(210) 555-0100,(210) 555-0101,hector@wingtiptoys.com,\N,\N,\N,1,2016-01-29 08:00:00,2016-05-31 23:14:00
1084,Ivan Castellanos,Ivan,Ivan Ivan Castellanos,True,ivan@tailspintoys.com,False,\\xe7f5bd8e5e4860050e04e72b4ec83e94af88e083729280028348e17e96bdb028,False,False,False,"{ ""theme"": ""defaultblue"", ""layout"": ""default"", ""dateformat"": ""m/d/yy"", ""timezoneoffset"": ""-8"", ""favoritesondashboard"": ""true"" }",(212) 555-0100,(212) 555-0101,ivan@tailspintoys.com,\N,\N,\N,1,2016-02-02 08:00:00,2016-05-31 23:14:00
1286,Georg Valbe,Georg,Georg Georg Valbe,True,georg@tailspintoys.com,False,\\xfbf469b0e38663243bb141ae80f893edae22e04af66d040d17b492536c9d5136,False,False,False,"{ ""theme"": ""defaultblue"", ""layout"": ""default"", ""dateformat"": ""m/d/yy"", ""timezoneoffset"": ""-8"", ""favoritesondashboard"": ""true"" }",(216) 555-0100,(216) 555-0101,georg@tailspintoys.com,\N,\N,\N,1,2016-02-10 08:00:00,2016-05-31 23:14:00
3216,Aive Petrov,Aive,Aive Aive Petrov,True,aive@example.com,False,\\xe5200c985fac5a1e0614f36ebb0ecfa0f7c2125027bfa1c90a6fc01a6bce5b19,False,False,False,"{ ""theme"": ""defaultblue"", ""layout"": ""default"", ""dateformat"": ""m/d/yy"", ""timezoneoffset"": ""-8"", ""favoritesondashboard"": ""true"" }",(316) 555-0100,(316) 555-0101,aive@example.com,\N,\N,\N,1,2016-02-14 08:00:00,2016-05-31 23:14:00
2272,Diego Buccho,Diego,Diego Diego Buccho,True,diego@wingtiptoys.com,False,\\x3c76c2d4c3fb3209fe645e3939dbcae1dcb54bec316c64e266c10a424a3d296b,False,False,False,"{ ""theme"": ""defaultblue"", ""layout"": ""default"", ""dateformat"": ""m/d/yy"", ""timezoneoffset"": ""-8"", ""favoritesondashboard"": ""true"" }",(605) 555-0100,(605) 555-0101,diego@wingtiptoys.com,\N,\N,\N,1,2016-02-17 08:00:00,2016-05-31 23:14:00
1111,Juan Bezanson,Juan,Juan Juan Bezanson,True,juan@tailspintoys.com,False,\\x000d92459522ee57c9fa8ee36867819292d04e865bf28963b8113a32474e017b,False,False,False,"{ ""theme"": ""defaultblue"", ""layout"": ""default"", ""dateformat"": ""m/d/yy"", ""timezoneoffset"": ""-8"", ""favoritesondashboard"": ""true"" }",(206) 555-0100,(206) 555-0101,juan@tailspintoys.com,\N,\N,\N,1,2016-02-25 08:10:00,2016-05-31 23:14:00
3182,Yves Belisle,Yves,Yves Yves Belisle,True,yves@example.com,False,\\xdcac4e7baee71e9c25461f6c3d5d82ce95dd1906471a0ae1d08a0e242ce4bd39,False,False,False,"{ ""theme"": ""defaultblue"", ""layout"": ""default"", ""dateformat"": ""m/d/yy"", ""timezoneoffset"": ""-8"", ""favoritesondashboard"": ""true"" }",(480) 555-0100,(480) 555-0101,yves@example.com,\N,\N,\N,1,2016-02-29 08:00:00,2016-05-31 23:14:00
1263,Akanksha Sarma,Akanksha,Akanksha Akanksha Sarma,True,akanksha@tailspintoys.com,False,\\x814d82cb878aabd3e865872190281a1230eff54e9a01903bd1ca44fbcf26d3ac,False,False,False,"{ ""theme"": ""defaultblue"", ""layout"": ""default"", ""dateformat"": ""m/d/yy"", ""timezoneoffset"": ""-8"", ""favoritesondashboard"": ""true"" }",(208) 555-0100,(208) 555-0101,akanksha@tailspintoys.com,\N,\N,\N,1,2016-03-01 08:00:00,2016-05-31 23:14:00
3217,David Novacek ,David,David David Novacek ,True,david@example.com,False,\\x4247d350022d466271561ef54c793d674e5f0bc0775b416e8e0b45e6fc2ef389,False,False,False,"{ ""theme"": ""defaultblue"", ""layout"": ""default"", ""dateformat"": ""m/d/yy"", ""timezoneoffset"": ""-8"", ""favoritesondashboard"": ""true"" }",(423) 555-0100,(423) 555-0101,david@example.com,\N,\N,\N,1,2016-03-03 08:00:00,2016-05-31 23:14:00
3138,Anna Gyarmathi,Anna,Anna Anna Gyarmathi,True,anna@example.com,False,\\x76c947d08037923eba020d4c27b45849fb2c104849a9063fee1ce4453ba78f68,False,False,False,"{ ""theme"": ""defaultblue"", ""layout"": ""default"", ""dateformat"": ""m/d/yy"", ""timezoneoffset"": ""-8"", ""favoritesondashboard"": ""true"" }",(252) 555-0100,(252) 555-0101,anna@example.com,\N,\N,\N,1,2016-03-07 08:10:00,2016-05-31 23:14:00
1082,Kalpana Mukherjee,Kalpana,Kalpana Kalpana Mukherjee,True,kalpana@tailspintoys.com,False,\\x58eb5db1218f1695ccf80bd3732029b91014623ed63947624c5aab5817227704,False,False,False,"{ ""theme"": ""defaultblue"", ""layout"": ""default"", ""dateformat"": ""m/d/yy"", ""timezoneoffset"": ""-8"", ""favoritesondashboard"": ""true"" }",(314) 555-0100,(314) 555-0101,kalpana@tailspintoys.com,\N,\N,\N,1,2016-03-13 08:00:00,2016-05-31 23:14:00
2270,Trishna Benipal,Trishna,Trishna Trishna Benipal,True,trishna@wingtiptoys.com,False,\\xe33420e601e303daea4bc60ecb7c826a1e94261ab57c3743a1c90a548955dc85,False,False,False,"{ ""theme"": ""defaultblue"", ""layout"": ""default"", ""dateformat"": ""m/d/yy"", ""timezoneoffset"": ""-8"", ""favoritesondashboard"": ""true"" }",(304) 555-0100,(304) 555-0101,trishna@wingtiptoys.com,\N,\N,\N,1,2016-03-18 08:00:00,2016-05-31 23:14:00
2227,Anda Liepa,Anda,Anda Anda Liepa,True,anda@wingtiptoys.com,False,\\xda7139587c9eaa854628e7f72dcfd34aed0b8e5e508a86ec59c616c5c91dfd9f,False,False,False,"{ ""theme"": ""defaultblue"", ""layout"": ""default"", ""dateformat"": ""m/d/yy"", ""timezoneoffset"": ""-8"", ""favoritesondashboard"": ""true"" }",(603) 555-0100,(603) 555-0101,anda@wingtiptoys.com,\N,\N,\N,1,2016-03-22 08:00:00,2016-05-31 23:14:00
1086,Parsa Blijleven,Parsa,Parsa Parsa Blijleven,True,parsa@tailspintoys.com,False,\\x17d4856e41386868b75ebeb4336069e4212897e94a0178b0b8a013ddc3419f15,False,False,False,"{ ""theme"": ""defaultblue"", ""layout"": ""default"", ""dateformat"": ""m/d/yy"", ""timezoneoffset"": ""-8"", ""favoritesondashboard"": ""true"" }",(206) 555-0100,(206) 555-0101,parsa@tailspintoys.com,\N,\N,\N,1,2016-03-22 08:00:00,2016-05-31 23:14:00
2325,Samuel Almaraz,Samuel,Samuel Samuel Almaraz,True,samuel@wingtiptoys.com,False,\\xa48985272ae82c13def7efedd5ea69ff5ac025e5f36d3951ead769762943fe34,False,False,False,"{ ""theme"": ""defaultblue"", ""layout"": ""default"", ""dateformat"": ""m/d/yy"", ""timezoneoffset"": ""-8"", ""favoritesondashboard"": ""true"" }",(458) 555-0100,(458) 555-0101,samuel@wingtiptoys.com,\N,\N,\N,1,2016-03-24 08:10:00,2016-05-31 23:14:00
3017,Agrita Kanepa,Agrita,Agrita Agrita Kanepa,True,agrita@example.com,False,\\xa9937a3658383605658e1ec4c3a4558502b793c324cd569f320054b85254bead,False,False,False,"{ ""theme"": ""defaultblue"", ""layout"": ""default"", ""dateformat"": ""m/d/yy"", ""timezoneoffset"": ""-8"", ""favoritesondashboard"": ""true"" }",(201) 555-0100,(201) 555-0101,agrita@example.com,\N,\N,\N,1,2016-04-02 08:00:00,2016-05-31 23:14:00
3202,Stefan Selezeanu,Stefan,Stefan Stefan Selezeanu,True,stefan@example.com,False,\\xed002edd39a56e04a7716d1a817c64a25ea2e1f75c7d8ed998443a6bea14da1b,False,False,False,"{ ""theme"": ""defaultblue"", ""layout"": ""default"", ""dateformat"": ""m/d/yy"", ""timezoneoffset"": ""-8"", ""favoritesondashboard"": ""true"" }",(212) 555-0100,(212) 555-0101,stefan@example.com,\N,\N,\N,1,2016-04-03 08:00:00,2016-05-31 23:14:00
2265,Vanita Bhowmick,Vanita,Vanita Vanita Bhowmick,True,vanita@wingtiptoys.com,False,\\xe079b6c3b24b2fea525a83e73aaf3549f40599fb211cf1e376f2eb761623b908,False,False,False,"{ ""theme"": ""defaultblue"", ""layout"": ""default"", ""dateformat"": ""m/d/yy"", ""timezoneoffset"": ""-8"", ""favoritesondashboard"": ""true"" }",(405) 555-0100,(405) 555-0101,vanita@wingtiptoys.com,\N,\N,\N,1,2016-04-04 08:00:00,2016-05-31 23:14:00
1374,Dhanishta Kidambi,Dhanishta,Dhanishta Dhanishta Kidambi,True,dhanishta@tailspintoys.com,False,\\x81f8cfd66f667face12d1113b90434e92e26235d61cdf9bd8d68d67f1da011dc,False,False,False,"{ ""theme"": ""defaultblue"", ""layout"": ""default"", ""dateformat"": ""m/d/yy"", ""timezoneoffset"": ""-8"", ""favoritesondashboard"": ""true"" }",(231) 555-0100,(231) 555-0101,dhanishta@tailspintoys.com,\N,\N,\N,1,2016-04-05 08:10:00,2016-05-31 23:14:00
3186,Neil Farrelly,Neil,Neil Neil Farrelly,True,neil@example.com,False,\\x0efe383c11e4e85d5203f90a79d2731137b08451343d8569b0885cc5bd1a7dcf,False,False,False,"{ ""theme"": ""defaultblue"", ""layout"": ""default"", ""dateformat"": ""m/d/yy"", ""timezoneoffset"": ""-8"", ""favoritesondashboard"": ""true"" }",(215) 555-0100,(215) 555-0101,neil@example.com,\N,\N,\N,1,2016-04-09 08:00:00,2016-05-31 23:14:00
1339,Daniella Barbosa,Daniella,Daniella Daniella Barbosa,True,daniella@tailspintoys.com,False,\\xabe5e48dc5339724c6832dbdfe467781e534e01aa40e51a858db3ba0d60b8a6c,False,False,False,"{ ""theme"": ""defaultblue"", ""layout"": ""default"", ""dateformat"": ""m/d/yy"", ""timezoneoffset"": ""-8"", ""favoritesondashboard"": ""true"" }",(212) 555-0100,(212) 555-0101,daniella@tailspintoys.com,\N,\N,\N,1,2016-04-10 08:00:00,2016-05-31 23:14:00
3188,Maksims Krastins,Maksims,Maksims Maksims Krastins,True,maksims@example.com,False,\\x56bce4898f0c91a9e1371c404dd1d67b3fdded2c79f9f4d404cfb9923ebfbe36,False,False,False,"{ ""theme"": ""defaultblue"", ""layout"": ""default"", ""dateformat"": ""m/d/yy"", ""timezoneoffset"": ""-8"", ""favoritesondashboard"": ""true"" }",(304) 555-0100,(304) 555-0101,maksims@example.com,\N,\N,\N,1,2016-04-14 08:00:00,2016-05-31 23:14:00
2070,Vicente Cabrera,Vicente,Vicente Vicente Cabrera,True,vicente@wingtiptoys.com,False,\\x667b28fff64f79d6b4e4c95f3302476487ec8c8602b88d713fad233406c4f155,False,False,False,"{ ""theme"": ""defaultblue"", ""layout"": ""default"", ""dateformat"": ""m/d/yy"", ""timezoneoffset"": ""-8"", ""favoritesondashboard"": ""true"" }",(217) 555-0100,(217) 555-0101,vicente@wingtiptoys.com,\N,\N,\N,1,2016-04-18 08:10:00,2016-05-31 23:14:00
2298,Wander Ellenbroek,Wander,Wander Wander Ellenbroek,True,wander@wingtiptoys.com,False,\\x2cd57e45b1845b5e6423f2ea24199afbec8a71c6aeecbacf591c8c1a6d406b87,False,False,False,"{ ""theme"": ""defaultblue"", ""layout"": ""default"", ""dateformat"": ""m/d/yy"", ""timezoneoffset"": ""-8"", ""favoritesondashboard"": ""true"" }",(212) 555-0100,(212) 555-0101,wander@wingtiptoys.com,\N,\N,\N,1,2016-04-20 08:00:00,2016-05-31 23:14:00
2071,Enes Olsson,Enes,Enes Enes Olsson,True,enes@wingtiptoys.com,False,\\x9ac4654b9e8035716d8ade549b66a61aa76721d4d10c7648b9914b24b1e0dea8,False,False,False,"{ ""theme"": ""defaultblue"", ""layout"": ""default"", ""dateformat"": ""m/d/yy"", ""timezoneoffset"": ""-8"", ""favoritesondashboard"": ""true"" }",(276) 555-0100,(276) 555-0101,enes@wingtiptoys.com,\N,\N,\N,1,2016-04-21 08:10:00,2016-05-31 23:14:00
1115,Pratap Varghese,Pratap,Pratap Pratap Varghese,True,pratap@tailspintoys.com,False,\\x7ad78a76c37026604f1d7e1216cf2bc8067014488a7f792dbac2b7a3e7a2a597,False,False,False,"{ ""theme"": ""defaultblue"", ""layout"": ""default"", ""dateformat"": ""m/d/yy"", ""timezoneoffset"": ""-8"", ""favoritesondashboard"": ""true"" }",(276) 555-0100,(276) 555-0101,pratap@tailspintoys.com,\N,\N,\N,1,2016-04-22 08:00:00,2016-05-31 23:14:00
2012,Maxime Westerink,Maxime,Maxime Maxime Westerink,True,maxime@wingtiptoys.com,False,\\xb3b4406fbf78db50f08175147c894a308a4e2f56adfb002f73c599ee2f61fb4d,False,False,False,"{ ""theme"": ""defaultblue"", ""layout"": ""default"", ""dateformat"": ""m/d/yy"", ""timezoneoffset"": ""-8"", ""favoritesondashboard"": ""true"" }",(205) 555-0100,(205) 555-0101,maxime@wingtiptoys.com,\N,\N,\N,1,2016-04-23 08:00:00,2016-05-31 23:14:00
2277,Bich Banh,Bich,Bich Bich Banh,True,bich@wingtiptoys.com,False,\\x7845fc29bf61f2b89c9306f9791d225c746d7632441d848ccb642c3dd0eae8ee,False,False,False,"{ ""theme"": ""defaultblue"", ""layout"": ""default"", ""dateformat"": ""m/d/yy"", ""timezoneoffset"": ""-8"", ""favoritesondashboard"": ""true"" }",(215) 555-0100,(215) 555-0101,bich@wingtiptoys.com,\N,\N,\N,1,2016-04-27 08:00:00,2016-05-31 23:14:00
1077,Ashish Acharya,Ashish,Ashish Ashish Acharya,True,ashish@tailspintoys.com,False,\\x6d5c0f19756e0ff994663e0d217c42a991125e184128c668e3b36b502936fbdd,False,False,False,"{ ""theme"": ""defaultblue"", ""layout"": ""default"", ""dateformat"": ""m/d/yy"", ""timezoneoffset"": ""-8"", ""favoritesondashboard"": ""true"" }",(270) 555-0100,(270) 555-0101,ashish@tailspintoys.com,\N,\N,\N,1,2016-04-28 08:00:00,2016-05-31 23:14:00
2320,Vitezslav Drdla,Vitezslav,Vitezslav Vitezslav Drdla,True,vitezslav@wingtiptoys.com,False,\\x395427ca6231c686c0e4306a596dabbb676e7610a05e1f8c8f97855c168f9937,False,False,False,"{ ""theme"": ""defaultblue"", ""layout"": ""default"", ""dateformat"": ""m/d/yy"", ""timezoneoffset"": ""-8"", ""favoritesondashboard"": ""true"" }",(787) 555-0100,(787) 555-0101,vitezslav@wingtiptoys.com,\N,\N,\N,1,2016-05-04 08:00:00,2016-05-31 23:14:00
3029,Jack Walker,Jack,Jack Jack Walker,True,jack@example.com,False,\\xdfea34f63f87b971a9d9ce83a0f0b4202df07774f421b9584a139c80ff9a83e0,False,False,False,"{ ""theme"": ""defaultblue"", ""layout"": ""default"", ""dateformat"": ""m/d/yy"", ""timezoneoffset"": ""-8"", ""favoritesondashboard"": ""true"" }",(316) 555-0100,(316) 555-0101,jack@example.com,\N,\N,\N,1,2016-05-05 08:00:00,2016-05-31 23:14:00
2276,Indu Chowdary,Indu,Indu Indu Chowdary,True,indu@wingtiptoys.com,False,\\xbdb315d04675ffa0d9ed425d97329d18b2cbd8bef4c7f4f2b5edaba657f11c7b,False,False,False,"{ ""theme"": ""defaultblue"", ""layout"": ""default"", ""dateformat"": ""m/d/yy"", ""timezoneoffset"": ""-8"", ""favoritesondashboard"": ""true"" }",(228) 555-0100,(228) 555-0101,indu@wingtiptoys.com,\N,\N,\N,1,2016-05-07 08:00:00,2016-05-31 23:14:00
3107,Eugen Agafitei,Eugen,Eugen Eugen Agafitei,True,eugen@example.com,False,\\x1047c3a64942b1480261dc33de76ab7a2030c59fcde9d97b7581b8f49e147739,False,False,False,"{ ""theme"": ""defaultblue"", ""layout"": ""default"", ""dateformat"": ""m/d/yy"", ""timezoneoffset"": ""-8"", ""favoritesondashboard"": ""true"" }",(252) 555-0100,(252) 555-0101,eugen@example.com,\N,\N,\N,1,2016-05-07 08:10:00,2016-05-31 23:14:00
2330,Carla Osorio,Carla,Carla Carla Osorio,True,carla@wingtiptoys.com,False,\\xb3e85a121bc5cc7521e6afdbbb5a7b267fdf550683099a02bfb9c0f1ea4f1aff,False,False,False,"{ ""theme"": ""defaultblue"", ""layout"": ""default"", ""dateformat"": ""m/d/yy"", ""timezoneoffset"": ""-8"", ""favoritesondashboard"": ""true"" }",(307) 555-0100,(307) 555-0101,carla@wingtiptoys.com,\N,\N,\N,1,2016-05-08 08:00:00,2016-05-31 23:14:00
3218,Nils Kaulins,Nils,Nils Nils Kaulins,True,nils@example.com,False,\\xb64c862152ba2d3652a30d647fc403732637134ee302e2bdf4fcdf2a78dde991,False,False,False,"{ ""theme"": ""defaultblue"", ""layout"": ""default"", ""dateformat"": ""m/d/yy"", ""timezoneoffset"": ""-8"", ""favoritesondashboard"": ""true"" }",(406) 555-0100,(406) 555-0101,nils@example.com,\N,\N,\N,1,2016-05-11 08:00:00,2016-05-31 23:14:00
3037,Anil Sarkar,Anil,Anil Anil Sarkar,True,anil@example.com,False,\\x0aa0c93799150731eacd628d5421ffb3d0184af828cb5e3bf62f12e06665d00f,False,False,False,"{ ""theme"": ""defaultblue"", ""layout"": ""default"", ""dateformat"": ""m/d/yy"", ""timezoneoffset"": ""-8"", ""favoritesondashboard"": ""true"" }",(215) 555-0100,(215) 555-0101,anil@example.com,\N,\N,\N,1,2016-05-13 08:00:00,2016-05-31 23:14:00
1104,Liia Mae,Liia,Liia Liia Mae,True,liia@tailspintoys.com,False,\\x7e280872fa8a542b0aa600a7698e352927b598821fc11f904e33c764b18c23de,False,False,False,"{ ""theme"": ""defaultblue"", ""layout"": ""default"", ""dateformat"": ""m/d/yy"", ""timezoneoffset"": ""-8"", ""favoritesondashboard"": ""true"" }",(209) 555-0100,(209) 555-0101,liia@tailspintoys.com,\N,\N,\N,1,2016-05-14 08:00:00,2016-05-31 23:14:00
3237,David Jaramillo,David,David David Jaramillo,True,david@example.com,False,\\xcd34765a4ec289d3a8983c2071983a4b0dcf97084e859df2278c8c3b90871966,False,False,False,"{ ""theme"": ""defaultblue"", ""layout"": ""default"", ""dateformat"": ""m/d/yy"", ""timezoneoffset"": ""-8"", ""favoritesondashboard"": ""true"" }",(803) 555-0100,(803) 555-0101,david@example.com,\N,\N,\N,1,2016-05-15 08:00:00,2016-05-31 23:14:00
2170,Shiva Nair,Shiva,Shiva Shiva Nair,True,shiva@wingtiptoys.com,False,\\x63ec65b39f7723e28e57af050d3619cf2f63d0ab6dcffc90dee25a18418cdc0f,False,False,False,"{ ""theme"": ""defaultblue"", ""layout"": ""default"", ""dateformat"": ""m/d/yy"", ""timezoneoffset"": ""-8"", ""favoritesondashboard"": ""true"" }",(316) 555-0100,(316) 555-0101,shiva@wingtiptoys.com,\N,\N,\N,1,2016-05-15 08:00:00,2016-05-31 23:14:00
3155,Raghu Sandhu,Raghu,Raghu Raghu Sandhu,True,raghu@example.com,False,\\x05b6124a1f6b63b79ef48bafef0a520de1d841feea2cbcaf1af219876945f87c,False,False,False,"{ ""theme"": ""defaultblue"", ""layout"": ""default"", ""dateformat"": ""m/d/yy"", ""timezoneoffset"": ""-8"", ""favoritesondashboard"": ""true"" }",(240) 555-0100,(240) 555-0101,raghu@example.com,\N,\N,\N,1,2016-05-16 08:10:00,2016-05-31 23:14:00
3134,Ivan Sepulveda,Ivan,Ivan Ivan Sepulveda,True,ivan@example.com,False,\\x4d239e431e6ece568a474bb970119203d62d85004d9320f7a886f1f2c599edcf,False,False,False,"{ ""theme"": ""defaultblue"", ""layout"": ""default"", ""dateformat"": ""m/d/yy"", ""timezoneoffset"": ""-8"", ""favoritesondashboard"": ""true"" }",(218) 555-0100,(218) 555-0101,ivan@example.com,\N,\N,\N,1,2016-05-17 08:00:00,2016-05-31 23:14:00
3061,Amarasimha Vinjamuri,Amarasimha,Amarasimha Amarasimha Vinjamuri,True,amarasimha@example.com,False,\\x7a67cae4cc7b59df21dac3a52ac5879fabbc8aa33e245790d605cea35310102e,False,False,False,"{ ""theme"": ""defaultblue"", ""layout"": ""default"", ""dateformat"": ""m/d/yy"", ""timezoneoffset"": ""-8"", ""favoritesondashboard"": ""true"" }",(339) 555-0100,(339) 555-0101,amarasimha@example.com,\N,\N,\N,1,2016-05-20 08:00:00,2016-05-31 23:14:00
1130,Paola Loggia,Paola,Paola Paola Loggia,True,paola@tailspintoys.com,False,\\x9925577e614312000cfcba2c41456b57e67fd61e227ce10c3ce454312ff06e83,False,False,False,"{ ""theme"": ""defaultblue"", ""layout"": ""default"", ""dateformat"": ""m/d/yy"", ""timezoneoffset"": ""-8"", ""favoritesondashboard"": ""true"" }",(210) 555-0100,(210) 555-0101,paola@tailspintoys.com,\N,\N,\N,1,2016-05-20 08:00:00,2016-05-31 23:14:00
2105,Bryan Helms,Bryan,Bryan Bryan Helms,True,bryan@wingtiptoys.com,False,\\xd2631cb1859817120b49f538c9b2ef5a238b5b77323b1236bb5e209c884c0346,False,False,False,"{ ""theme"": ""defaultblue"", ""layout"": ""default"", ""dateformat"": ""m/d/yy"", ""timezoneoffset"": ""-8"", ""favoritesondashboard"": ""true"" }",(276) 555-0100,(276) 555-0101,bryan@wingtiptoys.com,\N,\N,\N,1,2016-05-25 08:10:00,2016-05-31 23:14:00
1288,Avani Aggarwal,Avani,Avani Avani Aggarwal,True,avani@tailspintoys.com,False,\\x673f4074fa095fad6fbdb32c42003c0bc2ca12814e84b69e679c59f51d88b45e,False,False,False,"{ ""theme"": ""defaultblue"", ""layout"": ""default"", ""dateformat"": ""m/d/yy"", ""timezoneoffset"": ""-8"", ""favoritesondashboard"": ""true"" }",(225) 555-0100,(225) 555-0101,avani@tailspintoys.com,\N,\N,\N,1,2016-05-27 08:00:00,2016-05-31 23:14:00
20,Jack Potter,Jack,Jack Jack Potter,True,jackp@wideworldimporters.com,False,\\x8024e8041c1f5bd98fe46983f98c2f5e53e2cd75bf4a6ef6ac13a299f10f714a,True,True,True,"{ ""theme"": ""defaultblue"", ""layout"": ""default"", ""dateformat"": ""m/d/yy"", ""timezoneoffset"": ""-8"", ""favoritesondashboard"": ""true"" }",(415) 555-0102,(415) 555-0103,jackp@wideworldimporters.com,\N,"{ ""OtherLanguages"": [""Arabic""] ,""HireDate"":""2009-05-29T00:00:00"",""Title"":""General Manager"",""PrimarySalesTerritory"":""Southeast"",""CommissionRate"":""3.97""}","[""Arabic""]",1,2016-05-31 23:13:00,2016-05-31 23:14:00
19,Jai Shand,Jai,Jai Jai Shand,True,jais@wideworldimporters.com,False,\\x84901d360414cd9127e1b83a9f9e7c6b940aa8bd888699388c9fa465dbd297da,True,True,False,"{ ""theme"": ""defaultblue"", ""layout"": ""default"", ""dateformat"": ""m/d/yy"", ""timezoneoffset"": ""-8"", ""favoritesondashboard"": ""true"" }",(415) 555-0102,(415) 555-0103,jais@wideworldimporters.com,\N,"{ ""OtherLanguages"": [""Finnish"",""Dutch""] ,""HireDate"":""2011-11-13T00:00:00"",""Title"":""Team Member""}","[""Finnish"",""Dutch""]",1,2016-05-31 23:13:00,2016-05-31 23:14:00
18,Katie Darwin,Katie,Katie Katie Darwin,True,katied@wideworldimporters.com,False,\\x47ad2c4a1c611756fb164de988c259e7e516dd48af9c3421dd0fe95b3f1e3f2b,True,True,False,"{ ""theme"": ""defaultblue"", ""layout"": ""default"", ""dateformat"": ""m/d/yy"", ""timezoneoffset"": ""-8"", ""favoritesondashboard"": ""true"" }",(415) 555-0102,(415) 555-0103,katied@wideworldimporters.com,\N,"{ ""OtherLanguages"": [""Estonian"",""Romanian""] ,""HireDate"":""2008-07-12T00:00:00"",""Title"":""Team Member""}","[""Estonian"",""Romanian""]",1,2016-05-31 23:13:00,2016-05-31 23:14:00
17,Piper Koch,Piper,Piper Piper Koch,True,piperk@wideworldimporters.com,False,\\x61d8d0828e55e8895e216b88fe98cba6b5940992279d74992aaa2563f4e66715,True,True,False,"{ ""theme"": ""defaultblue"", ""layout"": ""default"", ""dateformat"": ""m/d/yy"", ""timezoneoffset"": ""-8"", ""favoritesondashboard"": ""true"" }",(415) 555-0102,(415) 555-0103,piperk@wideworldimporters.com,\N,"{ ""OtherLanguages"": [""Romanian"",""Portuguese""] ,""HireDate"":""2011-10-15T00:00:00"",""Title"":""Manager""}","[""Romanian"",""Portuguese""]",1,2016-05-31 23:13:00,2016-05-31 23:14:00
16,Archer Lamble,Archer,Archer Archer Lamble,False,archerl@wideworldimporters.com,False,\\x06187f68631295411b022c48b07338f20f4c5c73b31db67c056c0ae07b8f6ef6,True,True,True,"{ ""theme"": ""defaultblue"", ""layout"": ""default"", ""dateformat"": ""m/d/yy"", ""timezoneoffset"": ""-8"", ""favoritesondashboard"": ""true"" }",(415) 555-0102,(415) 555-0103,archerl@wideworldimporters.com,\N,"{ ""OtherLanguages"": [""Greek""] ,""HireDate"":""2009-05-13T00:00:00"",""Title"":""Team Member"",""PrimarySalesTerritory"":""Plains"",""CommissionRate"":""1.88""}","[""Greek""]",1,2016-05-31 23:13:00,2016-05-31 23:14:00
15,Taj Shand,Taj,Taj Taj Shand,True,tajs@wideworldimporters.com,False,\\x9aefeec0dbb0ea6b25f0eb99c62c724f18428d45799dcd8a7b63b859b0f8fcb4,True,True,True,"{ ""theme"": ""defaultblue"", ""layout"": ""default"", ""dateformat"": ""m/d/yy"", ""timezoneoffset"": ""-8"", ""favoritesondashboard"": ""true"" }",(415) 555-0102,(415) 555-0103,tajs@wideworldimporters.com,\N,"{ ""OtherLanguages"": [""Arabic"",""Greek""] ,""HireDate"":""2009-03-14T00:00:00"",""Title"":""Manager"",""PrimarySalesTerritory"":""Far West"",""CommissionRate"":""2.29""}","[""Arabic"",""Greek""]",1,2016-05-31 23:13:00,2016-05-31 23:14:00
14,Lily Code,Lily,Lily Lily Code,True,lilyc@wideworldimporters.com,False,\\xd00658893b3f96277088b3c71dcfbf4df6e3947eedbf0c8da285efd5c7d4badd,True,True,True,"{ ""theme"": ""defaultblue"", ""layout"": ""default"", ""dateformat"": ""m/d/yy"", ""timezoneoffset"": ""-8"", ""favoritesondashboard"": ""true"" }",(415) 555-0102,(415) 555-0103,lilyc@wideworldimporters.com,\N,"{ ""OtherLanguages"": [""Finnish"",""Bulgarian""] ,""HireDate"":""2010-06-06T00:00:00"",""Title"":""Team Member"",""PrimarySalesTerritory"":""Southeast"",""CommissionRate"":""3.98""}","[""Finnish"",""Bulgarian""]",1,2016-05-31 23:13:00,2016-05-31 23:14:00
13,Hudson Hollinworth,Hudson,Hudson Hudson Hollinworth,True,hudsonh@wideworldimporters.com,False,\\x4ac0a24180c54f425ac88ca33b62136a37b6aaa1943bea14fc34e228eccc35c4,True,True,True,"{ ""theme"": ""defaultblue"", ""layout"": ""default"", ""dateformat"": ""m/d/yy"", ""timezoneoffset"": ""-8"", ""favoritesondashboard"": ""true"" }",(415) 555-0102,(415) 555-0103,hudsonh@wideworldimporters.com,\N,"{ ""OtherLanguages"": [""Croatian""] ,""HireDate"":""2010-11-27T00:00:00"",""Title"":""Team Member"",""PrimarySalesTerritory"":""New England"",""CommissionRate"":""0.24""}","[""Croatian""]",1,2016-05-31 23:13:00,2016-05-31 23:14:00
12,Henry Forlonge,Henry,Henry Henry Forlonge,True,henryf@wideworldimporters.com,False,\\x3f74bad95bd9059efcf80f983899e24369959fd488113aa2d7616823a91659cf,True,True,False,"{ ""theme"": ""defaultblue"", ""layout"": ""default"", ""dateformat"": ""m/d/yy"", ""timezoneoffset"": ""-8"", ""favoritesondashboard"": ""true"" }",(415) 555-0102,(415) 555-0103,henryf@wideworldimporters.com,\N,"{ ""OtherLanguages"": [""Greek"",""Slovak""] ,""HireDate"":""2009-03-18T00:00:00"",""Title"":""Team Member""}","[""Greek"",""Slovak""]",1,2016-05-31 23:13:00,2016-05-31 23:14:00
11,Ethan Onslow,Ethan,Ethan Ethan Onslow,True,ethano@wideworldimporters.com,False,\\xd70f37f5c019499959ddf987e5343b957feb58959a0270e06919d47f2e84d409,True,True,False,"{ ""theme"": ""defaultblue"", ""layout"": ""default"", ""dateformat"": ""m/d/yy"", ""timezoneoffset"": ""-8"", ""favoritesondashboard"": ""true"" }",(415) 555-0102,(415) 555-0103,ethano@wideworldimporters.com,\N,"{ ""OtherLanguages"": [] ,""HireDate"":""2011-12-17T00:00:00"",""Title"":""Warehouse Supervisor""}",[],1,2016-05-31 23:13:00,2016-05-31 23:14:00
10,Stella Rosenhain,Stella,Stella Stella Rosenhain,True,stellar@wideworldimporters.com,False,\\x1ba4b55887e2bdcb06087a20e1cc608addca538babec0441d2d6704dcafe2ea4,True,True,False,"{ ""theme"": ""defaultblue"", ""layout"": ""default"", ""dateformat"": ""m/d/yy"", ""timezoneoffset"": ""-8"", ""favoritesondashboard"": ""true"" }",(415) 555-0102,(415) 555-0103,stellar@wideworldimporters.com,\N,"{ ""OtherLanguages"": [""Dutch"",""Finnish"",""Lithuanian""] ,""HireDate"":""2007-11-17T00:00:00"",""Title"":""Warehouse Supervisor""}","[""Dutch"",""Finnish"",""Lithuanian""]",1,2016-05-31 23:13:00,2016-05-31 23:14:00
9,Alica Fatnowna,Alica,Alica Alica Fatnowna,True,alicaf@wideworldimporters.com,False,\\x7dfab08e9ac574c5b15cf19d18e5b3eb466eac7392f4295815b08221e78ea790,True,True,False,"{ ""theme"": ""defaultblue"", ""layout"": ""default"", ""dateformat"": ""m/d/yy"", ""timezoneoffset"": ""-8"", ""favoritesondashboard"": ""true"" }",(415) 555-0102,(415) 555-0103,alicaf@wideworldimporters.com,\N,"{ ""OtherLanguages"": [] ,""HireDate"":""2007-12-07T00:00:00"",""Title"":""General Manager""}",[],1,2016-05-31 23:13:00,2016-05-31 23:14:00
8,Anthony Grosse,Anthony,Anthony Anthony Grosse,True,anthonyg@wideworldimporters.com,False,\\x2fd8b838a3c77778c990f464073aa23c0eee019763ed6a99c77457e8691819de,True,True,True,"{ ""theme"": ""defaultblue"", ""layout"": ""default"", ""dateformat"": ""m/d/yy"", ""timezoneoffset"": ""-8"", ""favoritesondashboard"": ""true"" }",(415) 555-0102,(415) 555-0103,anthonyg@wideworldimporters.com,\N,"{ ""OtherLanguages"": [""Croatian"",""Dutch"",""Bokmål""] ,""HireDate"":""2010-07-23T00:00:00"",""Title"":""Team Member"",""PrimarySalesTerritory"":""Mideast"",""CommissionRate"":""0.11""}","[""Croatian"",""Dutch"",""Bokmål""]",1,2016-05-31 23:13:00,2016-05-31 23:14:00
7,Amy Trefl,Amy,Amy Amy Trefl,True,amyt@wideworldimporters.com,False,\\x7a92bbea830c5ed027dcc1d710130eed9ea50fb3e6d5f793ddefc4b50215033f,True,True,True,"{ ""theme"": ""defaultblue"", ""layout"": ""default"", ""dateformat"": ""m/d/yy"", ""timezoneoffset"": ""-8"", ""favoritesondashboard"": ""true"" }",(415) 555-0102,(415) 555-0103,amyt@wideworldimporters.com,\N,"{ ""OtherLanguages"": [""Slovak"",""Spanish"",""Polish""] ,""HireDate"":""2009-02-15T00:00:00"",""Title"":""Team Member"",""PrimarySalesTerritory"":""Southeast"",""CommissionRate"":""0.58""}","[""Slovak"",""Spanish"",""Polish""]",1,2016-05-31 23:13:00,2016-05-31 23:14:00
6,Sophia Hinton,Sophia,Sophia Sophia Hinton,True,sophiah@wideworldimporters.com,False,\\x451bb10a515f06331540db392031f9d9bc4ef536a1f86d1ca6c7394556baa3c0,True,True,True,"{ ""theme"": ""defaultblue"", ""layout"": ""default"", ""dateformat"": ""m/d/yy"", ""timezoneoffset"": ""-8"", ""favoritesondashboard"": ""true"" }",(415) 555-0102,(415) 555-0103,sophiah@wideworldimporters.com,\N,"{ ""OtherLanguages"": [""Swedish""] ,""HireDate"":""2007-05-14T00:00:00"",""Title"":""Team Member"",""PrimarySalesTerritory"":""Southeast"",""CommissionRate"":""4.55""}","[""Swedish""]",1,2016-05-31 23:13:00,2016-05-31 23:14:00
5,Eva Muirden,Eva,Eva Eva Muirden,False,evam@wideworldimporters.com,False,\\xe682d36e43b6a3940ed6428b2de3ceedd1763c5e0ec02ffbdc35671f9b3e5f3a,True,True,False,"{ ""theme"": ""defaultblue"", ""layout"": ""default"", ""dateformat"": ""m/d/yy"", ""timezoneoffset"": ""-8"", ""favoritesondashboard"": ""true"" }",(415) 555-0102,(415) 555-0103,evam@wideworldimporters.com,\N,"{ ""OtherLanguages"": [""Lithuanian""] ,""HireDate"":""2012-01-22T00:00:00"",""Title"":""Team Member""}","[""Lithuanian""]",1,2016-05-31 23:13:00,2016-05-31 23:14:00
4,Isabella Rupp,Isabella,Isabella Isabella Rupp,True,isabellar@wideworldimporters.com,False,\\xb45e7c4e37c32fa9a5a3161b9db1c9c1e787bb7db424e7fd7a20895d4bfb5d31,True,True,False,"{ ""theme"": ""defaultblue"", ""layout"": ""default"", ""dateformat"": ""m/d/yy"", ""timezoneoffset"": ""-8"", ""favoritesondashboard"": ""true"" }",(415) 555-0102,(415) 555-0103,isabellar@wideworldimporters.com,\N,"{ ""OtherLanguages"": [""Turkish"",""Slovenian""] ,""HireDate"":""2010-08-24T00:00:00"",""Title"":""Team Member""}","[""Turkish"",""Slovenian""]",1,2016-05-31 23:13:00,2016-05-31 23:14:00
3,Hudson Onslow,Hudson,Hudson Hudson Onslow,True,hudsono@wideworldimporters.com,False,\\x23668ccc579015ea934736c3d7b87e86360eb5eee164c4368a7b103c11e3436e,True,True,True,"{ ""theme"": ""defaultblue"", ""layout"": ""default"", ""dateformat"": ""m/d/yy"", ""timezoneoffset"": ""-8"", ""favoritesondashboard"": ""true"" }",(415) 555-0102,(415) 555-0103,hudsono@wideworldimporters.com,\N,"{ ""OtherLanguages"": [] ,""HireDate"":""2012-03-05T00:00:00"",""Title"":""Team Member"",""PrimarySalesTerritory"":""New England"",""CommissionRate"":""3.62""}",[],1,2016-05-31 23:13:00,2016-05-31 23:14:00
2,Kayla Woodcock,Kayla,Kayla Kayla Woodcock,True,kaylaw@wideworldimporters.com,False,\\x616e9b558976525e7f14d780ebae80c68586958dc97c506db418e2e2c49e340e,True,True,True,"{ ""theme"": ""defaultblue"", ""layout"": ""default"", ""dateformat"": ""m/d/yy"", ""timezoneoffset"": ""-8"", ""favoritesondashboard"": ""true"" }",(415) 555-0102,(415) 555-0103,kaylaw@wideworldimporters.com,\N,"{ ""OtherLanguages"": [""Polish"",""Chinese"",""Japanese""] ,""HireDate"":""2008-04-19T00:00:00"",""Title"":""Team Member"",""PrimarySalesTerritory"":""Plains"",""CommissionRate"":""0.98""}","[""Polish"",""Chinese"",""Japanese""]",1,2016-05-31 23:13:00,2016-05-31 23:14:00
